"comment_id";"created_at";"text";"user_id";"username"
"18085122854284421";"1780405596";"cewe gitu..pecicilan kalo nyinyir 😂";"4832744912";"parahiyangan76"
"18598497076049946";"1780407372";"Gak percaya pake duit pribadi 🤣 kurban aja pake duit rakyat 🤣";"5534625684";"kayla_karin_"
"17930920434272818";"1780407915";"Yg sabar pak Dino. Anda sedang direspon bocah level letkol oplosan & seskab jalur kompensasi politik langgar UU.";"50851838850";"dika_2092"
"17883007356587549";"1780408584";"Bohong datanya Tedy";"2219974413";"firman.imanulhaq"
"17884225680415781";"1780408639";"Tentara salon";"30663898439";"zainalabidin2471"
"18120496774680064";"1780408892";"anti keritik";"9256050463";"25something.id"
"18110765380919254";"1780408971";"Atur aja gimana brengseknya";"2305555333";"boim_mandezt"
"17875744548668871";"1780409267";"Lebayyyy";"2273157962";"femmy_merry"
"18104740346070072";"1780409884";"Segala kelebihan biaya .... berarti tetep ada donk yg ditanggung negara. Jumlah rombongan dikurangi tapi  intensitas berlipat. SAMI MAWON😂😂😂";"6357880906";"ifa_syaba"
"18133273777515859";"1780410527";"Kebanyakan makan budi sih pa Ted dan Habibiburoh ini, makanya sekali dikritik lgsg seperti kritikan itu spt berlebihan. Hadehhh rusak pejabat2 pemerintah kl begini, sama sekali tidak menerima kritik. Ini jg DPR,apa sih gunanya kalian? Gak ad gunanya kalian, buang2 anggaran APBN saja krn hrsnya kalian menerima keluhan rakyat dan mencari solusi utk semua permasalahan yg ada pada bangsa ini, bukannya kalian menjadi jubir utk petinggi2 pemerintah. Konyol kalau suatu pemerintahan tidak menerima kritik.Have you seen and measured yourself, whether you are competent or not? Miris😢";"3062127248";"dyannewillingwilling"
"18093370124349727";"1780410933";"@dj_donny megang kamera bg😂";"1134359817";"harryrenaldi"
"18088617347061495";"1780413475";"Si karbit";"1419087089";"havidels"
"17871372792525089";"1780413500";"Pokoknya Ada 😂";"1529635316";"yahyaanas5"
"18081788450165847";"1780414082";"kelebihan nya berapa? 200 ribu?";"31001847560";"tenunduapelita"
"18596196748018006";"1780414915";"Sepakat";"8669046844";"gatot.santani"
"17859508563649573";"1780414984";"lu jd jubir skrg ted?";"19278921445";"love.birrdd"
"17858454075645377";"1780415338";"@dj_donny  bentar bg mari kita dengarkan ibu negara dlu";"63023159543";"galon_terbang28"
"18111553021906475";"1780416487";"Cieee uhuyyy, dah gitu ajahhh";"6076695686";"da2nk8051"
"18093696248206577";"1780417893";"Publik speaking nya kok lemes amat bang teddy, sebagai seorang berpangkat Letkol harusnya nada suaranya tegas dan berwibawa🙏";"5761004770";"nadhifalaga10"
"18064162130465214";"1780418808";"u sp?";"3275177483";"diahrp1803"
"18083657060432560";"1780422413";"seskab merangkap mentri penerangan ini😂";"5332535346";"yahya.ya.yahya"
"18072541811322422";"1780422862";"Harusnya yang counter pak Dino...Menlu. bukan  seskab rangkap ajudan pribadi. Ga nyambung, bukan kelasnya seskab";"52989592596";"falensia.flora"
"17928303213303674";"1780426128";"Nyebokin terus, apa abis ngokop??";"49933620589";"dmaulana86"
"18103595174073310";"1780426172";"dikira rakyat nya goblok kali ya";"1938724591";"mhell_caramel"
"18092989652266110";"1780426416";"emang expresi nya menyebalkan, dia tanpa wowo jg cuma tni biasa😂";"1938724591";"mhell_caramel"
"17950301922173690";"1780427268";"";"6037284849";"kausarcollection__"
"18107156128758643";"1780428087";"Kapan terahir kali kalian liat ada cowo dibelain cewenya? 😍";"2062692460";"gutterspits"
"18024495368831775";"1780433365";"Hahahhhaa makin dijelasjn makin ada gila gila nya";"1809779154";"dianfsvna"
"18139144582479344";"1780437265";"Jubir , seskab ,pendamping presiden , menlu  ini orangnya😂";"26420127139";"bekticopy77"
"18118409548771541";"1780439403";"😂";"1793242792";"zri_giring"
"18111093890504057";"1780439712";"seskab bukan menteri";"76326496643";"prabowo88588"
"17875999458670329";"1780442510";"Permasalahan 1. Dari 120 orang? Menjadi sekitar 50 orang? Andaikan dalam perhitungan bodohnya 1 orang 500 juta, berarti 500 juta dikali 200 orang sama dengan berapa (tahun lalu), sedangkan sekarang 500 juta dikali 50 orang sama dengan berapa (tahun ini) jadi tidak mungkin kekurangan budget dari negara, yg ada kelebihan anggaran dari 200 orang menjadi 50 orang dan pastinya dikantongin | Permasalah 2. Jauh jauh kunjungan keluar negeri, mengenai musibah luar negeri, bencana dan perang dunia dll, didalem negeri aja ga pernah nongol bencana Aceh dan Kalimantan, sok sibuk aware & care diluar negeri, sementara didalem negeri sendiri aja carut marut | Permasalah 3. Masalah aman? Aman biji Lo Tedy! Lo turun kebawah! Beli apa apa pake uang gajian Lo! Jangan pake uang rakyat! Jangan pake uang Negera! BBM murah dari mana? Semenjak kenaikan BBM non subsidi beribas kepada rakyat, semua kebutuhan naik semua! Semua lini NAIK SEMUA!! Dalem negeri buka sawit segitu banyaknya hingga memakan korban jiwa, tapi MINYAK GORENG SAWIT MAHAL BANGET SEKARANG!! DARI 35 RIBU (2 LITER), SEKARANG DIANGKA 45 RIBU SAMPAI 50 RIBU LEBIH (2 LITER) | PERMASALAH 4. KALAU NGOMONG JANGAN ASAL NGOMONG SEMUA LO! DALEM NEGERI RUSAK HANCUR LO BILANG AMAN SEMUA LO !!!!";"1446002920";"putraadikasulistya"
"18081633779639764";"1780448502";"Ok terus ken";"42786456188";"tatangispanto"
"18069243605679954";"1780448915";"Muak kami lihat pemerintahan kalian, gak ada meringankan rakyat. Smoga Tuhan cepat memanggil kalian";"2015842677";"fitzsilitonga"
"18122878666572047";"1780453195";"Tarik Napas buang pelan2";"56845437062";"jolly_dayy"
"17870198565681253";"1780455498";"Pak Dino bukan level si Letkol katrolan";"1450527917";"fajar_ay92"
"18054674651750105";"1780455966";"😂😂😂 baru di era skrg ini kocaknya bkn main";"4731033196";"frd.feb85"
"17953891941140369";"1780456352";"lah emang Menlu gabisa ngelakuin itu semua sendiri, kenapaa harus presiden?";"55367681827";"fauzanjuber"
"18076192925416346";"1780463021";"Y tapi ente gak perlu julids jg keless 3 bulan, beliau lebih pinter keles dari yeee dan sudah berpengalaman";"38280676";"hanyrachmalia"
"18421327957135811";"1780463192";"Teddy ngak ada pengalaman diplomat mau ngajarin dino yg ibarat kata lahir udah jadi diplomat...negera itu ada tata kelola keuangan nya ted, hukan hanya pokok nya ada...paham ga sih ini orang???";"45853136198";"denbagus_q"
"17938680168251644";"1780463572";"Luar biasa Terbaik🫡 Pemimpin masa depan";"40740392048";"akar56723"
"18182684275391640";"1780464258";"tulisan "3 bulan" sampai di BOLD 😂";"17299762024";"_kingsman_agent"
"18071943110678315";"1780465088";"Point 1 ga percaya HAHAHA";"45883740657";"dumhtgalung"
"18091685912351653";"1780465141";"Kok bisanya dana pribadi dicampur dengan anggaran negara  ada yg bisa jelaskan ?";"1141824497";"abu.abd.elmouiz"
"17898474099307822";"1780466193";"Cieee teddy mrh🤣🤣🤣 klo fakta gk ush tegang gitu jubir kepresidenan ngapain y kok bukan dia yg jwb";"3192883345";"aina_damayanti93"
"18068431970375926";"1780466413";"org tuli aja ga percaya 🤣🤣 model mu ..";"1648103498";"budioen"
"18016289429851230";"1780472701";"@mguppy992 🤣🤣bener bgt";"48216505644";"denny551977"
"18126868339529215";"1780472748";"Sejak di effel";"48216505644";"denny551977"
"18083036441387248";"1780472797";"@shahfebrian 🤣🤣";"48216505644";"denny551977"
"17880101466599125";"1780388590";"Zaman dulu yg bicara jubir,,emang sekarang ga ada jubir😢";"72323467698";"hafizhtaqqi"
"18099993668039135";"1780388683";"Preet";"4025719498";"agung_budi_anto"
"18101611760032293";"1780388732";"manis";"1386584188";"yosbimo"
"18597777808050219";"1780388737";"@dj_donny";"1320864944";"atih_karlinda_"
"18146767549500937";"1780389269";"Hemhhh.. yg tau hanya dia dan Allah SWT yg tahu kebenaran nya tenang saja semua sdh ada ko catatannya masing2 santaii diawasi malaikat rakib atid lohh setiap omongan nyaa😮";"62515815799";"arina_musyarofah14"
"18053754800757693";"1780390081";"😂😂😂😂😂😂😂😂😂😂😂 kurban aja pake apbn, lu pikir kami percaya, seukung kuku aja gk percaya";"48270198147";"dhani.sjofjan"
"18151397995489430";"1780390832";"@dj_donny itu orang klo diundang di Tv selalu tulisannya pengamat politik, masa pendukung paslon dibilang pengamat politik😄";"77311579959";"torahendro_"
"18076988297255835";"1780390872";"Anti kritik";"966571638";"diazmezza"
"18135683104499216";"1780392252";"Hanya 3 bulan tapi berkualitas ted..";"49345765537";"sarwono.giri"
"18163747036451560";"1780392534";"sejak boolnya lempeng buat pwowo";"1267294196";"is.maenk"
"18165840919434664";"1780392711";"Anda jabatan nya apa sih ?";"78322237491";"bluuu2152"
"18325415356265407";"1780393102";"Taik";"5803950821";"mattoshake"
"18087806204096759";"1780394097";"";"1489544100";"gandung27_"
"18152776888475280";"1780394123";"Kalo cuma asal ngomong doang si semua bisa, buktinya kalo pake uang sendiri tuh mana?";"1123303117";"rizadwlstr"
"18079660730199009";"1780394174";"NPD nya keliatan banget si dari cara ngomongnya";"1123303117";"rizadwlstr"
"18094058177194626";"1780394190";"@y0.crln_ 😅😅👏";"65980799114";"endhut15"
"18095153087587604";"1780394362";"Teddy jadi seskab aja udah menyalahi aturan TNI 😂";"3006922709";"koentji_ilmoe"
"18122293402734326";"1780395272";"Bhhh mana ada yang percaya ?? Yang harusnya ibadah saja pakai apbn apalagi yang jalan jalan 😂";"2003804548";"kadek_bali_gedeg"
"18426145072123850";"1780395341";"Seskab nya aja ngelanggar aturan eh aturan nya yg dirubah demi anak tersayang ya bang hehehe @tedsky89";"79957272663";"matsharday_"
"17868160821553882";"1780395748";"Berkali-kali saya dengarkan. "Kelebihan biaya angaran negara" jadi  setiap kunjungan TETAP memakai anggaran negara. Sisanya ditutup pakai dana lainnya (eh maksudnya dana dari Pak Prabowo sendiri --mungkin ini hanya interpretasi saya dari yang saya dengar. Bisa saja kuping saya salah mengartikan kata-kata Pak Teddy)";"2130446957";"erna_ragil_s"
"18107579137862237";"1780396884";"😂 ya Allah nipu terus ya.. gak takut kualat apa ya.";"2208361888";"putut_intan_simbarja7"
"18008193701737005";"1780397335";"Waduh......... Lgs ada lho klarifikasi  emang perlu, jgn banding2 in lebih bijak kl ngomong......";"2172505167";"diriyanti"
"17951065581173737";"1780397389";"gak aneh sih pendukung klarifikasi 🤣";"27508788574";"amelia664445"
"18395900881086704";"1780397396";"kenapa bilang jaman pa dino, terus dibandingin jaman prabowo, kalo apple to apple jaman jokowi sama jaman prabowo, sebut jaman jokowi aja susah amat, bilang hidup jokowi lancar bgt";"2067744242";"bramantio_mahendra"
"17970052439908373";"1780397775";"Pokoknya ada ..";"3874355937";"eryhoeriah"
"17964909843095306";"1780397922";"Ga gunaaa🤣";"49825335071";"khotibulfajarimani._"
"17897138385462264";"1780398172";"Akhirnya keluar juga statment ini.. 
kalian yg sewot langsung kebacod aja di ig nya pak prabowo.. 
Hidup jokowi 🤣🤣🤣😀😀😀";"56702589515";"laptopresmi"
"18101784223963153";"1780399111";"Rakyat d bodoh” in d kira percaya 😅🤣 @prabowo";"1280139954";"fdnirwana96"
"17982287072840568";"1780399990";"Kapasitasnya apa yaa ni org??";"23661108354";"toms_bash103000"
"17977191525018420";"1780400074";"Susah susah pidato
hati-hati pakai skrip biar nggak blunder, eh yang bikin gaduh malah
bininya...😂😂😂";"2154238470";"niezza88"
"18091936073579504";"1780400179";"Siapa bilang tidak naik, di daerah kami semua nya naik";"290504341";"candy_mayang_sari"
"18589304689024649";"1780401467";"";"740851179";"aldrienroyke"
"17930813844091851";"1780401845";"🤣🤣🤣🤣🤣";"420302369";"liaawlndari"
"18041695274592604";"1780401866";"Kami perlu DATA nya.";"47205389151";"hidayathapit99"
"17948791263172583";"1780401929";"120 org buset banyak bet njir... Lu pada jalan² yah... ?";"47205389151";"hidayathapit99"
"18232284805311369";"1780402323";"Bl sapi aja pake dana APBN, masa iya ke luar negri pake uang pribadi. Yg bodoh siapa yaaa";"1663866791";"ambarwulanp"
"17898567375312473";"1780402482";"Oh ya, hapus aja kemenlu? Bukti jangan omongan doang, omong kosong...";"76368230062";"cieloxaviera"
"18071241473666489";"1780402663";""walau hanya diberi kesempatan 3 bulan" tendensius amat....kalo dikasih fakta "ada tuh yg pangkatnya naik Krn dibantu presiden"";"80482937025";"radinkacitra"
"17877940404604691";"1780402679";"APBN Kali, saya lebih percaya Pak Dino deh...";"76368230062";"cieloxaviera"
"18041139140794880";"1780402888";"Ihhh cantik amat mama edy";"61047171491";"nollima.08"
"17898632679305681";"1780403413";"Sekarepmu tiwi";"316868707";"emiwah"
"18118445806774240";"1780404379";"Kunjungan terbanyak,semua tau";"19787808278";"ipulguntank"
"18011900702857127";"1780404547";"Bravo TNI untuk negri2 v30";"31758602384";"ujangsupratna146gmail.com7"
"18015618338853069";"1780404578";"Dengan PEDE nyaaa 😅😅";"461518381";"intan_chalid"
"17910620538223532";"1780405004";"MUAK";"1434936661";"zulhamsyah.id"
"18104934125072418";"1780405318";"pret";"2544536450";"nusantarawisnu"
"18154627018485214";"1780405394";"Terus kenapa Qurban sapi pakai APBN?";"1144640971";"ferissandria"
"17904563403431803";"1780405460";"pasangan serasi.. saling membelai.. eh membela ‼️🤪🤪";"53741545348";"sosiawan_tw"
"17890993485483428";"1780376033";"baru kalini gue tau,wakil presiden seolah2 tidak berlaku..malah masih mentereng seskabnya😂";"1462758145";"itsawanhendri"
"18103844839822049";"1780376061";"";"1575154147";"ibnnu.__"
"17981340594031940";"1780376118";"Rakyat tetep sulit dapat kerja..";"4188837589";"rizamcc"
"18100532195115263";"1780376290";"Investasi?? Investasi apaan anjir gaada efek sama sekali buat masyarakat dawg";"63934954532";"cermencesss"
"17991136457988523";"1780376403";"Tegak napa ted🤣";"3109916974";"tiemplezier"
"18133206388604451";"1780376415";"@artha_kencana_wedding huss jan keras”🤣";"3171355530";"mguppy992"
"17941725066237224";"1780376629";"Ted....ted....junjunganmu jd presiden aja dgn cara curang. Kau aja dr TNI menjd seskab tanpa keluar dr TNI itu aja sudah curang. Sama aja kau sm junjunganmu, PEMBOHONG";"53572716591";"andannoi74"
"17945827233207078";"1780376647";"Wkwkwkwkkwkw bun";"12731018680";"anf2her"
"18222472657315995";"1780377108";"Sebelum Setahun Kunjungan ke luar negri , dah melebihi kunjungan presiden SBY dalam setahun 😂";"53777533096";"emilsalim_77"
"17884375437579448";"1780377167";"Klo datangin malaikat izrail gmnh om.. mau jujur apa tidak manusia.. pejabat indo yg terhormat";"11085009414";"reza_hattara"
"18122825242712207";"1780377366";"ALAH ALESAN LO TY";"1914213742";"sandiyap9"
"17938262010054625";"1780378134";"🤣ada yg percaya??";"6086266777";"intan.zaza5"
"18105065647810983";"1780378248";"Fungsi wakil presiden apa ya";"16125596393";"riyo_motret"
"18108573178731310";"1780378270";"Antek aseeeeeeeng";"37626541747";"firlifatah2"
"17890116363372795";"1780378549";"@csey_mon bunted kaya cewe yg lagi debat, ada aja kalimat nyelahnya 🤣";"1792335872";"ayaagustiaa"
"18022739417667023";"1780378586";"Semua di jabat,semua di sikat ama nih orang,ibu negara emng beda";"65293274666";"bewoxsdiell"
"18057974768498289";"1780378788";"NPD akut. Tinggal jawab pertanyaan straight forward, malah diajak keliling cari justifikasi dan nyepet2 lawan dulu";"54739548";"seruni.fauzia"
"18315868240278266";"1780379084";"😘😘😘";"13372095621";"liussujono"
"17871219249527685";"1780379211";"Si Teni Indri Wijayanti 🤧 klarifikasi mulu ni makhluk, bukannya introspeksi&evaluasi...";"1922443278";"armand_alghazali"
"18123952744657183";"1780379265";"😂😂😂😂😂";"7262814";"dddmiko"
"18096767348274928";"1780379276";"@y0.crln_ paparin aj dulu datanya baru bisa blg paham apa gk 😂";"318143004";"ciavinsia"
"18065682203406678";"1780379310";"percaya😂😂";"15407378606";"iyanbae382"
"18087968138566206";"1780379324";"Wong Qurban aja pake uang APBN kok sekarang ngoceh biaya kunjungan presiden ke luar negri pake uang pribadi,lucu km ted,mana ada yg percaya..";"58190537778";"bonia_57"
"17971983225027779";"1780379835";"Nota bbm avtur mana?
Nota makan?
Nota rokok pilot?
Nota mineral?
Nota nota nya mana";"736614853";"ekonuryunantaa"
"17892135177533206";"1780380798";"Ekspresi merendahkan.. seolah2 jabatan yg singkat itu suatu aib, keburukan.. padahal belum tentu..pak Bj Habibie menjabat ga lama sebagai President tp mampu mengangkat nilai Rupiah...";"303943801";"denikanggraeni"
"17915018169271257";"1780380915";"Bunda g mau kalah";"64623688409";"alwi_aziz08"
"17870123739681205";"1780381033";"Yang kerja di istanaa negara banyak, yang muncul orangnya itu lagi itu lagi🤣";"32705601016";"euis.spa.bondowoso"
"18115347589641240";"1780381228";"@dessy4474 sok tau bgt anda... emang Prabowo kenal situ 😂";"42745598484";"ririnmelati9"
"18072677171481862";"1780381274";"Dino kacung Zionis. cuma kacung Zionis yg jadi Diplomat di US, apalagi zaman Menkeu Sales IMF. kalo mau kasih saran itu datang baik2, bukan koar2 di medsos.";"310128597";"nasutinho"
"18093828674462191";"1780382038";"Sejak kpan lho boleh bicara ted..!";"13344871405";"buffallowe"
"18076557611252606";"1780382128";"Teteupp......pikasebeuleunnn 🤭";"2071037428";"mchelltjahyadi"
"18116394934770078";"1780382771";"untuk apa highlight 3 bulan beliau menjabat? Untuk defensif anda????";"1048010695";"divadwipanata"
"18087173420106448";"1780383255";"Ini ya yang nama panggilannya nya Tiwi?";"3281951034";"mumuliaa"
"18023198522834140";"1780383568";"Mau pengurangan sekalipun tapi tiap minggu boii 🥲";"42454254504";"halleys.88"
"18097123364171631";"1780383576";"Pentil ngemeng";"7393029149";"fakir7635"
"18397283986086087";"1780383583";"Kaaak, smiling line sudah terlihat jelas tuuuch, buat kunjungan ke korea dooong";"1485056143";"fajarariyanti"
"18115154119844266";"1780383715";"Lemesss bgt yaaa 🤣🤣";"181532206";"widiobsgynfemale"
"18591687178040934";"1780383928";"Lagian ngapain anda keluar negri,unfaedah.";"76562767670";"osriatif1"
"18117111376795001";"1780384055";"Tanpa baca promt, keren sih kalah inimah pembawa acara berita utamanya";"1396836658";"rio.nathan"
"18063590333480102";"1780384804";"Buhung ito";"12590568817";"irwan_pranaja"
"17916859734381651";"1780385292";"BOP ga di bahas";"8279192135";"mochammaddeny02"
"18075985133307502";"1780385513";"Bocah tolol kemarin sore";"5670073307";"klasnikov_"
"18045282626795539";"1780385595";"Emang bisa dipercaya.";"35155059165";"muktibanyu57"
"18316189525275937";"1780386137";"Buktiii..mana ? Datanya manaa";"5908870202";"yuli_toska"
"17866116489626939";"1780386449";"Kok AQ pengen ketawa ...🤣🤣🤣...real banget ya 😂😂";"75488436384";"aqmarkeenan6"
"18075224957299641";"1780386887";"Dulu 120 orang TAPI JARANG KELUAR NEGRINYA JIR";"48138112809";"pranityaan"
"18074949551295050";"1780387970";"Mari undang semua lembada audit untuk memeriksa";"1570891781";"andrianyulianto"
"17889230382550564";"1780388547";"Hahahahaha lawak kau tedd ,,sebnr a kamu jabatan a apa,, kok malah kau yg klarifikasi,, jubir a Kemna, lawak kali kau pak @prabowo";"2240476140";"duta_pisang_kupok77"
"17969178063107688";"1780369983";"Emng ada yg nanya yaaa, ko sampe klarifikasi 😂";"1760472561";"endahbuled"
"17936007108251890";"1780370092";"Aku kok ngga percaya ya kalo itu pake duit pribadi.";"196718686";"inra.miana"
"18122006869710855";"1780370320";"😴😴😴😴";"3311200439";"parlindoctavianus"
"18098912138146302";"1780370396";"Membual";"2869874951";"adi_lb02"
"18091855973131240";"1780370479";"Lebih percaya bapak ini bukan boty";"562235085";"ariessoetiono"
"18089484545618005";"1780370502";"@shahfebrian pecah bgt komennya🤣🤣";"1966729832";"sitianugrahhutagalung"
"17897947845458001";"1780370553";"Membela suami wajib ya bang🤣🤣🤣";"1966729832";"sitianugrahhutagalung"
"18536951089076334";"1780370602";"Cm ngomong doang mah bisa, contoh maling aja ga bakal ngaku klo dy ngambil uang. KECUALI BISA TUNJUKAN BUKTI TRANSAKSINYA DI PUBLIK";"3575242873";"hendra_ramuzz"
"18089609147356564";"1780370638";"Pokoknya percaya aja";"4382280763";"pramuliyanto"
"18474123919097213";"1780370643";"apakah @officialinewstv = buzzer pemerintah? 🙌";"54290781644";"99wisnu99"
"18394804966083267";"1780370652";"Buka dong data secara tertulis";"66686745184";"818sanji"
"18156756982473636";"1780370697";"@esa_lestari talk to Asu..😂";"1221787865";"andrea.safrudin"
"18100946174019080";"1780370819";"SEBAGAI RAKYAT INDONESIA YG PUNYA SOPAN SANTUN SEHARUNYA SALING MENGHARGAI APA LAGI KEPDA ABDI NEGARA ,NETIGEN INDONESIA PUNYAI LAU SIFAT SOPAN DAN SANTUN SALIN MENGHARGAI";"4131069392";"jhonk_iskandar"
"18024699404656832";"1780370944";"Tunjukin lah klo emang pake dana pribadi, ada transparansinya dong pak";"1958709196";"ovakamaliyah"
"18414908632177445";"1780371163";"@teddy_hq caduk";"4266728641";"duunktriana"
"18144329704511831";"1780371415";"🤣🤣🤣🤣🤣";"407759732";"iryantowindu"
"18090048641052378";"1780371477";"Qurban Pakai APBN - Kunjungan Luar Negri Pakai Dana Pribadi 😂";"3563711136";"riduan_cholid"
"18113669665895675";"1780371480";"Beliau job nya apa y Sebenarnya..apakah pengawal presiden ( soalnya ada Kapten Paspampres yg pernah di marahin karna bawa payung untuk ke presiden ), sekertaris,jubir presiden atau ajudan presiden atau admin nya akun medsos bapak presiden ?";"66366153087";"abi.hafidz_ruqyah"
"18113134987858533";"1780371494";"Biar cuma 3 bulan tapi Dino juga ex Dubes RI di Washington DC. Pengalaman sdh jauh lebih matang dari ente letkol karbitan!";"75549453409";"dani_karnida"
"17937998220251396";"1780371710";"😂😂😂😂😂 qurban aja pakai APBN negara...tapi mngatas nama kan qurban Prabowo 😂😂😂😂";"57741721605";"dewata_clothing88"
"17966902484917307";"1780372263";"😂😂😂👏👏";"1807444925";"nahebrahm_"
"17988139031812369";"1780372264";"@mguppy992 mudeng ayo mudeng biar otak berkembang dan berfungsi dg baik";"1586816949";"parlindra"
"18122784895709215";"1780372305";"Fakta atau Pembohongan? Lebih percaya mana kalau melihat ekonomi saat ini";"76710664529";"kelakuanbermoral"
"17890332846541212";"1780372378";"anda seskab.. bukan jubir !!!";"9728396192";"rudiansah1973"
"18560971999068943";"1780372545";"Coba cross check ke Purbaya, apa katanya";"1489404601";"yazid_ace"
"18049207010783875";"1780372584";"Apakah rakyat percaya? Sedangkan kurban ribuan sapi pakai uang APBN";"2307789573";"ellyyulianti8222"
"18584703496041433";"1780372963";"iya percaya 😢";"2342653541";"yudadepi"
"17963277089942304";"1780372992";"Yakinkah rakyt???????";"39887193726";"nur_syimah"
"17949479361186930";"1780373199";"💩";"1921701511";"aling_himura"
"18376673482200644";"1780373205";"Nasi pecel harganya berapa ya?";"44340963461";"bam.by13"
"18204195424355646";"1780373417";"Yg sudah baik terus dipertahankan & kita dukung terdepan, yg belum baik kita kritisi tanpa merasa diadili.. #ojoBaper";"208329312";"muhammad_iman"
"18096245039602776";"1780373756";"adalah pokoknya 🔥";"8534719390";"nyummmiii"
"18126418885623759";"1780373914";"@arnaldowenas 😂";"3539770342";"yenitarahmah"
"18134020258568734";"1780373997";"Tailah qurban aja pake APBN 😂😂😂";"2998367577";"tama4222"
"17874658977610677";"1780374006";"tedy bear boti. ya jls mengcover pemimpin ny. scr dpt jln² gratis, dan asset serta keuangan naik meningkat drastis🤣🤣🤣😂😂.";"12113808205";"azzahraaljabri"
"18025729745650644";"1780374023";"Suka-suka gua. Lu ah.";"8980878064";"mayertiazid"
"18165317089439460";"1780374145";"Peribahasa "menepuk air di dulang, terpercik muka sendiri" bermakna melakukan sesuatu yang berniat memburukkan orang lain, tetapi justru memalukan atau merugikan diri sendiri.";"6579360506";"sahamdaily"
"18110120411482682";"1780374153";"Dia lagi dia lagi yg ngemeng";"1654948193";"novia_nuraeny08"
"18594401293040155";"1780374269";"🐚";"3498273040";"anzphotoart"
"18201460156348670";"1780374571";"Tetaplah semangat menjadi rezim terburuk, joget gemoy dulu dong sambil omon2 💃🏻💃🏻🤏🏻🤏🏻";"57667647368";"adoyviola"
"18083252612136966";"1780374622";"Sayang nya g ada kelebihan anggaran ,,,🙂‍↔️";"63940202961";"nurmagalleries"
"18047811398784287";"1780374890";"@shahfebrian 🤣🤣🤣🤣 ... Bisaaa aja loe";"49004311624";"alfaruq_haris"
"18061836665518796";"1780374905";"Silit lagi ngomong …";"5449221002";"ojebrepus"
"18183282685389182";"1780374973";"Si tedy ini seskab atau jubir presiden??";"10381156";"cupucupu80"
"17942612916033347";"1780375017";"Gombal";"1469218333";"nurhandasah"
"17982821234840741";"1780375474";"@mguppy992 Tuhan aja di akalin🤣🤣";"2228761238";"artha_kencana_wedding"
"17993505908972083";"1780375910";"Kadang jadi seskab, kadang jadi aspri, kadang jadi jubir istana, kadang pula jadi ibu negara, ga salah emg prabski, couple goals bgt wkwkwkwk";"987645008";"ucpkdw"
"18105125782799698";"1780366373";"Pidato truss sak karepmu biar kita yg kerja diluar negri untung besar krus dolar jebol meroket tinggi😂😂😂";"3185115082";"bulan9318"
"17982569546842978";"1780366383";"pak tedy secara tdk langsunh seperti "ngece" pak dino.. lha napa harus di perjelas "hanya di beri kesempatan 3 bulan" napa sih ndadak kalimat itu di sampaikan? klo ga tujuan nya "ngece"";"681685093";"rumahbabydol"
"18091888574359980";"1780366397";"Di lap dulu ga sih itu pojokan mulutnya 😢.";"3218077035";"awallevine"
"17986327550826007";"1780366472";"@dj_donny Qodari lagi honeymoon sama janda baru";"54880093623";"erangkoto"
"18153023782488874";"1780366500";"Ngomong 3 bulan nya terasa ngenyek sekali yaa";"38065701";"zp.fia"
"17895446274480374";"1780366511";"teddy bear berbicara";"493381098";"adhytiamhd"
"17892974352526644";"1780366605";"Slalu ibu negara yg klarifikasi👏";"39538364449";"syahril_jaa"
"18045862331784317";"1780366658";"Sdh Dipotong biaya perjalanan dan penginapan ....?";"1512964614";"bintangdt"
"18180947155396555";"1780366781";"Kenapa harus ada nyinyir hanya menjabat 3 bulan?";"61000889785";"hydawood"
"18138044278526542";"1780366802";"@csey_mon bege😂";"1902163472";"risya_andeska"
"18212211301336954";"1780366838";"Omon..omon...";"1443328534";"irwinazwir"
"18439137178142265";"1780366862";"dulu pak wowo pernah ngomong gaji guru  naek sekian juta gitu,nyatanya ga ada,sekarang kita disuruh percaya omongan kayak gini 🤣🤣";"26263815264";"novir_man"
"18088369970457861";"1780366930";""Kelebihan beban anggaran di bayar oleh pribadi prabowo sendiri" Jadi tetap anggaran pokok itu APBN";"14827596154";"zaki.n.razak"
"18377537431207957";"1780366978";"";"26263815264";"novir_man"
"18102163781044830";"1780367104";"Kenapa harus AI , 🤔";"2895980001";"erwin.susanto.7796"
"18403771282196709";"1780367148";"Klo boti idung nya identik bgt ya 😂";"3895544738";"qansah"
"18396563614082021";"1780367188";"";"72070362303";"gila_ng6375"
"18095074958241782";"1780367192";"Kalian percaya???😂😂";"5599123368";"devyrosalia85"
"18452544508117466";"1780367215";"@dj_donny coli😂😂😂";"8608166533";"_rizalstory"
"18082536473330641";"1780367332";"Walau 3 bulan anjir itu personal banget, dasar boty judesssssss";"711893107";"ariejulian__"
"18356931184215620";"1780367349";"@junaedy.11 so tau";"43204052291";"d_ren88"
"17942169258038683";"1780367454";"@irma_says proot";"43204052291";"d_ren88"
"18123771805656783";"1780367482";"Dikasih masukan ko gini maklum pejabat katrolan";"772176656";"ardiyanari12"
"18589390600061025";"1780367513";"Ora percoyo🤣🤣";"49729974733";"aniesaryono"
"17938224375054227";"1780367905";"Mbg tak pakai dana pendidikan tapi nyatanya,boong kan?😂";"65926508520";"2024masbron"
"18102369916946330";"1780368072";"Kalian percaya pake UANG PRIBADI, SAPI KURBAN aja dia pake APBN terlalu tidak😂???";"50737614148";"feetletice"
"17909230056421090";"1780368185";"Belain kekasihnya";"67077017468";"artificialwow"
"17851663194696811";"1780368296";"Ada yg percaya???";"1553117228";"toha.cod"
"18043391738623913";"1780368371";"Pengangkatan seskab teddy melanggar UU No 34 THN 2004, yg melarang prajurit TNI menduduki jabatan sipil. Alih2 diganti Presiden malah me revisi perpres agar posisi Teddy aman";"4790047288";"surya_tmok"
"17975175446881928";"1780368459";"@csey_mon kalo cwk mmg suka gitu.bisanya nyindir🤣";"1470615366";"wendycanester"
"18097475588332953";"1780368477";"Pak @menkeuri tertawa melihat ini. Anggaran pribadi?? Ayo pak segera diaudit @bpkriofficial";"234796234";"gilangbalankz"
"17915967096185134";"1780368524";"Pretttt";"1768809045";"adammalik48"
"18101958215032064";"1780368576";"Pak Dino Pati Jalal sangat sangat berKOMPETEN walaupun dikatain HANYA 3 BULAN!!!!";"2644413913";"alawiyyahalaydrus"
"18105115717786432";"1780368588";"Qurban aja duit negara cuakkksss 🔥";"5028978385";"resdarhmdni"
"18117199546662744";"1780368679";"@ronyhotman ibu negara";"80519844469";"rtutiguswati"
"18039290498607831";"1780368701";"Ngomong naon sih monyong";"50891079366";"edysutiady"
"18360197359234225";"1780368823";"Wiwik dan Wowok,  kembar Siam,  pengangkatan  jabatan yang serba instan";"80519844469";"rtutiguswati"
"18113818070500302";"1780368854";"Mendukung sang permaisuri";"75453358132";"noemdoele"
"18104203982070403";"1780368961";"Cie cie ngebelain ni ye, so iye lu ted";"53463608396";"ahmad_fajar_kunaefi"
"17866188894563541";"1780369267";"Jadi yg rakyat rasakan adalah

1. terlalu banyak klaim sepihak. Tapi rakyat tdk dikasi tahu2 data validnya ( contoh misalnya kunjungan keluar negeri dan berkurban sapi dibilang pakai dana pribadi. Tp mana buktinya ya ? )

2, banyak yg tdk sesuai arahanya dari beliau. Bicara dgn tindakan berbeda ( contoh. Misalnya Beliau pernah bilang semua pejabat mulai efisiensi. Jgn keluar negeri trus. Sebisanya hemat. Tp kenyataan dilapangan masih berbeda)

3, Dan beliau banyak bilang prestasi yg telah dicapai. Membawa investasi ribuan triliun. Tp manfaat langsung utk rakyat bawah tetap tdk berasa ya ?? Dollar tetap melambung tinggi. Tanpa ada statement jelas ini mau kemana cara kita bertahan dari situasi sulit ini. 

Ini hanya sebagian contoh yg bikin sebagian besar rakyat tdk puas ya.

Solusi pribadi saya. Jika data lengkap n transparan diinfokan ke semua rakyat Dan semua ucapan yg dijanjikan di praktekkan sesuai.  Dan ada kejujuran yg  diinfokan. Dan itikat baik lainnya. Nah ini rakyat jg akan paham dan mendukung ya. Jika transparansi terwujud. Dan ada manfaat lgsg jangka panjang dan jangka pendek yg dpt dirasakan rakyat bawah paling terutamaIbarat pepatah berat sama2 dipikul. Ringan sama2 dijinjing. 

Semoga Indonesia semakin maju.

Makasi ( salam dari WNI yg sangat sedih liat kondisi negara )";"467040296";"junpembagikacang"
"18591101788055804";"1780369273";"@dj_donny lagi nete 😂";"5697830354";"yudha_arya28"
"18211642894334548";"1780369307";"Jubir Istana 😂";"5697830354";"yudha_arya28"
"17993234087980793";"1780369391";"Dibohongi juga gak tau 😢";"52013495079";"cahbagus2305805"
"17889963213520223";"1780369449";"ada datanya nggaaa";"50708126079";"urang_arung"
"18010893218707515";"1780369461";"Biaya mro pesawat dll prabowo nanggung?";"2337918823";"anindityodwi"
"17918853027367477";"1780369509";"Di Konoha, kalau jadi pejabat merasa paling pintar paling hebat paling keren paling bener dibandingkan rakyat, kenyataan nya 99% maling";"275882747";"indahnyatudei"
"17966743845072228";"1780369812";"Poin pertama saja sudah sangat problematik. Belum lagi poin2 selanjutnya. 

Orang ini nggak paham soal bahwa narasi biaya pribadi presiden itu justru menabrak prinsip tata kelola negara. 

Klaim bahwa kelebihan biaya ditanggung oleh dana pribadi presiden itu secara etika birokrasi dan hukum tata negara adalah hal yg sangat problematis.

Ini blurs the line. Dalam administrasi publik modern, harus ada batas yang mutlak antara kekayaan pribadi pejabat (private wealth) dan operasional negara (public fund). 

Saat presiden memakai duit pribadi untuk urusan kedinasan, hal ini justru merusak standarisasi penganggaran dan akuntabilitas. 

Lalu bagaimana biaya2 dicatatkan dalam LKPP? 

Apakah ini dikategorikan sebagai hibah pribadi kepada negara? 

Jika iya, apakah sudah melalui prosedur penerimaan hibah yang sah agar tidak menimbulkan conflict of interest di kemudian hari?";"57253642874";"futbol_kusanagi"
"18077717066380326";"1780369824";"Kenapa ngotot klarifikasi yak aneh";"67537508896";"dudukbarengid"
"18375764731166120";"1780369831";"Kasih aja datanya";"67537508896";"dudukbarengid"
"17938464519233040";"1780363606";"Pecaya gak!! Kurban aja pakai dana Apbn.🤣";"37452485644";"maulana_ishak.r"
"18099604877325983";"1780363628";"brati ini kunjungan bukan kunjungan negara ya? cuman vacation aja? ga bisa lah apa apa alasannya pake dana pribadi";"912262654";"ilmakiki_"
"18116894617796671";"1780363784";"Bunaaaaaaaa teddy🤣";"44967943827";"mhmmd_ridho313"
"17936219934281256";"1780363870";"Qurban aja pake APBN  apalagi keluar negri";"1800023442";"reza_londho"
"17883148308583223";"1780363967";"donazi leher dmn";"75242210283";"shitfolks.id"
"18155755336413970";"1780363986";"Mana ada orang ikhlas pake dana pribadi untuk sebuah pekerjaan, dimana dia saja butuh pekerjaan???";"59307113600";"cocopriyos86"
"18097799699334050";"1780364331";"Setiap kali presiden berulah, ada yang harus cuci piring, setelah ini, apalagi ulah absurd presiden???";"69669747935";"reefdavaaiza"
"17890973751514438";"1780364347";"Ada ngk percaya itu ke luar negri pake uang pribadi";"74614012500";"yohanistatobua"
"18341334358220974";"1780364382";"Tiwi ih. Pehl kunjungan luar negri harusnya apbn lo. Gak usah ngelak gitu. Qurban aja pake dana apbn di klaim sumbangan prabowo. 
Emang demennya honeymoon mulu ngeles kunjungan luar negri";"2373125765";"zurika_ayuu"
"18393223180094754";"1780364400";"Gayanya macam gay";"78383573772";"emma642583"
"17904580563264603";"1780364425";"Mami belain papi y...";"48830294192";"tonijack92"
"18030780383811882";"1780364515";"Fungsional dan dampaknya gak terasa, dana mending buat rakyat";"5423446499";"endhe33"
"18324866788282570";"1780364589";"setiap ngomong selalu gaenak kan";"27260955564";"fentynrs"
"18080129828644428";"1780364706";"Namanya jg br married,maklumin aja,br hot2an nya,jd pengen honey moon trus..gih,nungging dl sana,dah ditungguin di pojokan..";"3076408216";"duniatiputipu.mu"
"17953438556979628";"1780364728";"@d_ren88 akun bodong sudah pasti peliharaan pemerintah";"5384597733";"junaedy.11"
"18595049059037415";"1780364784";"pokoknya ada aja🤭🤣";"80573092520";"grace.days26"
"18107396746752978";"1780364839";"dia siapanya pak pres?";"396709429";"puterikusw"
"17966675799083753";"1780364880";"Orang amatiran jadi seskap ujungnya tiap ucapannya bikin guyonan rakyat 😂dagelan titipan mulyono .";"51983055907";"faizulismiyah"
"17939945664240543";"1780364953";"Ibu Negara Lagi Menjelaskan";"2315042457";"perfectogym"
"18440726590138329";"1780365071";"Baru diberi kesempatan 3bulan (bahasanya merendahkan). 😢";"3003314190";"ratmo_daffa"
"18071077556669390";"1780365092";"Mana Bukti nya...Perlihatkan Ted ke Masyarakat....Ngomong doang mh Bocah Paud juga bisa";"50184721820";"arifbintang47"
"17875594377485463";"1780365143";"Heleh nyalahin krisis luar negri terus... INDONESIA KAYA BANGET, SUPPORT SDMNnya, SARANA, PERMUDAH DAN BANTU SEMUA UNTUK ANAK BANGSA YG CERDAS2..";"3078392083";"bicky_w"
"18065497127703458";"1780365186";"Luhut versi lite kah maniez?";"1832583958";"yudha.arifin"
"17965323591093964";"1780365200";"Helehhh...Giliran Viral Gini Baru Ngomong di Tanggung Pribadi...Ted...Ted";"62370221518";"24jamnews_id"
"17932920633266970";"1780365347";"Dia gak Se ngerti itu";"2279903562";"christineiskiki"
"18150239854493848";"1780365412";"😂😂😂 berangkat pake pesawat kenegaraan, kurban pakai apbn. Semua itu anggaran negara.";"3177217395";"desihattarais"
"18087497984630429";"1780365413";"Sakarepmu ted... saya team yg sdh gk percaya";"77889582309";"quelddcy"
"17916802584391140";"1780365434";"🧹🧹🧹";"511548539";"dhiyafadilla"
"18217862263326163";"1780365479";"Lu pikir cuma pakai klarifikasi model begini kita semua percaya ? Ted. Ted..lu anak baru kemaren sore";"32502966";"azwinfathur"
"18052783298755049";"1780365512";"Sekretaris menjabat semua jabatan";"1942689454";"robertpakr"
"17932424625269587";"1780365549";"Prettt";"1398698017";"noviikadhr"
"17892860793355373";"1780365617";"Iya selevel mentri jawab nya kayak gitu";"4778242100";"floweryirish"
"18103098554007712";"1780365618";"Mncreeetttt";"8463999196";"dimascamoy"
"18109996417778765";"1780365649";"Negara campur aduk antara pribadi dan APBN, coba transparan";"181627286";"anhjbi"
"18117465217746796";"1780365723";"Kurban aja pake apbn atas nama presiden,  1 thn uda 50 x jln² keluar negeri, .";"3686591767";"sri_sur_za"
"18146247958501301";"1780365761";"@arief_wachyudin_baw masih belepotan gk sih,klw segayung mah😂🤣🤣🤣";"68015324428";"moto.moto.zf"
"18094120652222832";"1780365893";"@saga_sabara yg pnting ngomong aja dulu";"4118674538";"sultan.flower"
"18137914375549253";"1780365923";"Mana ada pejabat menanggung biaya sendiri, bohong besar. Beli sapi kurban aja pakai APBN";"71644721034";"tk.ahza"
"17858756658642393";"1780365928";"Pakai dana pribadi...???? Ada yang percaya..😂";"39637908561";"internet_wifi_tasikmalaya"
"18066227072409849";"1780365956";"Tipu daya dan kelicikan kalian terhadap rakyat....dzolim kalian....khianat-dzolim-korup...kalian....walaupun berjalan lancar di dunia ....DI AKHIRAT kelak kalian TDK akan bisa menghindar dr TUNTUTAN JUTAAN RAKYAT INDOneSIA...........dunia hanya tempat sementara..🔥🔥🔥🔥";"60190460641";"rachmanalbi"
"18154242007472753";"1780365980";"Jangan cuma omon ..kasih liha bukti seluruh pengeluaran apakah benar pakai duit pribadi..harus detail dan terang benderang..biar kami puas dan yakin..";"76237522077";"tedy.kosasih.2017"
"18153748012467031";"1780365992";"Kalo bisa nambahin k LN ngapain kurban pake APBN? 😢";"500871268";"putrajunius"
"18104250227067335";"1780366047";"Siapa yg percaya";"54859912170";"jannatulhasanah42"
"18083868881631634";"1780366330";"Pada merasakan ga kalian hasil konkret ny ???";"2064228554";"furrydiah"
"18090758906593913";"1780366335";"Videonya diedit sekeren itu biar apa maksudnya 😅";"2160292653";"a.r.t.i.f"
"17957916531133041";"1780366350";"Bunted ikut senang jalan² keluar negri gratis. Sering² aja klo bisa. Sekalian nyari utangan. 😂";"74417929095";"rossy_716"
"18080224088639425";"1780366370";"kelebihan biaya sistem rembush kayanya😂";"1361515670";"setiawann.edii"
"17916918123384702";"1780361466";"@csey_mon sepenting itukah bilang "walau hanya diberi kesempatan 3 bulan"? Ko julid ya bun 😢";"1678062553";"agung_enpe"
"18114712651896601";"1780361572";"Kurban aja pakek uang negara🤣🤣🤣🤣 masih percaya🤣🤣🤣🤣";"3561026964";"budimontes"
"18068439983696346";"1780361597";"Bunda garda terdepan membela ayangnya ,QODARI ngapain ?????";"10723080039";"bukandillann"
"18183502477387804";"1780361606";"Omong opo ted👎";"12603690762";"yoedhi.pram77"
"18100193864332019";"1780361636";"Dana Pribadi ?";"73957353940";"aangsutisna14"
"18054001580739726";"1780361647";"Sari Botty… Botty Sari Botty 🔥";"348209629";"anomali.pub"
"18093487654983003";"1780361648";"koq bunda yg jawab?";"4217375179";"rudyst_r"
"18042629321629996";"1780361667";"Masak sih, kok gak percaya 😢😂";"2160487259";"anisaardina"
"18104299865095597";"1780361676";"Sudah gk ada yg percaya bun 😂";"43952927624";"kedai_sussu"
"17884072116579231";"1780361729";"Banyak kali cakap mu taik🤣pake dana sendiri🤣 qurban aj pake APBN";"18284660401";"ra.fi3926"
"18095049506260241";"1780361779";"@dj_donny qurban aj pake APBN,ini ke Perancis pake dana sendiri😂😂gimana itu bg don,yakin bg pake dana sendiri mereka";"18284660401";"ra.fi3926"
"18118312816695346";"1780361808";"@shahfebrian 😂😂😂😂😂";"1341704398";"dettyhanafiah"
"17896879851462960";"1780361831";"@dj_donny 😂";"1583166394";"febymadellone"
"18086428646087052";"1780361919";"SUDAH SUDAHLAH... TEDY BEAR  NGOMONG SAMA  BURUNG NOH....";"78697103014";"hery.supardi"
"18091532348608758";"1780361924";"Ehm si,,,,";"39048310999";"a_amirudin16"
"18073912700316352";"1780361951";"Whatever you say! 😮";"2671383400";"rifai16blues"
"17921991408142000";"1780361971";"Pret";"37336613290";"muhafauzan_"
"18469565719100364";"1780361988";"Jubir kepresidenan mana ? Gak berfungsi ya ?";"3246289467";"marlis_andrea"
"17939287566051448";"1780362004";"Bacot doang";"57120653993";"jokofa.jokofa.90"
"18098671541276844";"1780362042";"@bimohakito pasti jawabnya pokoknya adaaah🤣";"3171355530";"mguppy992"
"17910696912222345";"1780362084";"sama sekali tak mau mendengar masukan. Yang disampaikan Seskab ini hanay pembelaan dan pembenaran yangg sama sekali nggak didukung bukti dan data.";"6870162899";"oktoyugosetiyo"
"17856663306663424";"1780362110";"🤣🤣🤣🤣 ad struk tpi dbuang";"60647519444";"fadjri166"
"18099607808277093";"1780362154";"Kayak buci ya";"12081391264";"wetcatdotcom"
"18074300702661637";"1780362228";"Buna mukanya nantangin gituh bunn";"557737101";"thinzbelle"
"17986184741826799";"1780362252";"Ngomong doank mah gampang, pake bukti donk hari gini omon2 doank 🤣🤣";"461671768";"jap_yanto"
"18143769313509292";"1780362303";"Gak akan percayaaaa!!!";"46140271594";"desliyanasari"
"18430592482121028";"1780362305";"Alhamdulillah Duit pribadi nya banyak banget. Yuk bisa yuk duit pribadi yg banyak itu buat Sedekah ke Rakyat Miskin daripada buat ke luaR Negeri . Bisa yuk pak";"2066980372";"ekaendahsusanti"
"18064714673441092";"1780362342";"Emang percaya";"13266486479";"davidmaysandra_dpm_lampung"
"18078804302217496";"1780362521";"emangnya bocah tong rakyat Indonesia emang pada nggak sekolah kita udah cape ah bodo amat";"74458089650";"emmyhasan66"
"17952035733154610";"1780362554";"Kan bundaaaa, kek kitalah emak2 yg atur2 di rumahh 😂😂";"4195851726";"evadnatalina"
"18104916272001248";"1780362614";"Cebok cebok aja trusss🤣";"4075392646";"yudhi_gtama"
"17966204832077307";"1780362704";"";"10230328716";"ari.raharyo"
"17965736085076302";"1780362718";"Pake data dong,,, kalo pake omongan doang mah nenek2 jga bisa 😂😂";"4038637789";"ekosaputra_jawel"
"18140481013523677";"1780362771";"Penduduk di Indonesia jumlahnya ratusan juta, dibohongi dan dikibuli oleh 2 manusia ini👏👏👏👏";"11565776145";"aziyanti56"
"18113218843871170";"1780362829";"@d_ren88 katakan prettt";"2127913596";"irma_says"
"17982660378008600";"1780362832";""walau hanya diberi kesempatan 3 bulan"🙌";"331528881";"herifujiyanto"
"18067374617505072";"1780362889";"";"51670270039";"holacomprender_"
"18083743133129439";"1780363013";"😂😂😂😂😂 Berak sekebon lo ted";"38667211257";"tossoshant"
"17927659407301144";"1780363027";"Audit audit";"1749569457";"ucialviyani_"
"17884257264580143";"1780363121";"Bodo amat";"359025699";"iwanmarween"
"18191871325369771";"1780363127";"@andrea.safrudin talk to my ass gak sih? 🤣🤣";"32132528";"esa_lestari"
"18138201574554311";"1780363158";"Ngantukkkk";"21285613544";"aldino1714"
"17946433302014452";"1780363222";"@shahfebrian ia lagi 😂😂";"3668739995";"harrybaun371"
"18051965306760748";"1780363408";"Tolong ya bang,asal anda Thu,smua itu dimulai sejak dia mengenal doi Presiden,jdi dia pun hrus serba bisa.😂";"1632784565";"rina_okveriando"
"18083737670162992";"1780363439";"Bukannya dulu menolak bantuan dr negara lain pas Sumatera Utara dan Aceh kena banjir??";"32582612477";"marinaels_"
"18103386815096886";"1780363465";"Teddy selalu terdepan bela .... Jubir negara tidak berguna 😂";"2041084711";"kakputtt"
"18184076215375732";"1780363509";"@bimohakito itu ttp APBN, cuma klu ad kelebihan anggaran baru nombokin. Jelas ttp APBN wkwk";"2041084711";"kakputtt"
"18093176024590280";"1780363532";"itu ttp APBN, cuma klu ad kelebihan anggaran baru nombokin. Jelas ttp APBN wkwk";"2041084711";"kakputtt"
"18128068750716228";"1780363584";"Buzzer2 anis yaman pada kepanasan";"59079337190";"oasis334455"
"18585206470024959";"1780360007";"@arief_wachyudin_baw 😂😂😂 susah apalgi kemarau";"1526810492";"indra.a.rahman"
"18121517491731794";"1780360011";"Sibuk bener nya bpk tedy";"282602345";"rozanahbahfen"
"18116183911836792";"1780360067";"Tidak elok cara penyampaiannya dan tidak etis.";"418285019";"primes_asia"
"17926203525343327";"1780360087";"Itu pake uang pribadi klo uang dari negara melebihi bajet yg ditentukan, tp ttp aja uang negara keluar";"2103848495";"nabilaaja142"
"18539009329073115";"1780360092";"Dia panik rupanya";"25120561458";"dimaspanjisr"
"18120574195737322";"1780360105";"@d_ren88 minimal kalo jilat pakai akun asli lah";"1526810492";"indra.a.rahman"
"18267128881291656";"1780360209";"APBN terus yg di Rubutin! Berapa Triliun Presiden sudah menyelamatkan uang Negara dari Perampok?";"2306898140";"muhammadnasichin"
"18098659208177785";"1780360253";"Pak jangan jalan2 mulu .pikirin rakyat .cari uang tambah susah";"3673307112";"collectionetty"
"17978740826860999";"1780360289";"Ga percaya om, ga transparan.";"61458440778";"mr.agustus28"
"18082187846160537";"1780360290";"Utang negara 🚀🚀💹";"2344320637";"j.marzuki"
"17896346445462425";"1780360358";"Ada yang percaya...???";"574341892";"beniarko"
"18090939638366511";"1780360387";"@indra.a.rahman minimal jadi asn itu  bersyukur kepada negara yg sudah memberikan makan minum anda dan keluarga";"43204052291";"d_ren88"
"17924940510343364";"1780360481";"Cuma orang tolol yg percaya omongan dia!! Masa dinas  pake duit pribadi tp sapi kurban pake APBN bner² konyol...";"22408679944";"alwayswibu30"
"17891753097513843";"1780360500";"Pokoknya Ada.";"36242470446";"af_uji33"
"17985913826990234";"1780360543";""dampak nyata bagi indonesia" contoh e opo🤣";"2334612952";"nabellapurnamasari"
"18130453936598808";"1780360562";"90% isi comment ini haters, 🫢";"6685925607";"eprilpurwandi"
"18112781887879983";"1780360566";"Yakin?";"10971899030";"adhitya____________"
"18323462584256217";"1780360682";"Jabatanya apa sich nich ini orang";"4032326324";"cak_subeki_surabaya"
"18295464619303993";"1780360730";"Serbaguna bgt ni orang yahh😂";"1811474675";"kim.lukmannn"
"18045491303785181";"1780360747";"Ndk percaya yaampun pusing palaa inces";"1121297715";"syahraniflatifah"
"18005898554874469";"1780360760";"@wakcu_y dia filternya, semua informasi baik buruk harus melalui dia, jadi Prabowo hanya mendengar berita bagusnya saja...😂";"5759517070";"agungwaseso"
"17864941014687675";"1780360790";"Teddy adalah jubir sebenernya, segala gala diurusin sama orang ini";"77350823087";"travellingguard"
"18079407539238968";"1780360803";"Bisa aja Aspri. 😂";"74833281600";"anak_pertama_1.0"
"18217921969324889";"1780360816";"Lagi belain ayang beb 😂😂😂";"3166453505";"yulie_a_poerba"
"17888611545549275";"1780360940";"";"8036033774";"jadidirektur"
"18013709195855597";"1780360955";"Kok yg disebutkan jaman pak Dino.kan plecidenya Jokowi... Takut yaaaaa nyebut...nm wiwi😂";"34224373759";"leninurhayati65"
"17851739988692806";"1780360956";"NGOMONG YANG PENTING  YANG PENTING NGOMONG";"6470140517";"pkusantuy"
"18064457198450021";"1780360978";"Ibu negara' sedang pidato 🔥🔥";"34224373759";"leninurhayati65"
"18126795412550922";"1780360984";"Ah masa??";"31607433";"fau_nnisa"
"18118092646749154";"1780361034";"Apa yg km omongin...ngga ngaruh buat rakyat";"34224373759";"leninurhayati65"
"18005870051869707";"1780361072";"Halaaaah 😮😮😮😮";"4167540838";"ummu_azzam_zhafran"
"18110678659918496";"1780361090";"kunjungan ke LN ngapain aja bos??? urusin dl dalam negri dl...Minjem duit ya atau jual isi perut Indo???";"1957613290";"ethanswift"
"18096828568929633";"1780361093";"anta eo anta idak";"3866440425";"kucaicatridge87"
"18107330618478869";"1780361142";"Penjelasan + Nyinyir. Dasar Bot..";"1597875246";"gie.irawan14"
"18065796719427925";"1780361157";"🔥";"54205970591";"antonwahyudhi"
"18323215576257085";"1780361202";"Kakanda  Tedy  Mau  ngomong  bener atau bohong.  Kita  juga  tetep  Gak tau.  Bukti  Ttertulis  tidak ada.  Jadi  hanya  kakanda  Tedy ,  Mas  Wowo  dan Tuhan  yg  Tau  kebenaran nya.  Kalo  kita  pikirkan terus  Pake duit apa ke luar negeri .. lama lama  Kita  jadi  stres  sendiri.  Biarkan  itu  nanti ada Pengadilan  Tuhan  di akhirat semua akan di pertanggung jawabkan.";"3968707118";"shanniluh"
"18114341146851661";"1780361212";"Bocah umbelan";"1376959765";"scootcub12"
"18000180575940530";"1780361262";"Inget yaa, kelebihan biaya ditanggung pribadi, biaya pokoknya per kunjungan 20 M tetap dr pajak rakyat😂";"72323888326";"kaum.malamatiyah"
"18205412971354232";"1780361270";"Yg stapsus presiden siapa sih . Harus nya yg jelasin tuh stapsus presiden 🤔";"59925328101";"berjiwabirupas"
"18131665225586278";"1780361367";"Setelah ini @gusmiftah ceramah bela2in Prabowo soal ini 😂😂😂";"1597875246";"gie.irawan14"
"18408449221147970";"1780361370";"@mguppy992 beneer";"2318017580";"aqa_39"
"18049592909770177";"1780361394";"Cuiiih";"31353470567";"rafkiamin"
"17976802008013378";"1780361397";"Kelebihan biaya woy digaris  bawahin bukan seluruhnya";"2318017580";"aqa_39"
"18082905161157457";"1780361401";"Ngelola negara udah kek ngelola PT Perorangan 😂";"552728480";"adtrsn"
"18002325443925720";"1780361408";"Pernah menjadi wakil menteri luar negeri "Walau hanya di beri kesempatan sekitar 3bulan" ekspresi apa ini @tedsky89 ???? 🤔😂";"7545453531";"windaparid14"
"18044606738578816";"1780361412";"Hee semua org bisa bohong yh, 😂";"49444694088";"anigra19"
"18180016576402810";"1780361437";"Pengen mhuntah";"76865427923";"r3nanew"
"18075341540288853";"1780361438";"level danramil jadi jubir istana";"38763979927";"kampretwaluyo2026"
"17913373821199568";"1780361458";"👏👏👏👏👏👏@shahfebrian";"62126616858";"dzara_jess"
"17941242357240404";"1780361458";"@aqa_39 tapi yakali qurban aja APBN yaagaaa";"2318017580";"aqa_39"
"18374504035200188";"1780358885";"Bangun hubungan ga harus jadi PRO amerika dan israel kan ? Trus masuk BOP ga disebut ted ? Gunanya apa masuk BOP dan sok akrab ama amerika dan bahkan mau memberikan ruang udara dan kertajati sebagai pangkalan militer amerika di indonesia ?";"72594703793";"rika.1170"
"18105548474315652";"1780358911";"@arief_wachyudin_baw 😂😂😂😂😂";"7583608206";"hijrah_sakinahh"
"18161119651403338";"1780358917";"@shahfebrian botol yakul";"57576763024";"angeltenan85"
"18594061153042185";"1780358924";"Siapa si dia 🔥🔥🔥";"51401949276";"winianisa1206"
"18395102107080591";"1780359013";"Klarifikasi, ada yang percaya?";"5407233956";"yudh4n"
"18083327954148163";"1780359030";"Mana bisa dipercaya omongan loe. Kurban atas nama presiden pakai uang negara, apalagi pergi ke luar negeri uda pasti pake uang negara. Mumpung jadi presiden ga mau rugi makan terus uang negara. Disaat yang sama masyarakatnya sangat kesusahan Dalam kehidupannya. Sebentar lagi juga akan terjadi pemberontakan. Kita lihat saja, disaat masyarakatnya eneq muak lihat kalian disaat masyarakat akan melawan bersama2 tindakan kalian kepada masyarakat.";"2250539174";"aurelia_dd"
"18090902915200893";"1780359050";"Lah ini tugasnya tah😂😂😂";"2376443339";"susisabri"
"17989162133803953";"1780359068";"Logika aja Qurban kan pake duit APBN apalagi kunker 🙌🙌🙌🙌 masih ada yg percaya kah klasifikasi nya";"34587758770";"wen_wen_998"
"17931014997290916";"1780359082";"Hahaha, mau percaya tp yang ngomong sitedi😂😂";"2362104915";"ruslanchengko"
"18145584997502380";"1780359091";"Kontol lho..";"3941192356";"nengah.mustika"
"17980238448001978";"1780359115";"Iyaa aja deh secara kurban aja pk APBN... dana pribadi itu apa aja yaa.. coba lah terangkanlah br biaya2 tsb ngga direimbust yaaa";"710757699";"e_dasuki"
"18105123913987445";"1780359134";"Lu siapa ya???? ؤؤ";"72814353446";"rianasari.ritonga"
"18064164239453550";"1780359143";"Bahasa pemerintahan prabowo sekarang sering diperhalus sedemikian rupa sehingga kita kadang terbuai dan lengah tentang apa yang terjadi sesungguhnya .. pelecehan udara oleh amerika dianggap biasa .. kertajati asal dikasih uang langsung diberikan .. bahasa canggihnya aja bengkel .. tapi operasionalnya bisa melebar .. BOP bayar iuran .. mbg dana besar bukan untuk makanan dibiarkan .. kopdes ga jalan tapi sudah makan anggaran ..";"72594703793";"rika.1170"
"18593452186023312";"1780359148";"🤮";"1482684685";"diazdewi_"
"17929044321338834";"1780359163";"Ga percaya";"2261386769";"bangjoshu"
"18118696405786268";"1780359184";"Sebut timur tengah tp tidak sebut Israel sebagai penyebab 7 perang negara disitu 👏👏👏";"3229762529";"jopgintingzhuka"
"18121132594679701";"1780359195";"Yach jujur aja pak keluar negeri dana pribadi syukur kalau begitu tapi qurban aja pakai dana APBN";"22806440272";"herawati.19_"
"17929723524315124";"1780359226";"Ingat omongannya ttng helikopter yg katanya milik pribadi presiden tapi ga ada di LHKPN";"222102604";"emasyhudi"
"17972132961104507";"1780359274";"Tapi kan kata abah anis harus sering2  kunjungan luar negri . Biar negara lain bisa tau bahwa indonesia itu ada 🙂🙂 . Kalo pakai dana pribadi mending liburan aj sekalian";"4167831752";"iwansaja94"
"18105487091057944";"1780359284";"owalah ted ted 🤣";"1751861621";"itsrasmi_03"
"18067214183422791";"1780359286";"Bulshit";"45151614147";"tomwijaya39"
"18073892168664491";"1780359309";"Wkwkwkkwk lo pikir w percaya.....,";"7996647554";"damangarifin"
"18008657699872174";"1780359352";"rezim omon omon";"5557124672";"harahapparrude"
"18082638224431143";"1780359354";"Audit dong ted 🤣🤣";"40451494086";"w0ng_ndes0"
"18048366212539020";"1780359369";"Dia multi talenta .... Jubir ... Paspampres juga";"1403562820";"agung_riyanto89"
"17926395999123199";"1780359373";"Istri membela suhami begitulah. Harusnya koreksi diri jadi Presiden bukan sibuk ke luar negeri habiskan uang APBN rakyat. Hampir 50x sejak jd pemimpin.";"14168018234";"sangkut.harryanto"
"17911946022409251";"1780359402";"Menangani segala urusan dan situasi";"51687478264";"am_mili14"
"18082892780134171";"1780359417";"WONG NGGEDABRUS TED...TED....";"267441321";"budi_bsa"
"18116828038754042";"1780359424";"Waktu bencana Aceh lu juga gitu bilang ted";"1951174171";"eksistensialll"
"18077535428271419";"1780359456";"TERUS FUNGSI KEMENTERIAN LUAR NEGERI APA TED?";"1598747772";"fahmirizal12"
"18042581855589088";"1780359522";"Maaf kami nggak percaya kalau cuma sekedar omongan..buktikan melalui data.";"58026834201";"onald_kurniawan"
"18099382604110493";"1780359537";"Masa sih?";"580703789";"eko_supriyanto14"
"17879207673657696";"1780359543";"@bangjoshu nyenyenyenye";"2261386769";"bangjoshu"
"18086161229273237";"1780359550";"Investasi itu bukan berarti duitnya langsung ada .. it takes few years to get that money or profit jadi ga usah dikatakan seakan akan duitnya dah di depan mata";"72594703793";"rika.1170"
"18163191583447277";"1780359570";"Kalo "bulan madu" ya modal sendiri dong.. tapi kenapa harus keluar negeri...hotel di indo kan banyak..takut ketahuan?!.. njing";"6414299385";"om_condro"
"18097581779149145";"1780359588";"Bah!!! Aneh ya baru ini ada presiden tidak punya jubir. Kalo Pak SBY dulu jubirnya Pak Andi Malarangen. Lah ini?????? Sekretaris nyambi jadi jubir atau jubir nyambi sekretaris???? Bela aja teruss, kan semakin dbela smakin menumpuk tuh harta. Uppsss.";"1345827200";"rnovy11"
"18118932751801717";"1780359696";"Uang investasi nya pasti untuk MBG dan Kopdes😂";"58026834201";"onald_kurniawan"
"18324833749281705";"1780359702";"@bimohakito bener tuh. Dulu dia jdi Menhan gitu juga kok metode ny. Gaji Menhan tidak saya ambil. Nyatanya??? Qurban aja pke APBN. Ya elaaahhhh";"1345827200";"rnovy11"
"17925347016126516";"1780359703";"Menteri luar negerinya saat ini ga kredibel pak .. jadi kayaknya ..mending si bu retno lah lebih mengerti medan dan cara berdiplomasi";"72594703793";"rika.1170"
"17901048354286736";"1780359730";"dia kira rakyat ini pada bego kali...dasar babi...";"78823317790";"abahabim31"
"18105157520288514";"1780359744";"@dj_donny wkwkeke";"5630832450";"dwiyunarsah18"
"18131971408569396";"1780359766";"BERAK SEKEBON😂😂😂😂😂";"76242773122";"mbul_ludm"
"18051656993765392";"1780359822";"Notanya mana ya kalo gitu?";"3074918701";"asrozy98"
"17874924162612008";"1780359844";"Paparkan dong bos laporan nya. Anda menjelaskan kami tak percaya 1% pun.";"35764266641";"winner.clinton12"
"18083430653533568";"1780359889";"Kok gue pengen kentuttt";"59063574936";"nuryati_oktapia"
"18118940719765414";"1780359907";"Kok pengen kentut ya prettttt";"59063574936";"nuryati_oktapia"
"18105103240989581";"1780359922";"Halaah ...";"3525038844";"adheliasemboja"
"18075080753653893";"1780359952";"Massaaa!!";"5615832079";"fkusofie"
"17928166875305162";"1780359985";"Cape deh semua hanya pembelaan. Spt anak sekolah yg baru di tegur. Membela diri dgn berbagai data argument🫣🫣🫣";"1904575169";"eben_hanawidjaya"
"18176555467365615";"1780357813";"IBU BOTY LAGI BELAJAR JADI MENTRI SEGALA URUSAN GANTIIN LBP";"66596346351";"teuku_miswar46"
"18082904816627625";"1780357832";"@pontianakinformasi taulah banyak cara untuk menjatuhkan. Jadi wajar Indonesia itu stuck di negara berkembang. Ngak maju maju..";"38308154055";"chakkilo_30"
"18055779881738053";"1780357843";"🌈🌈🌈🌈";"1987287175";"trisula_art_studios"
"18135495682488321";"1780357844";"Omon2 aja..beda tipis luh ted..😂";"5688194603";"effizulkifli"
"18014993774703725";"1780357870";"Mana data dan bukti nya baya sendiri???";"209646291";"iankleimer"
"17903414109430422";"1780357891";"@bimohakito ada bang pokonya kan bisa dimanipulasi penguasa";"589493194";"clipers_cut"
"18589738081011828";"1780357900";"Iya iya percaya😂😂😂";"2204252201";"efri_tm_strigle12"
"17893050516353850";"1780357901";"Sekretaris kabinet kerja nya apa ? Koq kayak pekerja nya sibuk sekali .. peneliti bukan .. kerjanya apa ya";"72594703793";"rika.1170"
"18097979261324244";"1780357925";"Jadi ada agenda pribadi????";"1428410776";"maidina__"
"18074751170288857";"1780357927";"@dj_donny lagi nyanyi MBG mas Bahlil ganteng bg😂😂😂";"2204252201";"efri_tm_strigle12"
"18097491185178850";"1780357975";"Boooollll... eh.. boooong....😂😂";"8106394689";"bentarmano_"
"18105225976809366";"1780357979";"Intinya, masyarakat udh ga percaya...jd apapun klarifikasi dari pemerintah, sdh pst kami tdk percaya, krn pemerintah sdh bnyk bohongnya...";"2357268717";"lorika_kamoera"
"17896387260327023";"1780357991";"😂😂😂";"5693907607";"achmadfeiry"
"17886420903395847";"1780358030";"lu percaya?";"1368170418";"chinmi.wais"
"18087284123072695";"1780358033";"Gw sih kagak percaya, kurban aja pake apbn";"4425811827";"nathan_lidz"
"18078534650244960";"1780358042";"Membual";"58566734758";"nurhezz"
"18004036775927998";"1780358063";"Percaya? Pokoknya Ada!!!";"64596543827";"ebang5261"
"18108263678511189";"1780358077";"@d_ren88 wadul luh";"4425811827";"nathan_lidz"
"17987869770005597";"1780358108";"Jaman pak dino seperti itu";"3450174994";"muh.rifqid"
"17972538759109206";"1780358114";"Kentut aman ?";"28631869258";"wildan_sopian144"
"18440681437143375";"1780358121";"Ted Lu Kira Kita Semua Bodoh Kali😂😂😂😂";"50832532489";"evan._7792"
"18209151589337834";"1780358128";"Jumlah nya boleh berkurang .. tapi kalau bayar hotel pake apbn negara dan satu kamar 200 juta .. itu sama aja ga ngirit";"72594703793";"rika.1170"
"18374453788206068";"1780358151";"bukti investasinya???? @teddy_hq @kerjaseskabri @kerjaseskabri";"422107577";"jalal87basyir"
"18096161263902590";"1780358189";"Tidak usah klarifikasi Buna, seakan² lagi belain suami";"66926411676";"_ayahgc"
"17957393076135946";"1780358201";"Salah satu Tugas Wanita ialah mendukung penuh Lelaki nya 😍";"28448717636";"_mas_fhi"
"18101313806022092";"1780358226";"Cebokin teroooosss👏👏";"50754315528";"tubagusfrz"
"18166260760446369";"1780358331";"@apriel_xlebers iya dong harus semangat cari cuan mah ka";"43204052291";"d_ren88"
"18103038098294509";"1780358336";"Urusan dinas kenegaraan pake duit pribadi nggak usah dibenerin... hadehhhh";"68947371344";"irmavan7777"
"18093144866204617";"1780358363";"@achmad.albashari buzzer teriak buzzer..lagi musim 😂";"43204052291";"d_ren88"
"18055258427561898";"1780358376";"Kalo kurban sapa yg tanggu";"8381825272";"rizal85163"
"18079259036534836";"1780358379";"@nathan_lidz apa itu wadul 😂";"43204052291";"d_ren88"
"18088620794617792";"1780358413";"Bangun hubungan ga harus kunjungan rutin kali dan ga perlu hubungan emosional .. emang nya mau menjabat selamanya .. kan ga .. jadi formalitas aja its okay ..";"72594703793";"rika.1170"
"18090410234525610";"1780358429";"Kayak cwe lg gosip nyinyir pas bilang "walau hanya diberi kesempatan 3 bulan" 😅";"735435078";"yadegrace"
"18096674821923797";"1780358431";"Negara ini akan semakin hancur kalau kaum pelangi seperti ini di kasih panggung...🔥🔥🔥🔥🔥🔥🔥";"57992793375";"panitia_hari_kiamat___"
"18069629711354934";"1780358466";"Ciee cara ngomong nya pengen ngikutin kayak pak dino tapi beneran beda banget KLO pak dino otak itu bisa mencerna dan memahami";"2933392478";"susynchie"
"18104503691073171";"1780358468";"Omon2";"54686627239";"ana.novita.733"
"18182770582388036";"1780358495";"@dj_donny istrinya pasang badan 🔥";"330299460";"tiowibowosaputra"
"18169899412417958";"1780358499";"Buzer ini";"49812059581";"al.pasha27"
"18130654381579636";"1780358508";"@mguppy992 hehehe tau banpres gak maseh";"976814838";"eridaynias"
"17944445586207456";"1780358513";"😂😂";"44329961917";"gusnidar82"
"18132383422502363";"1780358565";"Honey moon yg menggunakan APBN, (semakin kelihatan gugup & langsung berstatment) 🔥🔥";"53346053239";"abasjadibaik"
"18141840463522119";"1780358585";"😂😂";"9047391425";"sinceway0903"
"18420503989182626";"1780358595";"@zhazillahzhazillah zzzzzz";"1442621616";"ikhwanamirullah"
"18082034792407100";"1780358600";"Di bold bgt itu 3blnnya?";"204849020";"evavidyas"
"17970006563908603";"1780358610";"Maksudmu apa @teddy_hq mendiskreditkan Pak Dino dengan ngomong "beliau menjabat sebagai Wamenlu hanya sekitar 3 bulan"? Kelihatan banget statement mu ini nggak terima dengan poin - poin yang disampaikan oleh Pak Dino. Padahal INTI dari ini semua bukan itu! La dari pada kamu Letkol oplosan! Pangkatmu tinggi dan nsik cepat dengan cara yang nggak wajar! Semua orang tau itu! Makanya kamu nggak nyambung sama kritik dan saran soalnya pengetahuan soal hukum ketatanegaraan mu kosong melompong!";"66744765954";"notanniebody"
"18002248196941236";"1780358614";"Bunna teddy klarifikasi untuk menutupi paris in love sama ayah wowo";"6235058917";"mamoru_mirza98"
"17946399315195180";"1780358642";"“Walau hanya diberi kesempatan 3 bulan😂”";"28554549";"pinksdiarly"
"18104287427072608";"1780358708";"";"5585274194";"hapzxz"
"18044839517571741";"1780358742";"Percaya?";"4188654893";"syafrudinhilman"
"18090179237371371";"1780358843";"Botol yakul";"57576763024";"angeltenan85"
"18101755574021861";"1780356657";"Ada yang percaya??? Ada, 58%. Tapi baru  katanya";"3542784242";"w_ardiwijaya"
"17936060862068286";"1780356691";"Ntar dipecat karna lurus,parah pak Tedy";"5719234590";"linaijo"
"18138525946530310";"1780356704";"Duit pribadi, tapi nilai kekayaan pribadi semakin meningkat ses 😂 ? Bisnis apa? Boleh info2 biar 19.000 lapangan kerja terjamin";"1396799639";"hafiz_nurrahman"
"18204259360353583";"1780356756";"Ada yang percaya?";"8894222274";"dhimazyudhistira"
"18119343403742248";"1780356768";"Bacot lu";"6333605423";"hvrnzoke"
"17939052375233466";"1780356832";"Mana bukti klo. Pke uang pribadi.... Kasih notan nya😂";"3066459047";"iana_mufarrihah"
"18008799695726402";"1780356835";"@yulgin apa iyaaaa???????";"6333605423";"hvrnzoke"
"17886266439398624";"1780356841";"@d_ren88 semangat cari cuan om 🥰😎";"1738424673";"apriel_xlebers"
"17919911316364090";"1780356865";"@yulgin buat lu aja..tapi tidak buat kami ..amit badut jadi presiden ancur sejagat negara indonesia! 🔥";"4309424466";"lina.hernawati223"
"17951677820991609";"1780356869";"Boty";"37683428844";"adezakaria2812"
"18115917814652358";"1780356906";"hmm";"1353343486";"oppung__huta"
"17952305046140240";"1780356918";"mlut mu kaya t4i ga akan pernah percaya apa yg keluar dari mulutmu";"76920096838";"joyosutono"
"18396558007093648";"1780356923";"Pak ngomong pakai bhs Prancis kl hbs kunjungan ke Prancis ,,,kl dr portugal juga ,,";"6257678236";"pamelaaipassa"
"18160886359445688";"1780356967";"Tim pak Dino 120 org dengan Frekwensi rendah, kalo skrg 60 org dengan high intensity yo jelas rugi banyak.";"739358085";"kleponpanas1"
"18007049549734440";"1780356976";"iya cantik";"35132271198";"idhooaparrel"
"17891404944536074";"1780357001";"@teddy_hq @tedsky89 @tedskyfriendsofficial @sekretariat.kabinet @kemensetneg.ri @dpdgerindradkijakarta @gerindra @fraksipartaigerindra @sufmi_dasco @habiburokhmanjkttimur @budidjiwandono @rahayusaraswati @rizky_irmansyah... TED² BACOT LO BAU TAI... WOI TOLOL ITU QURBAN AJA PAKE DANA APBN APALAGI KUNJUNGAN LUAR NEGERI PAKE DUIT SENDIRI... GA MUNGKIN TED², BEGO BANGET SIH LO... @sugiono_56 @prasetyo_hadi28... UDAH LAH GA USAH BANYAK NGARANG LO TED.. @presidenrepublikindonesia @prabowo... GA USAH NGEBACOT TANPA BUKA DATA YANG JELAS & REAL..@dinopattidjalal.. PAK DINO NIH BOCAH PENJILAT PANTAT REZIM ASAL NGEBACOT AJA";"2940143442";"royhan_vhe"
"17913314409205552";"1780357054";"Dikasih masukan kok nyerang balik. Nggak elegan, menunjukkan kenegarawanan kelas kampung 😓";"4260923736";"marcianodeddy"
"18062494472466482";"1780357069";"Preettt gak percaya 1000 %";"1926482828";"yuniar_tanjung_"
"18112542778867493";"1780357086";"Mana laporannya, ngemeng doang ga pernah nunjukin data";"4322894243";"ranzou_sama"
"18081718346390881";"1780357098";"Tau apa lo";"1689297460";"priyohers"
"18084153026430495";"1780357109";"Sniper dia";"47611148192";"coesss_"
"17899052214449279";"1780357116";"Susah om, kpk dipegang, ibdependen ditodong";"4322894243";"ranzou_sama"
"18113044963675459";"1780357119";"DAPATKAN PROMO MOTOR MOTOR GEDE ROYAL ENFIELD 
dan discount special di minggu ini ! 
Unit sangat terbatas dan ada beberapa yang baru dari segi di spesifikasi dan warna yang sudah pasti bikin  royal riders makin pede di jalan 😎
.
BOOKING SEKARANG SEBELUM KEHABISAN !!
unit sangat terbatas.
.
WAH BULAN INI PROGRAM & PROMO NYA GILA BANGET !!
1.Free pph22
2.Get special disc 
3.free RSA/layanan towing gratis ,dll
4.free pengiriman Jabodetabek
5.Cash back dealer
6. (credit only BRI, BCA , Pegadaian Syariah , Mandiri, Adira, Skbf )
7. Dan banyak promo menarik lainnya yaa....
READY :
.Interceptor 650
.Meteor 350
.New Himalayan 452
.New Himalayan 452 mana black
,New Hunter 350 
,Super meteor 650 
,Bullet 350
,New Guerilla 450 
,Shotgun 650
,New Classic 650
,New Classic 350
,New Goan 350 
, New Bear 650
, New Meteor 350 / warna orange tubles ban
.
Lagi ada promo program credit apa aja nih?
.DP rendah mulai dari 35 jutaan/nego , unit 350 cc (tenor 1thn Sd 4thn)
Ride With pride :
Nikmati dan dapatkan disc promo special dari kita !
For more information ?
Call/WhatsApp :
WAWAN FIRMANSYAH
0896-3693-4406 
0813-8880-2418
Dealer Royal Enfield Nusantara Batavia International
.
Menerima pembayaran CASH/CREDIT";"32488465872";"wawan.nusantararoyalenfield"
"18004484198747764";"1780357128";"Apasi urgentsi ke LN salut dengan PM Itali yang menolak kedatangan Prabowo";"3039765161";"ashar_pasoba"
"18107700908511378";"1780357129";"Kami rakyat sudah pintar ga bisa diboongin🤣";"49890210717";"sushie_suzy"
"18099544640331972";"1780357147";"Kata kuncinya adalah "kelebihan" anggaran ... Jadi bukan murni ditanggung Prabowo ... Hanya "kelebihan" anggaran saja yg ditomboki duit pribadi...";"217764262";"dedirohendi84"
"18082453520324821";"1780357223";"@ikhwanamirullah netijen julid🤣";"56913064137";"zhazillahzhazillah"
"18375909541167864";"1780357255";"Anda banyak bersandiwara...";"3652423272";"irfan_syahriza"
"18117136789761667";"1780357311";"Mic nya ngomong sendiri....";"2530563559";"imansucipto"
"17890421619542199";"1780357346";"Mana ada rakyat yang tau????";"5694116716";"achmad.albashari"
"18119655931775873";"1780357355";"Kasih bantuan kemanusiaan menolak bg ted";"2143071647";"hairilazhar77"
"17890737108516797";"1780357398";"Loe percaya...?? 😂😂";"1497566917";"agussusilo7562"
"18363200968234373";"1780357400";"@d_ren88 jilat terus buzer 😂";"5694116716";"achmad.albashari"
"18159710371456021";"1780357498";"@dj_donny gigi palsunya belum kelar🔥";"3289802627";"ben_mustofa"
"18088037114624950";"1780357505";"@dj_donny bobok 😂";"2001208698";"ida_ayu_citrasari"
"18093483302596054";"1780357609";"Yakin??";"4515915274";"yulianto_kbm"
"18144217261505720";"1780357637";"PERCAYAAAA !! GAKK!!, ente jadi seskab aja, nyalahin UU bro.";"66263527925";"abunuha90"
"18413918278198313";"1780357645";"@bimohakito iya bener bisa gak tunjukin laporannya,,";"60057547002";"meyla.yanti23"
"17940468765233204";"1780357672";"Biaya kelebihan ditanggung Prabowo itu untuk pesta ulang tahun Teddy 😂😂😂😂😂😂😂";"4477454864";"aha_shop.indonesia"
"17926107249124928";"1780357681";"Dah macam Jubir dia.. padahal Seskab.";"4070283001";"donrahmatsyah"
"18002540762924534";"1780357719";"Kagak percaya sama sekalai. Beli sapi aja pakai APBN";"37449266478";"riyadi_999"
"18095814497186404";"1780357742";"Laporan tertulis, pliiiss. Mosok sekelas lembaga negara cuma secara lisan 😂😂😂";"58522234762";"mamat_1799"
"18152961601471210";"1780357767";"Preeetttt...bohong..nya..kurban aja pakai apbn";"4713914811";"joniirwan666"
"18090389552029051";"1780357768";"Di kira rakyat percaya";"41217597915";"resmi9651"
"18084645479121338";"1780357781";"😂😂😂";"2242003715";"iqbalkhoirul_l.a"
"18074281646655050";"1780357783";"Sapi aja pake apbn ;)) kelebihan biaya yang telah dianggarkan negara .. emang ada biaya pribadi yang telah dikeluarkan pak prabowo ?  Apa contohnya coba";"72594703793";"rika.1170"
"18015684995910531";"1780357785";"Mana dampaknya..suruh belajar B spanyol dan Perancis... Preet..";"61125186099";"kkay0023"
"17885536650561012";"1780357797";"Saya nulis ini dari Melbourne.

Dan dari sini, dengan jarak ribuan kilometer, satu hal terlihat sangat jelas, Ini bukan cara mengelola negara. Ini cara mengelola properti pribadi.

Tidak ada garis pemisah antara institusi dan ego penguasa. Semuanya melebur jadi satu. Negara = milik dia. Kritik ke presiden = musuh negara. Akun resmi pemerintah = alat serangan pribadi.

Lalu dengan santainya bilang “kelebihan biaya ditanggung pribadi Presiden.”

Tidak malu?

Siapa yang audit? Siapa yang verifikasi? Rakyat disuruh percaya begitu saja karena beliau berkenan mengatakannya?

Ini bukan transparansi. Ini impunitas yang dikemas jadi kedermawanan.

Jengah. Benar-benar jengah.

Bukan karena benci Indonesia. Justru sebaliknya. Karena masih peduli, maka melihat republik ini dijalankan seperti ini terasa seperti sesuatu yang dicuri pelan-pelan dari kita semua.

Kalau argumen terkuat pemerintah adalah menyerang CV pengkritiknya 

berarti isi kritiknya tidak bisa dijawab.

Kapan terakhir kali dompetmu terasa lebih lapang sejak 49 kunjungan itu? 

Katanya Dino cuma 3 bulan jadi Wamenlu.Oke, mari kita hitung.

37 tahun karir. Jubir presiden terlama dalam sejarah RI. Dubes untuk Amerika. Naikan status hubungan bilateral jadi Kemitraan Komprehensif. Gagas Kongres Diaspora Indonesia pertama di LA. Dirikan FPCI, 100 ribu anggota, komunitas kebijakan luar negeri terbesar di Indonesia. 11 buku. 2 penghargaan negara.

Itu semua dari orang yang “cuma 3 bulan jadi Wamenlu.”

Sekarang kita lihat yang 18 bulan.

49 kali ke luar negeri. 3 kali ke Prancis dalam setengah tahun ini saja. Rupiah terdampar di Rp17.800. IHSG minus 28%.

Tapi yang penting — Dino cuma 3 bulan.

Dan jawaban ini bukan dari buzzer. Bukan dari akun partai.

Ini dari halaman resmi Sekretariat Kabinet Republik Indonesia.

Jadi pajak kita dipakai untuk ini. Untuk membela jadwal terbang presiden dari kritik diplomat. 

Saya nulis ini dari Jauh. Tapi justru dari jauh ini terlihat jelas betapa tidak ada lagi yang mereka sembunyikan karena mereka sudah tidak merasa perlu malu.

The audacity.";"5965951177";"zmkyfamily"
"17930977491296833";"1780355569";"@ririnmelati9 ya dari dan pribadi nya lah Anis aja hutang sama Prabowo 😂😂😂";"21364849465";"dessy4474"
"17895852675330866";"1780355573";"";"2253892492";"mchutama"
"18115184710875788";"1780355598";"@csey_mon gilaa ya angkat terus di jatohin";"3101938157";"alsnndr"
"18087727304615818";"1780355599";"@ririnmelati9 suruh bayar Anis hutang jadi gubernur Jakarta gtu malau lawan Prabowo salah org";"21364849465";"dessy4474"
"18528263650076899";"1780355633";"Sebentar lagi, beliau pegang segala bidang 😂";"5004822193";"del_dil_"
"17873491155503860";"1780355639";"@luke_ss78 ah rese lu hidup lu ngurusin Prabowo urus aj hidup lu pake uang Batak kagak lu";"21364849465";"dessy4474"
"17976241121876757";"1780355679";"@dj_donny lagi kerahin buzer nya sambil ngopi";"2236350287";"kopi_ampas"
"18055718030740044";"1780355687";"ngmong opo";"3570143740";"alibondan74"
"17975248280882507";"1780355704";"@bimohakito ada pokoknya bang 😂😂😂";"2236350287";"kopi_ampas"
"18129767650608748";"1780355718";"Sejak saat ini bang 😂😂";"2236350287";"kopi_ampas"
"18126601723623531";"1780355734";"@shahfebrian anjay 😂😂";"2236350287";"kopi_ampas"
"18118277140766151";"1780355742";"Ngopi bang keknya";"2236350287";"kopi_ampas"
"17883853665577005";"1780355765";"Masyarakat kita Lo udah pada pintar ,,";"2236350287";"kopi_ampas"
"18341841250168438";"1780355782";"@y0.crln_ santai pak / bu di setiap komen orang nge gas mulu heh";"3101938157";"alsnndr"
"18025143164828481";"1780355826";"Bull f*cking sh*t";"1427562377";"hari_fty"
"18455954806118879";"1780355860";"😂😂😂";"6814829444";"nandang3666"
"17953082055148542";"1780355928";"Liatt mukanya saja udahh mau pukul pake tabuung gas 3 kilo..#teddygay";"73791719445";"melankolizt_"
"18182774164378298";"1780355962";"Makanya dipilah pilih lah mana kunjungan penting dan ga penting, setahun smpe 30x kunjungan itu ngapain aja coba. Pinter nyuru orang2 efisiensi, lah situ kepalanya malah ga nyontohin";"3442264229";"arletalim"
"18081684032561513";"1780355971";"Oh iya biaya pribadi nya untuk bayaran segelas minuman keras 😂😂🔥🔥 Lucu banget seskab Tedi Tedi";"41301495521";"jejen_jenskayy97"
"17949116198999756";"1780355975";"Pemerintah sekarang bisanya cebokin kepala pemerintah, jilat terus biar jabatan aman....";"48045777620";"dona.perdana.nana.777"
"18166450951434057";"1780356013";"Ngak ngaca lu dana qurban juga pakai uang APBN 🤣 apalagi kunjungan ke luar negeri 🤭😂";"41301495521";"jejen_jenskayy97"
"18063951494739588";"1780356028";"";"73106457347";"af_ag26"
"18170636404420433";"1780356033";"Ngelawak Mulu nih b0tay nya Wowo 😂😂";"41301495521";"jejen_jenskayy97"
"17975762999876401";"1780356038";"Ini perdana menteri kah ????";"58175542538";"tatya_na8371"
"18095069147467236";"1780356044";"Mana buktinya buted...emang kdm";"52191617737";"a2wi1510"
"18072028187676921";"1780356045";"Ado buzzer jgo didalam komen ni, kocaaakkkk 😂😂😂😂😂😂";"71228008643";"cleantoren_jambi"
"18119337001773098";"1780356047";"Hewan korban aja nyolong APBN, kelebihan kunjungan negara ditanggung pribadi...seskab letkol karbitan..";"8490478088";"armany2707"
"18597226042016491";"1780356069";"Emang kami percaya?";"8321279";"nugynugy"
"17978242992038389";"1780356184";"😂😂😂😂😂😂😂😂😂😂😂😂😂😂😂😂😂😂😂😂😂😂😂😂😂😂😂😂😂😂😂😂😂😂😂😂😂😂😂😂😂😂😂😂😂😂😂😂😂😂😂😂😂😂";"57842133913";"gusnawan2023"
"18114709270889859";"1780356229";"artis jga klo kegrebek, lngsung klarifikasi. Klo ini yaa mirip" dikit lah 😂";"3117490535";"bintangnugraha22"
"18118056274772858";"1780356257";"Cot";"1766443354";"nulhakimagung"
"17899195551452024";"1780356286";"Trmksh atas paparan nya, jdnya ga berburuk sangka pd pak PS";"46085156716";"rumahkaktus_byveeni"
"18090261329037256";"1780356295";"Sama aja omon omon.. Coba audit external kalo bener kelebihan pake dana pribadi.. Qurban yg harusnya pake dana Pribadi aja pake APBN Bulshit laah.. 🙄🙄🙄";"1411354765";"sanak.pubian"
"18089632184458438";"1780356349";"BOTI INI KENAPA SIH";"48206281489";"qinshihuangggg"
"17962413765050139";"1780356374";"Anie membela gadunnya";"51249223029";"lutfiwibowo24"
"18464313361105626";"1780356375";"Biaya pake uang pribadi, 😂 begini kalo negara diurus pake konsep merasa  negara miliknya sendiri. Jadi ya suka2 dia, kan pake uang sendiri, rakyat gak boleh kritik, kan keluar negari pake biaya sendiri";"7329784430";"piuss_official_"
"17939545605248652";"1780356401";"Kira2 percaya gak😂";"3138827333";"fadhiarani_w9"
"18087883067098063";"1780356406";"😢😢😢 tambah dosa lg lu";"1394797646";"kukuhyee"
"18594569596007893";"1780356413";"Audit kebenarannya...";"2131111679";"mokhamadansori"
"18192197122374149";"1780356447";"Kenapa harus di kasih tau cuman 3 bulan 😅😅";"33911295";"gunturdwiono"
"17986217492825585";"1780356473";"Yaa adaaalah";"9134138607";"damdato"
"17868215949548161";"1780356477";"Pencapaian pak yg di rasakan rakyat semua bahan sembako semakin mengcekik, belum aturan terbaru PPh naik jadi 22℅  akan bertambah barang akan naik karena penjual pasti akan menaikan harga barangnya, dan sejumlah daerah dana tunjangan untuk beberapa aparatur sipil di pangkas... Kami real ja yg dirasakan, gk mesti hebat di luar tapi sengsara sebagai bangsa sendiri...";"2249516941";"khairul_afriadi"
"17977101993028805";"1780356477";"Dikira dia paling pintar Kali ya...rakyatnya goblok semua";"6323411584";"jon_cibob"
"17895234339469344";"1780356510";"klarifikasinya defensif & cara jelasinnya cynical bgt... kyk emak2 ngebelain lakinya yg lg disindir temen2nya... 😂";"413739075";"tri.p0ds_"
"17929244268308673";"1780356522";"100 M";"3087791463";"maftuhhmaftuhh"
"18102272320981027";"1780356607";"Kalo.ngmong pinter banget🔥🔥";"21752732225";"nungknrh"
"18342617794168705";"1780356608";"@dearlove1151 cari duit segitunya bang?";"1596998826";"bunda.2ahza"
"18602638174003766";"1780356643";"💩💩";"29601414497";"omen_funoffroader"
"18120389227672282";"1780354694";"Hebatnya beliau: Sekretaris Kabinet merangkap Jubir, Bakom, Klarifikator, dan ...";"3591659219";"fine.day_hidayat"
"18012380600897118";"1780354738";"Dua duanya NPD ternyata";"51166380854";"matcha.tea.1402"
"17910789330220402";"1780354757";"Sejak presiden nya Prabowo 😂";"65354129998";"entuhayati6"
"18456439171115342";"1780354773";"Misal sewa Pesawat pakai anggaran pribadi..trus pencatatan bgmana  bung.. apa masuk penerimaan negara.. jangan asal.. rakyat pintar lhoo";"38586391559";"deddy_ts98"
"18137566774557560";"1780354793";"Ni konsepnya istri lg bela marwah cuami ya? Hilih2 tidi bisi iji 🙂Mana laporannya pake dana pribadi?";"36172701";"nadia.auliyana03"
"18234573703309515";"1780354795";"tidak percaya";"48430550939";"buki.bagaskara96"
"18592901689022433";"1780354860";"Loh kenapa di tanggung pribadi? Malah aneh kan ?";"35853796234";"panutankubo"
"18331477933268612";"1780354866";"Gak usah bandingin ama. Pak dino... Jelas jauh kualitas menlu skrg dgn pak dino..";"7894344073";"otolovers12"
"18247699072307466";"1780354892";"Katanya MAU BERDIRI DI ATAS KAKI SENDIRI 😂";"1548369802";"tumis_kangkung"
"18112798939687426";"1780354919";"😂😂😂Gk percya aku biaya presiden pribadi😂😂😂dia jdi presiden cri kekuasaan dan duit kok😂";"61106961891";"nico_moxer"
"18166129420429216";"1780354920";"@dj_donny 😂";"1039242906";"budak_ireng"
"18131321107573603";"1780354971";"Kritik Amin Rais dijawab juga dong  Pak SESKAB ...";"4760596592";"r.sumantoro"
"17971816776106757";"1780354978";"Boti";"2188595267";"rizkantriadi"
"18046943936774847";"1780355008";"@mguppy992 lah jelaslah pasti 🙂";"2012874441";"nyimas.rini"
"18063489164475410";"1780355043";"@bimohakito ada pokoknya.";"2022068647";"raden.mas.fiqih"
"18104335768795855";"1780355050";"@saga_sabara ada pokoknya 😂";"2022068647";"raden.mas.fiqih"
"18153372604475532";"1780355054";"Muak dengan bahasa kau @teddy_hq";"3642276385";"irhidayat_1209"
"18045342722785166";"1780355072";"Ayo @official.kpk coba selidiki anggarannya benar atau tdk pake uang pribadi......";"2252257963";"yani_arsim"
"18007875134917186";"1780355099";"Teddy kerjanya apa sig??? Kek smua smua di yg kerjakan?? Presiden bukannya punya jubir ya???? Sumpahh apa gue yg tolol yaa";"3400954444";"mcbee_theonebee"
"17942537496210692";"1780355101";"@dj_donny masih percaya bang ma boti..... qurban aja pake apbn gmn kluar negri hahahhahah";"72821399581";"fyan.1768"
"18032206991810159";"1780355104";"😂😂😂😂 mana bukti nya bung?";"30795835418";"suryagunawan201"
"17893171893350316";"1780355123";"";"27284804776";"bapake23"
"17914357719395365";"1780355131";"Qurban aja pake APBN gmn kluar negri hahahahaha goblok";"72821399581";"fyan.1768"
"17945347440197354";"1780355142";"😂 sebelas duabelas 😂😂😂";"2946338160";"irvan1851"
"18376512100203684";"1780355164";"Cabut dulu, Tedi mau kentut nih beb 😂😂😂😂";"59437248450";"aditya.aditya89"
"17907803244243395";"1780355178";"Ngomong apa seh????";"27234959250";"sonibajri"
"17914793187399626";"1780355203";"LOE LEBAY ntah kapan kau jelasin";"75694274358";"readratofficial"
"18095534918231758";"1780355225";"Bacot lu ga guna";"2305648605";"r_mubarok1911"
"17965379802111344";"1780355234";"😀🤡";"55425976";"papavikram"
"18597725047063129";"1780355243";"Dunia sedang krisis bukannya berhemat kocak";"8456098376";"din99_inst"
"17895844947465040";"1780355256";"Tapi wartawan hanya boleh memberitakan yang baik saja ya ?😂";"3101938157";"alsnndr"
"17962822551095575";"1780355297";"❤️❤️❤️ loveee Bundaa❤️❤️❤️";"2134325406";"rabbitzking"
"18089798378353930";"1780355301";"Fokus "kebocoran" dalam negri mestinya lebih diutamakan.";"45951355276";"alyaqin9807"
"18439703227142926";"1780355321";"Cebokin suami 🔥🔥🔥";"9919341900";"nuralam.amir"
"17913171273205494";"1780355347";"Ah masa sih";"3486039290";"boim_al_ghazali"
"18094511858238728";"1780355355";"Ibadah Haji lancar tapi melarang agama lain beribadah semakin mngerikan🔥";"3945764791";"irna.setia"
"18209915956728233";"1780355390";"Wowo :Ted sono klarifikasi di media “gue” kluar negeri dll biayanya duit gue sendiri
My ted : Siap Pak 

🙈 apa apa Ted sky apa apa ted sky 
😂 Memang ini Aspri cocok nya bukan sesNeg";"222835029";"galih_nugraha_p"
"18083006918429985";"1780355392";"🐷🐷🐷🐷🐷";"8072704942";"mursalin_r95"
"17946108876192698";"1780355394";"1 gorengan udah hampir 3000an bosss piyeee kii";"4194062909";"adon_023"
"17884844289411121";"1780355404";"Meski dana pribadi, semua laporan kegiatan dan pengeluaran itu jelas dan transparan. Satu lagi Pak Dino itu senior anda saya rasa. Baiknya direnungkan, bukan langsung dibantah";"5160730871";"freddy.cahyadi"
"17919391854166833";"1780355405";"Nyebokin majikan";"1634823655";"sendy_trimulya"
"17988862454810226";"1780355448";"Yang nanya siapa????";"7122524664";"mmasmoel"
"18154470133472187";"1780355473";"Bacod";"53251875792";"m_firman_98"
"17891034684522268";"1780355488";"Semua merangkap ???😂😂😂😂😂😂";"1684486647";"muhammad.firdaus10"
"17881482222435175";"1780355523";"Halah";"34484107119";"sya.n666"
"18056531273725867";"1780355523";"TNI ko lehernya ga bisa bicara lurus badannya kaya aahhh udh lah,,ga bisa berkata kata🤣";"42982273586";"seno41054"
"18102806519050816";"1780355536";"@bimohakito masalah nya apa...pak Prabowo kaya terus di undang ke luar negeri kok suruh daring maluin aja yg ngomong suruh daring sirik";"21364849465";"dessy4474"
"18107201452979942";"1780353750";"@bimohakito makanya, bacot doang tp ga ada laporan ya sama aja 😂";"31939275";"dedyerianto"
"18077712074244753";"1780353756";"Beginilah karakter pemerintah kita ketika di kasih kritik saran bukanya di benahi mana yg benar, sebaliknya mencari pembenaran atas tindakannya dan membantah saran. Hhhmmm.";"1712180634";"rbk_rhien"
"17907848070240098";"1780353793";"Nggak dimintain penjelasan bapak.";"7358539955";"imha_laitupa06"
"18123278092636860";"1780353797";"SKIP 🙌🔥";"3062700407";"satria_gkfc"
"18342331828174721";"1780353809";"Kami udah tahu kok😢";"7358539955";"imha_laitupa06"
"17965165350087539";"1780353819";"Audit jgn bacot doak ted";"3606686214";"malikcalm"
"18110691736909842";"1780353833";"Dolar naik nggak dijelaskan dampak akibat atau apalah 😢🔥";"7358539955";"imha_laitupa06"
"18080461190190225";"1780353844";"😢😢😢😢";"58628605739";"juarnilidia"
"17881563507597184";"1780353849";"contoh hasilnya , bangsa indo wajib bisa bahasa prancis😂😂";"2308835758";"ranger_uhui"
"18105767449787945";"1780353902";"Kl urusan negara ga bisalah pake duit pribadi...";"64775248954";"scrooge136"
"17950724280158356";"1780353973";"Muke kezel keliatan bener. Bocah dikasih tau senior gini nih.";"44102168845";"kalishakoe"
"18336745348216196";"1780354046";"Affa iyah? Qurban aja pake APBN kok atas nama presiden.. jago bgt boongin rakyat";"7619074287";"espresself.ly"
"18425903443125333";"1780354064";"Kok jd krisis kepercayaan kepada pemerintah sekarang...";"9240999397";"indra_kavin"
"18194621809369881";"1780354102";"@mangkok.beureum sepakat";"63174970993";"itsmeraissacanss"
"18092221463217309";"1780354104";"Muak banget lihat pemerintahan Prabowo. Saya hanya bisa berdoa : Ya Allah Ya Rabb beri kesabaran kepada kami, kami percaya ya Allah kau yg akan mengakhiri semua orang pemerintahan saat ini....Aamiin";"68291264427";"maysaridaria"
"18357436582213950";"1780354184";"@mertayasa999 pokoknya adaaa";"3120886330";"adhimahendratomo"
"17988812549812262";"1780354185";"iya iya rakyat indonesia kan tinggal nya di desa semua..jadi diboongin semua ya gapapa, gitu kan maksud nya";"1448990280";"murodhasan"
"18133520884566312";"1780354193";"@y0.crln_ aru u oke?";"64823756779";"jupyitea"
"17972148306055490";"1780354212";"@y0.crln_ are u oke?";"64823756779";"jupyitea"
"17934050388254144";"1780354244";"Cieee baru di pemerintahan Prabowo, pribadinya nombok in APBN. Sungguh benar tajir warbyasah presiden Prabowo.
UU ga perlu, lewattttt yg penting negara selamat.
Mmg tulus belio, setulusnya nyumbang sapi korban pake APBN dan tdk menyalahi Syariah kata antek nya (😛)";"7461944148";"ributcoklat"
"18069985217361830";"1780354247";"BOP ceritanya gimana ya? 
Pengen liat report kelebihannya
jadi gini... ya!... ok,..";"57563943188";"cakfirman19"
"18113883625870840";"1780354263";"Terserah ape Kate lho dah😡";"70761709245";"budhidestiyadi"
"18159341317459288";"1780354265";"@babaissdimsum buat ksh faham lu aj,kl presiden gw ga semiskin anis";"73058942893";"dearlove1151"
"18067621949385541";"1780354359";"";"6194448914";"ibraismaeel"
"18166995037425921";"1780354407";"Audit aja🔥";"56585723233";"agustriwidodo"
"18096787432918016";"1780354410";"Komedi..";"5889418615";"sasongko_iswandaru_230699"
"18081133928558186";"1780354419";"Widih ada yg belain";"2248608775";"azka_ghifari_wahyu"
"18474256774100818";"1780354425";"Hidup Malaysia.";"2223812262";"prayogi_30"
"18011578046906516";"1780354428";"@mguppy992 cuh hama";"7446332611";"tiasjailani09"
"18211748971330503";"1780354433";"@shahfebrian 😂";"1121202596";"ambar.qyas20"
"17952317208152239";"1780354438";"Percaya??";"11567659686";"mocha_1897"
"18065018108439636";"1780354479";"@bimohakito itu uang pribadi, gaji prestasi berapa ya plus tunjangan ?";"11162706589";"k3n5h1n.h1mur4"
"17868118695546634";"1780354490";"@mguppy992 😂😂😂";"45926108148";"leonelladdi"
"18078374747228600";"1780354493";"Manusia angkuh";"69029354795";"arsy_sv"
"17949443088171679";"1780354495";"Harus dibuat aplikasi untuk laporan keuangan supaya tidak terjadi : asal bicara, rakyat tidak suudzon “bilang pakai yang sendiri ternyata APBN “";"3585035906";"t_gunadi"
"18428277025124490";"1780354531";"Nol kepercayaan";"41083587891";"imannnnnnn21"
"18105266659980605";"1780354536";"@dj_donny lgi sibuk bobok bang, biar ayang teddy yg menjelaskan😂";"3171355530";"mguppy992"
"18106815181752241";"1780354546";"Tapi ga perlu jg kali ke perancis ampe 4x";"5833293524";"tinavindriati"
"18126185317541088";"1780354555";"Buktinya mana😂😂, Qurban aja pake Apbn😂 masak keluar negri bayar sendiri, sedekah aja dibayarin negara😂😂";"1380679333";"hdygerrard94"
"18113564845873838";"1780354600";"Nunggu tanggapan pak Dino";"600543254";"massaidsurabaya"
"18583809538027630";"1780354606";"Wah keren bapak tranparansi nya sangat clear sekali dan sangat mementingkan rakyat, Rakyat sangat bahagia sekali, Sekali lagi sangat bahagia sekali…";"62890016567";"letsraid.id"
"18037186277649286";"1780354613";"Kok kamu yg ngomong? Apa kapasitas kamu? Fungsi jubir presiden apa?";"63382676166";"cecefamily3"
"18094037525081521";"1780354616";"Kebijakan pemerintah Prabowo yg bagus yg mana? Serius nanya";"4399234760";"alif_la_mim"
"18096216407062637";"1780354616";"Ajudan itu tugasnya melayani presiden bukan pidato😌";"2461080417";"novia_ibe"
"18103372454001393";"1780354620";"@srisastroamidjojo seakan2 org menilai semua anggaran pakai dana pribadi... Culas bgt nih boty";"3487971542";"syakhrizal83"
"18082111826545851";"1780354654";"@yulgin jilat terus 👏";"73686122950";"novvri420"
"17952768852077336";"1780354662";"😂😂😂😂😂😂 Konoha";"1471286208";"arturorusdan"
"17904766350430085";"1780354664";"😂😂😂 nyangka gak lu";"76580471469";"d.indradewi"
"17949175124996771";"1780352748";"Jilatin terusss bunda😂😂😂😂";"7763100417";"suryatopaz80"
"18422996932135129";"1780352763";"Tunjukin data validnya ted ?";"4067589961";"_abdulkaris"
"17955008712149410";"1780352834";"Ngapain ngurus negeri org kl disini belum aja belum beres , sekolah tidak ada jembatan , bunuh diri krn tidak bisa beli buku";"60122935848";"hartengguno"
"18073698902459604";"1780352870";"Jumlah robongan berkurang 50%, tapi menteri dan wakil menteri nambahnya lebih dari 50%";"3537135834";"heri_781"
"18393802189090483";"1780352880";"Biaya ulang tahun dan hotel  mewah berapa????";"60122935848";"hartengguno"
"18030481856811682";"1780352884";"Jadi apa sih hasilnya? Haji lancar?";"640397964";"did8pras"
"18093215234202973";"1780352959";"Apakah kami rakyat langsung percaya?";"2218969631";"rikiyolanda"
"18111914789308712";"1780352980";"Biaya di luar tanggungan negara itu contohnya apa? Serius nanya";"10703534960";"asolyes1"
"18043305773586925";"1780353009";"Hayuuu loh di counter lansung";"391613395";"papajeka77"
"18106499303301934";"1780353009";"Tak mungkin pribadi.";"43027186909";"zaynall_arf"
"18096299653937901";"1780353011";"Audit audiiiiittt 🔥🔥🔥";"861554961";"dwiinuraisyah"
"18048736058534958";"1780353036";"Ujung2nya rembeus";"49709015938";"fery.maulana18"
"18104680270970075";"1780353041";"Kgk transparan ngapain percaya";"1332664084";"trisno_mutingah"
"18394116901083120";"1780353049";"Urusan Negera Ditanggung Pribadi, maka akan terjadi konflik kepentingan.";"47002671172";"azker58"
"17896232040463265";"1780353075";"Prekkj";"9501475235";"as_tjaksono"
"18089834156042092";"1780353100";"Kritik di balas Nyinyir😂";"1527156965";"ahda_syukri02"
"17858402382647872";"1780353130";"iya nyata banget sampe KURS JADI  17.850";"1432361254";"maharranilife"
"18093534170204217";"1780353163";"Pokoknya ada LPJ kalo masalah penggunaan anggaran tuh.";"2211411845";"tukang.pacul"
"18043833194621821";"1780353199";"@teddy_hq  hehehe. Pembebasan aktifis Indonesia oleh Israel hasil diplomasi pemerintah RI? jangan ngaku-ngaku aah. Itu hasil kerja Menlu Turki. Menlu kita nggak kompeten.";"263234135";"dosenbaik_journey"
"17957141048965646";"1780353245";"Mana mungkin, qurban aja pake apbn";"60223820388";"bhimasyaputra9"
"18143975563513820";"1780353248";"Turut prihatin yang terjadi 😢";"80558087263";"tcglf26"
"17993198483979492";"1780353292";"waduk dikuali";"49717346073";"herliyantimerry"
"18066331808694697";"1780353325";"Jelasin dong korban aja pake APBD. Klarifikasi sekalian bukti pembayaran  golek";"1561907185";"amaylist"
"18125550073619365";"1780353443";"Ngapusi kabeh";"70849410372";"budidwi.h"
"18166648888386318";"1780353470";"Iya, percaya2...😂";"44666478931";"ptyyb13"
"18091932722524243";"1780353472";"Rakyat sdh ga percaya sama pemerintah😂";"339833472";"winston_whitney"
"18091603076013975";"1780353492";"Wajib di audit omongan si Tedi ini, jangan sampai dia berbohong karena dia hanya omon omon, tidak menampilkan data resmi";"77705126119";"rismananondi"
"17966054214096534";"1780353498";"❤️❤️❤️Boty❤️❤️❤️praBOwo❤️TeddY❤️❤️❤️ibu negara❤️❤️❤️";"2233594750";"yenzuka"
"18594898525042785";"1780353512";"iya kalo iya ? Kalo enggak?? Mana ada yg tau😂,,,";"1726977692";"chandrayan3_"
"18064797083686845";"1780353515";"@yenzuka 😍😍😍😍Selamat ulang tahun ibu negara🔥🔥🔥semoga nnati acara 3 bulan a 7 bulanan dan persalinan juga dirayakan besar b3saran😍😍😍😍";"2233594750";"yenzuka"
"18018181061814695";"1780353536";"Apakah kalian percaya gaess?
sedangkan qurban aja pake APBN😬";"47771238642";"shayla_r03"
"18101813912114830";"1780353553";"Semangaaat pak Dino Patti";"1455204587";"roenisoe"
"18186266227344958";"1780353577";"Semangat terus pak Dino Patti Djalal..";"1455204587";"roenisoe"
"18101212937035635";"1780353580";"@bimohakito ❤️❤️❤️Boty❤️❤️❤️praBOwo❤️TeddY❤️❤️❤️ibu negara❤️❤️❤️😍😍😍😍Selamat ulang tahun ibu negara🔥🔥🔥semoga nnati acara 3 bulan a 7 bulanan dan persalinan juga dirayakan besar b3saran😍😍😍😍";"2233594750";"yenzuka"
"18104355986050374";"1780353591";"Jubir pribadi bang 😂";"1321422074";"wulanyuniarika"
"17877998964657421";"1780353593";"Bicara pakai data baru bisa percaya";"1813277398";"bandung_64"
"18179838070399288";"1780353595";"Rusak";"4644766329";"tonybl4nk"
"18174995512417691";"1780353606";"@dina_de_huis ❤️❤️❤️Boty❤️❤️❤️praBOwo❤️TeddY❤️❤️❤️ibu negara❤️❤️❤️😍😍😍😍Selamat ulang tahun ibu negara🔥🔥🔥semoga nnati acara 3 bulan a 7 bulanan dan persalinan juga dirayakan besar b3saran😍😍😍😍";"2233594750";"yenzuka"
"17883240018581280";"1780353662";"Ibu negara makin cantik aja";"74283969813";"kemalakbar145"
"18118887772781410";"1780353666";"Preeeeettttt";"68060350895";"muchlisa04"
"18104155127069074";"1780353683";"😂😂😂😂😂😂😂😂😂 afaah iyaaaaaaa";"1442621616";"ikhwanamirullah"
"17858444226647756";"1780353696";"Atur2en,,trus awuren @teddy_hq omon keat,,kurban aj pke APBN #membusuk";"1723506725";"rizqonkiky"
"17864037027627933";"1780353704";"BIKIN INVOICENYA TONG NGEBACOD WAE";"5536734588";"vinaavianty94"
"18105724453981255";"1780353708";""Kebutuhan mendesak lainnya" kira-kira apaan nih?? Kalo nyebutin jangan setengah-setengah laa bunted😂";"77805320691";"soyditya"
"18160043803454653";"1780353710";"Kalian percaya guys,?";"2464839908";"ekkayn"
"18120402739676457";"1780353723";"Banyakin istighfar lihat kabinet Indonesia sekarang 😢";"2270945332";"herlanxu"
"18098571404154974";"1780353724";"Ndak cayo kami doooooooo";"1704028659";"putrihasanahbasri17"
"18105714124951245";"1780353734";"@mguppy992 nah betul bgt..kita mau percaya??,😂😂😂";"3183088001";"shasaeffendy"
"18101438966117280";"1780353748";"Presiden prabowo Subianto terbaik dan  pak seskab tambah keren 🔥";"43204052291";"d_ren88"
"17978754581859056";"1780351633";"Kowe kok wangun mas opo-opo iso";"325077437";"rswd_"
"18101672327031873";"1780351660";"Beli hewan kurban aja pakai APBN ,apalagi masalah ini😂";"49790632436";"jangansukangutang"
"17966659656116250";"1780351697";"Merasa paling dekat dengan presiden sampai lupa fungsi jubir kepresidenan";"416802654";"ndra18"
"18122615047629624";"1780351700";"Lu Siapa ? Prestasi Lu Apa ? Kontribusi Lu Apa ? Rupiah Melemah Bagaimana ? Rakyatmu Keracunan MBG gimna ? Bacot";"3799329460";"pramudyaindradata"
"18592507426051950";"1780351712";"Pokoknya ada..";"5822492030";"kurniawanmyha"
"18097923326175927";"1780351722";"rezim ini memang mau ngajak perang dengan warganya sendiri";"61638895289";"menjagal"
"18111443179920562";"1780351735";"Sulit tuk di percaya , adapun mndaptkn dana paling lari nya ke MBG dn Kopdes 😂😂😂. Berqurban sjh pakai dana Rakyat kog😂😂";"4325755365";"azalra_zzaq"
"18318928360278661";"1780351737";"";"2699199783";"yuliaf678"
"18409013506196857";"1780351765";"Istri nya ngebela in😂";"366063945";"cathyrahmai"
"18119504842669511";"1780351773";"@yulgin dek…dek… Tangi , turumu mireng";"2678731234";"rudy_djiang"
"17964848490089376";"1780351793";"@dj_donny maksain bener ya Bang🙌 Aneh bener ngapain si bunda satu ini";"2020935949";"dandisantriansyah"
"17990056124804316";"1780351794";"Kapasitas dia apa sih??? Bacott anjiirrr....😂😂😂😂😂";"74985321260";"mrlnjtx"
"17918662101366524";"1780351799";"Ini orang katanya sekolah tpi gak pernah berangkat😂";"2209537444";"agusw2809"
"18600267322013196";"1780351804";"@shahfebrian 😂";"2678731234";"rudy_djiang"
"17876946573609254";"1780351972";"BACA TEKS KAU TEDY";"5316738104";"gunadi_alkhalifi"
"17925632358342374";"1780352003";"Dih ni org siapanya presiden sih";"1807902841";"rika9988"
"18127526548620208";"1780352044";"Ada yang percaya pake dana pribadi???🤔";"1557396937";"asusanti571"
"18080946908185777";"1780352056";"Capek kali liat kek gini sikit sikit validasi🥹";"54928309609";"maayaa_angelia"
"18164801854430571";"1780352056";"Mau di ingatkan lagi pak biar nggak lupa,buat korban aja atas nama dia pake duit APBN apalagi keluar negeri";"68558522543";"el_vinaa07"
"18014329436901746";"1780352102";"Pak Prabowo dikenal semasa muda gemar menabung, mungkin semasa beliyaw menjadi tentara itulah beliyaw menyisihkan sedikit gajinya, dan sekarang menikmati hasil tabungan nya dulu.";"475372360";"hamzah_pulungan"
"18216319702332949";"1780352149";"Yg biaya pribadi prabowo sendiri atau sama rombongan ya pak tedy?";"63386872703";"aji_pake.es"
"17890398405539989";"1780352151";"Baru di pemerintahan ya?? Hrsnya paham kalo mewah2 malu dilihat masyarakat";"9010965149";"ajipermana1886"
"18074198828449177";"1780352156";"Percaya???? Uhhhh tinte la bok....";"1288744164";"jerrywibowo23"
"17996637905782025";"1780352159";"Otakmu nyampe gak sihh dan gak paham jugaa..jgn cuma otak dengkul mkny lemotttt";"30034148948";"tyoharis88"
"18092759255348992";"1780352170";"@mguppy992 masuk akal";"1789901106";"daffaruhyat"
"18106721947752218";"1780352184";"Tetap ditanggung negara, sy kutip disini menyebutkan, kelebihan nya anggaran di tanggung presiden. Ya tetap ditanggung negara kan klo anda banyak kunjungan ke LN?";"3443214771";"fencysamuel20"
"18083032535632145";"1780352203";"Mention sekali hanya 3 bulan";"379003972";"arianihr"
"18004568813927326";"1780352205";"Laporan Kekayaan nya apa berkurang gak ya, 😁";"5541390134";"rendysetiahati"
"17972441454024624";"1780352211";"";"2317635761";"rian19_2000"
"18100767434090045";"1780352213";"Percaya kah biaya pribadi?";"9361962";"kantawiria"
"18122212579631117";"1780352220";"Sejak dia bilang "walau hanya 3 bulan", aku ga sanggup lanjutin dengerin cocotnya";"389087084";"yamimayumi"
"18096710641926995";"1780352234";"Pagi2 udh bikin emosi🔥🔥🔥🔥";"3104826813";"mlgnugroho"
"18073884764653861";"1780352313";"Bunda tedy bulanadu terus ya sm prabowo ke LN pula 😂😂";"8009982064";"khadafi_fidal28"
"17971593381027301";"1780352315";"si TIW nih";"1582150296";"kiandranita"
"18363591763228171";"1780352352";"Ngomong ngalor ngidul... pajak iku stop'en wani pora ted ????";"25285408634";"goprax_oreen"
"17921931636360307";"1780352379";"@yulgin ... 58 𝚗𝚒 𝚢𝚎𝚎𝚎... 𝙱𝚞𝚔𝚊 𝚖𝚊𝚝𝚊 𝚑𝚊𝚝𝚒... 𝙶𝚖𝚗 𝚗𝚒𝚑 𝚍𝚘𝚕𝚕𝚊𝚛 𝚑𝚊𝚗𝚌𝚞𝚛 𝚗 𝚔𝚞𝚛𝚋𝚊𝚗 𝚙𝚊𝚔𝚎𝚔 𝙰𝙿𝙱𝙽...";"44314052441";"kitee2005"
"17891228379499560";"1780352408";"Buna apa gak sadar baru kemaren lok APBN buat kurban itu apa ???";"66670681106";"videa_caren_ningroom"
"18114917206642270";"1780352454";"😂";"3581524472";"erj199e"
"17999712290766620";"1780352510";"Semua mua ditanggung pribadi😂. Ini gmna sih perencanaan anggarannya?";"50133477446";"enamtujuh"
"18162965956447348";"1780352531";"💩💩";"1456329898";"faridfirmanzah"
"18120082159736821";"1780352533";"Lebih percaya pak dino";"3144727491";"andispgkt"
"18093304064590440";"1780352541";"Aneh banget ini orang!";"6083957136";"estee_tan17"
"18101111138122335";"1780352602";"Tukang bersih² ya Mas Teddy Bear😂";"38422826293";"satyaikasari"
"18411257848149366";"1780352602";"Banyak yg menggiring opini yg menjurus ke “personal presiden” dsb. Hatihati ya be smart people. Jempolnya hatihati 🙌🙌❤️
Doakan saja pak prabowo dan jajarannya berhasil dalam memajukan indonesia dan memakmurkan rakyat. Satu persatu, step by step, gak bisa serentak semuanya langsung makmur semua itu tidak bisa. Jadi sabar. Kita lihat 1 tahun kdepan lagi guys 😇👌";"374338284";"lutvianawulan"
"18117957109687129";"1780352614";"Lo percaya? Gue mah kagak...";"7128174949";"metallitalw"
"18072915011675359";"1780352634";"@csey_mon nyinyir khas kaum botie ttp ada ya..";"5898114716";"arief_wachyudin_baw"
"18099695483114485";"1780352653";"Sebutin berapa biayanya yg total dan ygditanggung biaya";"60122935848";"hartengguno"
"17899765929452051";"1780352699";"Apa sih manfaat semua kunjungan ini? Sedangkan di dalam negeri aja sedang repot.";"3260230958";"eddijulianto"
"18067891376386225";"1780352713";"Bahasa jawane Ndospok.. ditanggung pribadi😂😂😂. #coba ada yg menjawab dari omongan anak ini😁";"75099535946";"wiralangit99"
"18007807670872549";"1780352715";"Kacung";"6176852152";"arsfrmnsyh33"
"18076083299306757";"1780349917";"setau saya wakilnya gibran, tp dia mulu yg keluar";"2321362756";"maz_inu92"
"18096375236184508";"1780349957";"KALAU SAYA SIH NGA BODOH YAH";"55572751";"jerryabu.id"
"18095805977340313";"1780350031";"MBG kenapa gak ditanggung biayanya sendiri Pak sekalian, Jd dana nya bs dialihkan utk strategi menurunkan dolar 😢";"2153124451";"wahyu_irdc664"
"17972688225027316";"1780350098";"Harusnya Itu tugasnya kepala baskom";"6187393815";"andrie.kurnia.18"
"18075811481289883";"1780350134";"Faktanya dollar 17.800. Gak bisa dibohongi, rupiah di harga rendah.";"1394788758";"wahyulegue"
"18083346605144898";"1780350154";"Cieee... oke dah";"4109174545";"bonitaalva74"
"17886195249559705";"1780350157";"Dikasih saran loh, bukan buat bantah Batahan 😂";"17106907327";"fadlidotnet"
"18214105168334850";"1780350160";"@dj_donny qodaripun sdh tdk mampu menjelaskan itu semua...😂😂😂";"49327375";"dro_sandi"
"18050565113780282";"1780350198";"Kenapa ciwi2 pd suka sma ini orang , padahal dia suka sama wowo 😂";"1244632706";"tiena_c88"
"17914224777404016";"1780350222";"😂😂😂😂😂iki opoooooo";"31952995749";"yuza_33"
"17867726355553032";"1780350253";"Kita jangan menghujat dia..Seskab itu sekretaris kabinet ..kan sekretaris biasanya emang tugas cewe";"40346128704";"ninoretnowulandari"
"18006344084865976";"1780350317";"Sipaling gacoooorrrrrr jabatanya pling di takuti di Kabinet 😂";"4567240044";"m.khalid_al_pamuji"
"17882532408585479";"1780350353";"Ngapain alutsista bagus2 amat Ted? Kan tentaranya ngurus mbg, bertani  dll gitu bkn sih?";"79965017008";"nanaina_alaina"
"18092940125600890";"1780350358";"";"3472419706";"rahmanbourn"
"17916473703179719";"1780350381";"Kok lama-lama kya Trump yaaa... dikomplain warga, terus juru bicara nya yg melakukan klarifikasi pembelaan yg ga masuk akal...👏👏👏👏";"4275593460";"bonito_alltid_tur"
"18011011133897024";"1780350423";"@dj_donny nah lu ngapain ???🤢🤢🤢🤢";"4099105955";"strong12345678910"
"17960835501102864";"1780350439";"Menghabiskan banyak anggaran";"44973293218";"nonalapakana6"
"17950145304155700";"1780350449";"@mguppy992 nah komen gagal paham nih.....😂😂😂😂";"4099105955";"strong12345678910"
"18123797470649503";"1780350548";"PRABO: HIDUP JOKOWI.🔥🔥🔥";"2025122481";"musliminbigman"
"18098113490172938";"1780350634";"yang bener siich buna";"4112513568";"likrimah"
"18440787652136925";"1780350732";"Kenapa selalu kek seperti pemerintah vs rakyat";"3487588316";"sandy.dhrm"
"18080092766202116";"1780350765";"Percoyo????";"41231875150";"mama_mas_adek"
"18179197231392573";"1780350769";"Klo ngomong hrus ad bukti tertulisnya pak jgn omon omon doang";"6204492146";"vhe.three3"
"18011760806887944";"1780350838";"Kurban aja pke APBN, YA KALI KE LN PKE DANA PRIBADI😂";"4173405105";"805_afif"
"18213166720331915";"1780350918";"Muak banget!";"51325175883";"ahciwed_"
"17928100368301997";"1780350924";"Pidato baca telepromter masih ZONK juga isinya 😂";"3544543504";"didit_suprajudi"
"18445424227186524";"1780350962";"Dia menanggapi mention nya pak Dino tp dibeberapa kalimat ada yg tdk terima secara langsung mention pak Dino 🤣 aku tahu itu yg dimaksud dana pribadi pasti salah satunya pas ngerayakan ultah teddy ya kan 😅😅";"1234487213";"lykan1620"
"18118252147742227";"1780350968";"Awalnya omon2 mau djelasin kek apa kesannya omon2,semakin djelasin makin nyata omon2nya.y gt pola kebohongan akan sulit bgt dpercaya lg";"4838715973";"bakoe_klambie"
"18091079738363323";"1780350991";"Kelebihan biaya....tapi biaya inti dibayar negara! Pinter bermain Kata nih..jgn ngajarin ttg kedekatan emotional, sama Rakyat sendiri punya kedekatan emotional ngga? Ngga mgkn ada hasil tidak dipublikasikan... Joget2 Aja pubkikasi...angkat gelas pubkikasi! Dikritik Kok blg " kurang elok" ... Ah sudahlah tedy";"48811350";"evaali.a"
"18140130880524302";"1780351008";"bukti mana geekkk";"44441576798";"mhd__al_amin"
"17976946017035325";"1780351084";"Lha ko kunjungan kenegaraan pakai duit pribadi¿";"1270409072";"hana8612"
"17967688824115188";"1780351102";"😂😂😂";"1664461345";"nienasharea_fw"
"18109357318732195";"1780351213";"Ya ya yaaaaa...yg penting hanimunnya lancar kaaannn 😂";"25441283046";"andrewsvictim"
"18365256511225929";"1780351213";"BA  O  OT";"2209362422";"be_24jam"
"18129585154606637";"1780351245";"Investasi berapapun juta triliun ke Indonesia trs apa manfaatnya buat rakyat? Apa dampaknya? Harga bbm Harga bahan pokok bukannya turun tapi apa dampaknya? G ada 🥴.. rakyat g mau tau Investasi berapa pun masuk ke Indonesia, intinya semua bahan baku murah dan gampang di cari.. betul kn cess 🔥🫡🥱😪😁😁";"1364263963";"yusuf_kt014"
"18098950514517190";"1780351393";"Pret";"2162820185";"christinairwt_"
"18103998377003482";"1780351418";"Ciri manusia yg klo diakhir bicaranya ada kata”oke”,”ya kan”.Bisa jadi orang ini ingin semua orang setuju dg apa yg dia katakan.ga boleh ga setuju!.Kocakkk";"4307106099";"mrsqkyu23"
"17991388337971195";"1780351467";"Percaya??? 😂😂😂😂";"632066697";"herman.angga_"
"17934163821255987";"1780351486";"@mguppy992 😂😂😂😂 wkwkwk bener lagi";"632066697";"herman.angga_"
"18120121426665178";"1780351501";"Sejak jaman Prabowo Presidennya😂😂";"632066697";"herman.angga_"
"18317446165257422";"1780351513";"@dj_donny pokoknya ada bang 😂";"632066697";"herman.angga_"
"17858494557649026";"1780351531";"Pokoknya ada 😂😂😂";"632066697";"herman.angga_"
"17906058309426789";"1780351561";"M";"1832601862";"tyo_st"
"18113527924856473";"1780351567";"Gumusshhhh";"736422288";"luluzdwi"
"18083451086390350";"1780351577";"Thx infonya sis Ted..";"475859345";"rizarei"
"18068389280380237";"1780351625";"Kalian percaya ama modelan kegini?";"6969374002";"mas_zhen99"
"18083349311442015";"1780346653";"😂😂😂😂😂😂";"5903175584";"zenk_abdullah"
"17975499591021268";"1780346679";"💩💩💩";"11211368795";"dea_maulandini"
"18357484042208721";"1780346733";"Tudingan Pak Amien Rais kapan diresponse(?)";"6442059562";"ardi.dewanto.16"
"17870947308654244";"1780346771";"Qurban aja uang negara ...masak ini gak.bukti.....";"2341330523";"djoko_thiting"
"17993314349990624";"1780346844";"Karepmu teeeddd teeddd";"44294568172";"delica_boutique"
"18183963637383574";"1780346913";"Dah lah... Biar apa dia begitu,,??? Emang tugas dia begitu,,??? 😏";"5377618755";"adiputraalamsyah16"
"18097262531182511";"1780347185";"Yang disebut itu bukan hal yang harus dilalukan lunjunganblenliar negeri";"4783926130";"palupirubiyati16"
"18147296260498749";"1780347226";"yang jelas kebanyakan omon doang, mending jangan di kasih mix buat pidato, silent pliss daripada kebanyakan omon.";"3479717878";"sonna_cahyadi87"
"17953172831979923";"1780347267";"Menteri segala urusan 😂";"31276011641";"septyanarushinta"
"18119183197753746";"1780347319";"Yang disebut itu bukan hal yang harus dilalukan kunjungan luar negeri semua. Malu ah hasilnya ngga seberapa padu pasu";"4783926130";"palupirubiyati16"
"18100497277869208";"1780347412";"Ini sekretaris atau juru bicara ya?
Sebagai orang yang tidak paham dalam berorganisasipun, tugasnya masing-masing peranan itu mestinya sesuai jabatannya ya";"3213490539";"mohammadsubroto"
"18082450220188166";"1780347723";"Dia merangkap jadi jubir juga nihh 😂";"1776408950";"amaliya.nc"
"18120536425662626";"1780347819";"BOHONG !!!!!!";"74976722173";"setiawanrianhadi"
"18112719052681459";"1780347989";"Keren ini 🔥🔥 qurban pakai apbn tapi ke luar negeri ditanggung pribadi 😂😂😂";"324784363";"polapuli.ig"
"18009026111860003";"1780348071";"😂😂😂😂";"2934165232";"young_gunners9191"
"17889114264551074";"1780348102";"KEREN YA BUAT ACARA BIRTHDAY "AYANG" SMPE 5.8 M..";"1799244744";"debzkee"
"17868439269623776";"1780348246";"Bagian Israel disebut mengamankan di laut internasional pdahal faktanya disiksa";"2253111044";"nassilqurani"
"17994226616791702";"1780348264";"@bimohakito mau tauu apa mau tauuu bgt 😂";"4306202259";"junitha_hornet"
"18108656144506797";"1780348623";"Dari semua isi komentar yg ada... Kayaknya sudah gak ada yg percaya sama pemerintahan saat ini. Terus bagaimana kedepannya supaya rakyat tenang gak rame ??? ... ... ...";"4272844373";"dalihgerak72"
"18145032742506268";"1780348660";"Kereen transparant 👍 semoga Bapak Presiden Prabowo selalu dalam lindungan Allah SWT. Aamiin Ya Rabb 🤲";"2167505395";"idawahidahidayati"
"18170341177419767";"1780348679";"Kita sbg rakyat ga merasakan dampak dari kalian berkuasa";"3161506133";"irfantasrif"
"18113412571882259";"1780348803";"@dj_donny qodaripun sdh tdk mampu menjelaskan itu semua...😂😂😂";"49327375";"dro_sandi"
"17969573097112530";"1780348824";"Ah bacot..";"2272651617";"ulik_ck"
"17892022743500458";"1780348862";"Gak percaya kami.";"4093965564";"faisyalmardiansyah"
"18180334801399753";"1780348862";"@csey_mon ngece nya diajari sm wowo";"52928045742";"meiriza848"
"17868690576623904";"1780348914";"@wshermawan mana berani";"956761260";"eko_wahyu80"
"18077256377652229";"1780348974";"Td elo bilang ditanggung sendiri,tp ditengah keterangan elo bilang kelebihan biaya ditanggung pribadi,bnyk bohong";"59224538725";"supri.yantoyanto70"
"18080836385637431";"1780348977";"Agak aneh, Katanya Qurban aja pake APBN, masa Perjalanan Dinas Pake Pribadi, kayak kebolak balik ya.. Mana yg bener ya Pak?? butuh kepastian dan keterbukaan yg riil";"457506495";"justchachafamily"
"18081256865540525";"1780349018";"Bunted bunted bunted istri ya belain lah org gandeng bu mega aja dia melirik tajam bunted bunted frik bgt malu2in";"289625684";"yolandaardelia"
"18094346216227708";"1780349041";"orang bodoh aja … ngerti …";"13071981862";"arimbi2908"
"18020600915675710";"1780349058";"Mana buktinya?????";"1969511073";"mertayasa999"
"18162359860403317";"1780349135";"Ini tempatnya para buzzer 😂😂😂.";"60652479683";"wabilpramesta"
"17870926383618612";"1780349342";"Kurban aja pake APBN gt ja kok REPOT lu neng 😂😂😂";"1958700231";"rizanarfa_abqary"
"18134283661566458";"1780349379";"Kami percya kok. Kalau kamu sedang berbohong. Mode lgi belain suami.";"1671670623";"munirmuya"
"18129629200520750";"1780349400";"Pandir ha 😌";"3135645118";"rinanoormaulidanew"
"17890079628373946";"1780349404";"'walau hanya diberi kesempatan hanya 3 bulan' ~ ngapain disebut sih...hahah mau bilang 'karir lu tu mentok cuma jadi wamenlu, 3 bulan...' 🫣. Dolar jaman pak Dino, 11.000 an 😌";"53599443957";"eyesofwibi"
"17878918407456729";"1780349414";"Efisiensi";"3120218640";"kholikdjawa"
"17928819648318388";"1780349416";"Ini bukan soal biaya sj ya..tp kondisi negara yg sedsmg tdk stabil diperlukan langkah cermat dr pimpinan bamgsa ini utk menenangkan rakyat melalui kebijakan yg tepat dn terukur. Itu yg sebenarnya disoroti pak Patijalal.";"8056877611";"_khk_98"
"18118093291703619";"1780349446";"@yulgin pasti sudah dapat es teh sama nasi bungkus  vs 

Sambako yah,, 😂😂";"16129232393";"suriafone9"
"18446660452186255";"1780349451";"sejak ada bukti foto mereka berdua dan menara Eiffel jadi saksinya🙈";"7710261323";"hariz_hadi_sasmito"
"18123055387633535";"1780349549";"😂";"4631011404";"jackjack8455"
"17972928294048256";"1780349670";"apa skrg presiden kita tidak ada jubir kepresidenan? Knp semua serba Pak Teddy. Pak Prasetyo Hadi ngapain tugasnya?";"5393669039";"mulya.fajar78"
"18406785844198541";"1780349719";"😂😂😂😂";"3500861207";"uciadnan"
"17885577006563702";"1780349721";"Mana bukti nya???";"1933346541";"andriana_widyantini"
"18084218651308179";"1780349721";"Prabowo🔥🔥🔥🔥";"1773781304";"baskoroarifkh"
"18101456426079706";"1780349739";"@mguppy992 nah";"1459917903";"meysem_26"
"17985743160004495";"1780349743";"Padahal dia di mention bgt sama amin rais kok ga klarifikasi ya";"74989451831";"mutiko_.cirik"
"17890250169376116";"1780341766";"Buktinya mana pak di pakai dana pribadi presiden? Ngomong pakai data real sesuai fakta ya dan harus transparan bunda";"8011012257";"ariffathurrahman_"
"18101880359026548";"1780341866";"Kami boleh dong tidak percaya karena hanya omon-omon tanpa bukti yg akuntabel dan traceable...";"599141597";"pribadisetya"
"18100051484031459";"1780341903";"";"3157627513";"dariusrusli"
"18131009422515343";"1780341943";"@bimohakito 🇲🇨🇲🇨🇲🇨";"3157627513";"dariusrusli"
"18106524988942485";"1780341955";"🇲🇨🇲🇨🇲🇨👍👍👍";"3157627513";"dariusrusli"
"18079660142209978";"1780341966";"@shahfebrian 🇲🇨🇲🇨🇲🇨👍👍👍";"3157627513";"dariusrusli"
"18093733577593338";"1780341978";"@jenalmutaqin 🇲🇨🇲🇨🇲🇨";"3157627513";"dariusrusli"
"17970027410907927";"1780342008";"🇲🇨🇲🇨🇲🇨👍👍👍";"3157627513";"dariusrusli"
"18320641411256738";"1780342070";"@edi_apachian 🇲🇨🇲🇨🇲🇨";"3157627513";"dariusrusli"
"18085537784130395";"1780342091";"@dj_donny 🇲🇨🇲🇨🇲🇨";"3157627513";"dariusrusli"
"18083014502428698";"1780342133";"";"3157627513";"dariusrusli"
"18046885094612415";"1780342182";"Bot... 😂";"5492335134";"wisnu_sorexx"
"18117989071753403";"1780342187";"@csey_mon 🇲🇨🇲🇨🇲🇨";"3157627513";"dariusrusli"
"17966533049914870";"1780342202";"🇲🇨🇲🇨🇲🇨";"3157627513";"dariusrusli"
"18592080640037405";"1780342219";"@shintarenzkauthentic 🇲🇨🇲🇨🇲🇨";"3157627513";"dariusrusli"
"18104021825286176";"1780342280";"Percaya ? No way 😂😂😂😂😂😂😂";"1947800775";"javaayu"
"17964236451108771";"1780342304";"🇲🇨🇲🇨🇲🇨";"3157627513";"dariusrusli"
"18394587433087883";"1780342319";"@ciavinsia 🇲🇨🇲🇨🇲🇨";"3157627513";"dariusrusli"
"18111898907480633";"1780342346";"@ronyhotman 🇲🇨🇲🇨🇲🇨";"3157627513";"dariusrusli"
"18076434995392175";"1780342402";"aku isi bbm, bosku tanya mana buktinya. ini nota bbm Pertamina bukti perjalanan dinasku, ah kamu bisa bikin sendiri.";"60794342719";"kenyotrahman2"
"18122807299651891";"1780342412";"@dhimas_prakoso 🇲🇨🇲🇨🇲🇨";"3157627513";"dariusrusli"
"17973243867049779";"1780342425";"@prayogianggie 🇲🇨🇲🇨🇲🇨👍👍👍";"3157627513";"dariusrusli"
"18095188295601819";"1780342444";"@nikiwahyuu 🇲🇨🇲🇨🇲🇨🇲🇨🇲🇨";"3157627513";"dariusrusli"
"18113478898875165";"1780342485";"@y0.crln_ seskab teddy belain prabowo, prabowo perjuangin seskab teddy mati2an, trs anda ini belain siapa? Prabowo? Bertepuk sebelah tangan lho..";"200287898";"auliayoroshi"
"17938555893083414";"1780342564";"TUKANG TIPU.. TAMATAN AKADEMI MILITER TUKANG TIPU";"55854988990";"sangpetualang.72"
"18104211947063345";"1780342612";"Buna sedang membela suaminya...😂😂😂";"11107549152";"mellyfridayanti"
"18326895151255694";"1780342697";"Yg dipermasalahkan bukan kelebihan  anggaran... Tapi dikurangi kegiatan keluar negri nya... Ngiritttt.. Ngiritt .... Mending alokasi anggaran itu dialihkan buat yg lain yg lebih berguna buat masyarakat... Duuhhh...";"2248509801";"nanancute2001"
"18103165541026186";"1780342849";"Mangecek apolah pajako 😂";"55656883034";"koboylintas25"
"18105202549790019";"1780343037";"BUDGETNYA DONG SEKALI KUNJUNGAN BERAPA MILYAR.  MENYAMPAIKAN SECARA JELAS GAMBLANG DAN TERBUKA.";"1220499818";"kelvinsudarma"
"18320285608278224";"1780343109";"Bingung gomong apalagi";"73469865220";"nur_hikmahiik"
"18198588307359714";"1780343610";"BERAAAAAKKKKK SEKEBON....";"44225084814";"jalikjulianto"
"17900088705445049";"1780343838";"😂😂😂😂😂";"26996548222";"kiyem_papa_sharliz"
"18081234974208525";"1780343838";"Pretttt";"74446375970";"wanda227963"
"18561238036067319";"1780343862";"@dj_donny lagi bikin strategi bang, bentar lagi juga nongol.";"74446375970";"wanda227963"
"17930875833279927";"1780344111";"@yulgin mayan udah dapat posisi nyuci piring dapur mbg";"77645189120";"kirana_vintage_style"
"17955427608137596";"1780344148";"Tinggal buktiin by data transparan ke publik kl emg pakai dana pribadi
Pakai logika mana anda seorg presiden kunjungan pakai dana pribadi, trs nih bukan tugas anda utk menjlskan";"679381452";"husinsybly"
"17940366777232901";"1780344246";"🙌🙌🙌🙌🙌";"1635555688";"dr.ihsanbiren"
"18166488664377635";"1780344250";"Miris lihat komentar Rakyatnya yg seperti ini ..kasihan banget 😢SMG Allah sembuhkan penyakit hati yg udah kronis😢 SMG BPK presiden dan semuanya selalu sehat wal'afiah dalam penjagaan Allah";"66275609187";"fatchiyah29_"
"18072874052326191";"1780345299";"Ada sombong2nya juga bilang dino cuman 3 bulan";"1732019284";"somantriofficial"
"18143032828454255";"1780345399";"Bunda";"7984346007";"fahriera"
"18104708998807205";"1780345562";"@dj_donny lagi ngerekap list survey Abal Abal bang biar nanti bisa bilang bahwa rakyat menginginkan 10 periode buat pemerintahan sekarang,😂";"76213079775";"blackkoq"
"17892062292490911";"1780345725";"Gw pribadi lebih baik prabowo daripada jokowi";"2297059562";"omar_eljd"
"18007572329871146";"1780345728";"Ternyata publik speaking Wamenlu yang cuma 3 bulan lebih bagus dari Seskab yang sudah hampir 2 tahun menjabat ya 😍
Still speak the truth Pak @dinopattidjalal";"209269496";"zetyanoviana"
"17996369627783129";"1780345985";"Boti gak usah dipercaya";"1351882860";"varys_morley"
"17928885876324857";"1780346211";"beli sapi aja pkai dana APBN apalagi pesiar ke LN si @tedsky89 @teddyskyy14._ @teddy_hq  you ini seskab merangkap perdana mentri.juru bicara sklian  paspampres.....😂😂😂😂";"47834450893";"syifa_alfiana1"
"17949287964168140";"1780346334";"Eiffel I'm in Love adalah salahsatu film romantis produksi anak bangsa yang lokasi syutingnya diseputaran menara sutet kota Paris 
Bener nggak sih ? 
Eyke cuma nanya doank, pokoknya ada filmnya";"76712503007";"yondespia"
"18102364334103562";"1780346388";"Kayak ngak punya Menlu aja, yg lebih kompeten untk klarifikasi.. 😂";"30302343041";"lan_han25"
"18103448431961868";"1780346392";"@dj_donny  lagi modol";"72636757802";"sumaryanto469"
"18112911556859852";"1780346405";"Anggapan saya bohong.. ditanggung 😂";"44207145366";"azkaazzam_adelard"
"18151597492430979";"1780337657";"Karepem ted²😮";"47217773305";"argiprastiyono21"
"18429550057124955";"1780337754";"Jangan kebanyakan makan kangkung, ntar pas ditarik nyangkut";"1470138816";"adi_marz07"
"17929398867317617";"1780337776";"Ngawasin negara lewat kolom komentar 🧘";"1555868620";"syr_syahrina"
"18067117181391945";"1780337843";"Prasaan yg ku alami harga sayur naik drastis, bahan² lainnya sebagian juga naik.... Dampak nya buat masyarakat apaan sih, kalau hanya BBM kan negara kita juga punya minyak, kenapa harus beli diluar. Klen pikirin aja dulu rakyat, dr dalam udah bagus, baru la pikirin aspek lain.... Hancur negara di tangan PRABOWO Cs";"1316866551";"rieval_dieansyah"
"18553998289070231";"1780337889";"Jatuhnya ke fitnah bukan sih😂😂";"73358100098";"buddy_0326"
"18079812935339702";"1780338102";"Fuvkkkl";"45173207505";"rumah_kost_pondok_asri"
"18092015717523476";"1780338296";"NGOMONG TAEK MANA ADA KUNJUNGAN JALAN2 KE LUAR NEGERI PAKE UANG PRIBADI BUKA AJA DATANYA";"77208702025";"ynji_lcknt"
"18429343336125961";"1780338418";"Iyain aja udah, kita semua udh tau yg asliny gimana";"5524693830";"mr.candra_adhi"
"17919169548161810";"1780338438";"Preeetttt";"53774622750";"nendenrohaeti3"
"18394482205080487";"1780338782";"PAJAK DI HAPUS,,, jgn banyak CAKAP";"40764742753";"variants_auto_detailing.id"
"18163158670447853";"1780338831";"Lu UDAH DI SODOMI WOWO BROOO🔥";"46838717944";"wahyu_m26"
"18196352167367202";"1780338973";"TNI, Seskab ataw Jubir Broks? Hmmmmm😂";"1772069204";"willy_schecter"
"18137395738544802";"1780339047";"😂😂😂 jawabannya seperti orang cerdas tapi menganggap masyarakat Indonesia bodoh";"3813570688";"elvirgo_sweet"
"18025839167834511";"1780339058";"😂😂😂😂😂";"2532263044";"mahriseliablasjuni"
"18164473657445130";"1780339131";"Terserah lu mah ted, Biar Klian dan Allah saja yg tahu kebenarannya...";"1703464337";"irham_baehaqi10"
"18063602810471825";"1780339188";"Welcome 2030";"4838259395";"usentok93"
"18403344853152683";"1780339386";"Manalah percayaaaa…. Boongannya udah level transparan… jadi udah ketahuan kalau boong…";"296872450";"mahdaania"
"18117947488755993";"1780339704";"Sssst berisik";"6222048833";"johangates27"
"18083393324540634";"1780339710";"GA PERCAYA";"5437867415";"sigit_p4mbudi"
"18084274259430007";"1780339726";"😂";"4553901966";"inaon7"
"18093851318219882";"1780339763";"Ngga yakin gue😂";"31555575";"bowoanggit"
"18366796420226769";"1780339813";"Transparansinya mana??? Bullshit kalau gak ada, kurban aja pake apbn gt";"46010225922";"devizhu94"
"18132232693524499";"1780340003";"Buna hasil kongkrit nya mana ngomong kongkrit";"10661889919";"lakan_kana01"
"18210251797340050";"1780340016";"@csey_mon sengaja banget bahas ini. Heran.. 🙂‍↔️🙂‍↔️🙂‍↔️";"2112738037";"achieasr"
"18165309646379537";"1780340195";"Lord luhut jr";"76238524492";"mhea_alteza18"
"18115392922637918";"1780340311";"Jangan cuma kelebihan biayanya doang, semuanya pake dana pribadi, berani ga?";"2360254956";"ardiansyah.danny"
"18133888573498822";"1780340495";"Wajar lah ayang beb bela yayank nya. 😂😂😂";"6270307673";"afrizon_saputra.se.mm"
"18043214339583693";"1780340579";"Aceh noh Aceh masih ngungsi warganya";"77477745885";"galangnew20244"
"18103126930998617";"1780340622";"Percaya.... Kurban sapi aja pakai duit APBN, gimana yg lain 😂😂😂";"3217571808";"mariany_1303"
"17940070848228367";"1780340643";"semua hasil nyata dan konkret dalam 1,5 tahun terakhir yang buna sampaikan tidak sebanding dengan kerusakan yang diperbuat😷";"1519201068";"rivaldikurniawan27"
"18123533305629440";"1780340663";"@yulgin 😂😂😂";"3217571808";"mariany_1303"
"18014402000894416";"1780340844";"Besok siapalagi yg bantu klarifikasi...? Rakyat Sosmed jadi penonton";"3217571808";"mariany_1303"
"18032406182809549";"1780340857";"@saga_sabara mantap 😂";"62189351487";"arprzad"
"18031877771811584";"1780340870";"Gak ada yg d capai. Hanya dapur MBG aja yg banyak dan gak jelass";"4180250424";"ridwan.hse88"
"17858886789640351";"1780340886";"ajudan nyempak 😂";"4205019819";"rafias_19"
"17990128382806952";"1780340991";"Kalo nyewa hotel & perayaan ultah kmaren pake dananya bapak juga kah??";"2278479484";"firmansyah.akbari_"
"18557315296070733";"1780341010";"Emang nyata kok dampaknya, mulai dari jadi kacung trump pegang map, ditolak salaman sama Erdogan sampai dampak yang paling nyata rupiah melemah hampir 18.000, kurang nyata apa lagi😂😂😂";"2459495645";"novyd_rifqy"
"18090147308202792";"1780341157";"Itu invest apa utang buted?!";"595398276";"dipri_se"
"17926313745342006";"1780341194";"jubir ngapain yh";"13284454290";"ismailbudiman17"
"17880703959603868";"1780341286";"Hdup rupiah 18rb 😢 d kira kita g sekolah 😏kurban aja pake APBN apalagi keluar negri 🗿";"4468079294";"kiki_sakinah9"
"17906032707426062";"1780341352";"TERIMA KASIH ATAS PENGABDIAN MU PAK PRABOWO, MAKIN BANYAK YANV MENGHUJAT,";"34722968722";"adoapocik"
"17882531592593799";"1780341395";"Lebih bagus tdk usah kunjungan negara daripada di kurangi. Lebih hemat banyak krn kondisi skrng memprihatinkan 😢";"3857780872";"sultan_sunan_hagia"
"18122942377651885";"1780341396";"Ngomong";"5610761733";"jusranthayeb"
"17935575678250839";"1780341444";"Dana pribadi, tapi berqurban pakai APBN, kenapa tidak pakai uang pribadi?";"5610761733";"jusranthayeb"
"18019516988840534";"1780341446";"Buna berisik banget ihhhh";"1420402105";"aprilianiabdullah"
"17945808885197091";"1780341453";"Melambaiii";"3660555195";"yonski.papa"
"18084509414381638";"1780341479";"😂😂😂";"8758819843";"nayaaxoxo20"
"18395724514093439";"1780341486";"Pfffttt 🗿🗿";"1600814862";"dutaarcapada"
"18084170228456027";"1780341556";"PRETTT";"79949587874";"love_peace_bygod"
"18587579326016967";"1780341645";"Omong kosong";"65690398121";"rien_6918"
"18330075448265197";"1780335432";"Oalah cm 3 bln…..?
Mgk merasa kurang?😛";"57407500275";"nunung_sam"
"17938633044251457";"1780335460";"Ada yang percaya ??";"2257602938";"dodix_indrawan"
"17971264889904312";"1780335478";"";"2038315862";"s.e.p.t.m"
"18137753635544906";"1780335499";"Mestinya bisa dibuka ke publik, laporan perjalanan dgn biaya yg dihabiskan. Transparan dong..";"12037760881";"jugamelia"
"18346803406301004";"1780335597";"Boti";"67646077395";"muhamadsigit.1453"
"18095654420611668";"1780335610";"Buah Apa Yang Paling Manis?";"1792451138";"melckitolip"
"18097431209173024";"1780335632";"yakin???";"54526658717";"thino_deruiter"
"18074712041307868";"1780335672";"💩💩💩";"1486048413";"ir.mudjakir"
"18094685114518984";"1780335696";"Bowtinya sangat bowti";"7371296671";"vanpradana_"
"18118611805740568";"1780335698";"Ya Allah, aku berlindung kepada-Mu dari pemimpin kekanak-kanakan dan bodoh). Pemimpin jenis ini dicirikan dengan ketidakmatangan pikiran, kecerobohan, dan kezaliman.";"5530688664";"dadinurfauzi"
"18187586764337590";"1780335773";"Cukup lumayan banyak capaian presiden @prabowo selama 1,5 tahun ini, saya menyoroti komentar Letkol Teddy mengenai sudah berkurangnya personil yang berangkat ke LN, bahkan setengah dari jumlah sebelum2nya, saya setuju itu, mungkin jaman pak SBY jd presiden jumlahnya lebih banyak, tapi kenapa gak di protes pak Dino? Apakah mungkin beliau berada di circle pak SBY pada saat itu? Yes, I think so 🤔. Tapi silakan terus disoroti pemerintahan ini agar mata masyarakat jadi terbuka karena adanya penjelasan dari sisi pemerintah, lanjut terus!";"6339189153";"errydeviandy"
"18424544647133786";"1780335789";"";"1826447289";"dipo_brooklyn"
"18325480972257636";"1780335878";"@csey_mon iya yaaaah, awal nya bilang hormat menghormati, kemudian di cemooh dengan walau hanya 3 bulan";"38680141912";"dehikmat_"
"18590919730023601";"1780335916";"💅";"1930657357";"bilal.jz"
"17944161294198132";"1780335918";"ada aja udang dibalik pintu😂😂";"38810480324";"rizalwilshere8"
"18069719108346229";"1780335925";"Itu yang rombongan pak dino 110 orang itu 4 negara langsung. Nah ini dibandinginnya cuma ke sydney. Cuma deh apple to apple ga tuh?";"2013269689";"desitarahmahh"
"18099345923333180";"1780335963";"Coba laporan data nya lebih transparansi ke rakyat .. jng cuma bilang : pokonya ada ?!!! Pokonnya  aaaaddddddddddaaaaaaaaaa !!!";"3623139720";"agfianesalhafiz"
"18079304885220914";"1780336002";"serah";"2246537278";"diansuryani92"
"17943881196080595";"1780336019";"Sensitif";"74915014265";"abiill99_"
"18094162499192993";"1780336098";"";"1183422685";"reza_hendri"
"18143617612517021";"1780336103";"Woy yg di bahas itu  perekonomian rakyat , semua bahan pokok naik blok goblok .... Yg di bahas gak ada yg menyangkut rakyat kecil...";"4792741126";"adeardhe"
"18320365255260899";"1780336123";"Mengapa orang seperti dia bisa mengendalikan seorang presiden, hingga tidak ada wibawa sama sekali? Indonesia ini besar dan tidak kekurangan orang pintar dan banyak lebih capable dari dia, tapi mengapa ya Allah? Apakah dosa bangsa ini sehingga selalu di.pimpin oleh orang yang salah?";"59666526419";"genesis20234"
"18362152300232872";"1780336169";"Semua nya aja kerjakan ,kau lah jubir kau lah apa ,besok besok jadi perdana Mentri aja kau nya Teddy";"51655372648";"r7_rahman"
"18525309910076651";"1780336322";"bOTI ny kental ya😂";"73313798521";"baby_312014"
"18106785457770409";"1780336337";"Pajak naik😂";"55731592442";"alfawi.alfawi"
"18202849402360051";"1780336360";"😂😂😂";"1981682212";"oji53"
"18123511726728250";"1780336395";"Walau hanya diberi kesempatan 3 bulan?? Hubungannya apa boti problematik. Anak kemarin sore mau nyindir mantan menteri? Behh serasa ibu negara lo?";"1138988596";"fransrichardsgn"
"18103389950004021";"1780336417";"Gak mungkin bangetlah... Sapi aja pake APBN atas nama presiden";"3039296735";"jdhuta"
"17886171504398716";"1780336494";"Ini steatmemt yg tetap yg gak terima kritikan kah??...kesan ny ngecounter pak @dinopattidjalal ...nyebut hanya 3 bulan lah,jaman pak dino lebih bnyk rombongan😢😢😢😢,....izinn koreksi jika saya salah ya?!😢";"4000265974";"21mr.raj"
"18102675755082476";"1780336510";"Syududu";"2000152448";"rizkyysyahputranst"
"18096023858182263";"1780336525";"Wkkwkwkwkwkw.. kurban Sapi aja pake dana rakyat atas nama sendiri. Chuaksss";"1550977106";"fardhywiharjo"
"17970235188060434";"1780336571";"Ke Luar Negeri Manfaat nya apa untuk negara dan rakyat ya?";"3956065065";"khosiyahhrp"
"18353964718241910";"1780336627";"Keren dah.... para menteri hrs kompak sbg satu kesatuan pasukan...";"1293766083";"irwan_sangggana"
"18121643032578164";"1780336652";"Haiiiiii......";"7512936134";"ali_us8809"
"18091288190346784";"1780336660";"Yakin???";"8133396805";"tutupuriz"
"18081599042542252";"1780336758";"ADA DEH POKOKNYA";"11289410241";"kyy_tink"
"18110214901906652";"1780336773";"Omon"";"1565120410";"nurkhayanto75"
"18412753159198844";"1780336868";"😮😮😮";"14747177796";"mardimuhidin19"
"18106531930759867";"1780336918";"Dia bilang kalo kelebihan dari anggaran baru dibayar Prabowo. smh";"6503452";"aswatertothethrsty"
"18182683147387263";"1780336953";"";"14747177796";"mardimuhidin19"
"17886108957564571";"1780336995";"@ciavinsia pokonya addak";"1414274662";"ersantiee"
"17919093162167271";"1780337006";"Dia bukan orang yg bisa dipercaya, ingat....dulu dia pernah bilang kalo anggaran MBG tidak mengambil anggaran dari pendidikan";"46188831323";"1925joel"
"17888935608551825";"1780337021";"@dj_donny Teddy (teteh ddy) 😂😂";"1379925332";"asmara.1115"
"18558683716070087";"1780337089";"Sape lo Ted kok situ yg klarifikasi 😂";"1414274662";"ersantiee"
"18116297527840125";"1780337189";"Ibu negara";"26919146321";"rein.0909"
"18154522357472056";"1780337246";"Kayaknya jabatannya merangkap yah?";"7613043660";"abbi.djul.ilmi.hasibuan_"
"18174600016405107";"1780337284";"Besti emang gitu, harus saling jaga. Baik loh tedy👨‍❤️‍👨";"2113757491";"masobeth"
"18096192689240264";"1780337503";"Jadi inget pas yang ulang tahun katanya sederhana dan tapi sewa hotel di luar negeri..";"4452492257";"puink333"
"17970305192908584";"1780337605";"BOp ngk di jelaskan ted, soal prabowo setor uang 18 T ke donal Trum";"68998580493";"agustyranda56"
"17953648293150093";"1780333636";"🗣️🗣️🗣️";"2027123478";"arisirawan19"
"18101944712014341";"1780333654";"😂😂😂";"21977668602";"debryani"
"18113162137888846";"1780333675";"Kalian percaya 😂😂😂😂";"69403946983";"dhan9.5"
"18070407662338496";"1780333752";"Hahahaha ketawa aja denger nya .. keluar negri kok keseringan 😂";"3048879938";"zaakaariiaaaa"
"17967541023096462";"1780333799";"B.A.C.O.T. 🫵🏼";"8661352";"violettasuganda"
"18096598766602234";"1780333865";"🗿";"3042960595";"vanysetiyawan_69"
"18120690421673106";"1780333874";"*Alasan Para Pejabat di Negara ini Mengabaikan Pendidikan & Kesehatan*
~Utk Pendidikan, mereka berpikir bahwa anak-cucu keturunannya akan masuk sekolah internasional lalu melanjutkannya ke luar negeri., & Pendidikan di sekolah/univ level nasional hny utk rakyat biasa/jelata.
~Lalu utk Kesehatan, mereka berpikir..klo sakit akan berobat ke singapura...,RS indonesia level nasional hny utk rakyat biasa/jelata aja.
*indonesia emang udah wktunya utk:
PERANG SAUDARA (RAKYAT VS PEMERINTAH & para penjilatnya)";"66985113979";"dheerajzinan"
"18085068614415200";"1780333875";"Anjay 😂 kami senusantara percaya ?????";"60069661909";"pjk08"
"17869759014682085";"1780333883";"Salah introspeksi ❌
Salah klarifikasi ✅";"1948288643";"andiwidara19"
"18594019759022072";"1780333967";"Bukan semua ada Rana masing2 y? FUNGSI JUBIR APA? Kemana? ngapain ?? Lah ko situ yg Menjelaskan Aneh bangat,  Wong korban aja pakai ApBN kocak, Dikira masyarakat percaya kalii😂😂😂😂😂😂";"1702813407";"slametriyadii_08"
"17977584501012074";"1780333985";"@dj_donny jedotin bang";"3548143667";"fajrdy27_"
"17928571623319417";"1780334027";"Pak Tedy,, itu kerjaan Qodari,,,bapak embat juga,,makan gaji buta dia";"9844082888";"w_sunarko"
"17952630102157667";"1780334075";"Cuci trusss...🔥😂";"52861240491";"suhada_maulanaa"
"18377366104164238";"1780334080";"pokonya ada";"5705317685";"yudywahyudi66"
"18465839017104288";"1780334109";"qurban aja pake kas negara... trus gw kudu percaya jjln pake kocek dewek ?";"2377137171";"cahyo_2026"
"18396988528158450";"1780334121";"Ayang prabowo😂";"39046309997";"nurulasasnurul"
"18163183750446957";"1780334211";"Investasi Tampa imbalan.wooooowww";"52861240491";"suhada_maulanaa"
"18213132586335599";"1780334216";"😂😂😂😂";"8463360643";"nenni_achir"
"18097065815155006";"1780334218";"Lol kalau kelebihan di bayar pribadi, trus agenda apa tiap hari kunjungan ke Paris dan ke Italia 🔥 ✍️🚨 mending mundur";"3243760065";"sultan_zico007"
"18412177291197541";"1780334301";"Semakin di jelaskan kok semakin curiga ya ?";"3020280735";"satriaputra.shb"
"18066129695419840";"1780334313";"Kok kayak kebalik gt ya. Qurban pake apbn, urusan negara pake dana pribadi.";"20343623049";"not_uryan"
"18079239353207274";"1780334404";"Soal dana pribadi harusnya tunjukkan datanya lah buna, semua yg dipaparkan soal diplomasi dan hasil yg uda dicapai 1.5thn bisa disajikan datanya tpi soal dana perjalanan dinasnya knp gak di tampilkan datanya? Kalau hanya cuap cuap aja pun pejabat daerah pun bisa mengklaim perjalanan dinas mereka pakai uang pribadi 🔥🙌😂";"1771502994";"juang.siregar"
"18103225507898292";"1780334421";"@yulgin heiiiii antek antek asinggggggg";"3587563666";"dellyyanto"
"18083227631431893";"1780334432";"ini konteks perjalanan luar negeri hrnsya menlu yg ksh keterangan biar rapih lah,,klarifikasi,ini rangkuman dan kaya menyindir kayanya duh blm pas lah,,krja bagus pasti diapresiasi krja kluar negeri biaya sndri bagus jga,,";"1905374460";"amsar86"
"18045178424578384";"1780334468";"Sudahila omong kosong mu itu kawan...beliau aja bisa menjabat hasil manipulasi";"78280818207";"dasma_sitohang"
"18078159599242956";"1780334485";"Ngomong pake data TOLOL, mana ada yg mau percaya, kita dah cukup dgn OMDO";"77281101143";"luth_f179"
"17890185762538548";"1780334503";"Cebokin terus karena sudah habis kan uang ke luar negeri omong kosong belaka 🔥";"3243760065";"sultan_zico007"
"18594183088031858";"1780334520";"Sudah gak percaya 😂";"10256680931";"moremike131"
"18084175730312079";"1780334594";"Aura wajah nya songong bgt ya";"1647372606";"hendra__sinaga"
"18143278699523763";"1780334612";"Ora percoyoo Blasssssss...";"2315790229";"eed_clamboe"
"18134790817499066";"1780334619";"Boti esmosi.esmosinya lbh dr perempuan haid";"39851375668";"bunda_kqz"
"18118062304829784";"1780334628";"Gk percaya. Lebih percaya mamagupron menjaga gawang neraka";"4987956754";"mochdavid_04"
"18337000918222106";"1780334654";"Dibikin2 tegasnya biar keliatan cowo 😂😂😂😂😂";"79942477591";"calm_resetdaily"
"18104385172819837";"1780334700";"Ko dia yang konfirmasi";"1317006150";"dudamekah"
"18103916180002465";"1780334759";"Waktu dan tempat dipersilakan.";"1703337735";"fahmir_rido"
"18215192596334392";"1780334825";"@bimohakito uang nya banyak bang";"2657849110";"okta_diadiganta96"
"17956790448137023";"1780334891";"Istrinya lagi belain suaminya 😂";"6325909837";"rizal_riantoby"
"18106442746965771";"1780334941";"@pontianakinformasi keren🔥🔥";"65690758193";"bukan_politikus123"
"18105451744771349";"1780334996";"Pokoknya ada";"2096229077";"mangkubi_"
"17892980313348754";"1780335082";"Mantap.. sangat jelas dan transparan👍👍";"65690758193";"bukan_politikus123"
"17901451038285633";"1780335119";"";"6075440311";"dons_dohc"
"18079431050646825";"1780335188";"Mudah" an bener lah ada aja lah";"6053240752";"e.suparyana"
"18103398599279972";"1780335214";"Nakk,kau baru jadi tentara kemarin sore pun baru jadi seskab kemarin sore.Liat aja situasi dan kondisi di negara ini fokus ga usah nyinyir terhadap kritik,jangan terlalu haus akan validasi,manusia yang kau banggakan sekarang itu besok bakalan mati,dan kau akan sendiri menghadapi banyak manusia yang telah disakiti.Kekuasan tak pernah ada yang abadi,dari cara kau memperlakukan PASPAMPRES aja semuanya udah tau,bahkan sekarang kesatuan itu merasa ga dihargai lagi akibat tingkah sombong mu yang berlebihan.Kau terbuat dari tanah akan kembali jadi tanah,nanti pahit kali rasanya kau nak";"7169868645";"korphaskas"
"18102416165019072";"1780335304";"Pasti ada yg tanam santet ni dipagar istana...soalnya tiap kali lihat wajah orang istana macam lain gitu perasaanya..";"3695468675";"tajoeltajoel"
"18111811831698973";"1780335310";"@ehadisusilo 😂😂😂😂 dung tek tek dung tek😂😂";"3249277460";"sebastian_dodz2683"
"18042438254789401";"1780335320";"Ga usah panjang2, ga ada yg percaya ti";"370790484";"samsularifin214"
"18330142666268315";"1780335371";"Ngebela demi ?";"59974087399";"aldyncityzen"
"18098257526145899";"1780335415";"angle kanan";"614663070";"dellapermataa"
"18357847690233875";"1780332642";"Target, hasil yg diakui secara pribadi, hasil konkret menurut data yang ada, hasil yang dirasakan rakyat 🤔🤔🤔🤔";"41416533";"ryanprakasaa"
"18131759824578752";"1780332653";"Pertanyaan gw. Ke Prancis berkali kali ngapain.";"21871297443";"raya_nasional"
"18009258989858229";"1780332685";"halah gaji mu brp ted duit mu bisa 20 milyar it dr mana ted";"5588842037";"fico_adi"
"18086873555093314";"1780332697";"@mguppy992 iyaa bner bs2 nyaa sok ngebelain dan dia yg ngmng hadehh ni orng ngenekin";"53760402600";"baskoro.sayang"
"17931074901274148";"1780332719";"Dari orang cuma ngomong "awas awas" doang sekarang jadi seskab,hebat banget buna ini😂😂😂";"3620029297";"fahrykhusairyy"
"18123947242565012";"1780332770";"Lebih percaya omongan almarhum bapa saya drpd orang ini...";"47706252736";"ri.dwan3647"
"18084188195545773";"1780332783";"@yulgin asli bacak komen lu pengen mutah";"50707727971";"mizar_qq11"
"18107576386940523";"1780332810";"Buna teddy so sweet❤";"6068247741";"inspirator_nikahmuda_indonesia"
"18093694907463488";"1780332815";"B3rakkkkk💩";"6568499373";"risky.kurniawan.900"
"18091098632580393";"1780332820";"Mau cari panggung utk 2029";"57663115424";"r.hibatur"
"18006001886873599";"1780332842";"Muak";"62041774081";"hardy_angrian"
"18100693934030927";"1780332868";"PRIBADI? Kalian percaya? 😂";"730030414";"iqbalalmaududi"
"18082868864134171";"1780332898";"ok, anggap aja kami percaya… tapi bahasa anda “hanya 3 bulan” itu mencerminkan anda sedang mencoba mengkerdilkan seorang @dinopattidjalal";"7429495996";"nung.306"
"18105455524799819";"1780332904";"Kelebihan biaya ya 😂";"730030414";"iqbalalmaududi"
"18029118377811418";"1780332968";"@nadianadchumaira klo perlu pake auditor nya aseng apa asing😂😂";"8608166533";"_rizalstory"
"18105431197948389";"1780332978";"Qodari?hasan nasbi ? Menlu ? Mensesneg ? Yesss....kalah ama dia";"586100981";"dimasangky"
"18062753681707710";"1780332979";"B-Cot..";"72632355932";"adv_yogamahesa"
"18053967338580513";"1780332982";"KOK ELU YANG NGOMONG? KOK GA MENTRI KEUANGAN?";"7135408637";"ongkekjayaspid"
"17873730147504977";"1780332985";"@csey_mon nyinyirnya sama  ky "bapak"nya dy...";"18150642223";"megadessi_egha"
"18055332599732428";"1780332985";"Dulu ada Seskab tapi ga seaktif ini yah 🤔";"8987702573";"figi_prasetyo"
"17886171381398336";"1780333037";"😢 Kebalik ga sih? Qurban pakai anggaran pribadi, kunjungan negara pakai APBN. Harusnya gitu kan? Eh gimana sih bener ga?";"628687501";"boemantara"
"18064027913463343";"1780333066";"Ga percaya 😂";"1558340442";"taqdirul_alim"
"17882390637595496";"1780333078";"Siapa ya yang berani debat tedcong";"10010116900";"alwaysbesomeonesomewherebelong"
"18103829135063548";"1780333084";"";"1558340442";"taqdirul_alim"
"17898535668309993";"1780333088";"Ada yg percaya klo dia pke duit pribadi? Org qurban ja pke APBN, apalagi jln2😂";"4321870952";"lalu.indra23"
"18105790739292359";"1780333186";"BUNDA TEDDY = BUNTED 😂😂";"1904056789";"wildanrenaldi"
"18331856149269359";"1780333200";"Bukannya berterimakasih malah bersikap difensif anti kritik 😢";"226951434";"maulanawallaby"
"17970600555067370";"1780333211";"Prett 😂";"70258663265";"ardiansya8029"
"18112201309702233";"1780333220";"Lu percaya? Gw kaga😂😂😂";"5924963591";"friyansyahyusuf"
"18105143758802351";"1780333248";"Kirain mau bilang "Pokonya ada"😂";"764992057";"malfazaulia"
"18013602899904778";"1780333261";"";"6971105587";"vinnyamandaaa"
"18090775145032792";"1780333297";"Walahh gestur tubuh, suara/logat dan ekspresi kayak itu ya tau kan, b..i coba ulangi dan dengar kan serta lihat dgn cermat, asli kyak lunak";"4110616182";"dimas_alfaresy"
"18132033217591951";"1780333297";"Ini Indonesia negara besar,bukan negara opung kalian,jangan sesuka kalian aja menggunakan anggran negara,semua akan kalian pertanggungjawabkan di akhirat nanti,berlaku lah adil dan bijaksana selaku kalian pejabat Negara ini,lihatlah keadaan negara ini,negara ini sedang tidak baik baik aja,apa kalian buta wahai pejabat negara yg terhormat?masih banyak anak anak tak mendapatkan pendidikan !";"49814751227";"jengok03"
"18205298188343649";"1780333308";"Istri emg selalu belain suami";"1760793040";"elizasyam8_"
"18601095268041241";"1780333339";"MIMI lagi klarifikasi saran aja bilang ke pipi mending pipi suruh trun aja";"47707027151";"qqqqqq76qq"
"17966353875081429";"1780333390";"";"58238645119";"just_aji0998"
"18109489223494162";"1780333409";"Mesti disebut gt, wakil menlu, meski hanya diberi kesempatan 3 bulan, ada nada sumbang terdengar..😂";"2874903378";"qurrota_71"
"18018083615684170";"1780333429";"Rupiahhhh ANCURRRR";"47707027151";"qqqqqq76qq"
"17925719085123979";"1780333443";"Tahiiii";"5348057067";"panji_rameesty"
"17943866073198215";"1780333448";"😂";"2133379158";"m_aminfahmi"
"18107134621960295";"1780333449";"Dihandle sama raja Solo";"791433778";"hdedgerton_91"
"18363792073229914";"1780333453";"Qurban masih pake APBN aja masa iya ke luar negeri mau pake duit pribadi.";"1760793040";"elizasyam8_"
"18212983180330306";"1780333454";"Iyaaa aja biar cepeeeet.. sarkastik betz anda wlpn cm 3bln.. Sangat mencerminkan..";"38845342";"debbytavia"
"18083220557414491";"1780333463";"";"56034512591";"masbro.2580"
"17995714568963888";"1780333477";"@y0.crln_ cair berapa bos ?";"845578439";"mads.id"
"17866118343562139";"1780333481";"@dj_donny dimarah in ibu negara jdi ibu negara yg maju😂😂😂😂";"47707027151";"qqqqqq76qq"
"17891618595520683";"1780333520";"jgn kuar negri qurban aja dari pajak pulang luar negri bukanya kasi semagat sama rakyt malah dipalak pajak 22%  gulung tikarlah pedagang";"67467944779";"junaidi_fanta_08"
"17915615601391329";"1780333571";"Ted.. Ted.. mana buktinya 😮😮😮";"53801534577";"rahmaganie"
"18123336442630661";"1780333623";"Assalamualaikum bunda...";"14217599273";"cikiiz"
"18018494189683056";"1780331905";"Nyevong ...";"481386043";"barzxsvara"
"17873546823506074";"1780331911";"Berak sekebon";"49032467042";"sardiidris92"
"17938275993054133";"1780331935";"Elek elek koen";"321537530";"vergoustine"
"18101964521082319";"1780331943";"T41";"1523530210";"fauzand112"
"18191662483370294";"1780331950";"Cebok cebok 😂😂";"1650337114";"melati_sukmasuci"
"18093881789189493";"1780331955";"Maksudnya Gimana Point Pertama Biaya Dianggarkan Negara Itu Sepenuhnya Di Tanggung Prabowo?";"2141740352";"japung_speed"
"18111237130920784";"1780331959";"Dampak positif buat warga negara apa? Coba jelasin satu per satu!!! Qurban sapi pakai APBN aja diaku2 donasi dari Prabowo. apalagi ini kunjungan ke luar negeri yang gak kelihatan sama rakyat?!?";"29646294603";"vieranita21"
"18092627003360074";"1780331969";"Tedy berbohong 😋🫵🏻";"70010833670";"buyersulawesi"
"18123626389577009";"1780331977";"TIW 💅";"43687955672";"ikhwanfatanah"
"17929598160099105";"1780331983";"";"55978578836";"jmbt__terkuncir"
"18104414647999947";"1780332012";"Pakai otak cin kalau ngomong..kurban aja pakai APBN..apalagi urusan haney moon..😂😂";"294274266";"yudha_andika"
"18088855235626199";"1780332020";"Enak ya prasetyo hadi (mensesneg) jd nganggur deh ga ad kerjaan... Dasar Pulen...";"68368283095";"mr24reno"
"18088412357619415";"1780332022";"@adi_kiana Siapa raja Jawa gadungan? Prabowo?";"29646294603";"vieranita21"
"17874883512492482";"1780332085";"Harus nya keliling indonesia liat situasi langsung di lapangan gimana.";"3283396965";"randyantosyam"
"17976887547043299";"1780332085";"mama marah mama marah mama marah";"30673751";"arnaldowenas"
"17922158382143292";"1780332111";"Mana notanya?";"260387860";"saga_sabara"
"18111938668901245";"1780332116";"Honeymoon harus begitu, pakai duit sendiri 👏👏";"14108300252";"aburrahmanfem"
"18115051639879826";"1780332123";"Aku pernah sekolah .";"4539940793";"ciknia_ava"
"18101766830031100";"1780332134";"@pachee_dpk ini yang mendarah daging";"43687955672";"ikhwanfatanah"
"17878740000657822";"1780332148";""Dari 130 orang ~ sekarang jadi separuhnya.." jangan bangga dulu, sudah layak Dan sepantasnya kalian ngirit.";"1228265681";"elnlsndhnta"
"17890898667510035";"1780332159";"BOP? Bandara kertajati utk militer amerika? Kesepakatan tariff dgn amerika? Pasukan kita yg diserang isrl di libya? 🤮";"642300502";"mrkurniadi"
"17914926429404156";"1780332174";"Bacot";"21761146280";"no1k3benaran"
"18021935696671739";"1780332177";"BASI...";"2937512923";"shisuimsi"
"17892679566493028";"1780332195";"Kroscekkkkkkk donggggg rekeninggggggg boleee donggg. 🤑🤑🤑🤑🤑🤑🤑🤑 kunjungan mulu ke LN kamu lg jd OKB yg kampung bgt kah sebegitu gatalnya yaa ke LN terus. Boleh ajah asal bener yaach Data nya tolong segeraaa buktikann todd eh teddd👏";"5681758083";"deyfirach"
"18088040222375501";"1780332195";"Buktinya mna 😂😂😂 bru x ini hri raya islam presiden ke luar negeri 😂😂😂 bkn nya sma rakyat malah ke luar negeri pake uang rakyat 😂😂😂";"25343484758";"rizal187997"
"17946801666195162";"1780332205";"@bimohakito akrab kali yah😂😂😂😂";"64480855091";"heruoficial12"
"17892313275481600";"1780332218";"Klo keluar negri pake duit pribadi, sori nih agendanya apa ?";"6866358463";"donnaprakoso"
"17904581691262076";"1780332296";"pokok nya ada 😂";"2937244951";"omat_amit"
"17870325756619367";"1780332300";"@zharfansinatrya ya enggak lah wkwk";"5421323522";"fajarrhaikal"
"18089548940607192";"1780332309";"Qurban pakai uang siapa pa";"1914925191";"enoo771"
"18084803051306522";"1780332362";"Dengerin tuh anak Abah 😑";"66787230453";"sayyid4403"
"17898804411452783";"1780332365";"mending ngomong sama tembok aja dah";"51395238969";"deniisptraa00"
"18088163774073541";"1780332377";"@mguppy992 minimal mandi";"66787230453";"sayyid4403"
"18086519456087726";"1780332390";"Dia mulu, Wapresnya RESIGN ?";"3467301713";"adityo_nugros"
"18085549406453415";"1780332401";"Semangat pak prabowo, semoga negara kita makin membaik kedepannya 🔥";"7445263323";"haqqulislamalam"
"17952789567148719";"1780332417";"Jobdes banyak dia 😂😂😂";"221663625";"yudh_nov"
"17954219001152369";"1780332427";"Bales data nya aura julit nya kenceng banget,, ditanggung pribadi??? Kurban aja pake APBN 😂😂 kocak lw bot";"4041763547";"marzuki_san"
"18109828409311262";"1780332447";"Baca teks nya didepan jangan terlalu kelihatan dong bunda....😂😂😂";"1634628503";"nahrowi28"
"18590982514001820";"1780332456";"Yang di capai  saat ini kabenet tetep gendut, Rupiah melemah terparah sepanjang masa saat ini,, serta IHSG terpuruk ,, Rakyat hanya bisa berdoa untuk kemakmuran Rakyat itu sendiri,,";"5586892446";"budyzidkareem"
"18182145820352501";"1780332476";"Buat apa coba buat beginian, berasa klarifikasi gitu ya kocak 😄";"496420404";"riorinaldiy_"
"17978295998857850";"1780332482";"Kam istrinya selalu bela bela in 😂";"473777629";"nfmedia.soc"
"18043629002790429";"1780332496";"Mntp presidenku";"4334145487";"aceng_ema"
"18109382792474788";"1780332510";"Pak @dinopattidjalal ❤️❤️❤️";"7696369223";"ehk46"
"18072969848659989";"1780332521";"Pesawat punya negara😂";"67761965283";"muchlis_firdaus1291"
"17944393452080205";"1780332534";"Stop jalan jalan ke luar negeri...fokus urusan dalam negeri...luar negeri kasi menlu saja";"4912868781";"dhilanedwin"
"17928737736322737";"1780332545";"The Real Boss..";"47399196277";"hutomomi"
"17931957525281106";"1780332557";"Ber kurban aj pake. Uang negara. Ap lg ke luar negeri.";"4523271704";"abduzsholeh"
"17976315606043644";"1780332572";"Sekalipun pake duit pribadi yang namanya presiden itu harus fokus ke negara n rakyat..
Jngn jln2 terus,lo mau bebas jdi warga sipil 
Wowo boneka Donal bebek";"75082792739";"imanbangkirr"
"18359858485236249";"1780332587";"Pret ah";"478960422";"ichasukma_"
"17865114894573887";"1780332593";"Omon omon sm cucok meong cin😂";"1446983475";"billy_yohanes"
"18092406113246064";"1780331002";"Gk sanggup baca koment 😭😭😭😂😂";"1554450779";"m.mabruralgazalilubisofficial"
"18106234349513218";"1780331024";"Kentut";"64709622969";"ikomeira"
"18046412381685875";"1780331026";"Teddy itu sama kaya harmoko ya😂😂😂😂";"4090412239";"abigailjeany"
"17983964960975497";"1780331035";"percaya?";"2061909688";"tiojuliawan"
"17898193218459636";"1780331041";"Liat aja gemoy nya aja sama skrng... Sma2 duoo gemoy... Leher aja mirip udah gak keliatan .. 😁 sehati emg saling membela... 👍";"2360630877";"briana_widy88"
"17856791454660543";"1780331051";"Ra jelass";"56366301371";"martenn90"
"18112662265848701";"1780331074";"😂😂😂😂😂";"1967682674";"aidil_abrar_"
"18104637100984088";"1780331076";"Kunjungan ke Papua dan Indonesia Timur sering2🔥. Bangun industri dan bisnis disana, kasihan akses infrastruktur susah dan harga2 lbh mahal";"1538766218";"sugengw07"
"18126742726719200";"1780331078";"Mana laporannya?";"1819402386";"reinhard_va"
"17865982500627643";"1780331081";"@dj_donny ngelawak.";"1967682674";"aidil_abrar_"
"18071644904484463";"1780331088";"Mblegedesh";"19123079297";"valeon.tv"
"18103891609824241";"1780331186";"Hartanya Seskab naik ya";"8085064078";"febritonga9"
"18592247479030173";"1780331191";"@abrahamtirtawiratama1 Dan semua hanya omon-omon😂😂😂";"68654868124";"abrahamtirtawiratama1"
"18153872563471160";"1780331207";"Sok iya lu";"451459281";"cutaulina"
"18590481370010449";"1780331227";"Alhamdulillah saya tidak percaya😂😂😂😂😂😂😂😂😂😂😂👏👏👏👏";"45687555689";"king_sawerr"
"18343053118173784";"1780331253";"Mana buktinya";"2235952081";"nurhadihusain"
"18190165126372962";"1780331256";"Kurban aja pake apbn… masak anggaran lebihan pake duit pribadi. Kalian percaya?😂";"3638381804";"diassaricece16"
"17889681390550163";"1780331281";"pengen ludahin mukanya ga siih?";"55766922326";"antihero1884"
"18212243629333866";"1780331293";"";"1997887269";"_wijaya7"
"17944633809195743";"1780331306";"@ronyhotman ceritanya dia merangkap segala urusan Bapak negara 😁";"2360630877";"briana_widy88"
"18427413538127622";"1780331307";"Mustahil";"49740259225";"yusrin657"
"18088196690577820";"1780331342";"SEFONG aja Bun SEFOOOONG ajg!";"34195144837";"chemonkk.jr"
"18055340960734093";"1780331387";"";"178490008";"jakaparker"
"18089641793525746";"1780331397";"Ngmongnya gtu trus tpi g ada buktinyaa😂😂";"4175830494";"danieleko_saput"
"18139323844538838";"1780331407";"KONTOLOYO..!!! SAPI QURBAN AJA DI TANGGUNG SM APBN... BIJIMANE BUNTED .!!!! CUUUUIIIIH...!!!";"80648218356";"arizkychawary242"
"17987600292003304";"1780331474";"Buktikan kalau uang pribadi 👏👏👏kocak";"34689920887";"pheghe_69"
"18108100352488575";"1780331489";"Coba sebutkan alasan kenapa seskab juga ikut ke luar negri setiap presiden pergi?? Peran seskab itu utk mengatur kabinet yg dibentuk presiden, harusnya ketika presiden tidak di tempat seskab lah yg mengambil alih peran, memang se urgensi itu masalah presiden sampai hampir tiap perjalanan keluar negri di dampingi seskab, apa kabar menlu yg gk di anggap";"2413424126";"wiranata.ace"
"18202781602356988";"1780331499";"😂😂😂😂😂😂😂 qurban aja pake APBN masa ini pake duit sendiri😂😂😂";"8266723521";"berkahsejahtera_2025"
"18122135398648243";"1780331509";"ahhh masaa sh??";"6957797976";"_gsg1688"
"18084150482295343";"1780331526";"kue ultah pake budget apa";"178415671";"abdwhd14"
"18093218708191420";"1780331549";"Gedebus 💨";"1439582485";"uliel_slengean"
"17945113695198151";"1780331574";"Kurban aja pakai APBN apa lagi keluar negeri mana mungkin pakai pribadi @prabowo, bohong masuk neraka lohh @teddy_hq 😂😂";"2859940346";"suharyadi31"
"17880274101604675";"1780331615";"Jadi berdikari gak nih? Gabungnya jangan BOP juga 🐽";"4149611658";"ridwanprayoga93"
"18377312845203005";"1780331620";"BACOT LU!!! @teddy_hq";"21432761823";"rachmadtonasir80"
"18050269529765476";"1780331628";"MINIMAL TAMPILIN DATA NYA";"5608242630";"rivalr_26"
"17913257745204207";"1780331687";"rakyat bnyk yg dh ga respect, fakta";"6269850705";"imambucm_"
"18338966683217636";"1780331719";"Pembelaan botyta";"52254517358";"bagaskara_aaa"
"18080079734542939";"1780331747";"Emang presiden baru harus sering2 kunjungan ke LN ya? 😢";"6191293506";"izz_mhruzi99"
"17941933632039045";"1780331763";"Saat diminta hemat dan pengurangan anggaran. jalan melenggang kunker ke luar negeri tanpa kejelasan dengan uang rakyat dan pajak rakyat";"61263256774";"777_ful"
"18122074399660876";"1780331770";"PERCAYA ELU??? KOCAKKK........";"71964848731";"queen.121108"
"17913255819204070";"1780331793";"Pribadi kok pkai pesawat rakyat 😂😂😂😂😂😂😂😂😂😂 semakin kesini semakin.......... Wes embohlahhhhhh😂😂😂😂😂😂😂😂👏👏👏👏👏";"5578593421";"adrnefend"
"17897113227464852";"1780331816";"Hiammm hamuuuuu @xxmnmktt @debryani  aku capekkk. Munyakkkk";"2301714880";"chita_wijaya88"
"18024253037833975";"1780331822";"Angle dia samping";"28734460266";"mhmd.trmzi"
"17879061354455585";"1780331832";"";"2096228069";"irdnejnazuaf22"
"17966689398081879";"1780331835";"@bimohakito ngk usah tanya bro, itu pesawat yg di pkai emang pesawat sapa??? 😂😂😂😂";"5578593421";"adrnefend"
"18094010465187909";"1780331843";"Klarifikasi tapi berasa ngajarin.";"1446255806";"fajar.wayong"
"18064040942452707";"1780331876";"@arief_wachyudin_baw cakepp 😂";"55978578836";"jmbt__terkuncir"
"18096440251919172";"1780331879";"@dj_donny pribadi tapi pesawat yg di pakai pesawat nya rakyat bang😂😂😂😂😂😂";"5578593421";"adrnefend"
"18104005505066997";"1780330376";"curhat a', iya maaaahh";"1499202584";"dwptrst"
"18122668213580574";"1780330394";"Preeetttttttt lah";"1970250666";"iien_azizah"
"18591005044061829";"1780330394";"@dwptrst mamah edih ini mah";"1499202584";"dwptrst"
"18375599410206571";"1780330396";"@parlindungan.s61 😂😂😂";"2280124141";"iragilblank"
"18100586741031935";"1780330406";"@mguppy992 ada yg iya pake APBN, ada yg dana pribadi prabowo. Kalo secara islam dana APBN halal aja dan udh dilakukan sejak jaman SBY. emg elu ga bisa beli apa2 tp yapping doang😂😂😂";"3086585500";"y0.crln_"
"18065157860411401";"1780330414";"@teddy_hq jangan omon2 tunjukkan buktinya 🔥";"303181288";"rizalbfc"
"18010682795714944";"1780330422";"Kenapa bukan Mensesneg nya yg bicara? Kenapa sekarang semuanya di ambil alih oleh ini orang? Yaelah anak kemarin sore aja sok2an.. Di banding pak Dino, ni orang mah gak ada apa2nya cm krn jadi tangan kanannya prabowo aja, ingat jabatan itu hanya sementara, semuanya akan di minta pertanggungjawabannya";"3958318674";"ibun_restea"
"18327798664268772";"1780330449";"Pada percaya ngk siihh.... Serius nanya...🤔🤔";"7731517600";"balqi917"
"17858692374643836";"1780330451";"gileee nyinyirrr bgt walaupun cm 3 bulan mata dia..... astagfirullahhhh, pendidikan sama pengalaman anda sm beliau kl di bandingin kaya langitj sm dasar bumiii heyyy";"284093412";"lidia_amalia"
"18099454262173659";"1780330484";"@no.iamtajmika emang elu2 bodoh, ga tau fungsi dana APBN dari rakyat utk rakyat😂 sok kaya raya lu gak mau terima daging sapi 😂😂 , makan aja susah pake nambah dosa segala😂😂";"3086585500";"y0.crln_"
"18096637043220347";"1780330503";"@yulgin awas si tedy cemburu";"4914203128";"pendi_909"
"18051579635756926";"1780330532";"Maksudnya ngomong "walau menjabat cuma 3  bulan' itu apa bund?";"494015330";"petewe2024"
"18119155249687089";"1780330540";"Kurban Idul Adha kmrn aja 100 M pakai APBN aja Menteri Keuangan nya ga tau..apa iya biaya 5,8 M yg 1/20 dri dana buat kurban lalu pakai kocek sendiri.. ih Ses Teddy si paling.. Adak ajaa.. 😁💅";"65804486625";"dyati_26"
"18133705102567873";"1780330556";"Prettt";"4077212958";"faristinawijaya"
"18341965558217076";"1780330569";"Presiden apakah tidak punya jubir ya???";"47798323";"yefta_eh_sembiring"
"18249114061307111";"1780330580";"Jubir presiden/istana? 
Serius nanya";"179156589";"by_abank"
"17962001637068129";"1780330583";"Ngantuk gw dengarnya, berasa dibacain dongeng";"2538580097";"saiful_kasim"
"17881764144434679";"1780330585";"@csey_mon nyinyir dan julid nya natural banget...";"521223005";"iwanferdian"
"18102591137054264";"1780330589";"@ekoalberto Pak @dinopattidjalal I wish this creature will be vanish as soon as the President of Indonesia finish his job as president. He is one of the example how bad our meritocracy is.";"1901560979";"ekoalberto"
"18116508877818290";"1780330595";"Mpok ted, kurang meyakinkan😉";"11658860035";"hutagaol_megha2209"
"18592879276033491";"1780330640";"Malesssss.... Ngelesss kyk bajaj";"2063516166";"ummu.fatum"
"18000354572763852";"1780330647";"ow gitu";"1465051100";"aizeindra"
"18050559572756818";"1780330649";"@shahfebrian 😂😂";"2360630877";"briana_widy88"
"18090207653042517";"1780330659";"Plesir pake uang pribadi, kurban pake apbn ? 🤔 ada bahasa pak dino  jadi wamenlu cuman 3 bulan segala mksdnya apa? Defensif amat di kritik 😅 bukti konkret hasil jalan2 rupiah melemah, pajak umkm nyekik buat pelaku usaha kecil wooi";"56699478750";"fhrzl.arieffff"
"17963454789090015";"1780330663";"@dj_donny Sponggggg (Bob)";"1901560979";"ekoalberto"
"18440018527187657";"1780330680";"Cuma diberi kesempatan 3 bulan 😂 lahh iya lah orang baik & jujur mana mau ikut sistem bobrok 🤣";"51299470456";"dodirochmadina99"
"18084087458110460";"1780330685";"Iya aja";"4774484886";"lastri_collection_"
"17884367061583670";"1780330687";"@rachmannasutionn elu aja gak nyampe otaknya makanya percuma udh dijelasin juga gak konek🤣";"3086585500";"y0.crln_"
"17862607941594142";"1780330695";"Emang kamu tau dilapangan serba aman'";"14004538955";"muji.om"
"18081376277174575";"1780330720";"@jenalmutaqin kocak lu, OON banget otaknya";"3086585500";"y0.crln_"
"17866462206562885";"1780330729";"Ini penjelasan  atau pembelaan";"7482618556";"budi_marco_"
"18068370506341899";"1780330747";"@ciavinsia kalo udh dikasih tau rinci juga lu ga bakal paham😢";"3086585500";"y0.crln_"
"18084754271112760";"1780330756";"Giliran gambek aja ngaku pake duit pribadi... Yakin apa tiap ke luar negri pake duit pribadi.. 😂😂 rugi dong pak gemoy ... dikira rakyat bodoo";"2360630877";"briana_widy88"
"18093703205215646";"1780330769";"Mau pribadi mau pemerintah soalnya ga ada CCTV di tayangin,, klu ada CCTV baru percaya,, omongan bisa bohong,, saya maunya jangan pada naik naik terus pada cekik masyarakat kecil..";"4774484886";"lastri_collection_"
"18171367651414825";"1780330773";"Konyol";"1081609545";"arrosyid_faizal"
"18050255909543687";"1780330799";"Lu mundur aja woi... rakyat lagi menjerit.";"29570684015";"telaumbanuajuan"
"18082780373638340";"1780330827";"@dj_donny Qodari memang gak ada gunanya bang, dimasukin ke kabinet karena kasihan aja😂😂😂";"48905002233";"rosni6866"
"17954320575143786";"1780330836";"@yulgin TERNAK WOWOK";"48924531229";"avocado_maze"
"17929935939316491";"1780330843";"@csey_mon Nyebelin bangeet kak. Mending Pak Dino daripada Menlu kakek sugiono yg bukan lulusan HI 😂😂";"2229143811";"galuhseptianingrum"
"18124097425655702";"1780330892";"Lagu lama 😂😂😂";"8740643829";"otonimend"
"17929774347314957";"1780330898";"1 kata AROGAN
Esensi ga nyambung, terlalu banyak penekanan yg merendahkan.
Pak @dinopattidjalal sdh jadi siapa ketika dia masih orok.";"1956216448";"mynameisvitha"
"18124851094723546";"1780330901";"Udah bun cukup, kami gak butuh penjelasan, bukti perusakan hutan demi sawit saja sudah cukup rakyat sudah mengerti.";"7717766290";"aandie_"
"18107415797293117";"1780330929";"Mr. Tedy  merangkap jadi jubir pak presiden ya sekarang? 😎😆";"68330702120";"lina.liana405"
"18117518449794526";"1780330956";"Aaa masaa";"3177749306";"eddy_tuasikal"
"18083466686144377";"1780330964";"@bimohakito ada, ada "katanya"";"24128356565";"cmrd_ireng"
"18119662870681816";"1780330977";"Hey, zaman sekarang kan ada video call😂😂😂. Presiden Mexico aja video call kalo emang penting banget sama presiden lain. Alasan banget njing, @teddy_hq. Lagian masyarakat sekarang gak BEGO-BEGO";"68654868124";"abrahamtirtawiratama1"
"18115272919828014";"1780329652";"Jumlah rombongan dikurangi... Tapi Kunjungan LN diperbanyak.. 😔";"2015678036";"ita_daradjatun"
"18087591428230566";"1780329682";"";"296650801";"ai.budi80"
"17897242059461162";"1780329715";"Seskab tolong di ganti";"1900983645";"ge_siahaan"
"18123871507648973";"1780329729";"Kok aku rak percaya ya";"9249612068";"andrikasiswanto"
"18086127341626230";"1780329737";"Ted ted,";"856716454";"anwarvanhouten22"
"18082538954391397";"1780329777";"Lagi nyebokin yg lain😂";"72983065697";"abangdzakir"
"18093101801199524";"1780329783";"Pokoknya ada😂😂😂";"5827835907";"ramdani_saputra86"
"18144142114512930";"1780329797";"Tedy loe mesti belajar Komunikasi yang lebih baik lagi...";"59048366884";"situkanggalon87"
"18123529429639267";"1780329806";"Cuci sempak duluu ehh cuci tangan";"987062129";"yahyahartono"
"17948576727178306";"1780329807";"APA GUNANYA BAKOM CUUUKK.. 😮 KALO UJUNG2 SESPRI KLARIFIKASI?? TRUS GMN PEMBEDANYA ANGGARAN/DUIT PRIBADI SM ANGGARAN APBN.  ANCUUURRR DAH, ACAKADUT🔥";"655058144";"ibradin"
"18024451613829791";"1780329839";"Pret Pribadi dari mana duitnya ? 😂";"5569046686";"yuyusbekoming"
"18117729559755992";"1780329842";"Liatin aja semasa menjabat, dr matanya liatin aja, Allah ga tdr smua psti ada balasannya, sdar smua qt rakyat klo mereka pny hati ga usah keliling LN. lihat rakyat yg lbih butuh, pantau terus pasca bencana, ngmong2 BBM turbo udh naek lg ya";"62903873822";"bunga.mawar171"
"18080802074181543";"1780329853";"Kalian pada percaya?? 😂";"3956375283";"riffan_gembol29"
"18121170337674325";"1780329868";"“Walau hanya diberi kesempatan tiga bulan?” So what? Seolah-olah kamu mau bilang kalau Dino emang layak di posisi itu tentunya dia akan menjabat lebih lama lagi. Lalu, teks “Tiga Bulan”nya di bold pula.  Ada baiknya tidak  percaya pada militer, sebab dalam dunia militer tidak ada kosa kata diskusi, apalagi Focus Group Discussion (kalau dalam bahasanya Prabowo: Forum Group Discussion). Militer hanya tau segala-sesuatu yang berhubungan dengan “siap”: siap perintah, siap laksanakan, siap salah, siap gerak. Cuihhh";"1901560979";"ekoalberto"
"18052095122751384";"1780329880";"Heang";"1650226059";"helenmagdalena60"
"18093304349247595";"1780329891";"Sapi tidak dibahas kah??";"1493901324";"andichandradirgantara"
"18114653878857331";"1780329891";"😂";"1553260308";"princessandeka"
"18113972989874611";"1780329906";"";"1559608216";"dimasiswahyu"
"18164667463437767";"1780329922";"Pke dana sendiri😂😂😂😂";"2280124141";"iragilblank"
"17922818262355290";"1780329950";"@dj_donny NGISING BANG NGISING...😂😂";"62839796778";"andrianaezza74"
"18081042146180172";"1780329951";"Sejak...... hehehe";"3085983629";"juni.utami"
"18118589341685628";"1780329952";"Apa bukti nya kalau pakai uang probadi?";"53370886718";"arif.zarifi80"
"17968001589079145";"1780329979";"Transparan jg dong mana biaya nya jika pakai biaya pribadi.. 😂";"58781859492";"albirru_alesha"
"17970849065901257";"1780329993";"Klarifikasi";"6831905327";"rosaliaamanda28"
"18109532515905345";"1780329993";"BOP Kenapa tdk di sebut om?";"38954738948";"iwanmauli"
"17988841388811459";"1780329996";"@dj_donny lagi nyemir dlu bang. Biar jago jilat";"58781859492";"albirru_alesha"
"18425035294123225";"1780330022";"@teddy_hq pokoknya ada gitu ya kan bunda";"70207123038";"adamlevin27_"
"18061416674709781";"1780330050";"Fungsi seskab sama jubir apa sama ya?(netizen bertanya)";"2093209495";"meliadewi_n"
"17947304193187926";"1780330055";"😂😂😂😂😂 mau komen gak tega.";"3085983629";"juni.utami"
"18103713395094508";"1780330057";"@ehadisusilo 😂😂😂😂 ad deh";"2280124141";"iragilblank"
"18088236869069604";"1780330076";"";"11591008146";"diankristianto_04"
"17884152462416735";"1780330078";"Anomali giliran " korban APBN giliran keluar negri sebagian uang pribadi.....😂😂😂😂😂";"4008654693";"ariekemox_486"
"17929671813322827";"1780330098";"Stok pangan aman👏👏👏👏, aman sama mereka para pejabat";"9154629859";"okinawa_adel"
"18110606482708757";"1780330098";"Statemen nya bagus tapi datanya diragukan, salah satunya soal penyanderaan aktivis GSV, dan kurang kurangin deh meremehkan orang dengan bilang "walau hanya 3 bulan" sekelas Seskab tapi mulutnya mirip ibu ibu kampung";"37790076318";"bima_aditya11"
"18060286178530670";"1780330101";"Ibu Negara menjawab 🙌🏻";"2150874199";"ickyblaan_"
"17932679145277572";"1780330151";"Sapi qurban kemaren aja pake APBN, ini ke LN ngaku-ngaku pake dana pribadi, what a joke";"2326747626";"sonyalfairus"
"17912054316291378";"1780330181";"Jubir kah?";"1604137126";"echapanritalopi"
"18316132303277104";"1780330182";"@tekwanwem20 liatin yg aktif aj😂😂😂";"2280124141";"iragilblank"
"18141056029523145";"1780330210";"@csey_mon teteeep... Mulutnya😂😂";"2280124141";"iragilblank"
"17884660545569911";"1780330228";"Seskab ngapain didepan kamera..? 😭🤣";"3076128975";"nicoasad1"
"18122595607778644";"1780330237";"Jangan asal NJEPLAK lah @teddy_hq itu kan klaim dari kamu";"1926703593";"bangpoerslalu"
"17923257435356965";"1780330258";"@bimohakito ada, yg penting ada😂";"3655088184";"febrianfantastic"
"18153223390472060";"1780330266";"Qodari dung dung tek";"2871192736";"masnurul_hukum"
"18079612277240349";"1780330274";"Plerrrrrrrrrr";"3591828940";"manusia_biasa3110"
"18042672491780834";"1780330337";"Rakyat gak bodoh ted biaya sapi aja pakai apbn apalagi luar negeri gak usah ngaco lah mending gak usah bacot kalau udah salah salah aja";"65385897716";"90.depp"
"18097879367140136";"1780330337";"";"3242538293";"kokowo_cazzares"
"17971072704048599";"1780330338";"Gw iyain aja deh omongan lu buna 😂.. biaya keluar negeri pake uang pribadi prabowo..klo beli sapi kurban pake DANA APBN 😂😂.. ngomong² lobang matahari lu udah dicocol terong belanda belom buna? 😂";"27729325205";"de.ifan_"
"18085053695621978";"1780330348";"Fungsi alat tempur yg kuat buat apa yah.soal nya tni cuma perangsi rakyat nya sendiri";"20904996352";"alie_dirga"
"18001946834945907";"1780330353";"@teddy_hq lu anak bau kencur belagu, lu jngan asbun mana hitungannya.. Lu hanya ngomong hal remeh remeh, faktanya rupiah anjlok, IHSG ancur, rakyat menjerit saya beli melemah... Venezuela itu jauh gak ngaruh2 apa.. Tolol";"65236496300";"dpandawagroup"
"18375172786166360";"1780330370";"Cuco meong eiymmmmmmm";"1305332461";"yohanis_tehupeiory"
"18104959669800289";"1780329159";"3 bulan....😢😢";"7569303466";"muh_arroyan"
"17882895258592583";"1780329160";"Ngeles aje kaye baje 🙄";"26780325358";"irmasusanti189"
"18081955382170526";"1780329190";"Kayaknya kurang percaya bisa nombok pake uang pribadi 😂😂😂";"5691467847";"imran.yusuf.99"
"18124197739579262";"1780329203";"Sifatnya kaya makhluk paling kuat se antero Konoha...ga boleh di toel dikit...lsg nyerocos🤭🤭🤭🤭";"475676795";"oky76"
"17964096845933906";"1780329207";"Cieeeeee bojone nyewoki 😂";"77967283232";"zatiafip"
"18104001407060833";"1780329233";"";"1608852268";"dayatkisaragi"
"18415013593180492";"1780329246";"Y";"53114524275";"ll.s0livane"
"17941033089219593";"1780329274";"Percaya ., kami percaya banget .  ted .. ted.. 😂😂";"52705885083";"rey_97rey"
"18467459422104955";"1780329286";"💩";"4039313096";"rakhman11mbie"
"18023137196839080";"1780329303";"";"74881542102";"marihot050685"
"18127160860618625";"1780329307";"@arief_wachyudin_baw ga bersih donk aah😂😂😂 harusnya cebok setoren";"4281028612";"wahyuningdwi"
"18002408885948224";"1780329309";"Sorry tpmsay, public speakeng nya not good at all.. keliatan amatir dan beda banget kelas nya sama pak Dino 😂";"43118035";"setragasta"
"18109535734919104";"1780329312";"Wowo : maaci beb";"3566087090";"tanudjaja85"
"18016404338847948";"1780329318";"😂😂😂😂😂😂";"1514915961";"praditya.jovi"
"18111060575498214";"1780329318";"Silance is better @teddy_hq";"1768951094";"noviichan83"
"18062812517476095";"1780329343";"apasih anjir gak penting lu tedy pembenaran trus bjir. bilang aja siap salah itu rupiah merosot jawab lu! @teddy_hq";"1482829414";"rikayumafi"
"18115344196642315";"1780329346";"Iiihhh gemeshhh dehh";"2300327862";"agung_k_kusuma"
"18106343753291681";"1780329359";"Wow betul apa betul  dolar sampe terpuruk.... Sehebat ini 😮😮😮";"1100307755";"hafizahkhan"
"17874191247671196";"1780329364";"Hasil & manfaatnya apa ?";"7007764019";"toyotajatim.id"
"18144607549509070";"1780329367";"Basi bun, serius deh.";"226635515";"ekrykusnadi13"
"17853979950677625";"1780329381";"Orang jenis begini kok bisa tinggi derajatnya ya mimpin negara. Serius Tuhan mengizinkan ini?";"8274033211";"tajri3"
"18102893000046863";"1780329387";"Kelen percaya net?";"9533029596";"nadianadchumaira"
"18173462398411789";"1780329390";"Pokoknya babik 😂";"10659936549";"madepramanta"
"18079411193352300";"1780329409";"😆😆";"1426029217";"oki.solihudin"
"18181569706387888";"1780329412";"Percaya kelen? 😂😂😂...";"44055775082";"nigam_syahnigam"
"17952234474173512";"1780329416";"@darmadi3446 😂";"2081212979";"hardytanutama"
"17942994621195462";"1780329422";"@yulgin 😂😂😂😂😂";"57329435997";"74216.id"
"18137199619478729";"1780329426";"Lu trus yg laporan! Yg lain sudh tdak berrti😂";"3272993219";"azmioeloel"
"18114900331888875";"1780329456";"Gaterima suaminya dihujat, wajar sih emang tugas istri";"46356584423";"firnandah05"
"18144259621456101";"1780329465";"Katanya...kelebihan di tanggung uang pribadi wowok??? Tp kenapa kurban pakai uang negara. Gk cocok omongan nya";"67471479738";"tegu_hss"
"18120250369668674";"1780329474";"Bunaaa baper lu keliatannn. Kaga usah bicara mending terima aja, bener itu kata Pak Dino, kita rakyat semua udah menjerit dibawah rezim ini. Apa yg lu katakan justru membuka kotak pandora, membuat kita butuh penjelasan lebih dalam, sok sokan sampaikan fakta scr utuh, justru yg buna sampaikan gak ada yg utuh itu";"59818208855";"julianaaisya5"
"18151396696493405";"1780329478";"Ngelesss😢";"6979240460";"fathul8271"
"18084960545543618";"1780329483";"gedabruuuusssss";"1482829414";"rikayumafi"
"18068792795364445";"1780329493";"@dj_donny lg survei bang 🤣";"2252502090";"agusindraaaaw"
"17891680275497471";"1780329497";"Maksudnya apa tuuhh "walaupun hanya diberi kesempatan selama 3 bulan" buna julid dehh";"1559356223";"ariyantiiiir"
"17882857410595684";"1780329509";"Hedehh";"41187958448";"s_ngas_"
"17901637986442744";"1780329526";"Lau jadi seskab, jubir atau apenih ted 😂";"3136697283";"agengramdhanw"
"18588643414024636";"1780329530";"Pesawat kepresidenan di sewa sendiri, bisa saja sih🤭";"76820585745";"ujang.der25"
"18155030290462703";"1780329553";"Yg audit harusnya rakyat nih🔥";"9533029596";"nadianadchumaira"
"18091767485251506";"1780329556";"";"3673506383";"arman.jufri"
"17997203051779319";"1780329601";"👍👍👍👍 menyalaaa ❤️❤️❤️❤️❤️❤️🇮🇩🇮🇩🇮🇩🇮🇩💪💪💪";"2204415722";"sjagatshadewo"
"17982951866840186";"1780329606";"😂😂😂";"551631268";"viccoap"
"18590599507028809";"1780329606";"uwalah pakai ditekankan masa jabatan pak dino patijalal 3 bulan jd wamen LN...kenapa yah...😂😂😂😂😂";"79637719726";"dedi80009"
"18076283522273344";"1780329621";"Jumlah rombongan dikurangi... Tapi Kunjungan LN diperbanyak.. 😔";"2015678036";"ita_daradjatun"
"18092374529461246";"1780329630";"🔥";"52520572986";"zulmoencak"
"18145695199502135";"1780329631";"@dj_donny pejilat biasa utuk jatah jabatan yg bener2 kritis utuk kebaikan bangsa dan negara malah di hukum";"72452049612";"hermawanrh26"
"18054750032733079";"1780329632";"@yoyok_edi_kuswanto mana berani audit meriksa,,";"69189994171";"anggaraarie98"
"18118068067812986";"1780329643";"Berak sekebon";"4306130505";"syariffirays.87"
"18589050073062308";"1780328612";"Iyaa yaudahh bunn 😍😍😍";"6664286844";"yoeldarmoyo"
"17875557666608954";"1780328643";"Muak liat muka manusia ini🤮";"2969696636";"firman_isam"
"18032064380804819";"1780328649";"Halah baco.. D ted";"13498106922";"elariado_"
"18091078193340667";"1780328651";"@yulgin lagi ngincar komisaris apa bang? 🤣";"54918479977";"nbacp41"
"18562093642064261";"1780328652";"💅💅💅💅";"48495865246";"garagemodfield"
"18084104564291505";"1780328684";"Skrng kalian balik k Hujat MBG😂";"4533477345";"rinaldi_andhana"
"18100207385092341";"1780328686";"Tanggung pribadi kurban ae pake apbn atas nama prabowo";"4157812522";"prasetyowidd"
"17866164309562085";"1780328695";"Atur aja ted tp ingat azabmu telah menanti";"4126636705";"evamorinaa"
"18004554704873991";"1780328700";"Banyak banget orang instagram yg gampang kemakan hoax... sok kritis padahal lagi di bodoh bodohi sama akun" kacung nya si soros !!!!";"3469023451";"yyxlate"
"18060874061708228";"1780328727";"Dia sekarsng jadi jubir ya?";"54918479977";"nbacp41"
"18108398824820153";"1780328753";"Duh iya lagi";"39185092614";"tekwanwem20"
"18006558620930023";"1780328754";"Berak sekebon!!!! Lu kira gue percaya";"2048071548";"guess_tyo"
"18151507159489438";"1780328765";"Bagus transparansi, tp kenapa kalo MASALAH ATAU POLEMIK DINEGARANYA sendiri tidak ada transparansi nya sama sekali 🗿";"5642534424";"mshtlihdn"
"18122996743652341";"1780328767";"Penganti opung,😂";"61508719441";"safriyal13"
"18126363781622851";"1780328770";"Skrg gini buktinya pakai dana pribadi apa??";"1467168114";"harry_ecek"
"17872697277673315";"1780328789";"Tisuuu";"1315611019";"septryrahyaraysa"
"18001723010948905";"1780328799";"Transparasi dong harusnya.";"20311496806";"happyagain2.0"
"17918873601367359";"1780328805";"Sehat terus pak Prabowo🔥👏";"77256921904";"akun.kosong2022"
"18009442559910159";"1780328823";"Pokoknya ada";"56693433560";"lukman_nulhakim1928"
"18093065513252948";"1780328831";"Alaaah homo seksual, biaya sndri utk Happy dgn u. Klarifikasi gay kata pak amin, knp ini mau respon. Bnr gay kah..?? Di maco macoin 😁Smg bertaubat";"5495945693";"arinham.0222"
"18090769526363613";"1780328853";"Boti laknat bacot elu bangke semuanya 🖕🖕🖕🤮🤮🤮";"2377222828";"ahmadd_moe"
"18096854822155915";"1780328861";"Blenek!!!!!!!!";"1327374879";"griyarikma"
"18017275472846016";"1780328898";"Sehebat apapun dia ceritakan, kenyataannya hari ini lihat RAKYAT di depan mata, semuanya mahal dan keamanan rawan dan kebebasan beribadah masalah, pendidikan, kasus² pencabulan, amburadul semua...";"72577895151";"mhd_helios_mit"
"18042957038597111";"1780328898";"Mo percaya, tapi takut musyrik.. 🖕🏻 GOVERNMENT!!!";"50083215761";"rudi_banurea"
"17916479121389196";"1780328917";"Ibu negara bela bapak negara..";"66904367249";"tonosukeubi"
"18102180467085846";"1780328920";"Bunna menjelaskan 😍😍";"5331519351";"kuztriadie_effendy08"
"18117036007770481";"1780328920";"Hampir lupa bahwa wakil presiden itu Gibran, bukan Teddy...🫠";"2353837094";"uswatun_dalimunthe"
"18111023894486545";"1780328945";"😂";"17315417598";"ayu.ros.7315"
"18116437069691353";"1780328946";"Skali lagi itu APBN 100meter di APBN sumber APBN dr smua pendapatan negara yg sifatnya 'memaksa' smpe disini paham ga anda ? Panjang klo dijelasin udah anak bini masa masih bego";"6507984840";"micco_rkz"
"18019552652676380";"1780328964";"Efisiensi ndasmu";"4835593053";"andikaoshosh"
"18051036389782689";"1780328965";"Bukti juga di tunjukkin lah bot, ga nyacat doang";"2073155362";"richoaprias"
"17993133266978136";"1780328970";"@dj_donny jilat";"3053703470";"pnji.e.p"
"18082475144180833";"1780329001";"Hoax apalgi in Tedi boti";"64773467491";"pandigolonggomo"
"18131555329601623";"1780329006";"Ted..oh Ted..lu kira rakyat bisa percaya 😂😂";"12589116996";"yulia_rachmayanti"
"18107286872491989";"1780329008";"";"1047923275";"deltaramsey"
"17931418206293068";"1780329018";"Beli sapi lahh 😂😂";"273716018";"luqmanthegoodlife"
"18005982449875356";"1780329018";"@dj_donny 😢 iya jugaa";"1601342285";"herymerzy_lpg"
"18593371513053686";"1780329027";"Cebokin @teddy_hq";"36567783629";"alynurdin16"
"18105813620476526";"1780329041";"Kok jadi beban,ga sanggup mundur bro";"70872727748";"adesyaputra849"
"17971961163024989";"1780329058";"";"801635203";"sarbinihardi"
"18077478233278945";"1780329059";"Buktikan pakai dana pribadi presiden ted @teddy_hq di transparansikan, di akuntabilitaskan jika memang benar, kunjungan LN pakai dana pribadi dan apa yg di ungkapkan Pak @dinopattidjalal menyampaikan keresahan rakyat bahwa tidak lazim seorang presiden lebih banyak  mencari kerjasama asing yg faktanya sampai hari ini, RUPIAH MELEMAH, KARENA DOLLAR PUN MELEMAH, Artinya bolak balik ke LN TIDAK berdampak Positif terhadap sentimen pasar & RUPIAH...Klo pelemahan Rupiah karena krisis global ? Knapa mata uang negara tetangga kita TIDAK ada yg melemah knapa cuma Rupiah yg semakin melemah, ini sangat identik dgn gaya memimpin...klo mmng hasil ke LN Triliunan...harusnya Rupiah menguatt dong...? Jadi mohon instropeksi";"2028942901";"chokiieey"
"18097820663274013";"1780329077";"";"79633997074";"nvegawb"
"18011331500913976";"1780329092";"…… berak sekebon";"74611084820";"saptakaryamandiri"
"18124569634655900";"1780329096";"Bacot boti";"50064377401";"aptriadi12"
"17890446219482397";"1780329102";"Kek emak2 tkng gosip ya julid bgttt 🤣🤣";"6749210512";"kayla_azzahra04"
"18068834798345732";"1780329125";"Ada unsur2 kayak meremehkan pak dino nih (meski hanya 3 bulan) (jaman pak dino)";"46597596764";"fiki_harjansah"
"18120331936671374";"1780329132";"Pokoknyaaa Adah ....";"69444842585";"upiara2024"
"18081423902173431";"1780329142";"Gk percaya";"77322509827";"dayreal74"
"17874144690505033";"1780329143";"😂😂😂";"1571318352";"nogadarham"
"18101686013095136";"1780329151";"🥱🥱🥱🥱🥱🥱🥱🥱🥱🥱🥱";"1987164933";"popy_j"
"18110298464299011";"1780328197";"Mantap pak seskab";"3006565082";"suwantokhann"
"18101930891090934";"1780328213";"@dearlove1151 bahas perjalanan presiden kok bawa orang lain. ga pake otak lo";"36809556484";"babaissdimsum"
"18202776586345245";"1780328232";"Kelebihannyan berapa yang di tanggung brapa.udah gak ada yang percaya .";"6276538210";"m_abdoel_"
"18161750998452356";"1780328233";"@csey_mon tapi klo ditelaah lebih dalem pengalaman jd diplomat nya jauh lebih hebat dari Menlu sekarang . Itu mah bahasa ngegas aja. Mau jatuhin nama Pak Dino.";"5366383079";"p.yudhantara"
"18319155277259225";"1780328252";"Tetty ..Tetty";"59354169309";"inibukanitubukan"
"18072418937677215";"1780328253";"Mana coba? Buka data perjalanannya kalau dibiayain dana pribadi.. Mana ayo mana";"2235124825";"berlina_sihombing"
"18095984381178878";"1780328280";"DI DLM NEGRI NYA KACAU BOSS JGN KABUR2AN URUSIN DL YG BENER DI DLM NEGRI";"418875589";"oka_blazer"
"18106754018486329";"1780328281";"kalo ikut debat kyana gamau kalah";"36809556484";"babaissdimsum"
"18104645462071033";"1780328305";"@yulgin saya paham anda butuh beras 😂";"182662";"_riky"
"17896874778464412";"1780328308";"@srisastroamidjojo yaaaa maaf maaf kata KLO adu CV diplomat mah lebih hebat dari Menlu sekarang. 😂😂😂😂";"5366383079";"p.yudhantara"
"18104898161071234";"1780328340";"Bebal...";"17319457450";"mromat46"
"18105317116779987";"1780328349";"Sudah lumrah sih , suami biasanya banyak diem , istri yang berkoar2 🤣🤣🤣";"2133875115";"nunu.rull"
"18116241337691491";"1780328366";"IBU NEGARA BERSABDAA💅";"65818208157";"irkif00_m"
"17891715753536175";"1780328369";"Semoga itu benar biaya pribadi dan bukan omon-omon";"4833016418";"sutan_simatupang"
"18106911917477418";"1780328369";"bangga?";"23155013658";"mrclla_sptri"
"18105928903778093";"1780328375";"@p.yudhantara  jauh pak...dia mah naik pangkat jg krn prestasi kedekatan bukan krn";"1764940323";"srisastroamidjojo"
"18117751825811951";"1780328409";"@yoyok_edi_kuswanto apa kabar kang";"39546591730";"gamapaslon"
"18102091820032025";"1780328416";"Condoriano yapping apa lagi ini?";"47353555943";"reymysterio623"
"18105230941975374";"1780328420";"Biaya sendiri.. kurban saja makai duit seluruh Rakyat indonesia.. pejabat asbun";"4330538322";"saepul8811"
"18106405622318160";"1780328421";"Bagaimana ni, Rakyat udah Muaakk. Penuhh dengan kebohongan dan kebodohan";"6354704092";"kurnia_alamsyah07"
"18079718330445184";"1780328422";"Kelebihanmya berapa ? 
Kalo Anggarannya 10M, lebihannya 2juta doang ? Temen saya penasaran nih orangnya @fennyraden";"1918173703";"ogionly"
"18104197625054662";"1780328423";"Plis jangan dengerin yg ngehujat Bunted, Mereka bener😂";"40384955";"asghor23"
"18125594731728298";"1780328444";"Kita disuruh percaya gitu ??";"861129893";"herryoye"
"17966655528096577";"1780328445";"@sekretariat.kabinet Mulut kayak emak2 saat kuliti @dinopattidjalal,subtansi engk dapat😂😂😂";"3133981041";"wak.doel10"
"18420898321132201";"1780328448";"Preeeeet";"2000035439";"muhardi23"
"18011188847857416";"1780328452";"MBG jgn lupa Bubar kan prestasi terbaik presiden Prabowo tuh klo MBG di bubar kan okayy";"56304269444";"herivalas"
"18084674669120645";"1780328463";"Orang yg gak tau apa apa dibuat seskap taikkkkkk";"48018143255";"ded_omps"
"18172380544418350";"1780328473";"Mantap sekali. Pak AHY... Gentleman...👏👏👏";"58439368629";"yoga862023"
"18154649152463433";"1780328480";"@dj_donny ini konteksnya mungkin istri yg sedang membela suami";"68268748437";"darmadi3446"
"17931356217276374";"1780328491";"Klo gak di kritik...pasti gak akan ada klarifikasi kaya gini nih...😂😂😂";"1980532197";"oktasly"
"18104420536994284";"1780328491";"Jyujyur janggyal";"1470284208";"silvianovianan"
"18084169481133973";"1780328492";"";"1251813817";"mr_bukansiapasiapa"
"17866825494625040";"1780328493";"😂😂..nih org2 suka lihat medsos ga ya...";"765122301";"asep_andriana77"
"18099209050883769";"1780328503";"Lu ngapain";"2019287206";"zamsucc"
"18120021610776056";"1780328506";"berusaha percaya.. tp ga bisa..";"259382187";"nang_isk"
"17932917423082599";"1780328515";"heleh";"72186278406";"basfals"
"18365671264225443";"1780328525";"Percaya ndak, tidak akan Qurban aja Pakai APBN";"80163993515";"revan37516"
"18069364454341132";"1780328530";"@dernawan06 sok tau kau";"54982375247";"arpani.bba"
"17958226908125965";"1780328533";"Ciyuss miapaaa??";"56971623942";"arif.kittycute"
"17906981976420491";"1780328539";"Ibu negara ngambek 🫣";"2236314121";"wendi.ig"
"18395271823081822";"1780328539";"Mana buktinyaaaaaa";"1755419448";"jordywibowo"
"18090338276150097";"1780328543";"Pokoknya ada lah";"22431346783";"aero.ibrahim"
"17940326934236829";"1780328552";"Idiiiihhhh....";"6012687094";"ark_619273"
"17939005179051227";"1780328565";"@ardiaanharsya 😂";"7470134185";"las1wan_martona"
"18374993515160196";"1780328577";"Sapi pake APBN... Percayaaa...????";"6012687094";"ark_619273"
"17910394941408955";"1780328578";"tarik napas tahan tahan ....jangan komen jangan komen";"2185493806";"rizky_eva"
"18195208129363563";"1780328590";"@yulgin betul👍👍";"54982375247";"arpani.bba"
"18116573755794504";"1780328599";"jubir???";"6970197533";"tbibir.bae"
"17883106902592368";"1780328607";"@dj_donny lg mempersiapakan raja jawa gadungan kembali ke tahta bg😂😂😂";"3458215222";"adi_kiana"
"18083939192126892";"1780327834";"Setelah kanda Wowo sering ngomong blunder, kini saatnya Dinda boti yang ambil urusan. Apa itu mensekneg 😂😂";"57928361664";"xch00.7"
"18106832686931492";"1780327875";"😂😂😂";"1726163199";"rby_2006"
"18011861726897941";"1780327876";"𝙟𝙜𝙣 𝙖𝙨𝙖𝙡 𝙣𝙜𝙤𝙢𝙤𝙣𝙜 𝙘𝙤𝙗𝙖 𝙡𝙞𝙗𝙖𝙩𝙠𝙖𝙣 𝘿𝙖𝙩𝙖𝙣𝙮𝙖 𝙟𝙜𝙣 𝙖𝙨𝙖𝙡";"75552950325";"marcel27595"
"18104371576978298";"1780327880";"@mguppy992 emang beda pola pikir anda, emang susah di ajak pintar, apbn kemasyarakatan dari dulu sudah ada 🤣, BLOOOK";"2333094746";"ucikmvj"
"18113975806856660";"1780327886";"😂😂😂";"74734980443";"userr21439"
"18020668958837323";"1780327890";"Priitttt..😂";"3594733338";"rizal_afrizal_01"
"18407798236144883";"1780327907";"Ya kalau ngomong doang gtu mana percaya...kalau pakai uang sendiri...kalau bisa kasih tu princiannya.g percaya..wong mulut g ada tulangnya..";"1549299416";"abd_wahib"
"18108455524731331";"1780327920";"Ini siapa sih";"58479407602";"erwin_expander"
"17935268610278890";"1780327929";"Terkesan menghujat ya. Gk usah di bilang Walau.... Menurut keyakinan saya kamu sedang merendahkan orang. Kau masih seskab  jauh dari beliau.";"619286499";"rustamlius"
"18091225142356584";"1780327933";"Ini lumayan ngomong nya daripada wapres 😂😂😂";"42397097992";"chafandra"
"17942746554226391";"1780327934";"@dj_donny masih berak";"69736676387";"xi0i0ixi0i0ix"
"18083170178452501";"1780327940";"Mana kita tau klo itu dsna pribadi, qurban aja pake apb😂n";"211621494";"denbobibarker"
"17872777941615597";"1780327970";"Saya Tidak Percaya";"69736676387";"xi0i0ixi0i0ix"
"17974374701888700";"1780327972";"Trus Seskab ngapain ikut mulu..? Kalo kabinet rapat saat nggak ada presiden harusnya mendampingi wapres untuk rapat kabinet";"241019990";"andikamalex"
"18155005171481304";"1780327973";"@yulgin cairrr😂";"61838101993";"pachee_dpk"
"18093471208987150";"1780327974";"percaya ?";"42046215809";"ranarismawan"
"18126092983623698";"1780327976";"Kalo kata bang Mandra,,,idih😂";"2908552610";"hidayat_untung13"
"17989713800809608";"1780327978";"@mguppy992 dipikir kita bodoh kali😂";"6633548036";"no.iamtajmika"
"17910475632221648";"1780327981";"Iya bun😍";"56921361658";"mahalinikitchen"
"17890259496545517";"1780327987";"Awww";"50005579651";"gdanisworo"
"18592462078016568";"1780327991";"NZS BGT";"1724384232";"rsnyana"
"18119107738785780";"1780327994";"Payah ngedit video meng";"51212281";"nastain_ishq"
"18143877667506704";"1780328003";"Buktikan saja lah klo bener, Seskab double job jadi Jubir aneehh...😂😂😂";"4153888934";"d_adhitia"
"18088771619625415";"1780328005";"Widih, enaknya punya presiden kaya raya, gak bisa dibeli oligarki. Makanya ketar ketir oligarki 😂";"1688640518";"pontianakinformasi"
"18393985363094902";"1780328007";"Pesawat Pribadi, biaya Pribadi urusan Negara";"1265768536";"mbarpaung"
"17975519639882240";"1780328026";"ABS Asal Bapak Senang. Baru 1.5 tahun jadi presiden, kunjungan ke LN hampir 60 kali. Itu berarti ratusan hari presiden menghabiskan waktu di LN. pantas saja selama ini presiden tidak tahu dan tidak paham apa problem yg sedang terjadi didalam negeri sendiri. Presiden selalu diberi laporan palsu.";"6100399918";"efor__lzai"
"18001877018938448";"1780328029";"Saham ancur brok";"4470960669";"pakarits"
"17866791813686241";"1780328053";"Oo... tugas negara pakai dana pribadi ? Ups.  Peserta di kurangi but  jam terbang naik ... atuh dah Sarua... sama pisan. Mending conff. Call. EFEKTIF peserta juga banyak, bisa bhs portugis spanyol perancis n sedayanya ikut ... faham semua..# mending bikin pabrik buat exspor . 🔥";"7130436693";"fivie_luthfia"
"18009401660880738";"1780328076";"Monolognya pinter😍";"76287186005";"anwar66789"
"18019247414844890";"1780328076";"Zonk...";"52429572994";"rizal.yas2424"
"18103255100002151";"1780328083";"Masa iya.. kurban sapi aja pake dana APBN 😏";"7319192087";"nike.pratiwi89"
"18561987838067714";"1780328086";"Harus diambil dari sisi kanan. Narasi pengantar nya sombong bgt 😂😂😂 "walau hanya diberi waktu 3bln" tapi pengalaman diplomat nya lebih dari Menlu sekarang. 😂😂😂 Marah nya keliatan dari kalimat nya.";"5366383079";"p.yudhantara"
"18091242500057607";"1780328087";"😂";"8885095133";"rizkifajarfrds"
"18100744694029938";"1780328100";"aww bowtie 😂";"604498146";"myprewok"
"18014958431698623";"1780328103";"@dj_donny Lg ngopi sama buzzer";"201365514";"edi_apachian"
"18067066799387915";"1780328105";"Baper nih";"1778434014";"simarmatajaka"
"18397036825154008";"1780328114";"Bukannya muhasabah malah bikin pembelaan 😂";"47288024522";"alnad33_"
"17868643899682901";"1780328123";"Emg wowo punya duit😂";"34960946810";"juhrijuhri21"
"18106767421766274";"1780328125";"Ahhh waos Muruluk ...";"8715952014";"abiyyu.88"
"18404479360146240";"1780328125";"Setuju sih pernah liat berita kalo ga salah  sampe pesawat pribadi dijadikan sma pak Prabowo pesawat kenegaraan,sampe anggarannya yg lebih ditanggung pribadi sma pak Prabowo.. Emng sih klo dibilang kedekatan emosional harus ktmu dan bnyk yg dibicarakan pastinya, presiden itu pinter.. intinya kita harus siap dlo sblm berperang jgn berperang dlo tp blm siap apa2,ngurus negara dgn jumlah penduduk yang bnyk itu g gampang, seenganya kita dukung apa pun yg dilakukan presiden demi kebaikan negara pastinya!! sehat2 sllu pak presiden ❤️";"53215443100";"inggritmakatita2022"
"18378669562162293";"1780328127";"Teddy bisa nya cuman bacot sm ngabisin duit rakyat";"25288055735";"dikasb99"
"18093772499002617";"1780328147";"Prabowo mundur, ganti pak Ahok";"4970387051";"aldaniaprianti"
"18108624154937675";"1780328147";"";"14660019284";"zulfantry_21"
"18153430840470586";"1780328150";"Ciri2 salah satu faktor keBawelan wanita akhir zaman 😌";"1525066554";"amal_buton"
"18312761860263325";"1780328151";"Sejak dini wkwkw";"5366383079";"p.yudhantara"
"18586489540003892";"1780328153";"Presiden pakai dana pribadi????😂😂😂 mau aja di k8bulin.. cebokin terus..";"1471901198";"raja.parulian"
"17907341646246156";"1780328171";"Ko orang ini terus ya yg ngmn emang dia siapa ko aneh nihh😂😂😂😂😂";"6613042243";"lianaana8277"
"18117631624826466";"1780328195";"@dearlove1151 go-block lu, lebih hina dari binatang";"47288024522";"alnad33_"
"18049685180777598";"1780327495";"Ngomong aja anak SD juga bisa.  Data nya mana?😂😂😂";"1705636472";"rafik_smart"
"18165400048440466";"1780327497";"Pake uang pribadi ?? Siapa yg percaya ? Ayo tunjuk tangan ☝️";"1937218674";"deswitarusli"
"18078768824207150";"1780327540";"Sensitif sekali bunda 🤣🤣🤣🤣🤣🤣🤣🤣🤣🤣🤣🤣🤣🤣🤣🤣🤣🤣🤣🤣🤣🤣🤣🤣🤣🤣🤣🤣🤣🤣🤣🤣🤣🤣";"1498432458";"odetnesta"
"18145128301501800";"1780327541";"@vely_rn alah buzzer dikit2 anak Abah.. rakyat dah pinter Lo kaum 58 msh blm move on.. dah 2 THN loe menjabat msh aja bwa2 pak Anies... kangennn ya";"42745598484";"ririnmelati9"
"18113056156872042";"1780327551";"Coba mana laporannya klo pke biaya pribadi ?? Bukti transfernya mana ? Bayarnya ke mana ? Ke siapa ?? Capek banget ngeles mulu…";"201527584";"drmawansakup.spa"
"18113828194873682";"1780327557";"Hati2...nanti ada temuan...";"3502385441";"yoyok_edi_kuswanto"
"18104203828821739";"1780327558";"Kata orang jawa "urung pethuk apese" lanjuttkann Ted, mumpung masih berjaya dan bisa bebas ngapain aja. .👏";"3038330869";"lodho.ayam.kampung.masbayos"
"18005503733870215";"1780327564";"Anda itu seskab ngapain ikut keluyuran sana sini..seskab rezim sebelum²nya tidak selebay anda.";"470331389";"taufik_bin_latief"
"18101924192115250";"1780327564";"@ririnmelati9 LU PIKIR PK PRABOWO PENGANGGURAN KYK LU";"73058942893";"dearlove1151"
"17904314913431418";"1780327567";"Bunaaaa . 😍😍😍😍😍";"7217258094";"lanamaulaana"
"17893280988472979";"1780327569";"Ya elah ga bisa banged di kritik, langsung panas, lagian ke luar negri juga pake fasilitas negara, kecuali Lo pergi nyewa pesawat sendiri baru dah tuh di kasih jempol";"3050642757";"fauzanadhim20"
"18588482869002536";"1780327574";"Pendidikan aja dibawah prioritas Massal Berkorupsi Gede2an, gibran aja jadi wapres, mau percaya gmn lagi";"77283997140";"veby.eka.aditya"
"18116853202694556";"1780327579";"ah gak percaya";"65627987719";"diprakoso99"
"18094350968239137";"1780327582";"Aneh! Yang katanya Pakai APBN tapi uang pribadi? Qurban kali kak tedy maksud ya?";"4513094854";"si_gaenakan"
"17956618548069840";"1780327588";"Tedy ❤️ Prabowo";"48376471580";"xiome_xiobai"
"18104323031069403";"1780327598";"Dengerin tuh @dinopati_jalal";"65410935343";"asmuloktavian37"
"18123716839723385";"1780327600";"Brapa kali take untuk di cacap. 😮";"2284119209";"yrvl4h.r12_4nl"
"18115538254869976";"1780327601";"@rachmannasutionn ya sekolah si tapi tetep aja gak nyampek ke sana 🤣";"2333094746";"ucikmvj"
"17899168761450819";"1780327614";"@dearlove1151 hahaa.. sory ya pengangguran loe kali pengangguran.😂";"42745598484";"ririnmelati9"
"18081218285441430";"1780327634";"@bimohakito pokoknya ada😂";"7178257804";"setya._wardhana"
"17995704869786658";"1780327656";"Hooh pa?";"46750179369";"bimasraharja81"
"17866115760625800";"1780327668";"Selama kalian menjabat, mau beli pertalite dimadura pun udah pasti negara yg nanggung.";"2036407598";"ndindandunn"
"18011032991716203";"1780327670";"Mana buktinya Ted?";"63319420206";"donna_carmen17"
"17953394304170927";"1780327671";"Memang songong ini bocah, pake bilang "cuma 3 bulan" lagi";"7542639999";"customade_furnish"
"18106922044946849";"1780327671";"Seru jg baca komen komen neti 😁👍🏻";"1259029760";"nikenssyafitri"
"17886343053396132";"1780327679";"Semua urusan ibu negara yg jawab😂";"66554473239";"serdadu_ilaga"
"17929379844292048";"1780327681";"@dearlove1151 ada masalah apa sech Lo sama Anies?";"207726324";"you_noise14"
"17978266538993758";"1780327683";"@b4llacute ampe tenggorokan 😮";"2284119209";"yrvl4h.r12_4nl"
"18146687476507895";"1780327690";"😂😂😂😂😂😂😂";"5803533946";"naharuddin_54"
"18091319117198029";"1780327700";"Sebenarnya jubir presiden siapa... Kurban aja pakai dana APBN,, yakin ada dana pribadi ad keluarkan";"5658439725";"darma_jawa"
"18102681863046570";"1780327707";"Qodari ngapain";"5616109";"dj_donny"
"18131469061508225";"1780327711";"Pokoknya ada 🔥😂";"2052882846";"novicozaldy"
"18079076009377641";"1780327713";"Buktinya ada gak kalo pake uangpribadi..wkwkwk";"66981925228";"daniumaryunizar"
"17890930077482703";"1780327720";"";"207726324";"you_noise14"
"18008979641911083";"1780327727";"Ada lah pokoknya";"4560547674";"raden_silaen"
"17959267683130025";"1780327728";"Yg jadi masalah nya 100 M bos APBN";"392958432";"mangkok.beureum"
"18098650634146847";"1780327738";"Pak indonesia ini lg gawat darurat tolong dong prihatin pak jangan kunjungan Mulu ke luar negeri pak, mana kinerjamu pak dolar semakin naik tolong pikiran pak 😢 #rakyatindonesia";"3958357885";"syalsabilah93"
"17853918180680170";"1780327743";"Buktikan pake biaya pribadi jangan omdo 😂";"13098078001";"hqonit"
"17969800208907936";"1780327766";"Preet";"1745258058";"danu_candra"
"18116928346752865";"1780327767";"😂😂 Masih Percaya😂😂";"76435422092";"reynal_999"
"18410402908194072";"1780327768";"Songong banget pilihan diksinya  hehe";"32395913";"gfirdianto"
"18048452654537675";"1780327778";"@csey_mon kalo ga julid bukan buna, tsaayy😂";"1023965328";"shintarenzkauthentic"
"18117624043691188";"1780327778";"";"2172363094";"antonthopel"
"18051170993760520";"1780327785";"@yulgin pasti uda dapat jatah Dapur MBG😂";"1229321841";"dion_temor"
"18128021032612848";"1780327796";"Iyain aja umur gak ada yg tau";"2495556331";"sabinalimanov"
"18057501560716129";"1780327800";"@dj_donny baru cebok bang😂";"1745258058";"danu_candra"
"17930053524314095";"1780327804";"Komponen kelebihan belanja perjadin apa aja emang Bu yg ditanggung pribadi? Terus urgensi nya sampe bawa maks 60 org itu apa? Rakyat disuruh hemat, pemda disuruh efisiensi, tp presiden selalu kunjungan bawa rombongan besar2an. Apa ga bs melalui Menteri Luar Negeri utk masalah hubungan bilateral. Terus Ibu sbg apa perannya ya?? 😮😮";"1978560016";"wahyudi.dodi"
"17890303323370607";"1780327824";"Berisik !!!!";"39894818777";"yustinaindah15"
"18105570679982436";"1780327829";"Seskab pak Sby / pak Jkw gak ikut terus ke LN mengapa TD lengket tarus rakyat curiga ada apa";"22153328729";"diditcempaka"
"18115096246860856";"1780327831";"Fix GK ada bantahan stetmant dari Amin Rais";"2287842370";"ucle_ded"
"18118573921686982";"1780327177";"Pertanyaannya, 60 orang yang ikut pakai biaya sendiri juga ? Kalau perbandingannya 1 : 60 itu = 60 adalah PEMBOROSAN";"36305517703";"musaffir08"
"18095112977224254";"1780327179";"Orang ini knp skg jd muncul mulu... Bkn kapasitasnya jg sotoy";"5613598216";"jaya_2782"
"18118665142665692";"1780327182";"Rakyat disuruh transparan lapor pajak. Penggunaannya harus transparan juga dong?";"4464788188";"ukonsukanda"
"18092070074524940";"1780327215";"Ataaaassssss sssss “ S nya kerasa banget 😮";"1814598060";"ponyex_danang"
"18106002791292479";"1780327226";"Dia siapa ?";"2115098272";"iwaannkk"
"17868254634546530";"1780327242";"Tambah panas cuk... Anak Abah";"34801320212";"abdullah.elaamiin"
"18317660389279885";"1780327242";"@yulgin FIX.... Komunitas 58 % 😂";"36305517703";"musaffir08"
"18598006372023123";"1780327243";"Ga usah klarifikasi kalo memang benar";"300343776";"jokwic"
"18216600727331632";"1780327247";"@dearlove1151 kan gak ngomongin Anis bos? Ada masalah apa sama Anis?kenapa gak Ganjar??nyampe segitunya jadi buzzer bos😂😂";"8562939634";"wp_nord04"
"18000948056945813";"1780327250";"Gitu ya bun,,";"1817955536";"darmastiya"
"18165414136438435";"1780327256";"BOTI @teddy_hq";"45433825676";"pbh.gardakeadilan"
"18084848912636227";"1780327264";"Masaaaaaaaaaaaaa";"42362970560";"aa_riobekasi_16"
"18416857180183580";"1780327271";"Muak x liat manusia nh";"21248287826";"nirwanasiregar_"
"17878921086657213";"1780327275";"Halaahh....ngomong opo 😂 hasilnya apa loo....kunjungan trs tp rupiah makin anjlok ...taik";"51555399886";"ar_m1y"
"18104142154812710";"1780327319";"@bimohakito laporan jg bisa dipalsukan ooppp 😂 dana keluar dari apbn tapi dibilang pribadi. 

Jumlah rombongan berkurang separuh tapi frekuensi lu nambah kocak.";"1490583500";"luke_ss78"
"18083627471321694";"1780327334";"Masa si? Beli sapi aja pake apbn";"4028190198";"meilianasusanti27"
"18088946636370895";"1780327340";"First lady konoha...😂😂😂😂";"57073227445";"syviarismatia"
"18106001444293127";"1780327340";"Djancuk, bocah ngomong "walau hanya 3 bulan..."..nadanya ngelecehin @dinopattidjalal ..";"2525068378";"bob_el_tor"
"18102031424105676";"1780327341";"Terserah lah mau ngomong apa, 🤷";"57796063409";"yasbhinafisha"
"18123120673631251";"1780327349";"@teddy_hq GAK ETIS MENYEBUT "WALAU HANYA 3 BULAN" YA... ITU SEOLAH-OLAH MERENDAHKAN/ MEREMEHKAN JABATAN PAK @dinopattidjalal. MUNGKIN SEBAIKNYA "LEARN HOW TO HAVE GOOD COMMUNICATION SKILL" SEHINGGA TIDAK TERDENGAR SEPERTI MERENDAHKAN/ MEREMEHKAN.";"238942057";"ceritaandy"
"18152399098488839";"1780327354";"Ngapain dia klarifikasi";"68169986017";"vi_luvizh"
"18083151068428126";"1780327370";"Kurban aja ditanggung APBN, masak kunjungan kenegaraan pake uang pribadi... Gak mungkin lah tolol";"76645039634";"hisyam_______al"
"18096334051939015";"1780327371";"@ririnmelati9 yaa ngapain ga bawa junjungan lu?😂 sejak dia kalah kalian ga terima bgt bapak kamii menang😒 MBG anak lu aman??pertalite suami lu aman??😂";"38960732770";"vely_rn"
"18361406314232060";"1780327371";"Cebokin Trs Majikannya Biar Rakyat Diem Gak Banyak Omong 👏👏";"43694448430";"hendy_vcc"
"18114999370876961";"1780327372";"Diskusi pakai dataaaaaa lah lebih seru";"52828247375";"ira_cldy"
"17856727359661646";"1780327373";"manaa laporan ke public ga pernah ada 😂😂😂 smuaaa tertutup rapat anggarannya…";"47230557116";"j13_lin"
"18428341981120427";"1780327385";"Pruttttttttttt lahh 😢😢😢😢";"3421263304";"naryantonbf"
"18428467852121235";"1780327385";"BACOT";"14568506229";"western_breakfast"
"18178658527401094";"1780327389";"@nadeera_sukmana 😂😂😂😂";"5710133585";"zieikok"
"18132656893569855";"1780327391";"Yg bagus aja yg di laporkan...😢";"45497213384";"novamalasarimalasari17802"
"17877817581666414";"1780327393";"💩💩💩ted";"27508009795";"benni_camtu54"
"18104781373991677";"1780327397";"Eeh,,udah pinter kali ngomong nya😁😁😁";"45485650235";"simanegarairen"
"18119054083667492";"1780327397";"@mguppy992 goreng trusssss 😂. Presiden sblumnya gak d goreng2 Qurbannya 🤣";"5475981354";"akbarakbar018"
"18362354578231931";"1780327397";"🥱";"7066188247";"bangthoom_112"
"18114848674837465";"1780327402";"@yulgin cinta bunted ??? 😂😂😂";"57073227445";"syviarismatia"
"18033681170806090";"1780327404";"👏👏👏👏pintar sekali bohongnya. 😂😂😂😂 lu liat ga , sapi qurban  aja  pake APBN.";"17436139404";"haryantosemi"
"17966515533083267";"1780327407";"@ronyhotman lg jd ayang...makany belain lakiny..😂😂😂😂";"8024934046";"purbasari.ayu"
"18038497754645054";"1780327414";"Sejak jd ayang mbeb nya presiden 🤣";"64723518104";"dina_de_huis"
"18085724327254873";"1780327423";"seskab ngajarin Pak Dino judulnya? hahaha😂";"531763205";"hajialiyahya"
"18473281708099271";"1780327438";"Hehehe  walau hanya.. 3 bulan.";"185612505";"macgyver_xxx"
"17976591873040089";"1780327440";"Berak";"35207668848";"angga.icha.official_"
"18121102786679826";"1780327446";"";"51694186022";"chndraall"
"18195218068366571";"1780327452";"Maaf buna saya tidak percayaaaaa..... 😢😢";"1643352459";"rhayen.r"
"17966684942918159";"1780327460";"@bimohakito gak perlu falidasi anda saya kira, percuma bakal salah, sekali benci tetap benci, tinggal menikmati sama doa'in aja ribet amat,😊 kalo keberatan ya tinggal beli buat kehidupan sehari hari di luar negri, kalo bilang saya bayar pajak, saya juga bayar bukan anda doang 😁,";"2333094746";"ucikmvj"
"18205197472354786";"1780327462";"😂";"32691231116";"rd_inst1"
"18106125425072194";"1780327470";"Penjelasan orang pinter atau keminter.. penjelasan orang tahu atau sok tahu.. "walau hanya diberi kesempatan 3 bulan" bahasa orang sok angkuh atau emang angkuh";"51689899016";"doelkentul05"
"18081517790633862";"1780327485";"Didenger juga, tapi Napa dia yang ngomong??";"55027641334";"kiirifkii98"
"18088292018605873";"1780327485";"Ngk usah d jelasin lah.... Apapun jadi alasan...";"70225359550";"ibnu_jhon3"
"18218502688325331";"1780327490";"Laporan mana Ted?";"44528413";"fajarsukma"
"17895183081469977";"1780327495";"Tedd Todd..";"11164639290";"uyo.badman"
"17916135015184891";"1780326899";"Koq aq ga percaya ya sm buna.";"2341740789";"irmasilvana76"
"18119818666671702";"1780326899";"masa iya sih cin... 👄";"606943810";"wahyupeewee"
"18093528548266604";"1780326901";"Ayo ted, berani ga lu sumpah pocong...yang bohong jd ompreng mbg !!!";"30041124225";"g3rryarief"
"18092857622259867";"1780326902";"Yakin pake uang pribadi ted?? Qurban ajh pake apbn apalagi jalan jalan 😂😂😂😂😂";"1960461736";"cirebonparahyangan"
"18354723445241413";"1780326922";"Kpn ya jgn ngomong mereka, pusing dengerin nya";"53765095491";"janilisty"
"17884075767570836";"1780326923";"Kalau dana pribadi keluar terua tiap ke LN dan ini baru 1.5 tahun harusnya tiap tahun LHKPN nya nyusut eh tapi malah naik..";"403222251";"ikra.izn"
"18099740096125873";"1780326929";"Percaya";"47228944";"rizaprfiand"
"18682838185034496";"1780326935";"Saya bertanya dengan lembut dan sopan serta membungkuk..tujuannya apa ya kira2?";"7897583461";"ahmadyasin480"
"17870296275617542";"1780326937";"G prcya sm 🌈";"23904668929";"andy.marp4ung"
"18013039079853584";"1780326946";"Jelaskan bendera Amerika di indo";"72820454459";"zebra.565968"
"17903086464440733";"1780326949";"Ditanggung team mawar 98";"1562503991";"thebostonlivin"
"18091190192602259";"1780326953";"Ceritanya mau jadi jubir...tp parah ini Public speaking, parah banget, belajar dulu lah...";"27976093967";"hajar_pr04"
"17883426954585838";"1780326962";"Liburan lagi ah ke Prancis 😁😁😁";"4265472025";"trisutiko"
"18100137107116268";"1780326963";"Rumah Korban aceh udah 7 bulan  msh prihatin bang";"3296766838";"donbule"
"18020959169842743";"1780326964";"Kaya kebakaran jhembhutte lgsg klarifikesonk";"76906389561";"hphphp2997"
"18085086821409149";"1780326967";"@yulgin buat lu aja ya";"23904668929";"andy.marp4ung"
"18133794127564812";"1780326973";"Fungsi JUBIR KEPRESIDENAN ngapain ya 😂";"3796966012";"m4s_kris99"
"18408926209146969";"1780326987";"ibu negara klarifikasi";"4228294986";"mang_adang59"
"18102404567046528";"1780326989";"Tamatan SMA bs jadi seskabb😂";"5471450114";"fernando._purba"
"18077349518657668";"1780326995";"@wshermawan @teddy_hq  gak bakal didenger juga ... itu IHSG kita udah laen sendiri compare ke bursa yg lain, nilai tukar rupiah makin nyusruk aja ... kagak melek juga mereka, tetep foya² kok yg di atas² ..";"8011001292";"rayaabdinagara"
"17966251569077863";"1780327016";"Cebokin ampe bersih bro 🔥🔥";"43122611597";"alfanrizkiardiansyah"
"18076198799292200";"1780327020";"Bohong";"8555267023";"d_dotcom.id"
"18341273791221508";"1780327030";"";"6975486353";"bintaher16"
"18185493226383071";"1780327035";"Wartawan bener ga itu?";"8615011570";"ida_nurlaili"
"18179497510394646";"1780327041";"Kerjaan jalan jalan muku ke luar negeri....gimana tuh nasib warga yg kapalnya di sandera di Somalia...berani ga kirim Tim pembebasan ke sana";"5937440333";"dedesyarifudin80"
"17964614169094129";"1780327044";"Kelebihan biaya bru ditanggung sendiri kan?? Artinya msh pakai duit rakyat dong";"72000267864";"cikjespempekpalembang"
"18107693722941306";"1780327046";"Kok mls ya dengernya udh ga percaya";"3495309005";"raharjo_haryo"
"17922333465145204";"1780327049";"Pokoknya ada 😂😂😂😂😂";"51617887847";"faja_r9009"
"18130182553606254";"1780327055";"😂😂😂😂😂";"366985093";"dewiniati"
"17943285411215456";"1780327056";"Disaat ASN bawah anggaran perjadin efisiensi eehh presidennya malah asyik keluar negeri aja 🤦‍♀️";"3034801097";"rereerenii"
"17905181826258732";"1780327062";"@yulgin bangsa lu dan keturunan lu aja deh";"206085287";"putriye"
"17992640537973110";"1780327077";"Iya iya iya iya iya iya percaya sayahhhh";"67808459107";"ardiadi1415"
"18101706305162938";"1780327079";"Km dengerin ga sih sebelum komentar tuh";"384939082";"indonesianaa"
"18091111676579471";"1780327083";"Pendusta";"49576625827";"netral_gear"
"18097553561176510";"1780327090";"Keep smile aja lah";"68600793303";"vitriastu"
"17887395132552442";"1780327111";"Kalau mau hidup mu tidak setress,jangan dengerin dua orang ini pidato";"1768772695";"decky.chandra"
"18037974134801179";"1780327121";"Tolong di laporkan hal2 yg belum tercapai...jgn yg bagus2nya saja....";"27757750897";"zacky_zulianti"
"18196589323365906";"1780327127";"@dearlove1151 dihhhh knp bawa2 pak Anies.. kasian deh Lo ga bisa move on ya... emang Prabowo jg uang nya dr mana??? 😄";"42745598484";"ririnmelati9"
"18062314841651171";"1780327128";"Terserah kelen lah..";"16951882813";"jossianturi1979"
"18025404431821488";"1780327131";"Jubir baru";"2219527963";"anr1_001"
"18092394815578635";"1780327138";"Kamu jual negara kami ke amrik DNA Israel ga";"72820454459";"zebra.565968"
"18105893086958388";"1780327140";"Percaya kok sama boty😂😂😂";"8942484200";"joyhappy33"
"18449421310115191";"1780327145";"Tugas ayang y gt...yakin presiden ngeluarin uang pribadiny sampe.milyaran cuma bwt nginep...😂😂😂😂😂";"8024934046";"purbasari.ayu"
"18103674191069115";"1780327152";"Kayanya km deg yg suka mengaburkan faktamnutupi biar bapak gatau bobroknya negri ini";"4161252678";"dicanps"
"17956037232131864";"1780327168";"@mguppy992 iya bener";"72820454459";"zebra.565968"
"17894970309340267";"1780327173";"Pret";"7121095516";"erni.ngapak"
"18142141798457696";"1780327173";"Ingett "kelebihan biayanya yang dianggarkan negara" jadi bukan 100% duitnya prabowo yaa, bisa aja ditombokin bisa aja engga 👀";"1432114636";"basyahsmd"
"18122819686658550";"1780326659";"Negara mayoritas islam tp presiden ya boti dan bersulang minum bir😂👏";"255961638";"gadisbetawi01"
"17970990513063154";"1780326663";"Ah ini dia kesukaan @caesarpratama";"3113824774";"ninditapw"
"18025011614658043";"1780326673";"Pretttttt";"1560017824";"arizqiromadhoni"
"17972948901106230";"1780326681";"Boss kurban aja pakai apbn buat nama pribadi apa mungkin jalan jalan pakai duit pribadi?";"2258218152";"eriyanto_nawawi"
"18106673072492958";"1780326691";"Ada receiptnya ga? Kalo cuma koar2 mah gampang";"60168379436";"fromice9"
"17864565114629160";"1780326695";"percaya ?";"228688780";"zharfansinatrya"
"18113211496810072";"1780326695";"Percaya????";"2939526327";"pratiwi_destryanto"
"18150150460492623";"1780326695";"Paling yg komen nyinyir: 1. Pihak Koruptor dan mafia ekspor. 2. Lawan politik 16 dan 24% 3. Umat2 tolol pengagum Yaman";"61090377183";"pasukantelur"
"18075685508663737";"1780326699";"tukang cebok";"5710133585";"zieikok"
"18056308445740950";"1780326712";"Ciussssss?????? Buktinya mana kalau itu memang dana pribadi??????";"61020434440";"rira.nuradhawati"
"18103302329078436";"1780326722";"@ehadisusilo 😂😂😂😂";"1711197106";"anir_naim_vj"
"18327306271283013";"1780326730";"Klarifikasi.......? Bohongikasi...? 🤣🤣🤣🤣🤣🤣🤣🤣🤣🤣";"79636878608";"yoely5794"
"18326090866285263";"1780326736";"Untung saja dia gk lagi datang bulan";"64159306286";"dymhalawa14"
"17991917960992305";"1780326739";"Show receipts.";"4136969051";"chandra_robek_20dinar"
"17856721629663450";"1780326750";"Maca cieeeeh😂";"4161252678";"dicanps"
"18077400959278249";"1780326751";"dih nyenggol², sok bet iye ente ted 😂";"48859416880";"rae_nabil"
"18427411543133534";"1780326751";"@ehadisusilo 🤣🤣🤣🤣🤣";"5598866786";"furnimalinda"
"18121661635671277";"1780326759";"Prabowo adalah jokowi!apa masih percaya?";"62035950370";"rahmansyahputra85"
"18111933511694640";"1780326768";"Bacot Teddy...mana ada biaya pribadi";"1745939905";"eka_febrial"
"17950138338174730";"1780326783";"Dulu waktu utang whoosh.. Wowo jg bilang " Saya yang tanggung jawab ".. Kurban idul adha jg atas nama pribadi.. Nyatanya..... Rakyat gak Segoblok itu...";"73410746088";"khnnisa809"
"18154361950472529";"1780326784";"Pakai biaya?? "Pokoknya ada"";"3974781039";"arifani_tenggarong"
"18088427387609617";"1780326794";"Gank King Omon2 , pokok nya ada 😂😂😂";"1178142675";"andymaulana13"
"17954776377171008";"1780326799";"🤔";"54253854126";"lontongbalep"
"18117272656695039";"1780326800";"";"2130004376";"fujitampoe"
"18090849980344842";"1780326806";"Anjir dah ted";"279346768";"fnazhofa"
"17931381579292085";"1780326808";"@shahfebrian my honey teddy";"46176459917";"kibuyut788"
"17956393449136228";"1780326811";"@yulgin 😂";"79636878608";"yoely5794"
"17969562885073245";"1780326811";"@zieikok katakan pretttttt......pretttt😂";"2285068439";"nadeera_sukmana"
"18105442151514063";"1780326816";"@arief_wachyudin_baw 😂😂😂😂😂";"6136183802";"sulistyasusan999"
"17942219004038801";"1780326818";"Bahasa nya ndak enak..";"3231602809";"ek1candra"
"17998911875958254";"1780326820";"Semoga bisa menjawab semua harapan publik dan kritik publik yah tangan kanan 😵 jangan hanya jawab setahun sekali, pertanyaan publik setiap hari ratusan pertanyaan";"72652629914";"evanwork17kt"
"18019209965681569";"1780326823";"Waduk sia kehed";"5507780740";"katonprsetyo"
"18139541812542169";"1780326831";"Dia siapa nying penting banget?sampe fufufafa kelelep sama dia padahal wakil presiden😂";"5927331215";"_lbaim"
"17859810528639017";"1780326833";"😂😂😂 kompakan lagi pada beberes wkwkkwk";"5453867910";"adhe__boer"
"18143805079512503";"1780326833";"Cherry picking👏";"5316045921";"satria_arya26"
"18590158420017491";"1780326836";"Cangkeman, asli opo palsu awak dewe yo gak eroh kok 😂😂😂";"4109942202";"nophanophek"
"17966694797924899";"1780326844";"Dah panjang lebar..kok kayak gak bisa percaya ya?😢";"2344887650";"endangprihatin28041972"
"18087804620383224";"1780326849";"Memang knp kalo 3 bulan? Apakah itu ga dianggap sbg pengabdian kpd negara??? @teddy_hq";"200533523";"queenvita"
"17858538156643902";"1780326853";"Kurban aja pke APBN, trus percaya pke biaya pribadi...duh  kyk Aspri, BKN pernyataan sekelas Mentri ini";"2242334596";"mutia__rahayu"
"18356591341238594";"1780326853";"Klarifikasi terus.. Pak";"80142955544";"marcell_h911"
"18093858704193146";"1780326859";"Loe kali yg mesti melek, itu IHSG kita laen sendiri compare ke bursa yg lain, nilai Rupiah udah makin nyusruk...";"8011001292";"rayaabdinagara"
"18097581083325815";"1780326863";"wooi uang rakyat lo itu";"6038773750";"t.moen31"
"17851517787694852";"1780326874";"Mana boleh kunjungan negara dibayar pribadi, bercanda ini orang..kalian nunggu apa..? Nepalkan saja..pilih ulang semuanya tanpa ada pejabat dan keluarga meraka ikut pemilihan";"4271803267";"zulham_ependy"
"18065779736414234";"1780326879";"Kalaupun pakai uang pribadi, keuntungan buat negaranya mana. Yg ada rupiah makin blangsak.";"1919340107";"ksnd1945"
"17895884016330805";"1780326881";"𝐂𝐚𝐫𝐢 𝐦𝐮𝐤𝐚 𝐧𝐢 𝐨𝐫𝐚𝐧𝐠";"3585587845";"si.whe_abirajabima"
"18053320853587946";"1780326885";"Dibilang GiLa, Tapi Tau Duit 🤦😑 @prabowo @presidenrepublikindonesia  #terusberisik #resetindonesia";"6990548758";"hatake.kakashi127"
"18074029370667397";"1780326891";"Beneran di tanggung  pribadi ??? Kalau bener masya ALLAH. Semoga  ALLAH balas dgn balasan yg setimpal lagi sempurna..aamiin";"33036526757";"cdnadibakrie"
"18052495592781995";"1780326894";"Katanya banyak investasi, tp program'y motong anggaran pendidikan, kesehatan sampai pajak pengusaha dinaikkan. Katanya bahan pangan aman, tp smua harga pangan naik? WARASkah?";"143774965";"liadewiardiansyah"
"18205165915349351";"1780326416";"Ketawa aja";"62085166902";"dedi_asharii"
"18131666449510420";"1780326422";"Preeeet buktikan kl dia pake duit sendiri 😂😂";"66651637092";"bangdedyinfo_kerjajepang"
"17892475629477843";"1780326427";"Bundaaaa bundaaaa";"54619233316";"rifalebrahim"
"17966618382097977";"1780326428";"Percaya?? Ya nggak laah";"37509367780";"radityasulistyaningsih"
"18095523635582581";"1780326432";"Avvahhiyyaah";"631147904";"yunirizkyy"
"17993800358969513";"1780326433";"walau hanya 3 bulan katanya pak @dinopattidjalal. Ni bocah seakan2 paling hebat di negeri ini.";"8101790405";"ilhammochiefish"
"17976096699063891";"1780326435";"Laki bgt 🔥";"37781076530";"zaenalabidinhar"
"18341797699168440";"1780326447";"Kayak g mau kalah ya buna😂";"1760216472";"dwi_rahmielvionita"
"18083193053182555";"1780326452";"Dalam salam dari Pak Amien Rais";"45069660673";"lovebatavia"
"18131958622501479";"1780326459";"Ibu kita";"74271987075";"azlanrra21"
"18069490643370447";"1780326462";"Qurban aja pake uang Negara masa iya Halimun pk uang Pribadi KOCAK 😂😂😂";"53168230041";"noey_kiandrakalandra"
"18078603524204988";"1780326463";"Buna nyebokin 😂";"74366719337";"yantihendra8"
"18062765486708545";"1780326467";"3 BULAN.bahasa anda kurang baik...sinis bgt bahasa nya";"46149313270";"xooppppp"
"18085968803617617";"1780326480";"Pokoknya ada pak letkol 😂";"4344859468";"amel52996"
"18100386818113416";"1780326480";"Pengalihan isu apa ini😂";"1818366715";"fajararizka"
"18375221641161404";"1780326485";"Bundaaa teted😂";"51367257539";"jasa.angkutan.bpn"
"18328049404248511";"1780326487";"Nipu kg ... ni org lbh hebat dr menteri2?";"69918320919";"deftiatso9"
"18091003739603618";"1780326496";"Agak bindeng apa emg kodratnya perempuan jadi gitu 😮";"511664983";"rizpang.ig"
"18084261929148834";"1780326501";"inget, hanya kelebihan dari yang dianggarkan. nah pertanyaannya, yang dianggarkan ini, sebesar apa nilainya? dipangkas jumlah orangnya tapi biaya per orangnya gmn? masih lebih besar kebutuhan dananya?";"9029935";"vidyaanggita"
"18083691551130657";"1780326502";"@ehadisusilo WKWKWKWKWK";"1969628818";"febrian.2.4"
"17888154396555468";"1780326516";"Iya bundaaa, iyaaa";"5615585712";"mhmmdarifmunandarr"
"18527161159075450";"1780326521";"Tedd dirimu kok paleh gundek 😂 kenyang ya 🤣";"2298587228";"iffa_luna"
"18467784832106419";"1780326522";"Njelasinnya pake ngotot....kaya nantangin.....";"5538519317";"prayoga_de_enjinia_desu"
"18094973135225125";"1780326525";"Kenapa mesti disebutkan "Walau hanya diberi kesempatan 3 bulan" Aneh....";"3164715719";"mutiara.riza"
"18071944559333381";"1780326530";""Pokoknya ada deh" 😍😍😍";"49380579267";"id_parungpanjang"
"18316980697276018";"1780326531";"Lhololo terus kemarin bantuan luar negeri buat aceh ditolak! Gmn sehhh";"16426105983";"official_herewegooo"
"18596712580032010";"1780326533";"@rizpang.ig temen sya maksudnya 😂";"511664983";"rizpang.ig"
"17925366480339420";"1780326541";"Pokoknya ada";"52806015487";"adiesaputra27"
"18020652083673269";"1780326545";"Pokoknya ada ya kan bang ted ? Udah ga pokoknya";"1633096188";"emha.shaskia"
"18078284030646297";"1780326552";"KALIAN PERCAYA ?";"3932704864";"s.ap_18"
"18015699332897871";"1780326560";"SESKAB  sekarang kok jadi JUBIR ISTANA???? aturan AMBURADUL 🤦‍♂️🤦‍♂️🤦‍♂️🤦‍♂️";"47556242502";"sgtista22"
"17887306101558356";"1780326561";"Ngomong doang gampang. Bisa buktiin ga bukti pembayaran nya dri awal perjalanan nya ted tod @teddy_hq";"1237765940";"ibu_khalid_atthala_m"
"18115330879834129";"1780326572";"Dikritik bukannya terimakasih malah di jawab dengan membandingkan dengan era presiden sebelumnya, hey Buna rakyat waras gak akan ada yang percaya sama omon omon lu";"10205969519";"guan_liem378"
"17851656378693225";"1780326574";"Mata mu gak bisa bohong sih bund";"5913438584";"pbryant_o"
"17969975490083134";"1780326588";"Jangan ngomong doang, coba pertanggungjawaban tertulisnya biar di audit";"46175959006";"bad__journey"
"18097904563934978";"1780326594";"Oh";"8255625866";"ghofuurun"
"17969368686103451";"1780326595";"Cebokin trus ted";"8907822097";"vincentius.erwin"
"18181999591354614";"1780326598";"Percaya kok";"8255625866";"ghofuurun"
"18142192939524164";"1780326613";"@ehadisusilo 😂😂😂😂😂😂";"6136183802";"sulistyasusan999"
"18136480948555716";"1780326620";"Kejanggalan Kenaikan Pangkat Teddy dari Mayor menjadi Letkol..🔍🔥
.
- Proses Administrasi: Kenaikan pangkat diduga kuat hanya didasarkan pada Surat Perintah (Sprint) alih-alih Surat Keputusan (Skep). Padahal, prosedur normal TNI umumnya mensyaratkan Skep dari Panglima TNI.
.
- Waktu Kenaikan Pangkat: Kenaikan pangkat di luar siklus rutin TNI yang biasanya dilakukan pada 1 April dan 1 Oktober.
.
- Persyaratan Prestasi: Kenaikan pangkat dinilai tidak sesuai dengan merit system atau sistem penilaian prestasi, karena Teddy tidak pernah bertugas di lapangan atau satuan tempur.
.
- Muatan Politis: Promosi tersebut dikaitkan dengan kedekatan Teddy dengan Prabowo, yang dinilai politis dan berpotensi menyakiti perasaan prajurit lain yang berjuang di daerah operasi.
.
🔍🔥
.";"41322615239";"zulhendribasri1"
"18139008382543278";"1780326639";"Sejak buna jadi seskab😂";"5913438584";"pbryant_o"
"18443093539137020";"1780326642";"@ilhammochiefish aromanya ngeyeknya kentel banget ni bocah petantang petenteng.";"8101790405";"ilhammochiefish"
"17941504329216136";"1780326643";"Minta data nya sebagai bukti. 😂";"6978241939";"titi_musiam"
"17872767930510858";"1780326647";"1, 5TAHUN Gakda MANFAATNYA bagi rakyat Indonesia,,, presiden bolak balik keluar negeri ,yg ada malah bikin kacau balau";"47556242502";"sgtista22"
"17913593562204761";"1780326647";"@shahfebrian 😂😂😂😂😂";"6136183802";"sulistyasusan999"
"18064531190465091";"1780326647";"Urus Negara bukan sibuk klarifikasi";"61031666022";"be_iconic_dontbe_slave"
"18023504549664182";"1780326649";"Laporan keuangan nya go publik donk";"4564007547";"aion.bandung_id"
"18012922010855644";"1780326653";"😂😂😂😂😂";"10159908884";"adipoller"
"17899343967451252";"1780326658";"@bimohakito pokoknya adaaaa😍";"5697099523";"bunyanunrizki"
"18125656576622957";"1780326139";"Percaya bun";"3540520688";"ahmadfzi18"
"17879029107455885";"1780326158";"Songong banget dengan menyebut "tapi cuma diberi kesempatan 3 bulan"";"57743371910";"oliviers_123"
"17917710018366379";"1780326159";"Sapi wae duit negoro";"67652757189";"bagusekowaluyo"
"17978461061865390";"1780326167";"Gak percaya";"51132275848";"iwans_astra"
"18044906885716672";"1780326167";"Pembuat hoax terbesar adalah penguasa..";"202674011";"rendra_diandra"
"18143282233457571";"1780326183";"Transparansi dong.... Jangan cuma omon-omon doang... Mana buktinya ?????";"1686814939";"candragunawan_id"
"18112145641693481";"1780326199";"Cuma bacod doang mah anak SD juga bisa.";"1576325673";"uuuuus_"
"18065591330438417";"1780326203";"@arief_wachyudin_baw 😂😂😂";"80048506925";"ayampelungkendal"
"17926047807124370";"1780326207";"Bacot boti anjing saja tidak percaya bacotmu";"29869261954";"bajangburhan"
"17858784474644055";"1780326220";"";"1364829540";"w_so246"
"18326716327255282";"1780326230";"Pak Prabowo Presiden yang hebat dan cinta bangsa ini 🙏🙏";"1343114843";"yulgin"
"18084121367147553";"1780326235";"Mocok ceee... 😂😂😂";"29635600100";"evi.rach"
"18066938087402980";"1780326241";"Sejak kapan seskab jadi jubir istana?😂😂😂😂";"5581067739";"dernawan06"
"18128110183720365";"1780326252";"Ted belum pantas kau menyandang seskab, balik ke prajurit aja lebih jauh terhormat";"3230469477";"ndha.siregar"
"18165369028428809";"1780326252";"Ciyuuss?? 😂";"21556802";"danoetz"
"18079185458226772";"1780326257";"Ke LN konon dpt investor tp kok lowongan kerja gak ada gaungnya. Investasi pasti ada penyerapan tenaga kerja, kecuali itu hutang ya";"76537646901";"mikahm08"
"18161576398453983";"1780326259";"Sapuin terosss tedd";"1429877064";"ab.c.du"
"17928582972324219";"1780326272";"😂😂 Qurban aja pake dana apbn kok apalagi kunjungan luar";"3171355530";"mguppy992"
"18094101929244401";"1780326277";"Ohhh yeeeeee!!!!! Gedabrussss kurban aja pake APBN.";"62573530661";"tombak255"
"18101399963323067";"1780326279";"Lho justru dipertanyakan dong kalo kelebihan malah pake duit pribadi";"34443305";"dhimas_prakoso"
"18379720417166087";"1780326279";"ada laporannya gak ted? kalau pakai dana pribadi? itu sekali kunjungan bisa puluhan miliar soalnya ted";"239595227";"bimohakito"
"17892184233474572";"1780326284";"Mundur aja tedd";"1237148362";"irvinaffandi"
"18018837485685226";"1780326287";"yaaah dikira kite ga sekolah kali 🤣🤣";"1704657667";"rachmannasutionn"
"18083952440304792";"1780326293";"@csey_mon ngelece tu orang";"3187049000";"rizal_nugroho2"
"17895503118463699";"1780326299";"Ber  ak";"4084617815";"muuhhdwiiiiiirr"
"18080565164555112";"1780326302";"Wkwkwk gatel ta biaya sendiri, sapi ae APBN su";"1424233605";"andrew_waitt"
"18107609437822522";"1780326310";"Sesak berakk,, 😂😂kencing dulu ooi";"8331248021";"khairul.ladon"
"17863868766583091";"1780326311";"👎👎👎👎👎🤣🤣🤣🤣🤣🤣🤣";"53648339313";"sihu.bleskadit_"
"17956704422964753";"1780326320";"Puas ga buna?? 😂";"41880755084";"lukasrajendra"
"18117825925689840";"1780326329";"Hasil nya apa itu buna?";"1702127316";"septriandayadika"
"18107293522847028";"1780326340";"Ngapain banding" Ama pemerintah jaman dlu... sekelas kaki tangan presiden loh, kliatan banget hatinya isinya keki banget";"1130399386";"sayadamarjati"
"18138808798528466";"1780326344";"🧹🧹🧹🧹🧹🧹🧹🧹🧹🧹🧹🧹";"307275853";"prdndssy"
"18088461644600603";"1780326351";"😂😂";"22181476544";"aliethafa"
"18438975943185059";"1780326352";""menjabat saat dunia sedang krisis"👀";"287988742";"nikiwahyuu"
"17889129015551092";"1780326361";"";"2240082053";"ha.portrait"
"18082078721172243";"1780326363";"halus sekali satirnya 🙄";"954502755";"anitaruci"
"18011846012908827";"1780326365";"Merampot😂";"5889650783";"papa_miming_official"
"18227513785314939";"1780326365";"Ni org2 pada nunggu negara hancur dulu kali ya, pada sabar bgt sama boti dan teman2";"5943231562";"rentalmirrorlessbdg"
"18197011756317116";"1780326368";"Diliat boleh dibaca boleh. Percaya mah ga akan";"3705761861";"prayogianggie"
"17975217954020300";"1780326371";"Netizen bertanya, ibu negara menjawab🙌";"1130032427";"shahfebrian"
"17892788592491984";"1780326374";"@bimohakito pokoknya ada...";"3311142932";"ehadisusilo"
"17920936521361541";"1780326382";"Pokoknya ada";"1997781114";"ajimerdiyanto"
"18462452311128503";"1780326397";"Gibran jadi NPC jir digantiin ibu negara 😂";"23356878259";"psychicmancer"
"18153344191488485";"1780326398";"Maaf bapak, Itu kalau kelebihan dari anggaran... Tapi intinya tetap pakai anggaran APBN kan pak seskab??.... Semua pejabat pusat maupun daerah disuruh efisiensi masalah perjalanan dinas... Tapi pucuk pimpinan tidak memberi contoh.... Gimana kita mau percaya dan mencontoh bapak 🙏🙏... Semoga kegiatan bapak presiden membawa dampak positif untuk kepentingan Negeri ini 🙏";"1392933565";"bomibimo"
"18057943040713995";"1780326409";"Coba dong terbuka file pendanaan nya seperti ahok dulu yg menjabat menjadi dpr ri dulu";"1921072073";"theodoruswn"
"18097159820181883";"1780326410";"Ngewadul dari. Hanymoon u😂😂";"294898540";"agusttinuz"
"18084012326417126";"1780326411";"Ini monolog sifatnya 1 arah yg berpotensi pembenaran pendapat sendiri dan ga akan ada kritik saran masyarakat, bukalah dialog terbuka @teddy_hq tapi jgn sm DPR mereka tdk mewakili rakyat.";"1262710069";"wshermawan"
"18081732932176666";"1780325814";"Untuk kurban aja pake APBN...";"1571085029";"apriandi_trisna"
"18112997254894757";"1780325832";"Santiknya.... booty ku";"60655699617";"anangjokosasmito1"
"18092562155522537";"1780325837";"Knp ini trs yg menjelaskan mentri penerangan ya";"14306122960";"yuniar227"
"17990325404809865";"1780325852";"Penjelasan yg sesuai dengan pangkat mayor. Tidak perlu over ekspektasi. It is what it is.";"1544530860";"reinhard_rgg"
"17926838352337396";"1780325861";"Bukti dan datanya mana klo emg pakai uang pribadi 😢";"318143004";"ciavinsia"
"17889635496542343";"1780325864";"";"362782822";"indramawan17"
"17952599019157081";"1780325864";"";"8164844566";"raflizyy_"
"17873991318671148";"1780325866";"Hahahah yakin kah pribadi presiden?? Kurban sapi aja pakai abpn 😂😂😂 bukan dana pribadi wowo 😂😂";"59280865008";"jolma_ranau"
"18034792511803321";"1780325881";"Heleh";"2361643823";"karlinawinda_"
"18070357778690054";"1780325890";"Boti kntl";"42408109";"nyong_gaga"
"18123835816634948";"1780325899";"Yaelah sekali perjalanan aja puluhan M.. dari uang pribadi sayang dong..gkprcy";"59378305938";"adytiadm"
"18109561327913486";"1780325904";"Bacot doank gua juga bisaaa😂";"4811694776";"rvldi_ipnq"
"18227963851315842";"1780325904";"@anangjokosasmito1 ih geuleuh";"49467729580";"trianiputri_23"
"18109674374072730";"1780325910";"Skip, ngantuk mo tidur dulu🥱🥱🥱";"214861329";"nevanya2"
"18085304444114573";"1780325913";"Preeetttttttt lahjhhh";"67822789376";"saefulbahri1716"
"18139111093477166";"1780325916";"Ooo gitu, iya kah?";"1648599660";"macan_is_harimau"
"17879017659458685";"1780325921";"dollar naik mulu ted";"45438527064";"tirtalestari7"
"17931222192292094";"1780325922";"😂😂";"10657619186";"reynold_mandagi"
"18080352056550378";"1780325922";"Halahhh party sex gay kalian y";"57341885970";"ronny_ahmad_gufron"
"18104475770008333";"1780325925";"Tetep aja pake apbn....yg dibayar pribadi itu "kelebihannya". Dan ga perlu bilang Wamenlu cuma 3 bln. Jd Dubes ga dimention. Dan tetep aja menyalahi politik luar negeri yg bebas aktif dg memberikan ijin AS buat "bengkel" pesawat di Indonesia. Bisa jelaskan?";"1764940323";"srisastroamidjojo"
"18103483084817106";"1780325931";"Mana ada cerita yang jeleknya, ga bakal ada. Pasti yang bagus2 aja, klo ada yang mengkritik di bilang anak Abah. Padahal biang2nya mengkritik ada di PSI, atau buzzer2nya mereka";"67381118645";"syahrulhidayat0263"
"18103357655000239";"1780325940";"Jubir presidennya kmna ya, kok dia mulu";"1828101620";"muhamadrobi.nve"
"18117674443701715";"1780325949";"@csey_mon jyancok emang diiih si bunted";"3890771028";"sheza_tabina_insani"
"17886254100397766";"1780325951";"@arief_wachyudin_baw 🤣🤣🤣";"49467729580";"trianiputri_23"
"17878931520456430";"1780325960";"Pajak naik 22% hasil dari kunjungan 👍";"8038494589";"abycatenaccio86"
"18107721449496919";"1780325961";"Datanya mana?";"33931199";"keykasjamsoe"
"17938732803250301";"1780325965";"Mamak aku jg belain bapak aku klu dia salah dimata org. Wajar aja si";"1902581218";"nandapramudja"
"18598349650037797";"1780325965";"Maaf nyonya, apapun bentuk tindakan atau apalah yg keluar dari suamimu, KAMI TIDAK PERCAYA SAMA SEKALI!!! yang kami percaya dari pasanganmu cuma satu, DIA PENJAHAT HAM, udh itu aja, yg lainya kami anggap SAMPAH! sekian..";"57642966530";"rfharahap20"
"18110905039929004";"1780325973";"😂😂😂😂";"4305913743";"yulianti.tety"
"18086423141101021";"1780325974";"Kok bisa "hanya 3 bulan" songong kali nih bedes";"4515701652";"welgi_afdana31"
"18134658406562938";"1780325977";"dibalik pemberian klarifikasi, ternyata masih aja nyelipin ejekan 😅😀";"1985549896";"ariifk"
"17893623438494832";"1780325985";"Ini lagi jadi seskab atau jubir?";"2117249951";"ronyhotman"
"18075377189423698";"1780325995";"yrus ulang tahun teddy bgm biaya ny ? buka donk@kasi liat pbayaran ny sama rakyat ?";"4166557271";"katharinapipie"
"18085790099627915";"1780326009";"Berani diaudit ga semua kegiatan kepresidenan😂😂";"8608166533";"_rizalstory"
"18086720048636868";"1780326009";"@csey_mon julid nya tetep ya buunnnn😂";"1936513640";"safitrifauzia"
"18102530435095428";"1780326018";"Habis dpt jatah ya gacor ngoceh trus";"53460079744";"ariewb97"
"18069796934368679";"1780326022";"Mami";"8689449230";"sukmasukiman"
"17976185169020907";"1780326032";"pasti ny istri belain suami ny";"4166557271";"katharinapipie"
"18109364885491772";"1780326040";"😂😂😂😂😂😂";"1306691864";"talianatalia___"
"18326425660249260";"1780326049";"Hasil nya nol.";"8689449230";"sukmasukiman"
"18022053611844191";"1780326059";"Korban sakit hati dipecat 3 bulan masih aja didengarkan 😂";"73878184322";"semprul0999"
"18123763303641775";"1780326077";"Pokoknya Adak 💅🏻";"1546245345";"maritsamasitah.ms"
"17982535200008262";"1780326080";""walau hanya diberi kesempatan 3 bulan" mulutnya si boty";"5545285627";"maralicha2186"
"18146775148496865";"1780326080";"";"8684042554";"fajar.joni.ansyah"
"17992570508966342";"1780326087";"Maksud jeng Tedi apa, nyebut nyebut walau 3 bulan, ngeremehin pa gmn jeng";"78489876755";"ninamoes_yoe"
"18030971972810918";"1780326105";"Talk to my hand..✋🏼";"1221787865";"andrea.safrudin"
"18148801021498044";"1780326130";"Jir gak terima dia,jaman pa dino 120 orang setahun berapa kali,60 orang sebulan sekali,,,bandingkan jumlah kunjungannya";"235206896";"yudigreen"
"18121567990680476";"1780326131";"Datanya mana cong";"502473852";"filgewd"
"18084418907395239";"1780326138";"Klarifikasi jus apel skalian bunda..";"17219475595";"taliudeng"
"18091022885524768";"1780325367";"Omon2";"5828916279";"enggar_adn"
"18120519598707408";"1780325430";"Pokonya ada 😂😂😂";"4051484924";"parlindungan.s61"
"18083907446158470";"1780325435";"😂😂😂😂😂😂";"1578728264";"tjemin_chang"
"17972847516048509";"1780325439";"😮";"4615070408";"chepy_shempol"
"18123059350640076";"1780325456";"";"223305844";"ekodokijo"
"18316866943277627";"1780325470";"😂😂😂😂";"211884126";"twoluz"
"18443355562143790";"1780325476";"Yakinnnn????";"3431829165";"bhian_32"
"18028977350812774";"1780325493";"Boty banyak ngoceh ngebela ayang wowo mulu";"3431829165";"bhian_32"
"17877571023657286";"1780325513";"Bahaya ni orang, masih muda, udah jadi pejabat tukang bohongin rakyat. Kemarin Beli Sapi 1000 ekor aja taunya pake APBN.";"3458054356";"dinno_rahutomo"
"18138484663536187";"1780325534";"Narasi.. Gampang";"9293336744";"tatiherawati5109"
"18155602453415100";"1780325549";""Walau hanya diberi kesempatan 3 bulan" 😂😂😂";"10651204026";"csey_mon"
"18096735490917019";"1780325560";"Mentri penerangan mentri multidirisendiri";"29135474574";"israharif"
"17879772534598171";"1780325595";"Abang sad";"78148242706";"i_one_ajha"
"18120725374673038";"1780325603";"Tetep aja pake APBN biayanya... Kocak";"260725731";"jenalmutaqin"
"18360529666233249";"1780325608";"keselek";"5495902809";"b4llacute"
"17971263306105751";"1780325616";"Pokonya adaaaa";"1393637638";"tembotttt_"
"18021639416835258";"1780325655";"Ses 🙌";"487826366";"rachmania_wd_putri"
"18097941191180361";"1780325685";"";"7229989789";"satbudwib"
"18104392466086509";"1780325685";"Emang  harus dibold  font 3 bulannya ? Itu perintah, apa salah yg ngedit ted ?";"45418284643";"_fadliiyansyah"
"17858236320647935";"1780325689";"Huax cuih🤤🤪🤮🤮🤮🤮";"1392914028";"umi_lalla"
"18204420397345712";"1780325707";"😂😂😂";"8300864238";"giatanshorrahman"
"17853925833675217";"1780325718";"OH";"1582398731";"ffaudzan_"
"18097973192517384";"1780325722";"😂😂😂😂😂😂😂😂😂😂😂";"76346369558";"xus.hio"
"17930125026295401";"1780325726";"Kelebihan yah kelebihan 😂";"3650438626";"atmajulitra"
"18094499227958068";"1780325728";"Alah mboh😢";"3603808325";"muhammadmaksun09"
"17999612594947722";"1780325729";"Berak sekebon Ceboknya segayung ...";"5898114716";"arief_wachyudin_baw"
"18069897266338466";"1780325731";"Iye iye percaya";"70687430154";"iamtonirudyp"
"18221277472319716";"1780325735";"Bct";"1489814394";"ismailiqbaal14_"
"17922107370146358";"1780325743";"Sapu bersih pokoknya bun";"5594127251";"ardiaanharsya"
"18081387863173433";"1780325754";"Bisa dipercaya apa gak omongan orang ini??? 😂😂😂";"64014910865";"suherliarmaya"
"18116868328693896";"1780325755";"Semakin klarifikasi semakin keliatan bohongnya 😂😂😂";"2280709265";"gibah_pemerintah"
"17887589622558423";"1780325758";"Dia ini manusia ngk yah? Tedy Boty😂";"76876393675";"kulkas_3pintutiga"
"18377346946202693";"1780325764";"😂😂😂😂";"3515778287";"pakarmasukptn"
"18141789160524579";"1780325773";"Buna😂😂😂";"22607098666";"jamal_ken99"
"18120192229776411";"1780325774";"";"76876393675";"kulkas_3pintutiga"
"18116316340877881";"1780325777";"😂";"79568397229";"rasionaldotco"
"17922809025357157";"1780325783";"";"76876393675";"kulkas_3pintutiga"
"18113367610681237";"1780325800";"Seskab itu bukan ring 1, jadi gak seharusnya orang diluar ring 1 itu berbicara soal presiden, dari dulu sudah jelas ko kalau ada hal hal yang berkaitan dengan presiden yang wajib menyampaikan itu ya juru bicara presiden atau wakil presidennya, lah sekarang mah semua mentri penjuru arah berhal berbicara dengan mudah dan entengnya tentang presiden";"76268542146";"wakcu_y"