"comment_id";"created_at";"text";"user_id";"username"
"18329717185267530";"1780405702";"Mince";"1548953172";"didik.rz"
"18118802479747965";"1780405739";"Lambee 😂😂😂";"7769195632";"muh_asrar90"
"18163561768447869";"1780405943";"@shimygoo15 boti ngak terima😂";"71651640333";"bachri733"
"18121792414655115";"1780406345";"kata-kata, 3 bulan itu menyerang pribadi dan bukan bahasa formal yg layak sbg seorang pejabat";"50316377285";"bachtiar_r13"
"17969943912113617";"1780407418";"Begini ya kualitas Seskab tidak pantas ngomong cuma 3 bulan emang prestasi dia apa sampai skrg ?";"1980887248";"fiet_26"
"17963721006120449";"1780407473";"Tampol, kebiasaan.";"176824740";"madebybudy"
"17998144211951838";"1780407651";"Cerdasss ttp lah bermanfaat bt negera kita pak teddy😍🔥🔥🔥";"5459936133";"venikisnawati_lawyer"
"18052966697749820";"1780407882";"Bravo Seskab Tedi!!! Selalu sukses!!! 
Sangat adem penyampaiannya daripada Pak Dino Djalal. 
Diliat dr rekam jejak karir Pak Dino dan Seskab Tedi, jujur lebih unggul seskab Tedi dibandingkan pak Dino, terutama jika dibandingkan+diukur pencapaian karir dari usianya.
Krn di usia muda dia telah berhasil menjadi salah satu orang berpengaruh dan menjadi kepercayaan langsung oleh presiden.
Dan tidak dipungkiri pak Dino tidak mungkin bisa seperti Seskab Tedi krn pak Dino sudah tua, sedangkan Tedi lebih unggul di usia muda yang bisa dicapai lewat jalur dubur.";"492854012";"_idrhoo"
"18076218746411460";"1780408154";"Si Dia yang maha benar..😂😂😂";"3420289706";"shep_mullder"
"18153892870478575";"1780408573";"???????????";"3282397568";"faqihatthoriq"
"18533917090075756";"1780408779";"@fmy.one7 prabowooo jancok";"47238995257";"bayusanskrit"
"18046104002787371";"1780409260";"Jadi kalo pake duit pribadi maksudnya masalah selesai gtu?😂";"46806692911";"yandisofiann_6"
"17942458005034814";"1780409316";"😂 manthabs bro @teddy_hq @tedsky";"6444088275";"blueatlantisocean"
"18065701520438131";"1780410271";"Harus bgt mention "walau hanya diberi kesempatan sekitar 3 bulan"? 😐";"210111251";"marinayushar"
"18095505989606700";"1780410313";"Menteri angka ikut...";"24606381388";"yacubyahya334"
"18121806160640926";"1780410323";"Ni orang siapa sih";"3587006324";"ozieend"
"18074423732317557";"1780410435";"Bnyk omong ente, mau ditabok lg sm seniormu di tentara? 😂";"1746761445";"jsttaufik"
"18084656210309418";"1780411480";"Blunder lagikan🤣🤣🤣";"5594984149";"mansyahsician"
"18071286443690075";"1780411684";"Kalo bpk ses ini jadi guru/dosen kayanya muritnya bakal tidur dikelas";"1744320074";"guruh_brothers"
"18534964000075127";"1780411796";"@tegar.prdn jadi inget lagi kan 🤣🥹😌";"284790676";"mommympus"
"18092823011211109";"1780411893";"Ses ses";"2044914125";"sir_willsant"
"17983879272007240";"1780414407";"Maaf out of context... Ko banyak yg bilang KLO dia "ganteng"?... Kata gw mah "B" aja... Beda selera kali ya 😂😂";"2301906361";"wiet.widiastuti"
"18161488444450398";"1780415640";"Kadang kegoblokan yg hakiki akan keluar dgn sendirinya...puuiiihhhhhh";"8525366570";"ponixproduction"
"18127792858721189";"1780416567";"Seribu lebih koment gk ada yang percaya 🤣";"1506852294";"bayuragilpangestu"
"17946974421189045";"1780417041";"Bunda emosi wkwk";"2501048384";"shofy.mufid"
"18108302486312963";"1780417753";"Mana buktinya .";"2042863116";"gi_besar"
"18125802229722648";"1780418674";"😢kita lihat papua, ada pesta babi";"421742109";"yoshuaafron"
"18154916134475415";"1780421240";"Mas Teddy ini .. kebakaran jenggot... Prestasi lu apa tedd... Baru jadi Seskab karena ordal juga udah so pintar... Muke lu ngaca @teddy indra wijaya";"66381847161";"yayanputri02"
"18563369167064842";"1780425419";""3 bulan" nya itu loh unrespect bagi BOCAH INGUSAN YG DIKASIH KARPET MERAH @teddy_hq bersanding dengan Beliau @dinopattidjalal yg meniti karir LAMA di LN dan Hubungan international adalah HIDUPnya. Ini kaya Bebek ngomentarin cara berenang IKAN. GA TAU MALU. BEDA LEVEL BOSS. TAHU DIRI LAH";"51269335483";"ngobrolin_cuan"
"18065498534430707";"1780432119";"Menlu sekarangabal abal";"27091578914";"muhamadyamin0466"
"17872403097616121";"1780436475";"Dr Dino Patti Djalal luar biasa 👍";"60758900919";"listianasubekti"
"18078885704217922";"1780436734";"@khayr_2708 lebih becus yg 3 bln daripada si laki gemoy itu🤣";"14299351271";"arni8038"
"18075649178303713";"1780440403";"Hadeeuh 😮😂🤣";"1775904122";"dimas.ariotejo"
"17852180670691909";"1780443664";"Penasaran banget baca komentar.. hahahhaha..";"1482931554";"__newm00n"
"17965319961085788";"1780444095";"Neeeeeiiikkkkk 💅";"495451895";"rivaldiharun"
"18085586210532425";"1780444398";"Hayooo istri nya ngamoookkk";"5462129303";"ryuzak1234"
"17954499417129286";"1780444948";"Cuma 3 bulan kok diganti";"267513585";"shidqidiww"
"18071088164681514";"1780448303";"@sharing.asn😆";"4213698143";"noviehilmanita"
"18099688798891074";"1780449045";"Eneq banget sama orang satu nii...";"53574411923";"rumah.mizan2"
"18359166757238895";"1780449050";"baca teks jg ya seskabnya";"5629175163";"ayalisandler"
"18356841037214971";"1780449222";"😂😂";"9313204011";"meliani.mamay"
"18082704908561699";"1780449566";"Pernyataan ini sudah izin  presiden apa blm...???";"7047443110";"herdianto_ahmadin"
"18328025170249877";"1780453200";"orang pintar di kasih masukan; evaluasi kinerja.
orang do NGO di kasih masukan: ngamuk, nyerang personal, tantrum, klarifikasi, cari pembenaran, intimidasi,";"2645118412";"max_chank"
"18120037492708365";"1780453898";"@apri200254 ini era keterbukaan, era dunia dalam genggaman. Googling aja apakah memang Dino model pejabat yg meniti karir dari bawah atau model ujug² jadi pejabat";"48344102364";"tri_hasworo"
"18111240182508412";"1780456061";"@tegar.prdn 👏👏😂😂";"2253830892";"m.iqbaltj"
"18106479644298243";"1780391319";"@rizkinirwana129 jadi jgn terlalu pikir perut sendiri, Ingatperut rakyat juga punya lambung😂";"21881259475";"rizkinirwana129"
"18105360367787103";"1780391743";"Sang IBUNA ga terima euy";"5694498465";"alitkun"
"18229338052312773";"1780392328";"Masalahnya presiden terlalu sering keluar negri. Jumlah rombongan dikurangin tapi jumlah kunjungan banyak juga sama saja pemborosan. Mana efisiensi?";"3294600395";"maarifsyfl"
"17947825260187354";"1780392386";"Pantesan Si Wowo semakin menjadi-jadi, lah pendampingnya aja kek gitu 😅🤣";"702588161";"wahabcharis"
"18537980749075749";"1780393420";"😢";"74432922154";"ushaysa"
"18078700697234696";"1780393439";"Komen positif cuman di @sekretariat.kabinet doang 😂😂😂";"69728714697";"reqreatepro"
"17890524732481888";"1780393442";"";"4100941058";"ardin_td"
"17913507936401176";"1780393682";"silahkan netizen simpulkan beliau sepeti apa 😂";"6715213132";"aprianti167"
"17890280199518932";"1780393767";"@fdy_shaleem kan namanya juga karbitan 🤣🤣🤣";"3482814861";"bahri_sams1111"
"18595451746018424";"1780393790";"1. Dia bukan MenKeu. 2. Dia bukan Menlu.";"46525752240";"myannisa_kusuma"
"18116093083640004";"1780393864";"jangan terlalu diiniin lah Ted";"47866197069";"fawara26595"
"18033601241814400";"1780394038";"@rezalatas sambil matanya melotot terus ngedip pas bilang 3 bulan 😂";"7371965298";"nana03_234567890"
"18114407128867448";"1780394246";"Aduuuh si bunda sensi ya";"3228624832";"mynameisriochan"
"18072556484328766";"1780394432";"Pokoknya ada";"2166438317";"santri_metaliah"
"17928449337291170";"1780394479";"Pemimpin antik kritik yg begini di kritik lansung panas telingganya😂😂😂";"56306800539";"heri.hartono.9678"
"17862975552690948";"1780394760";"@mahonputra iya, banyak rakyat kita yang tidak memanfaatkan kebebasan berpendapat dengan baik. Dan ini bisa berpengaruh buruk apabila banyak orang yang terpengaruh dengan opini yang tidak nyata, atau opini yang dibangun oleh propaganda atau provokasi dari lembaga atau kelompok tertentu.";"47488566331";"ghiebrahn_doetha_ramadhan"
"18121815451675935";"1780395134";"@tegar.prdn betul juga ya pake Anggaran APBN 100 milyar";"43169201899";"kiki203991"
"17956712235139889";"1780395270";"@samlanang.hariyanto wkwkwkkwk udah kejang kak??😂😂😂";"2277775502";"okinurshinta"
"17997474764956292";"1780395439";"Bapak anak podowae,tdk bs terima kritik malah balik 'menghina'";"5690516350";"bagus_bagusssss"
"18357068827300734";"1780395587";"Merendahkan jabatan seskab, mentri rasa jubir";"72868600430";"putra20250303"
"18082498406445913";"1780395610";"Walaupun 3 bln, duh bibir syantik lemes amat";"194615443";"shintaratu"
"18366458458229145";"1780395723";"@ okinutshinta malah sekarang ngomongin presiden";"19321102904";"samlanang.hariyanto"
"18117543286809585";"1780395756";"Melakukan pengurangan jumlah rombongan tapi menambah intensitas kunjungan ke luar negri ya sama aja bodong,kalo apa² harus selalu presiden dan seskab yg ke luar negri ya buat apa ada kemenlu,Dubes dan konjen disana";"47358273061";"abdul_hanan86"
"17905381782264106";"1780395774";"dino ambisi bgt jd menlu, udh lewat masanya lah";"45369393822";"timmyrorims"
"17851742943694460";"1780396043";"Lah keamaren bencana sumatera aja bantuan luar negeri ditolak. Kocak";"868587670";"delianaurah"
"18096474683238842";"1780396296";"Saya sagat tidak percaya kalau prabowo memaikai uang pribadinya untuk ke luar nengri";"49605135876";"riki.simbolon"
"18353039626211261";"1780396395";"@rezalatas bocah ingusan SOMBONG, lulusan ajudan dikasi jabatan yg yg dibuat2 sndri yaa bgni hasil nya. LOL 🗿🗿🗿";"60252450401";"my_name_is_bee__"
"18015031310697006";"1780396777";"@retno_bintorowati asliii, ga sopannn gasih. sok bgt ketika ngomong 3 bulannya.";"17046667";"fansboypatrick"
"17991443945991667";"1780397194";"Kenapa harus menekankan kata 3bln!? 🤨, eh mbiaknya dari segi kualitas beda jauh, dari klarifikasi mu aja gak komprehensif cenderung ofensif ke pacarmu mbiaknya 😂";"309868888";"iamsyedmohend"
"18097142966517527";"1780397783";"Dia lagi";"4538841505";"maizarferdi"
"17951297070154290";"1780397897";"😂😂";"43819708959";"keiko_daely"
"18320409619258062";"1780397980";"klarifikasi doi world tour itu untuk membangun hubungan personal antar kepala negara agar kita dpt dengan mudah mendapatkan bantuan jika dlm kesulitan, SEDANGKAN tadi pagi saat pidato, prabowo nya bilang kalo negara lain tidak akan peduli dan tidak akan membantu jika negara ini dalam kesulitan, inkonsistensi! 
ketawa gak ni 🤣";"45120962880";"bbyomybby"
"18116891581789590";"1780398115";"@rezalatas pernyataan yang merendahkan dari tedsky";"5373282299";"dominus_nea"
"17892411318496948";"1780398296";"Intinya NYENYENYENYE😂😂😂";"5373282299";"dominus_nea"
"17989849718797364";"1780398373";"Uang pribadi... yg dicuri dari rakyat 😂";"8634167523";"midsummersequation"
"18114145495843697";"1780398753";"Hrsnya mmg sprti, kritik/opini dibalas dg penjelasan. Tinggal kami bandingkan. Bkn kritik dibalas kriminalisasi. Appreciate @teddy_hq .";"1468784153";"fauzi.renzh"
"18000352673763571";"1780399208";"Sitedi agak sombong";"2243203985";"nathan_qwert"
"17985289647004153";"1780399315";"Teddy ngaca woyy🤣";"6749885484";"lubna_hawla"
"18095523580959296";"1780400423";"Tenangin diri lo seskab🤣";"226815991";"rifanisrina"
"18109245949733217";"1780400565";"Apa yang udah diperbuat buat masyarakat? Masyarakat sejahtera apa sengsara selama prabowo Menjabat ?";"46849222507";"a7x_dmali32"
"18002713139931976";"1780401396";"Harus bgt yah menyebutkan “walau hanya 3 bulannya”";"44840171155";"tati_susilawati03"
"18136434664497786";"1780401480";"Berani ke pak dino, ucapan Amien rais noh klarifikasi😂";"2058732555";"ichsandahrul"
"17891733531494369";"1780401503";"";"740851179";"aldrienroyke"
"18077158166269514";"1780401745";"Hal mendesak nya apa si sampe bolak balik ke LN😂 tdk jelas";"1653209291";"monalisavianm"
"17990464031995314";"1780402017";"@reysalladp kurang asem emang Teddy ..infonya gak lengkap";"5457547104";"pino.nana"
"18104332267964698";"1780402855";"Kemaki tenan";"57169863788";"herukrisn7"
"18035730389796950";"1780403145";"Kalo benar apa katanya : harusnya rupiah gak anjlok parah,harga2 barang non subsidi yg bahannya import harusnya gak melonjak naik...melihat fakta di lapangan  Itu cara mudah menilai omongannya benar atau ngarang";"76897747312";"rghyudhi"
"18259007977306424";"1780403250";"@dinopattidjalal pa jangan terbawa suasana beda level ibarat langit dan jamban";"1611848754";"aldies.journey"
"17882826816590775";"1780404577";"@teddy_hq low beda jauh kelasnya sama pak @dinopattidjalal ,ijazah jejak rekam kinerja dan pengalaman low naik jabatan saja sampai ngubah UU boty boty  ngaca sana low prestasinya apa buat negara ini 😂😂😂";"19000500525";"pandu.dewa.5815"
"18081803540407035";"1780382982";"Jawaban dari pejabat yg karbitan,kosong Magna nya.";"52040430592";"ferrasindo"
"18115746898832379";"1780382986";"@dadang_eka hahaha biarin bang kasian, ini lumbung pangan nya 😂";"4257796449";"tegar.prdn"
"18074614133308951";"1780383180";"Kmren menyerang pemerintah pada happy. . . Lah di counter diluruskan kok Ngamokkkkk 🤣🤣🤣";"3501133810";"rahmadani_reza_qqq"
"18091421018337477";"1780383241";"Knp bawa2 masa jabatan..??";"2199632753";"rahmatrhyanto"
"18341651233173008";"1780383407";"jawab mention-an pak amien rais bun..";"355466249";"teguhitam"
"18049609781534610";"1780384063";"Makin jijik";"4017710077";"wana3659"
"18172292083411728";"1780384079";"@naphutagalung_ cuman mau ngingetin.. klo ngetik yg baik baik yaa krna aku yakin banget suatu saat ada momen buruk yg akan menimpa kamu sesuai kebiasaanmu";"2001932830";"izzat_rahma_aisy"
"18133765285567600";"1780384150";"@sharing.asn 😂😂😂";"1292837816";"acoqdoes1908"
"17977488354043270";"1780384227";"Bulan depan jendral bintang 1 😂";"74446375970";"wanda227963"
"17925494589350851";"1780384472";"Seperti kekasih yang membela orang terkasihnya.. hmmm..";"2676700938";"massandy007"
"17884048152579995";"1780384626";"diajarin diplomasi dan politik global sama anu😂";"1300868903";"xwidad"
"18090293180260925";"1780384656";"HMD";"3487514230";"diangafar007"
"18100978298024860";"1780384687";"Halusinasi  Megalomaniac Dimensia";"3487514230";"diangafar007"
"18138899881540949";"1780384983";"Biaya : rombongan sudah berkurang separo tapi kelebihan biaya dibayar prabowo.. Kannnnnnn";"54633705057";"ahmad.hanafitaher"
"18127045684618342";"1780385010";"Amin amin amin makoli ina ma sydudu";"5515783321";"ferypermanov"
"18098529260272744";"1780385157";"Ajudan = Jongos..😍";"7198940918";"tp.ninjawarrior"
"18008279987736245";"1780385243";"Ilmu hubungan internasional lu cetek Teddy dibandingkan pak Dino 🤣";"8538594850";"iwitwijanarko"
"18075775181283026";"1780385335";"🤮";"1741574650";"dpn29"
"17891046756488046";"1780385462";"apakah si buted ini lagi pms,,";"67737410813";"langitmendung75"
"18073251143468077";"1780385510";"Halahhj,,,si pokoknya ada?!";"46521513337";"xandalljovith"
"18096115271227202";"1780385671";"Duuuh Yuuung alah";"5352607694";"mrrosy88"
"18412842223198844";"1780385820";"secara tdk langsung meremehkan";"3567360392";"mujidjaya"
"17955415053157731";"1780385989";"cacat. Uang negara dicampur aduk sama uang pribadi aja udah JANGGAL";"1008210662";"aiucing14_"
"18051440465523708";"1780386050";"Teddy lg teddy lg";"1729707184";"devi.julie"
"18231403150313906";"1780386279";"Cantik sekali… siapa yang tidak tertarik dengan Letkol Teddy😍😍😍";"48410250954";"azwan_arsyad"
"18331475257270044";"1780386470";"Dimensyen seluruh rakyat Indonesiaaaaaa tiap hari kok diem baeekkkk 🔥🔥🔥🔥🔥";"289830703";"annanvia_"
"18096226684902637";"1780386640";"Tedy kalo kentut pssssss atau brotttt ya?";"1433382118";"candrarn44"
"17884350798418275";"1780386700";"@tegar.prdn Dengarkan baik-baik mas. Kelebihan biaya yang telah di tentukan, di tanggung pribadi";"48797414019";"apippp___25"
"18213222658328569";"1780386983";"@tauf1qhidayat sepakat, kesannya murahan bgt betul si Teddy ini";"56674116675";"srirahmawatinazar2"
"18041739176792886";"1780387290";"Bop gmn, Gilak";"56674116675";"srirahmawatinazar2"
"18122391943655415";"1780387339";"Ktnya BKN Menlu yg ngebebasin cuyyyy😂😂😂";"56674116675";"srirahmawatinazar2"
"17889008961552530";"1780387570";"Lagi ngomong ya";"44927902533";"fikarpike"
"18464963746106207";"1780387731";"Bohong. ❗️ “Tanda orang munafik ada tiga:  1. Jika berbicara ia berdusta 2. Jika berjanji ia ingkar 3. Jika dipercaya ia khianat” (HR. Bukhari dan Muslim)";"183237454";"dewopakde"
"18104006060014679";"1780387750";"@omahpitung.c70 3 bulannya di BOLD";"184885205";"herlytopi"
"18179098387394090";"1780388625";"boticot boenda tedi bacot. Ciri khas boti emang mudah tersinggung gesss, maklumin aja.";"78608950880";"wolf.44.44"
"17951681784163788";"1780388847";"@solagratia_225 kalimatnya bikin janggal,, dan intonasinya jadi disalahartikan... Bener gak sih";"47888803647";"alkitchen2021"
"17986273982825166";"1780389366";"@ okinurshinta
Kok ngomongin diri sendiri?";"19321102904";"samlanang.hariyanto"
"18041480195589941";"1780390005";"Kalau dasarnya udah BELOK. Ya susah kalau mau dilurusin. Kan jadinya malah tambah BELOK.";"1709676533";"vall.maulana"
"18105992155893023";"1780390012";"";"9756853365";"tonypratondoadi"
"18102627056022099";"1780390368";"Gak yakin juga pake uang pribadi 😂";"3022303915";"hendraiswandi79"
"17851731873694297";"1780390483";"Ora penting blas";"7730035259";"andreasarie76"
"18014510069852782";"1780390539";"Ya Allah tolong ini manusia yg engkau ciptaan kan ini d beri hidayah ..jadikan dia manusia yg takut kepadamu ya Allah sehingga dia mau menzolimin  rakyat indonesia dia takut krn engkau ya Allah";"51958829";"wcook09"
"18266017447289648";"1780390574";"Orang gilaak";"20076790996";"aris.fw"
"18138899266546769";"1780390605";"Sok pentink tedy ini 😂😂😂😂😂😂😂😂";"7501892618";"daffid7827"
"18104552953971417";"1780390698";"kan itu realita 🤣🤣🤣";"262281852";"noveldjarhum"
"18588217549005509";"1780390809";"@fdy_shaleem bener jauuuuhh bgt, tp keminter bgt si bot";"1537127";"mima_rushdi"
"17922008754141826";"1780391266";"Harus kah dipercaya?????";"49886895279";"123iskar"
"17977006371043841";"1780391267";"Eh Bantet Lo karbitan";"42487942";"arie_acong"
"18355621576241131";"1780391277";"Waduh hebat juga ya 1,5 tahun bnyak prestasi, klu pun bnyak prestasi tpi dolar kok naik terus buna syg? Tau gak semua bahan makanan susu dll naik semua loh pikir gak sampai distu? Kami punya perut dan ada keluarga juga yg harus di nafkahi, penghasilan kami kecil gk seperti dirimu buna, jgnkan miliaran aset, 5 juta aja nyangkut di ATM pun tidak pernah 🔥🔥🔥";"21881259475";"rizkinirwana129"
"17916465186179776";"1780377289";"Intinya membela diri boti😂";"3996346372";"sa_tria09"
"18113722192870209";"1780377329";"Sign kiri beloknya ke kanan kog mirip ama @jokowi Mulyono 😮😮😮";"1760016760";"armanto_sinergy"
"18089963639057206";"1780377362";"Aceh belum pulih🥹🙏🏻";"615084342";"faridanasicha"
"18104843614808295";"1780377579";"Tet tet bnyakin belajar tet ama pak dino jgn instan klw ke atas";"55136708313";"suciayu777"
"17998339607950555";"1780377591";"🤕🤕🤕";"1578710904";"irsatsekti"
"18109093096927867";"1780377653";"Astaga Boti..";"61884308637";"ernest_ms_1"
"18095840927237176";"1780377715";"Walau hanya 3 bulan, gapapa.  Yang penting bukan karbit";"3536712343";"arryanra98_"
"17913344010202838";"1780377779";"Walau hanya utak atik aturan";"3536712343";"arryanra98_"
"18208320856340298";"1780377820";"Pak Dino Patti Djalal, bukan karbitan jadi diplomat, bukan pula karbitan jadi pejabat.";"2250051359";"itsnovic"
"18363786484233450";"1780377821";"Ngapusiiii....";"64682798816";"dedybudi03"
"17892228216529166";"1780377835";"Ohh sidino scara ga langsung, bikin teddy maparin hasil kinerja pemerintah selama 1,5 tahun..
Kyk annual report tahunan perusahaan,,
Bedanya di share ke medsos,,

Sohiban sidino juga,,";"6919068767";"rezzahydar.amd.se"
"17930150190324022";"1780377852";"Sok Cantik";"5804670166";"bortosumangkong"
"18044842337619181";"1780377925";"Boss jangan songong diatas langit ada langit boss";"1539981357";"hf_vhf_uhf"
"18137158420477202";"1780377929";"@apri200254  Ga baperan mas seh tapi sama senior kok bgitu ☺️☺️☺️";"2509330194";"azie_fachrurozi"
"17861549127635026";"1780378149";"tidak etis menyebut masa jabatan, walau bagaimanapun pak @dinopattidjalal  diplomat hebat , harus lebih dihormati";"9038703117";"rifkiazzayaan"
"18133881382508436";"1780378185";"Entah apa dosa nenek moyang bangsa kita sampai selalu mendapat cobaan berat terus..
sebelumnya ada anak presiden yg dikarbit sekarang dicoba lagi dengan istri presiden yg karbitan juga..";"1932704826";"sherllymjenich"
"18399433081158374";"1780378226";"Serius nanya apa sisanya emang pake dana pribadi ?";"61686469690";"taubarani_mattorang"
"17942753262032404";"1780378277";"Kalo kurang percaya temuin aja orangnya mas. Sekalian minta bukti transaksi. 🙏😃";"60750784084";"haji.brahm"
"18091741598366290";"1780378313";"Sehat selalu pak Dino Patti Djalal, kita jadi penonton aja ya pak.";"2235740055";"non.nya"
"18085197146407964";"1780378607";"Masya Allah semangat pak seskab Alhamdulillah sudah dijelaskan secara detail bagi yg gk paham biar paham";"5596845918";"zurnain327"
"18133375402568856";"1780378856";"Maklumim aja si tiwi kn boty😂🤣";"77896572333";"bangprasetiyo_"
"17982829058840149";"1780378880";"masuk BRICS mah ga perlu kunjungan2 puluhan ratusan milyat jg bs, memang masuknya Indonesia itu ditggu2 koq, krn polarisasi kekuatan dunia lg cari2 kekuatan negara besar buat bergabung…jd bukan satu pencapaian akibat kunjungan2 ini, hrsnya klo punya empati dan kesadaran diri hrsnya bs ngukur brp konversi return yg sepadan dg anggaran yg keluar utk jalan2 yg ga jelas returnnya ini, prioritas utama saat ini itu bagaimana memulihkan tekanan ekonomi di msy, bgaimana menggerakkan sektor UMKM, gmn kebijakan2 yg membuat investor asing itu percaya dg peluang ekonomi Indonesia, bagaimana membuat lapangan kerja baru agar menampung sektor2 private yg selama ini tertekan dan hrs merumahkan karyawan…ga perlu jalan2 dlm interval wkt sesingkat itu, efisiensi hny berjalan di bawah sementata pemimpinnya ga menunjukkan EMPATI!!";"268257191";"indrihafsari"
"18588914521000165";"1780378941";"@melasarikarima buzzer";"268257191";"indrihafsari"
"17886422046394984";"1780378999";"Beliau Jubirnya Pak SBY, Dubes RI untuk Amerika, pengalamannya luar biasa panjang, cara penyampaian Pak Dino sangat penuh hormat";"1978138959";"mahafidzcom"
"18085785206098475";"1780379022";"Koplo ....";"7262814";"dddmiko"
"18110320169497809";"1780379153";"@vanesa14d ya gak tau.";"55541323791";"sito.wasiati"
"18076951487259323";"1780379162";"Ni org makin bengkok";"228094369";"lazar3v"
"17913455352200840";"1780379502";"Daripada lu yg ngomong mending si doinya langsung aja. Oh ya beliau gabisa public speaking";"1579077908";"seikatsurugi"
"18105357836299224";"1780379662";"@sharing.asn waduhh bisa aja si mimin😂";"2226331924";"rukoyah20"
"17961734465947661";"1780379837";"@tegar.prdn 🤣";"1482177595";"kresni_wulan"
"17963065041093836";"1780379891";"Aseli kusut 😂😂😂😂";"1263095509";"abah_why28"
"17875474623486914";"1780380233";"";"5898254837";"ibnupratt"
"18140603962523651";"1780380337";"Blunder lagii😂";"78366362093";"mustamirwalidi"
"18086830610244451";"1780380635";"Jadi inget kata wartawan, si Tedy angle nya kiri ya. Jadi kalo ngeshoot bagian kiri awokawok. Mana ada cowo sampe merhatiin angle";"41202595024";"naaaskkss"
"18103530991824210";"1780380665";"orang dibales pakai sapi qurban 1.1 ton😂";"47909893915";"bangdoelr"
"18392149000091321";"1780380687";"😂";"60294563773";"avizsugeng"
"18104009483072540";"1780380745";"Gua mah lebih percaya pak dino dari pada teddy";"2062485681";"binsar_siahaan"
"17911731000405438";"1780380939";"banyak akun fake langsung nyerang 🤣";"2707765917";"tuan_mudaa14"
"18118039996781439";"1780380959";"Rusak 2";"49112297953";"jonet.wa"
"18093787967104834";"1780381042";"@tegar.prdn cakep nih";"38948260";"bangucu"
"18078972053217909";"1780381186";"Dasar boti";"7324263555";"anugrahiman.315"
"17924710203349804";"1780381206";"@rifki______.12 dosa lo bang fitnah kyk gitu...dicatet tu di akherat.";"1478999243";"dian.novayanti"
"18107755420945122";"1780381235";"";"48829620636";"zainizaini591"
"17956589625131002";"1780381285";"kalau pakai uang pribadi seharusnya tampilin donh berapa besarannya yg dikeluarkan untuk biaya tsb";"4000816534";"leewinhooo"
"17904700995263772";"1780381417";"😮🤣";"7113438507";"abdulrm_2673"
"17964191822933854";"1780381539";"Jia haha dibela dong. Protektif bgt buna 🤣";"47638556496";"nanna.21s"
"17887014129557733";"1780381647";"Kedipan matanya ituloh penuh kebohongan dan kebotian 😂";"1950965737";"spada_asmorodono"
"18000809195763259";"1780382297";"Total politik sengaja emang 😛";"1706263072";"priyoagunglanj"
"18081823580406771";"1780382711";"Bulan madu";"4287681529";"titovanhokie"
"18083801864126876";"1780373531";"Yg Ga percayaaaaaaa sini ngumpul 🤣🤣🤣🤣";"6197004312";"megelien_akihary"
"18123052072572352";"1780373633";"@visitime sugiono lg bikin video jpg bareng ikari moriyana😂";"1794602092";"naphutagalung_"
"18107505604763275";"1780373655";"Jilid bgt mami Teted, pake bilang walau hanya sekitar 3 bulan.... Omon2 doang transportas kagak. Ditalangin duid presiden katanya pret... Ratusan miliar udah 50an kali emang iya ...yang pegang uang negara please ditawan aja rakyat biar uang ga diambilin si Lemak";"3988807263";"thenameisyh_puruuuhd_____"
"18081582488334096";"1780373714";"Gajelas lu botty";"6942133996";"____ardikha"
"17937157188251237";"1780373770";"🤣Lagi² Buna berulah 😂 tinggal by via DM atau WhatsApp bisa x,ga usah gini jg wkwkwkwkw,Buna nih aneh";"44358057866";"mas.94lih"
"18083487308138112";"1780373774";"Hasilnya apa yaa kunjunganmu itu ? 50 x Bolak balik ke LN ga bikin investor percaya kebijakan kalian, rupiah menguat ??? Kunjungan ke LN hasilnya nol cuma hambur2in duit aja kalian";"376670791";"f_wulansari9"
"18603868642058698";"1780373822";"Emak2 sok tau";"4046033101";"wijayantoogok36"
"17929411509315251";"1780373903";"@yusufadhimas ga bang, saya sering ngeliat news di stokbit BI itu udah naikin suku bunga juga. Bahkan si pur udah mewajibkan eksportir buat parkir dolarnya di Bank Indonesia. Saya kutipin biar jelas by data ya. Rupiah Cetak Penutupan Terlemah Meski Harga Minyak -5,3%
Harga minyak Brent turun -5,3% ke ~US$94,9/barrel pada Senin (25/5) sore, didorong oleh harapan tercapainya kesepakatan AS-Iran untuk mengakhiri perang, meski Presiden Trump mengatakan tidak akan "terburu-buru" untuk mencapai kesepakatan yang "bahkan belum sepenuhnya dinegosiasikan."
Sementara itu, nilai tukar rupiah terhadap dolar AS pada hari ini justru ditutup melemah ke 17.743 (-0,19%), menandai level penutupan terendah sepanjang masa dan mendekati level all-time low pada intraday Rabu (20/5) di 17.760 sebelum Bank Indonesia memutuskan untuk menaikkan suku bunga BI Rate +50 bps.
Pelemahan nilai tukar rupiah di tengah penurunan harga minyak - yang secara teoritis mendukung neraca pembayaran Indonesia - mengindikasikan bahwa fokus pasar saat ini berada pada perkembangan faktor lain, seperti sentralisasi ekspor komoditas dan faktor lainnya.
Ke depan, investor akan memantau finalisasi aturan pelaksana sentralisasi ekspor komoditas, perkembangan pengelolaan fiskal, serta potensi outflow tambahan seiring rebalancing MSCI dan FTSE, yang efektif masing-masing pada 1 Juni 2026 dan 22 Juni 2026";"14193377341";"kiwpieee_"
"18081723200172787";"1780374052";"Tau Khan sekarang kenapa ...... Pokoknya ada";"7442499064";"sport_and_funtastic"
"17940010317215177";"1780374153";"🤣🤣🤣🤣🤣🤣🤣🤣🤣";"10803705742";"utami880"
"18103867297970548";"1780374225";"Bukan soalnya uang pribadi dll";"7174389407";"milloy1012"
"17915291055390703";"1780374337";"@yusufadhimas yg penting tunggu waktu aja bang, saya juga kalau gini terus bisa miskin lama lama sebagai ritel. Bukan bermaksud mendukung opini pemerintah bagus, saya berharap juga biar perekonomian indo membaik. Ngeliat grafik perbankan merah semua aja muak😭";"14193377341";"kiwpieee_"
"18154996132417615";"1780374370";"Gak ada pencapaian nol besar";"5596922980";"sry5907"
"17886331644393977";"1780374439";"Urusan negara pakai uang negara, urusan pribadi pakai uang pribadi, jangan dicampur aduk, atau dibalik2.... Karena semua ada hisabnya diakhirat walaupun sebesar bijih atom....";"3551584742";"dasp2802"
"18003365738750834";"1780374586";"Wahh begitu yaak , merangkap jadi jubir sekarang , nah pertannyannya dia sadar g kalo previldege u buna teddy ini bisa menghancurkan sistem d TNI yang sdh lama berjalan";"17945519895";"danielmarwade"
"18117042385764386";"1780374663";"@fdy_shaleem ini yang nulis pak dino sendiri yaa pakai akun shaleeem?😮";"1493271912";"wongndalem___"
"18079643936212857";"1780374760";"Heeddeehhh.....";"1333433551";"jotocarlos"
"18006454535875233";"1780374778";"menurut pendapat saya letkol teddy merupakan anak muda yang sangat cerdas, brillian dan memiliki segudang prestasi dan pengalaman ,tidak salah jika presiden ke 7 bapak jokowi dan presiden ke 8 bapak prabowo meminta beliau menjadi orang dekat nya agar dapat bekerja bersama sama memajukan negara yang kita cintai,beliau merupakan contoh anak muda yang kaya dengan ilmu pengetahuan dan memiliki adab dan integritas yang di atas rata rata generasi muda.Semoga letkol teddy diberikan kesehatan dan keselamatan dalam mengemban tugas negara";"53544768766";"januari5203"
"17891191548489366";"1780374793";"INDONESIA NEGARA AAANJJIIING";"69429698988";"chanv_28"
"17973490929025458";"1780374815";"@realmrbert bner. Knapa harus ada kata2 walo hanya 3 bulan";"1542821521";"ndzmuh"
"18068429435694994";"1780374845";"@teddy_hq @dinopattidjalal jumpa aja di ruang public langsung , keluarkan ide ide briliand untuk kemajuan bangsa ini. biar aku bisa lihat ide siapa yang paling TOP";"31590457255";"allpiliang82"
"18121812268679973";"1780374918";"Amin raiss gelandangan politik😂";"3051995171";"shimygoo15"
"17884750104569543";"1780374989";"Bukan masalah dana kunjungan pribadi ditanggung pribadi, tapi hasilnya apa? Di negeri sendiri aja, pajak PT, CV, dinaikin, PHK banyak. Kenapa gak fokus rumah tangga sendiri dulu???";"4521598461";"kseno23"
"18117564757747300";"1780375037";"😂😂😂";"2150212530";"paujinurahman"
"18106876210770642";"1780375040";"Gatau malu bgt lu tedy dih!!!!!!!";"387630029";"nonayuu"
"17928310968299618";"1780375088";"NgenTedd😂";"56767755663";"banarannnnn"
"18212434756332882";"1780375097";"@yudadwiaprian29 dari dulu kek gitu pak. Lu aja yg kudet. Tp EMG media2 skrg PDA kek jatuhin PK bowo, dan cenderung mem provokasi masyarakat. Parah ah";"52143942276";"gg16027"
"17891722920487273";"1780375211";"BALIKNYA BAWA IMPORT DARI PERANCIS 🤣";"60881168387";"xbamboox.1112"
"18124227721631033";"1780375212";"Kok kayak jdi bego kita dengannya,!!!!!!!utang negara nambah tp sekolah ttp bayar, bahan pkok malah mahal, hutan habis, dolar meroket, cari rupiah d negara sendiri Makin sulit.";"49380944758";"effendirendra"
"18105017638951860";"1780375364";"🦶";"1084206561";"prettylabel"
"17901143385449710";"1780375383";"";"68563426983";"ffuffuffaffack"
"18131305366609328";"1780375401";"Peribahasa "menepuk air di dulang, terpercik muka sendiri" bermakna melakukan sesuatu yang berniat memburukkan orang lain, tetapi justru memalukan atau merugikan diri sendiri.";"6579360506";"sahamdaily"
"18080322455195334";"1780375426";"Hhhhh...dah bang fokus ke tentara kau saja";"32266436260";"zidni_ckd"
"17879088681457984";"1780375465";"😂😂😂";"52581677291";"boba_bobiii"
"17941169826229821";"1780375691";"Ngomong apa sih?";"8379035719";"putriwindasr2_"
"18103724680825263";"1780375895";"Wuih huebattt ini dia yg dicari bangsa Indonesiah putra Bangsa Yg brilian segera ini sebentar lagi pecah telur bintang usia muda 👏sukses terus pak letkol Seskab Teddy";"42057458";"vincentwgkr"
"18113568862893904";"1780375934";"Pokoknya ada cyiin";"1825699748";"machenizer"
"18010744490913344";"1780375988";"@mustaan_alfaruqi wowkowk dulu ada Menkosaurus(menti koordinasi segala urusan) sekarang.... Ini";"1825699748";"machenizer"
"18109830536491640";"1780376416";"@fdy_shaleem Dan ditekankan "wakil...hanya 3 bulan"""";"304017862";"kristinokta"
"18316225198261347";"1780376438";""Pokoknya ada.." ||.Pake uang pribadi ? Dobolodon....!!!";"75191517684";"quincy_200525"
"18154103635487361";"1780376485";"Heran ke prancis melulu ?ada apa dg prancis ?";"80092096299";"sadarnainggolan7"
"18073492865677218";"1780376763";"";"349555063";"rezaldichr"
"18103998358921750";"1780377079";"Masalahnya... Program penghematan yang di lakukan tidak sejalan dengan tindakannya";"33977765328";"tjan.dre"
"17916585366181792";"1780377104";"Jgn baper tedy";"5381091836";"wardiman_98"
"17906837076424518";"1780377175";"Idih berperan aktif dalam perdamaian palestina tapi ikut organisasi dajjal bareng Trumpret dkk 🤮 jadi pertemuan sama Trumpret dkk dajjalnya itu pertemuan yg benar-benar mendesak ya? Sampe jadi bahan lelucon komika LN 🫩 shame on you!";"77298465368";"mamah_bercerita"
"17859162426640171";"1780377192";"Sedang melihat satu kebiasaan membela suami yg salah, dengan cara salah. Tapi karena harus dilakukan karena tidak terima suami dikasih tahu yg sebenarnya.

Defensif adalah cara istri menjaga suami.

Apakah sudah belajar jadi istri2 yg baik kah kalian para istri?";"2305973144";"petrus_tampubolon"
"18112615030860838";"1780377225";"Gobloknya minta ampun....presiden punya jubir,tp yg bicara malah ni org";"49698663488";"dfdaf_7"
"17935962846254922";"1780377286";"Buktikan lewat audit independen..";"71388743591";"rajobujang_02"
"18373816861205026";"1780370729";"emak emak komplek sore hari";"2031963647";"krisyandif"
"18181539070386454";"1780370759";"😪";"1947251306";"nanikande_"
"18089730188579058";"1780370776";"Katakan preet katakan preeeet";"1812317542";"unyunkunyunk"
"18084972281118337";"1780370787";"@fdy_shaleem mentang² senior lebih jago gitu ? Jaman dino sikon nya beda. Yakin semua pejabat itu bersih, termasuk dino yg dulu ngejabat ?";"65592514268";"anwarrsyaifulloh"
"18119751337683186";"1780370915";"Jawaban Defensif & merendahkan.";"4784024502";"rajutan.dee"
"18123733144645471";"1780370968";"Makin kesini makin bikin muak...";"1929924741";"antonyyk15"
"18179155933398500";"1780371060";"Ngerendahin ne orang🤣. Ted.. dikau terlalu menggampangkan";"4324023859";"wahyuningsihkotrek"
"17888057805555586";"1780371067";"Cara baik menyampaikan pendapat bagaimana ia, apa harus no comment. Wajarlah banyak orang bertanya, salah satu statement mengenai biaya yang di luar di tanggung biaya sendiri. Bagaimana bisa percaya yang qurban saja pake APBN, apalagi yg kontek dalam mengurus kepentingan negara. Masa kunker duit sendiri, sedang qurban pake duit masyarakat. Logikanya kebalik nggak ia";"1685749986";"iwannoers"
"18415732585182768";"1780371120";"Perdana mentri kita ini";"4576848708";"davidjoudikp_"
"17953074261076324";"1780371138";"";"65125349040";"warholisme_"
"18105358208078118";"1780371147";"bunaaaa😍";"3937265093";"_hfezzz"
"18190627003372733";"1780371182";"gak level loe. ted😢";"34693783350";"stepanus68"
"18089655509360715";"1780371189";"Ndasmu ... Omongan apapun yg dikatakan / yg dikeluarkan oleh mulut pihak istana dari setiap level tingkat jabatannya , sudah sangat tidak tertarik utk mendengarnya & menggubrisnya !!!!! 👎❌🚫⛔";"48760770820";"acengazizmuslim"
"18014032940900331";"1780371211";"Walau hanya...😢";"52522093286";"dieuppi"
"18351836923208953";"1780371325";"Kelebihan biaya kok malah di tanggung sama pak pres.. Bukannya seharusnya kekurangan biaya perjalanan yaa..?? Tapi sulit juga buat dipercaya kalo memang ditanggung sama pak pres semua,, kan perjalanan keluar negerinya banyak.. Sapi aja ditanggung sama APBN tapi perjalanan keluar negeri ditanggung sendiri..";"2345145374";"irfanpannur"
"18090968066202194";"1780371496";"Kamu itu siapa?";"1914522995";"wihaickal"
"17890839807540115";"1780371608";"Gak ada yg di capai 1.5 thn ini malaj semrawutttttt tedeyyyyy";"11635425283";"hartatikrizqy"
"18052121207758115";"1780371662";"Semoga 3 bulan ke depan ada perubahan";"76263355807";"han_forsot"
"17951448405077201";"1780371772";"Pokoknya ADA 💦";"1468674459";"shinchan_jr"
"18131884342577283";"1780371773";"Manusia ini ngomong apa sih? Harusnya beliau jago tembak-menembak,bukan jago bersilat lidah 🤦🏻";"8615928538";"shavo_leonardo"
"17910725310221156";"1780371855";"Kalah kelas sama pak Dino";"2354222310";"hokki_rent_motor_bike_"
"17992643867794536";"1780371981";"Kalo lagi dapet emang sedikit sensi😢";"190542765";"trlf"
"17921611431361655";"1780371992";"Astaghfirullah wong iki";"30603018090";"kopi__juang"
"18085084601417512";"1780372004";"@fdy_shaleem seorang belum tentu bisa seperti bapaknya...tapi waktu jadi wakil menteri 3 bln sdh dijadikan patokan ...itu tdk bisa..kecuali dr dino sdh berpengalaman dg waktu yg bertahun2x...ini baru 3 bln dijadikan patokan...sepertinya dr dino..orangnya yusuf kala..karena orang2x itu berjudi akankah pak prabowo akan bertahan sampai beberapa bulan...";"44694024274";"wina72020"
"17891670306483918";"1780372014";"@andrihutasoit pkknya ada";"1815932398";"eko_aristyo"
"18103825690959975";"1780372062";"@omahpitung.c70 "nyinyir" mas";"5802491";"sandy_svp"
"18122014921659420";"1780372075";"@yudadwiaprian29 kalau tidak tahu...pastinya jangan disebar";"44694024274";"wina72020"
"17961904737005712";"1780372085";"w suka gaya lu bang😎";"6259936083";"winna.oktavia.16"
"18106756171979498";"1780372103";"Begini kalo ibu2 gak mau di kasih nasehat. Bunda Teddy.";"655484776";"andrigiwangkara"
"17921946003147450";"1780372153";"@eko_aristyo kok smbil ngebayangin ya🫣";"771153529";"andrihutasoit"
"18072041207330460";"1780372310";"Response yg 🙈🙈🙈";"4526758888";"jomercyap"
"18109531861933127";"1780372359";"@khayr_2708 lha raimu dewe sopo cuk dibandingno dino?";"5510025989";"ai.sus"
"17856866619659444";"1780372369";"";"4272394304";"andyramadhn"
"18069692630682977";"1780372378";"Memang cocok sm arisan ibu2  jgn jd Seskab, laki kok julid...";"48297803435";"deddy.dst"
"17996464049781454";"1780372408";"@dewinta_ambaruni oh mama oh papa";"5510025989";"ai.sus"
"18100544000174476";"1780372582";"si kesayangan wowo membela😂🤣👏🤮";"1090736784";"deni.chen"
"17937324387251492";"1780372620";"masa pake uang pribadiiii , kurban ajah ApBN, ayolahh kalo boong ga usah berlebihannn";"21950548865";"ibnu.sofa_"
"18394172650091628";"1780372633";"@warkopjurnalis saran klo bisa pak dino ajak debat si ini orang...";"1090736784";"deni.chen"
"18031056620635645";"1780372672";"@yudhieprwnt_ lu... yg lgbt.  Beserta keturunan lu";"77284578037";"melasarikarima"
"17860956246650306";"1780372741";"Jutek";"4103252478";"jemmyibnusuardi"
"18327172438251401";"1780372807";"emng g MALU KORBAN PKE UANG APBN??KLUAR NEGERI PKE UANG....😂😂😂";"1466140444";"dyahmanizz"
"18354505204212921";"1780372816";"Walau Botited mrendahkan 3 bulan😂";"68267238166";"bloon7777"
"18127106065574611";"1780372890";"@yudadwiaprian29 otak u suruh  banyakin literasi dikit napah.. baru julid... sapi kurban undang2 nya dr jaman suharto .. mngkin sblm lahir apa masih piyik keleuss😂😂";"1375232047";"isizymili9"
"18091318904614956";"1780372891";"Menghina dengan bilang walau hanya 3 bulan? Seskab begini";"43769447755";"ryfanelfansyah_"
"17919219981161248";"1780372939";"@ari_btp makanya bos pnya sekretaris di perusahaan ente.. jd ngerti fungsi sekretaris apa";"1375232047";"isizymili9"
"18101775899470235";"1780372973";"Sakit hati dia karna di pecat 🤣";"4276307812";"deni_melsa"
"18533262088076138";"1780373012";"Ini yang jawab Seskab banget nih ?. 🙌";"8068045047";"galan_rezki"
"18055677446724828";"1780373040";"@tegar.prdn cukup bg mereka yg kurban aku yg malu 🙈";"2326243410";"pindirifqi"
"18321866596262522";"1780373227";"Dia dapat darimana? Ngak berkuasa aja bisnisnya semua mandeg😂";"26695134089";"kodehitamputih_"
"17949239934000810";"1780368430";"Lebih percaya pak @dinopattidjalal. Bagikan 1.038 sapi kurban aja pake dana APBN. Nggak ada yang percaya jalan-jalan ke LN berkedok kunjungan kerja pake dana pribadi apalagi hasilnya ZONK. Ekonomi makin hancur, investor asing tidak percaya investasi di Indonesia, dana asing kencang keluar dari Indonesia tercermin dari pelemahan rupiah yg terparah sepanjang sejarah.";"3419897976";"surya_gemala"
"17953197549144897";"1780368446";"Terus Masyarakat dipaksa untuk percaya gitu 😂, mobil maung aja dibawak ke LN, gmn ceritanya wkwkw";"10650277473";"gotham_boyss"
"18407711809146107";"1780368493";"lau siape mpruy??????";"23079966948";"belumasing"
"17916587763179965";"1780368494";"Kok gak ada yg dukung pak tedi ya ?";"281898217";"padank_rockcity"
"17872462287614193";"1780368529";"Wowo pasti senyum-senyum liat video bunda lagi "nyebokin" dia🔥";"5868629881";"sutansrmb"
"17902947381442457";"1780368584";"susah nyari pembuktian palsunya bang😂 kalo ini akan bisa bilang alesan pake duit pribadi";"23079966948";"belumasing"
"18084950117384172";"1780368664";"Kurban saja pakek uang APBN. Apalagi kalo keluar negeri😂";"4315207120";"fhazsky62"
"17943239670027343";"1780368671";"Sensian amat bu";"2338827159";"naufalshubhii"
"18441337783191736";"1780368679";"Hasilnya apa? Rupiah ambruk, pertahanan kuat? iya kuat dalam membully rakyatnya, jujur bagi orang awam adalah hasil dilapangan, bukan sekedar omon-omon, tai";"58462903203";"payjho_99"
"18006239945917446";"1780368797";"3 bulan aja tapi pengalaman yg lain lebih hebat dari pada kamu Bun.. Gimana critanya pakai uang pribadi 😂 Qurban aja pakai APBN. Kebalik Bunda... Ngelawak 😂😂";"5638269632";"dwirumi92"
"17974699158021060";"1780368798";"@sharing.asn hehh 😂";"846607505";"lyafahmi"
"18092105194990187";"1780368822";"Suruh hidung di operasi giyyy gede buangettt tuch";"54991549789";"nclemoaja"
"18442493602186435";"1780368857";"Sekretaris Ganteng sedang membela Boss nya ❤️❤️
Enjoy keliling Dunianya 🩵🩵
Dunia berasa milik berdua ❤️❤️❤️";"71686419440";"max_2nds_stuff"
"18000818195941754";"1780368917";"Terserah kamulah ted. Kamu itu dikasih masukan oleh seorang diplomat senior, tapi respon kamu seperti itu. Kualitas kamu itu jomplang banget dibandingkan dgn Mr. Dino Patti Djalal. Seharusnya kamu lebih bijak dlm menanggapi masukan tsb.";"7352433426";"daniel.wibawa"
"17963728947091487";"1780369118";"AI.";"58473962399";"aib_prasetyo"
"17880582879447820";"1780369137";"Hhhhh.. pokoe ono😂😂😂";"8733324314";"mustofa_zuhri"
"18343124113168759";"1780369157";"@mustaan_alfaruqi Boti emang gitu";"51197010747";"hrxgn"
"17872217100615072";"1780369211";"Malu guys Seskab kita sekelas Tedy, dari cara ngomong nya aja ampun dah sok paling intelektual padahal yg di omongin dia itu kosong, padahal banyak orang pinter di Indonesia";"76242657304";"brando.sil"
"18049810385774586";"1780369341";"Jadi yg rakyat rasakan adalah

1. terlalu banyak klaim sepihak. Tapi rakyat tdk dikasi tahu2 data validnya ( contoh misalnya kunjungan keluar negeri dan berkurban sapi dibilang pakai dana pribadi. Tp mana buktinya ya ? )

2, banyak yg tdk sesuai arahanya dari beliau. Bicara dgn tindakan berbeda ( contoh. Misalnya Beliau pernah bilang semua pejabat mulai efisiensi. Jgn keluar negeri trus. Sebisanya hemat. Tp kenyataan dilapangan masih berbeda)

3, Dan beliau banyak bilang prestasi yg telah dicapai. Membawa investasi ribuan triliun. Tp manfaat langsung utk rakyat bawah tetap tdk berasa ya ?? Dollar tetap melambung tinggi. Tanpa ada statement jelas ini mau kemana cara kita bertahan dari situasi sulit ini. 

Ini hanya sebagian contoh yg bikin sebagian besar rakyat tdk puas ya.

Solusi pribadi saya. Jika data lengkap n transparan diinfokan ke semua rakyat Dan semua ucapan yg dijanjikan di praktekkan sesuai.  Dan ada kejujuran yg  diinfokan. Dan itikat baik lainnya. Nah ini rakyat jg akan paham dan mendukung ya. Jika transparansi terwujud. Dan ada manfaat lgsg jangka panjang dan jangka pendek yg dpt dirasakan rakyat bawah paling terutamaIbarat pepatah berat sama2 dipikul. Ringan sama2 dijinjing. 

Semoga Indonesia semakin maju.

Makasi ( salam dari WNI yg sangat sedih liat kondisi negara )";"467040296";"junpembagikacang"
"18327269290249434";"1780369557";"Kotoran kek begini berkuasa karena peliharaan penguasa bukan karena kemampuan, pandai pula menyindir org lain yg cuma menjabat 3 bulan katanya 😂😂😂 utk apa berkuasa lama kalau cuma jadi hama dan penyakit";"66311650941";"penyelam.hitam"
"18178885351403881";"1780369657";"Ucapan sama kenyataanya beda jauh...jauh2 keluar negri hanya utk dijajah negri yg dikunjungi 😆😆😆";"66311650941";"penyelam.hitam"
"18172860805416234";"1780369671";"Bro beli kurban sapi aja pake APBN";"290155160";"joshkushartanto"
"18110058025934574";"1780369704";"me, as a citizen, respect to Mr. @dinopattidjalal 🤝🔥 - SIN $ 14.000,  UD $ 17.800 makasih...";"1821150138";"si_bororonald"
"17952189588158868";"1780369707";"Dari awal dia speech ajaa di beberapa kalimat dia sdh merendahkan pak dino";"1497196387";"homemadeby.isa"
"17894369430472436";"1780369788";"Kurang berbobot argumentasinya";"4112481254";"ikhwanudinwan"
"17971668783178695";"1780369871";"Negara ada Bakom badan komunikasi kan?";"1528180135";"imam_suprabowo"
"18039005102639004";"1780370034";"knp mulut yg b3gini rada2 mirip ya";"72319283083";"dirumahaja2025"
"18123288934711544";"1780370068";"@tegar.prdn 🫣🫣";"1182761363";"ayraaiko"
"18120969298674919";"1780370118";"Mana berani dia kalau harus diskusi langsung... Modalnya hanya cegat2 orang yg mau deket Presiden";"191259628";"vinbiswan"
"18111209071765001";"1780370129";"@kasinah78tw setuju.. Rata2 boti emang keq gicu kyan yah 😍😂😂";"43997919137";"soeltanbb"
"18091568216363554";"1780370142";"@fdy_shaleem pemula mencoba mendikte seorang ahli 😂";"1555118102";"sptynw"
"18045426152569126";"1780370162";"@sekretariat.kabinet kartu double kosongnya indonesia";"33988842";"fathanmubinan"
"18450028294115773";"1780370243";"@tegar.prdn Bhapp!!!!";"2029127236";"abi_al_el"
"17868356547623458";"1780370286";"🤣🤣🤣🤣🤣";"61939712443";"apriliaaprilia4257"
"17888014800556102";"1780370295";"Pak Dino lebih mantap🔥";"1702858108";"dae_dompu"
"17952130995175398";"1780370306";"Lemessssss...shame on you!!!";"6211978671";"mrs_schwarzkopf_"
"18006117755869988";"1780370361";"Ijo ijo ITU EMANG gada OTAK, klo ada OTAK juga ga ijo... PAHAM??????";"4746402185";"riowibowo4809"
"17976376119036781";"1780370372";"Masalahnya Dino gak kebagian daging";"9871304340";"harisantoso45"
"18065511440433979";"1780370375";"Blunder";"5734304348";"hayaqu_22"
"18413831986195271";"1780370544";"@visitime nahh itu dia ....kok opo2 teddy ....hadeww....kritik tangkis kritik tangkis 👎👎👎";"33191695488";"sandradewi403"
"18468596986097052";"1780370551";"@missavilaai_ ga bisa juga, ada akun yg upload bahwa utk anggaranpun ada mekanismenya dan itu diatur dlm uu jg. Malah bisa diperkarakan juga katanya. Makanya blunder itu si tedi";"5734304348";"hayaqu_22"
"17929614492294378";"1780370553";"Secara tidak langsung menghina dgn menyebut hanya 3bulan";"7108487144";"kaumtersisih_"
"17854060902680735";"1780370580";"@erliza_levenra duit pribadi weee🙌";"4109965731";"oktaviahidayati23"
"18108638752937587";"1780370594";"@mizaaarrr iya emang masalah buat lo?";"2010092062";"pinky_utari"
"18085519607381388";"1780370660";"💩";"44605709927";"idrh0p3"
"18104813393510312";"1780370660";"@samlanang.hariyanto nih yg sdm rendah muncul satu😂😂😂😂akhirnya ngaku dia";"2277775502";"okinurshinta"
"17896513617464176";"1780370693";"";"53578385916";"rusydansuhail"
"18118461247831886";"1780370705";"Dulu jokowi punya luhut ...sekarang @prabowo punya @tedsky89  mantap kali mereka memang duet maut";"2937956423";"isnainihayati11"
"17956329549145838";"1780367167";"Sudah tak percaya lagi";"5505187954";"yogiproxy"
"17892111834492400";"1780367198";"Bocah kemaren sore 😂";"8335438815";"azizy091"
"17902325865439574";"1780367204";"Antikritik adalah prinsip pejabat negara ini";"43697098213";"iffadeeeee"
"18104104571007935";"1780367224";"LENGSERIN PRABOWO DAN ANTEK2NYA!!!";"3940970514";"rizkiamd.rad"
"17921653209361026";"1780367257";"@retno_bintorowati Dino Pati jalal rintisan tulen? So what?bapaknya aja diplomat dianya diplomat dibilang rintisan tulen?mulai besok mending pergi aja ke posyandu minta MBG biar ad isi otak lo😂😂";"7135159488";"apri200254"
"18049482941761746";"1780367262";"Sepertinya Pak Dino SUDAH TERKONTAMINASI wABAH ANUS WES EDAN ONTA YAMAN.😂🥸";"58085745864";"don_caberes"
"18183577192388628";"1780367262";"@melasarikarima ente pendukung LGBT,uang haram sudah masuk tuh.";"73657504520";"yudhieprwnt_"
"18177441910395940";"1780367263";"Teddy Kakean Bacod!!! Rakyat UD Eneg Sama Elu Dan Junjungan Lu!!!";"64154515755";"metime_myadventure"
"17917833228376256";"1780367330";"Klo difikir2 Mas Buahlil Guanteng lbh enak menyampaikan ketika di pressure publik 😂

Doi gak defensif2 amat wlw sering jd bahan gorengan netizen";"1574741755";"astienna"
"18535470556077223";"1780367346";"Kalo ada yang mo maso minta
Nona tarima saja
Jang ale pikir beta lai
Perkara cinta beta cinta
Mo sayang paling sayang
Marsio mo biking apa
Parcuma beta susah di rantau !!!!!";"276105808";"buddymulya"
"18059874884718635";"1780367349";"@meietti nah itu dia kenapa para pejabat saat ini pas ngomong perlu penerjemah padahal sama sama pake bahasa Indonesia. Yg satu pidato... Terus ada netizen yg komentarin, gak lama ada peran yang lain sebagai penerjemah. Apakah ini cara kerjanya selama ini? Ini bukan bicara soal minim literasi ya.. literatur nya udah jelas tiba tiba butuh penerjemah";"348099252";"fennybunglon"
"17970380622102955";"1780367363";"Bner,hrs d jwb ,,biar nggak se enaknya gir1ng 0piniii";"2111941518";"sugi5030"
"18533910025079999";"1780367367";"Bejir jadi Wamen aja 3 bulan gak lulus probation malah sok2 merasa paling senior 😂😂😂";"7135159488";"apri200254"
"18081349259395852";"1780367416";"@rezalatas disebutkan atau nggak juga gak merubah fakta kok kalo emang gak lulus probation tu pak Dino 😂😂😂";"7135159488";"apri200254"
"18011446238886203";"1780367425";"Fungsinya dia ini apa? Serius nanya";"5767917148";"nurmilasari90"
"18002688812947037";"1780367436";"Lierrrrrr maneh ted aslina maneh lierr mending ngajedod";"1495764298";"dikabulkan1"
"17941546491210895";"1780367437";"";"30829400";"ivansofian"
"17904943452261681";"1780367439";"Udah gak percaya";"50214553421";"nanik5458"
"17931315906289791";"1780367452";"Sependapat dengan pak Dino... 👏👏";"1018391062";"irud_zzz"
"18422202262132762";"1780367478";"@subektiernandy smaa kayak Lo suka kritik tapi dikritik balik baper 😂😂";"7135159488";"apri200254"
"17891567682478801";"1780367488";"Ini justru merendahkan. 
Walo hanya 3 bulan.";"26692642";"realmrbert"
"18425946163134529";"1780367516";"@tri_hasworo lah si dino jadi diplomat juga gara2 bapaknya emang diplomat lewat jalur ordal 😂";"7135159488";"apri200254"
"18018617882846744";"1780367542";"Yang dikatakan amin rais kok nggak dijawab?";"3577350521";"loeapan"
"18137553997551402";"1780367560";"@mustaan_alfaruqi gak lulus probation 😂😂😂";"7135159488";"apri200254"
"17918232630371423";"1780367567";"Menurut Undang-Undang Nomor 17 Tahun 2003 tentang Keuangan Negara, segala pengeluaran untuk kepentingan negara dan pemerintahan wajib menggunakan mekanisme resmi Anggaran Pendapatan dan Belanja Negara (APBN). Penggunaan uang pribadi untuk menutupi kekurangan biaya perjalanan dinas atau program pemerintah berpotensi menyalahi prinsip tata kelola keuangan negara dan transparansi.";"15883190542";"ariesnasha"
"18123808813647301";"1780367620";"Tetap gk percaya sama pejabat";"56568943208";"ventlakov.17"
"17965463619119348";"1780367631";"@azie_fachrurozi wkwk lah sama2 kritik kok baperan 😂😂😂";"7135159488";"apri200254"
"17978205405034483";"1780367646";"Defend mode on bukan malah mikir @teddy_hq";"6233313719";"omharjiyanto97"
"18429469711192735";"1780367656";"Cowok bukan sih? Dikit2 baper,dikit2 klarifikasi hadeeeehhhh anti kritik BGT";"1388875548";"sovielarahma"
"18146712340503089";"1780367719";"Prabowo - TNI, seksab teddy - TNI... Pesta Babi ❌ TNI Babi ✔️😂";"53202394998";"totoipapap2022"
"18001391237947321";"1780367755";"Edaaaam, kuat bilang walau 3 bulan. Sombong bener yang lagi menjabat";"611496914";"desyantorendy"
"17928929697322001";"1780367757";"Kalimat tengil";"336009951";"andikprasetiyo"
"17939165985243636";"1780367777";"Emang apa yg sdh dicapai flm 1,5 thn? MBG? Kopdes? Nyawit mulu sih mabok jdnya";"5873926937";"ervinamuzaeni12"
"18202563070352425";"1780367866";"Hei Tedi kamu itu SIAPA?? 😮😮😮";"1368058968";"yulimayda"
"18105305320789510";"1780367875";"songong banget kamu pake bahasa " walau hanya 3 bulan "";"48993423817";"komarudin81571"
"17905017237266091";"1780367880";"💩💩";"29601414497";"omen_funoffroader"
"18094277222186718";"1780367901";"Duduk bersama dong.. Susah amat duduk bersama.. Debat agu Gagasan";"5056835183";"misbah_faidillah"
"17998099226956739";"1780367902";"pemerintah sekarang bukan sadar diri berbenah malah banyak klarifikasi";"48993423817";"komarudin81571"
"18100017752031895";"1780367925";"@visitime semua menteri kan dibawah Seskab/ajudan, mirip dg PM di sistem Parlementer..";"2245016773";"bangboy_68"
"18093903086205897";"1780367927";"okay, teman2 netizen gue udah ngewakilin semua yang mau gue omongin, thanks guys, gue tambah sedikit aja ya
"walau hanya 3 bulan", lo cerna kalimat itu baik-baik apa mesti banget diucapin begitu, menurut gue kurang elok, in fact lo bukan siapa-siapa sewaktu Pak Dino menjabat bro @teddy_hq 
sisanya kalian semua pasti paham kesimpulan dari klarifikasi bro kita ini lah ya, silahkan nilai sendiri aja ya 🤭
sama ini gue gatel pengen nanya 1 lagi, qurban pake APBN kenapa pake embel-embel dari presiden, kalo gue presiden nya sih malu ya, sayangnya gue cuma rakyat biasa";"412594335";"andhyudha"
"18110515976508939";"1780367958";"Anak ni emang gak mau ngalah";"2248208358";"didikcahyyono"
"17896428711465059";"1780368054";"Saya lebih percaya omongan Dr Fino patti";"2023021493";"e_m_jff"
"18115626271892692";"1780368233";"Ini BQTIW tidak tau siapa pak dino, lentur amat itu Cngor bilang , walau hanya 3 bulan 🗿";"1694463214";"eastboy34"
"18021927635840744";"1780368320";"Cara ngomongnya santai & biasa aja deh jeng Ted….itu baut2 kenceng bener setélannya sampé kesannya tomboy gitu…. Biasa aja deh jeng…😘";"4368563097";"sonnydentsu"
"18560592142066554";"1780368357";"Blunderr lagi";"246970195";"ajie_saptomo78"
"18105551390318658";"1780368385";"@ismethumaedi klarifikasi omongan Amin Rais sama dengan ngaku boti😂😂😂😂";"3925048967";"nugrohoprat"
"18404885050149765";"1780368385";"Spesial 🔥🔥😂";"7433540255";"nayaka.79"
"18454188373117133";"1780365756";"@christiankevinj karena pak amien rais ga perlu dijawab..ga penting";"2188553090";"itsmeroyess"
"18109700935913448";"1780365926";"Sebentar sebentar dana pribadi? Coba tolong berapa pribadi berapa negara?";"5200691491";"marmootmusic"
"17926262469339906";"1780365949";"Ses Tedy.. mending mikir cara membuktikan bahwa apa yg anda lakukan ini tidak salah (meskipun byk org bilang kurang tepat, daripada Anda klarifikasi dibumbui nyinyiran, malah membuat opini publik ke pemerintah semakin lemah";"2252409017";"amgrac3"
"18105781564778430";"1780365988";"Duh tante...kok vibes nya sombong yaa...rupiah gimana rupiah?";"45670391220";"nieta082"
"18065754806446689";"1780366013";"@tegar.prdn sattttt😂😂😂";"1505865488";"rahmanryth"
"18101111864032983";"1780366041";"@azie_fachrurozi iya lho padahal openingnya dah oke tp di tengah2 nyinyir.";"56541695457";"reena.s.n"
"18101896106044053";"1780366113";"Klo fakta sepi";"60253642573";"wijayntoo"
"18116969551771940";"1780366119";"Radio bekerja dg menyamakan frekuensi. Jika kita tdk bsa nyambung, memahami dg pnjelasanya atau rencana program pemerintah. Mngkin frekuensi nya yg berbeda. Jdi gk usah ndakik2 sok kritikus maupun sok benar. Kita dan mreka hanya beda frekuensi saja";"2263200173";"bembeng_rudy"
"18105902906058145";"1780366230";"Siap bos!! tp mau tanya berkenaan dgn statement 2014 "Anggaran perjalanan dinas: Rp. 20 T per tahun. Ini pemborosan. Harus dicoret. Jika saya presiden, tidak boleh pejabat RI plesiran ke LN" nah ini mksdnya gmn ya bos😂";"9045740135";"darkjustice73"
"18163870348447777";"1780366265";"kok muak banget liat orang ini... sumpah muak";"80018737788";"bukuharian2026"
"17985504071828662";"1780366286";"Bangsattttt biasa di kasur 🤮😝";"72814353446";"rianasari.ritonga"
"17953618149149735";"1780366331";"bacot boti";"2109252789";"mnfauzan_"
"18008648084731170";"1780366426";"helehh helehhhh";"1151709631";"cutdarasetiani"
"18045416873569314";"1780366430";"Gas balik paak @dinopattidjalal 👏🔥";"3549792829";"adit.wr"
"18597753454044104";"1780366433";"Kedekatan sihhh cuma disuruh bawa map....bego luhhhh kgk usah ngomong kl bisanya bocin doank😡😡😡😡";"72814353446";"rianasari.ritonga"
"17966641724915743";"1780366445";"@rezalatas bener";"556836757";"nonavilda"
"18110348674729009";"1780366501";"Dari gestur, mimiknya remeh banget saat bilang walau hanya 4 bulan";"5639916091";"siswanto5620"
"18137857450481612";"1780366527";"Hayoo undang Tecy eh Tedy diskusi terbuka soal ini, kita jga mau tahu kedalaman intelektualnya,jawaban yg  ga mutu,";"1532092221";"untung_b"
"17928947340314968";"1780366528";"@warkopjurnalis serius akun media komentar begini ke Video ini? ke video pak Dino juga ga?😂";"3763489355";"fajarr.muhmmd"
"18105599744511286";"1780366552";"😮";"68002274328";"inggriddiway"
"17953381637981321";"1780366565";"Jubir??";"4123373952";"ranggajoeputraa"
"18039734849634611";"1780366580";"Ibu2  emang agak beda,cuman 3 bulan😂";"4109721628";"s0ns0n___"
"18091668410348119";"1780366597";"";"46734821341";"___rizalfadilah"
"17995393277954656";"1780366615";"Pake dana pribadi cuma kelebihannya doank. Kalo kelebihannya cuma 1.000 perak ??? 😂";"5601954987";"5081_rin"
"18039233060603854";"1780366616";"Belaga lo teddy bahasanya boong bener";"59228490800";"idn.photoghraphy"
"17875269504609151";"1780366631";"Muakkk";"71972352980";"my.umah.uli"
"18015861290699802";"1780366637";"@melasarikarima jiahhh buzzer ingusan 😂";"5601954987";"5081_rin"
"18427956469122860";"1780366674";"Kok baperan ya";"39120454256";"oprexsepatu"
"18141038548523538";"1780366685";"😂";"13940527162";"mnaufaln"
"18117466321681846";"1780366729";"Pake uang pribadi 😂😂 qurban aja pake uang APBN. Tugas @teddy_hq adalah berbohong ke publik";"6879521";"ekiprastanti"
"18400503766159202";"1780366763";"Udah ted malu";"43831794558";"holycapri"
"18166374895441564";"1780366772";"Iya buted....";"69962623846";"jwhoose"
"17910286845404727";"1780366809";"☁👅☁";"2210528072";"saka_gunaswara"
"18093232097261372";"1780366832";"Alasan hanya untuk menutupi ketidakmampuan/kegagalan";"5995001491";"erikeriksandra"
"17882855355426994";"1780366843";"Banyak banget sosmed terima bayaran untuk iklan ini ya? Bayar iklan pake duit siapa ya?";"970980195";"willyrinaldi"
"17891988591506416";"1780366849";"@annrach20 oughhhh. Bunda lagi PMS?";"1024520988";"cindytialestari"
"17888229897554115";"1780366866";"Bundaaaaaaa";"3402714772";"bobbysimanjuntak717"
"18103490471026738";"1780366877";"Heleh";"3447816136";"bondohade"
"17946572313192161";"1780366886";"Gaya Jokowi

.investasu yg masuk besar... Kenyataan ya phl .. harga Barang naik.. rupiah melemah teehadap berbagai mata yang asing..";"26081114702";"itonk694"
"17877073107667360";"1780366893";"dimention pak Dino dia jawab, tapi kenapa dimention amin rais belum ada klarifikasi ya @nugrohoprat 😂😂😂😂";"477018220";"ismethumaedi"
"17966794704084907";"1780366909";"Ga da yg percaya bund... 😂😂😂😂";"549149631";"brojolwibowo"
"18215673106334648";"1780366911";"Kasian amin rais dikacangin";"409801636";"onisuganda"
"18153182686467570";"1780366931";"@melasarikarima issss kamu balas semua komen ya.... Kamu  siapanya Bunda?";"1024520988";"cindytialestari"
"18199998763360567";"1780367018";"@bagasrahmt kalau diperhatikan akun melasari ini selalu merespon semua komen, cek d";"1024520988";"cindytialestari"
"18078411149257325";"1780367112";"Stok pangan aman tp harga melambung tinggi 😢";"2691248930";"gekjayastri99"
"18106291036992648";"1780367127";"Pake uang pribadi?? Turun dr pesawat kenegaraan dibilang dana pribadi?";"4307470680";"natigor123"
"17924230347353925";"1780367141";"";"51845053834";"riosuwandi9541"
"18171727171418863";"1780364333";"😂😂😂😂😂😂😂😂😂😂😂@tegar.prdn";"7088462943";"horjanihutagalung"
"18315927805273656";"1780364337";"@tegar.prdn 😂😂😂😂";"48617218110";"fitr6079"
"18067034939402636";"1780364338";"Piye toh ikihhhhh 😂";"487316378";"gntrprwd"
"17903115678430286";"1780364342";"Ada yang meremehkan anda pak @dinopattidjalal";"66177781283";"imrongiant20"
"18064233578457579";"1780364343";"@melasarikarima hey antek antek aseng, jokowi 10 taun njabat keluar negeri cuma 58 x, sedangkan prabowo baru 2 taun njabat udah 53 x, mikir dulu kalau mau nyebokin";"7559515401";"macckerel"
"17917001988382762";"1780364352";"Iyain aja";"1227717267";"idrushidayat"
"18063967418650783";"1780364365";"Jual semua dollar";"2206799659";"unknow_namew"
"18098783837233643";"1780364372";"Boti mode tersinggung";"78413881301";"hudzaifah_411"
"17945493282196060";"1780364381";"Terdekat beliau begini pantesan paham keadaan terkini👏";"1484564688";"arbye_crowk"
"17910752331406969";"1780364420";"@sharing.asn 😂";"694241694";"es_ekosaputra"
"18155280574475782";"1780364455";"@tegar.prdn bner juga 😂😂😂";"61369968977";"gugun_14.2_49"
"17971147412900273";"1780364456";"Kata aman aman aman, di lapangan banyak yg naik, harga di warung-warung banyak yg naik.";"61205125526";"rahmanpadli05"
"17896401132463949";"1780364512";"Sarkas kaliii yak .....walau hanya 3 bulan......😂";"10024469261";"sriekasundari89"
"18450712231119035";"1780364592";"debat ses klo berani, siarin di tv nasional";"376448076";"hadi_tito"
"17929134531334761";"1780364600";"@mustaan_alfaruqi hahaha. Nek saya tetep hormat ke pak dino, jaman saya kecil saja tahu ni orang bagus the right man right place. Bukan kayak jaman sekarang 😂";"43991117224";"reza.rentcar"
"17945842602196695";"1780364629";"Urang lah tauuuuuu,,, 👏👏👏👏";"7227129506";"ir.tanjoeng77"
"17952822804151457";"1780364646";"😂😂😂";"271623726";"tissasas"
"18088675055061475";"1780364702";"Sudah terlalu sering dibohongin pemerintah... Males percaya... Apalagi klo gak dikasih liat datanya 😂";"5793879795";"adri.nugroho77"
"18105883885967370";"1780364761";"AI.";"58473962399";"aib_prasetyo"
"17960075559068790";"1780364769";"Pake biaya pribadi bada 50-60 orang? Yang bener aje bunaaaa";"35229719";"saamjul_e"
"18201572989360758";"1780364782";"Bahkan udah pake kritikan yg berkelas sekalipun masih aja berkilah,,apalagi kang cebok mereka,,,apasalahnya mengakui itu hal yg buang² uang,banyak cara yg dijelaskan pak DPD dalam vidionya,tidak harus berkunjung ke negara tujuan";"53245026095";"syahrul_040922"
"18101289685843532";"1780364783";"Si tukang klarifikasi 😂";"53683182076";"rizqhna"
"18081697316171880";"1780364801";"AI.";"58473962399";"aib_prasetyo"
"18184615960388563";"1780364811";"Anda bicara atas nama pribadi atau presiden ?  Org yg anda hina dg hanya menjadi *Wamen 3 bulan" itu adalah seorang sahabat junjungan anda dan orang yg mendapat tanda jasa dari junjungan anda, diluar prestasinya yg lain.  Kalimat merendahkan yg anda sampaikan utk pak Dino, sama aja menilai jeleknya junjungan anda dalam menilai keberhasilan seseorang.  Apa prestasi yg telah anda capai dlm 1½ tahun ?  Ini bukti rendahnya tingkat kedewasaan diplomasi anda.  Kata2 anda bisa membuat orang makin membenci Prabowo dan saya yakin Prabowo tidak tau apa yg anda katakan ini.";"2206975604";"punyakoe"
"18132627166577488";"1780364813";"Kok gk MENLU sih yang menanggapi";"7377883346";"viczssss"
"17907916470240938";"1780364839";"Ngga tau sopan santun, di kritik sma yg lbh tua, jawabannya malah gtu..";"559789295";"vina_gw"
"18362039731237131";"1780364906";"";"200476470";"adiresana"
"17944176153213469";"1780364953";"";"464667033";"usmrzl13"
"17995571444953972";"1780364958";"Presiden itu bekerja untuk negara, maka dibiayai negara. Aneh, saat kunjungan ke luar negeri dikritik,
Seskab Teddy klaim pakai duit pribadi Prabowo. Yang lalu, saat ibadah kurban justru pakai APBN. Ini negara milik seluruh rakyat, ada aturannya, bukan perusahaan Prabowo yang manajemennya semua terserah dia.";"36034514951";"msobri0502_"
"18081865406170422";"1780365020";"😂😂";"58473563683";"yusrizalbtbr"
"17943079821207951";"1780365099";"@kiwpieee_ brarti ada 2 faktor, external (perang ,suku bunga AS dll) dan internal (kebijakan,belanja negara dll) brarti internal kita gk mampu dong mempertahankan nilai rupiahh dengan baik , karna melemahnya begitu extream , di banding dari negara” lain";"1806950437";"yusufadhimas"
"18396341755082082";"1780365120";"Ga kepake menlunya @sugiono_56";"2007519381";"mahfudz_fud"
"18098813135128480";"1780365182";"Suruh mas oyan menjawab nya pak ido hehehe @sofyan_hakim23";"2289013010";"m_hendra_ak_"
"18108864292898482";"1780365214";"Keliatan kali lemah gemulai nya😂😂😂";"7182707117";"_ryad2717"
"18105295480803872";"1780365234";"seru sekali kolom komentarnya";"3090055068";"hafidzhaulyaa"
"18412956979182759";"1780365237";"Ibu negara Bunda @teddy_hq";"5912545623";"mazhudnew"
"17951777985171339";"1780365263";"@fdy_shaleem waktu jaman Jokowi apakah beliau juga mengkritik? tp jkw sangat jarang kunjungan membangun hubungan dengan kepala negara negara lain dan gak hadir di PBB. apakah tetap mendapat kritik dari beliau? secara beliau pandai berdiplomasi kepada para pejabat negara luar harusnya kan. jadi seharusnya sekelas presiden juga pandai membangun hubungan dan berdiplomasi dengan berbagai pemimpin dunia.";"37993095890";"anlohac1"
"17851784004692105";"1780365341";"Kasian pak Dino 😅 dijawab kontan, jadinya turun kelas";"8473656112";"alankmezink"
"17916644139182574";"1780365383";"Drpd jilad anus @aniesbaswedan";"36318077034";"khayr_2708"
"17913535731202402";"1780365459";"@fdy_shaleem tp beliau kan pengamat dr luar saat ini statusnya. Jd analisanya jg berdasar secondary resources...";"3270941440";"new.ratnasari"
"18596936542019186";"1780365481";"@tegar.prdn lah lu pikir Prabowo nggk pernah Qurban Pribadi 😂 ya kali Anies nggk pernah Qurban Pribadi";"76527845482";"rahm_at6356"
"18011947058905783";"1780365524";"@wiraginting wkwkwkwkwk prittttt offsidee";"1525714923";"andikonan"
"18086323190412607";"1780365552";"@fdy_shaleem apalagi kalau dibandingin sama Anies menteri pecatan Jokowi. Prestasi terendah seorang pejabat itu dipecat Jokowi 😂😂😂";"76527845482";"rahm_at6356"
"18142702411541911";"1780365564";"Ide kampung haji pernah dengar waktu debat muncul dari pak anies kalo saya tidak salah ingat, Alhamdulillah bisa direalisasikan pak prabowo, mohon diluruskan kalo saya keliru...";"56426216519";"arbain9822"
"18021503951837763";"1780365652";"@dewinta_ambaruni ketikannya jahat banget ya...";"2188553090";"itsmeroyess"
"18070212221339198";"1780365669";"Buktinya mana kl bayar sendiri? Sok atuh spill! Jhn cm omon2. Yh ngomong sekelas Dino lho ini...bukan kaleng2";"67044008203";"yet_221"
"18135395326559986";"1780365692";"@warkopjurnalis wajar dong,  pak dino juga via medsos..";"2188553090";"itsmeroyess"
"18087491816381955";"1780365709";"@muladam26 jangan gtu donk";"44341777828";"syam_sih"
"17910409164224676";"1780365712";"Ini yang pangkatnya prematur itu?? 😂";"360163879";"dhikafininho"
"18054308552735800";"1780363054";"Dnger si tedy ngomong, tutupin komuk nya pake komen😂";"339058952";"daisy.mama25"
"17920070625366528";"1780363064";"Jiwa jiwa lemes dan julid itu real sih 🙌";"1787797198";"m.h.alfikri"
"18112579450872134";"1780363070";"Seskab sok ngerti, tidak paham substansi yg disampaikan oleh pak Dino pati Jalal.";"474245573";"symhd22"
"18321110020274990";"1780363073";"𝚍𝚒𝚊 𝚗𝚐𝚐𝚊 𝚙𝚊𝚗𝚝𝚊𝚝 𝚋𝚒𝚌𝚊𝚛𝚊 𝚜𝚎𝚙𝚎𝚛𝚝𝚒 𝚒𝚝𝚞, 𝚜𝚊𝚗𝚐𝚊𝚝 𝚝𝚒𝚍𝚊𝚔 𝚙𝚊𝚗𝚝𝚊𝚝 𝚗𝚐𝚊𝚓𝚊𝚛𝚒 𝚍𝚒𝚗𝚘 𝚙𝚊𝚝𝚝𝚒 𝚍𝚓𝚊𝚕𝚊𝚕, 𝚊𝚖𝚊𝚝 𝚜𝚊𝚗𝚐𝚊𝚝 𝚝𝚒𝚍𝚊𝚔 𝚙𝚊𝚗𝚝𝚊𝚝";"307281605";"ilham_hutomo"
"18105598996950458";"1780363079";"Entah kenapa sudah tidak percaya";"2905011519";"aang_ridwan"
"18067919645376255";"1780363097";"Tombol gak percaya 👈👈👈👈";"4060029967";"rajalandscape"
"17929814031100959";"1780363141";"Informasikan dan komunikasikan hal semacam itu kepada publik secara rutin.  Setiap setelah kunjungan ke LN maupun kunjungan kerja kemanapun. Tugas Juru Bicara da  KSP apa selama ini ? Kok narasinya  tenggelam oleh berita buruk dr buzer sebelah dan antek antek asing. Utk melawan DFK siapapun pembantu presiden  hrs menyampaikan informasi progres  kinerjanya kpd publik entah melalui siapa. Tidak bisa berkata: yg penting hasilnya. Hasilnya itu yg perlu disampaikan dan diketahui oleh masyarakat. Image dan kesan masyarakat, apalagi disuarakan oleh tokoh yg kompeten perlu direspon dengan baik. Banyak menteri tapi yg aktip berkomunikasi hanya bbrp orang, kemana yg lain ? Kita pasti dukung semua upaya kebaikan yg dilakukan oleh presiden Prabowo demi NKRI. SALAM SEHAT WAL'AFIAT.";"6594874701";"ds.handono"
"18118464673789087";"1780363151";"Kalo mau tenang hidup 1 banyakin ibadah 2 jalan-jalan 3 jangan dengerin prabowo dan pembantunya ngomong";"66631424129";"ibntirmidzi"
"18098595068152869";"1780363185";"Baper ciyeeee";"3254297757";"rinantismile"
"18103563713082648";"1780363214";"komunikasi yang JELEK dan Terkesan pendendam ,pake ungkit2 periode pak Dino jabat wamenlu yg sebentar";"3262372006";"dhanaanggoro"
"18089061491578086";"1780363350";"😂😂😂...gak tega kekasihnya di katain..🙌🙌";"1415292421";"blackjurig"
"18126217144544568";"1780363363";"Bunda sebel...";"669408143";"danankprasetyo"
"18028836506640780";"1780363375";"😂";"371119294";"edyarizona"
"18099728006166533";"1780363417";""saya pikir beliau adalah diplomat hebat " wkwkwk bunda Teddy bunda Teddy";"72526751471";"dhikigaluh"
"18051367556768149";"1780363420";"Sombong gaya nya";"1670711692";"kamarbawah13"
"17890594725520377";"1780363424";"Kenapa ada embel2 "walau hanya 3 bulan"";"6023960061";"jack.t.jack"
"18063898427466022";"1780363436";"Orang kaya gini yang pegang kunci ketemu sama Presiden?";"575745074";"wasisedogawa"
"18124833145578670";"1780363454";"@robertus3budhi defensif itu konotasi negatif. .. Tidak benar kawan.. Pak seskab terbuka terukur transparan atas bukti data beekas dan capaian hasil kerja.. Itu profesionalitas tinggi.. Vs framing pak Dino.. Bila sepeti ini kayak lain kali ucapan apapun pak Dino di skip negara saja bilaaa terus terus tanpa bise on profesionalitas bujti data berkas.. Meski pak Dino itu mah Kategori buzzer ha ha..bagus diabaikan negara.. Rakyat juga lama lama paham siapa yang berjuang segenap hati ❤💞vs siapa yang framing berkedok merakyat tapi gerogoti hak hak rakyat.. Haduhh koruptor nafi'a sumberdaya alam.. Kasian.. Sekarang presisen kami kagak mau Indonesia diam diam kau caplok dengan rakus kau keruk yaaa.. Mantab pak presiden mah  cakep cakep😍😍🔥❤️@teddy_hq";"9137087398";"meietti"
"18105487717973809";"1780363461";"@ okinurshinta Iya bener gampang percaya kebohongan pemerintah";"19321102904";"samlanang.hariyanto"
"18081692705176217";"1780363465";"Njiir banyak buzzer 😬";"3496106243";"komang_noviani24"
"18340609297222465";"1780363466";"Sdh ku duga, kbaikan appun yg di beritakan mmbuat smw org mrasa panas, mreka cm btuh kmntar pedas, kburukan, brita buruk n hinaan 😄oh sdm negeriku, kpn y mmbaik🤣🤣";"677961231";"inderaputraa"
"18002510711923446";"1780363478";"@tegar.prdn masih aja ini dibahas pdhl udh byk penjelasannya, coba main2 ke Hambalang Bang tny warga d sana brp byk hewan kurban Bpk dr sejak Beliau blm jd Presiden";"273368606";"merizaimanda"
"18341925640174100";"1780363494";"Harta lo aj bertambah.ani2 dasar";"23578836748";"ratueviejayantie"
"18142638640521992";"1780363497";"😂😂";"3169409124";"rizifauzi_"
"18075231074653699";"1780363555";"@bayusetiawwan presisen lalu semua pakai APBN kawan.. APBD juga dipakai pemda untuk kurban";"9137087398";"meietti"
"18041464418590294";"1780363565";"Cekuakkkk 😂";"4953976353";"masavinn"
"18080382719242253";"1780363570";"Buzzer2 anis yaman pada kepanasan";"59079337190";"oasis334455"
"18094369586247772";"1780363597";"Anak kemaren sore mana kelas sebanding ama om Dino @bund_rons @tedtaher";"5385198909";"iwan__widjaya"
"17932002303292695";"1780363598";"@melasarikarima haha";"7706698720";"zulkiflidgrewa"
"18116083249829043";"1780363621";"Jawabnya pake ego ini mah";"197602408";"radioga"
"17935373466071778";"1780363636";"Terlihat ruwet 😁";"6172762785";"paketusahalaundry.jabodetabek"
"17910121728410536";"1780363645";"";"2087897508";"eka_prasss"
"18138275875537728";"1780363702";"Bocah lupa daratan..";"4524207436";"rendi_indra_k"
"18080420120636266";"1780363723";"Walau bahasanya agak² lah😂.. tp ttp bagus ada respon antara pemerintah dan pengkritik.. jadi ada dua informasi yg d dapat sama masyarakat.. 🔥";"4639688099";"greg_maldini"
"17922125700143442";"1780363760";"😂😂😂😂😂😂😂😂😂😂 Mamih bisa ajaaaa";"9253960621";"kavoritzc"
"17995660790958050";"1780363822";"Kayak nyepelein banget cuma 3 bln";"2453530385";"hardih1122"
"18122990026636346";"1780363861";"Eeeh tersinggung awak iya?????";"334296067";"mhrniimrs"
"17954314767149967";"1780363894";"@rezalatas kaya cewek datang bulan nyindirnya 😭";"40533488";"arssen.dx"
"18047677397775280";"1780363971";"@tegar.prdn 😢😂😂😂😮😮😮";"54650885602";"irfan_rinaldy27"
"17997046368300013";"1780363992";"😂";"668767569";"tanrianka"
"18010835987706459";"1780364017";"@fdy_shaleem saya keberatan sekali dengan kalimat "itupun hanya menjabat 3 Bulan", apa hubungannya? Bahkan rakyat kecil berhak mempertanyakan Dan mengkritik Karena duit yg dipake adalah duit negara, atau Kalo dia denial tuh oeswat G1 oeswat negara yg dia pake ama konco konconya.  @teddy_hq Pak Dino ITU punya pengalaman Dan latar belakang yg panjang Dan ITU sesuai kompetensinya ~ . Intinya juga Bukan juga uang negara, tapi suka hedon saat masyarakat sedang bertahan untuk Hidup dengan kebihakan kebihakan yg gak Ada samsek untuk masyarakat.";"33931199";"keykasjamsoe"
"18120212893673843";"1780364098";"😂😂😂 sakarepmu Ted ngomong OPO boleh";"28623350347";"ikasetya.wibowo"
"17994878606967651";"1780364109";"Walau hanya dikasih kesempatan tiga bulan,

Jangan sombong, inget nasib orang bisa dibolak balik kapan aja";"4586544903";"fariz_firdaus22"
"17912341992403982";"1780364163";"pokoknya ada 😷😷😷";"5340672782";"anton_ari_putra"
"18205115293354706";"1780364183";"Walau hanya 3 bulan, ngehina banget. Padahal dia menjabat sekarang aja dah menyalahi aturan undang undang";"7559515401";"macckerel"
"17940169236219270";"1780364205";"hasilnya apa dr luar negeri Ted?";"2949663083";"rumah_kuliner_ngopi"
"17989277154002782";"1780364227";"Ada yg percaya ???";"57905882032";"sugiarto.sitompul"
"18077478023270147";"1780364246";"Dulu super minister itu Luhut, sekarang Teddy, lebih muda at least 😂";"8671326319";"ngelas_ak"
"18432164341123108";"1780364255";"Sy binggung";"2374563367";"kangfurqon1030"
"17974798170022205";"1780362342";"@frisskapermatasari gemesne😍😍";"1496852473";"lampu.morop"
"18104025994820805";"1780362346";"@aldies.journey sabar wak";"1431523338";"ardyelnino"
"18076475606408648";"1780362349";"Bunted 😂";"8719044807";"autocare_surabaya"
"17880140829600116";"1780362350";"Hessss";"1421652667";"faizulrm"
"17883142899585609";"1780362361";"@rezalatas teddy teddy 🫣";"1531817611";"ata_nadiar"
"17928512556322580";"1780362365";"Kuntul ni org 😂 wlpn hnya 3 bln";"1738637188";"805_bobbbb"
"17905318155254918";"1780362381";"@rezalatas @reysalladp benar sekali jadi kurang banget incharge atas strategi menlu Indonesia.. Yang tentunya adalah rahasia negara yaaa.. Jangan  sampai hanya 3 bulan krang mendalam atas internal menlu kok ucap ke rakyat.. Jatuh nya framing.. Kan eman eman nama besar pak Dino masa tanpa base data berkas tanpa dilihat hasil yang dicapai kok memframing ke rakyat.. Hmm kurang wise sehh😍😍🔥.. Semangat presiden kami terus lah berjuang untuk Indonesia tercapai mandiri. Aamin yra";"9137087398";"meietti"
"17995180124953850";"1780362385";"Publik spikingnya ? bagus ( nada rico lubis )";"9705800945";"galuhpamungkasm"
"17975180888878038";"1780362394";"Kmu blm brojol pak Dino sdh go international 😢";"1510093336";"naningariyanto"
"18148026832501080";"1780362398";"@dinopattidjalal";"6193056178";"ary_nurya"
"18124676731631727";"1780362410";"Lebih percaya santriwati hamil lewat angin dan mimpi 😂";"1996682865";"rendi_arif93"
"17886162870398508";"1780362411";"itu rombongan bisa sampai 50-60 org, pd ngapain ya, banyak banget ... ( bener nanya doang )";"1531817611";"ata_nadiar"
"18084142049124827";"1780362421";"Percaya. . .? Aku ngga";"7454807805";"udin_piliang"
"18093799772208915";"1780362437";"Ginin, tidak ada presiden yang luput dari hinaan rakyatnya 😂";"2263143030";"rullyansyah16"
"17889653220537115";"1780362443";"Perempuan kalo ngomongin kan bgtu";"71812544576";"nur2022252"
"17953309625980937";"1780362444";"Cebokin terossss....";"446004305";"mohammadrizkyprastya"
"18593257687019321";"1780362464";"DEMI BANGSA NEGARA WAJIB HUKUMNYA EFEK KE RAKYAT SEJAHTERA";"50931645687";"mahardika4560"
"18092213261261925";"1780362495";"😢😢";"33854550057";"donwakatobi"
"18391730248094303";"1780362499";"Katanya negara lain gak akan perduli sama indonesia kalo lagi kesusahan. Hmm🤭";"4357610348";"nengbia9"
"18594736756057493";"1780362501";"Lieur";"640352496";"dhhermansyah"
"18139743592535182";"1780362510";"Kelas pak seskab😍disangka cupu ternyata suhu😍🔥";"72990632613";"incessazzahr"
"17916538083181864";"1780362511";"@mahadika_prabowo";"50931645687";"mahardika4560"
"18110157815310607";"1780362511";"Ampun dah. Negara sebesar indonesia di urus sama sdm beginian.";"50379782000";"telolet324"
"17958063729121294";"1780362516";"Pokoknya ada";"64395426948";"suryanaiyan344"
"18335489503247280";"1780362526";"@r.f.diandra betul sekali roda berputar.. Saat ini tugas tanggung jawab pak seskab adalah meluruskan framing atas peesiden yang diucap pak Dino.. Itu tanggung jawab besar disaat roda pak teddy ada di atas wajib berjuang melindungi nama baik Indonesia toh.. Keren😍😍😍. Kmana bujti data berkas deadline strategi porsi keuangan wahh semua detail wow keren habis😎🌷💖🇮🇩🇮🇩🇮🇩";"9137087398";"meietti"
"18133923862562059";"1780362537";""Walau hanya 3 bulan" Wkwkwkwk, yg lu liat 3 bulan doank Ted?? Lu masih sekolah, beliau udah melanglang buana di dunia HI boy 🤣, narasi lu seolah² kayak nganggep dia cuma diplomat kemaren soree, padahal lu yg baru kemaren soree, beliau udah kering, lu baru nyebur, sok²an ngajarin ikan berenang 😂, oiyaa 1 lg, lu bilang uang pribadinya boss lu?? Wkwkwkwk kurban aja pake APBN mengatasnamakan pribadi 🤣, sblm ada laporan pertanggung jawaban terkait masalah anggaran kunjungan kalian ke luar negri, selama itu pula RAKYAT GAK BAKAL PERCAYA SAMA PERNYATAAN SIKAP PEMERINTAH terkait respon terhadap pernyataan @dinopattidjalal !!!!";"33918078100";"bowrockabilly_"
"17918124711380527";"1780362554";"Kok";"5800470049";"ariefsuby"
"18122158771656477";"1780362579";"Hasil nya dolar 17 ribu lebihh mass 😮";"1819855616";"rizki_haloka"
"17867695296684815";"1780362592";"PRUT ACH...banyak alasan balikin aja uang  Rakyat dengan program yg jelas dan bermanfaat untuk Rakyat";"30870684881";"djcko765"
"18004840844876333";"1780362609";"@yudadwiaprian29 presiden swmua pakai APBN atas kurban.. APBD dipakai pemda tas kirban.  Literasi nya di tambah ya kawan😍😍";"9137087398";"meietti"
"18076546214272443";"1780362628";"Bukan cuma efisiensi yg dimaksud, tp efektivitas nya ..";"771153529";"andrihutasoit"
"18132093424583431";"1780362632";""Tak perlu menasehati orang yang sedang jatuh cinta, karena mereka tidak pernah mendengar. Mata mereka buta, telinga mereka tuli, dan langkah mereka terhenti pada sosok yang dipuja. Biarkan saja sampai mereka merasakan sendiri sakitnya jatuh cinta terlalu dalam."😂😂";"26898814124";"buchroni7"
"17898009975459752";"1780362641";"dia sbnr nya tugas pokok nya apa sih?";"1382772222";"m1ch_cholif"
"18159100363458490";"1780362644";"Seorg seskab ngomongnya bgini.. Kok ditanggung pribadi";"6950560761";"lalu_tamhid"
"18091521797618491";"1780362665";"Ngehina bgt si BOTI bilang walau hanya 3 bulan, dia lebih berkompeten dibanding lo to, BOTI BOTI";"26938795491";"calamitygamingch"
"18202318273359374";"1780362730";"@tegar.prdn nnti klo gk diadain umat islam marah. Nnti bilang presiden kafir.😂";"80657504480";"wahyuwd23"
"18090725951523156";"1780362774";"@ari_btp semua sinergi.. Bakom setneg seskab.. Semua adalah satu kesatuan termasuk kemensos.. Dan seluruh departemen wajib semua bersatu menyatukan visi mengantisipasi framing yang merugikan meresahkan rakyat.. Kenapa franing karena pak Dino mengucap tanpa base bukti berkas dan hasil capaian diabaikan. Nahh itu framing giyss. Ngak 😎bagus ah😂@presidenrepublikindonesia @teddy_hq";"9137087398";"meietti"
"18098579099146747";"1780362790";"@rezalatas karna dilantik jadi duta besar oleh SBY";"3035124760";"k51_kalimosodo"
"18098185112127951";"1780362803";"Yaelah ted, harta lo aja segitu banyak ga jelas asalnya😂😂😂😂";"1768974231";"zikamalia"
"18078521513221914";"1780362804";"Bow tie 🙌";"1229146213";"vrzchrswr"
"18413705311182229";"1780362893";"";"1582406151";"wisnu_manunggal"
"18128383363607465";"1780362911";"";"73649136174";"fly.cato"
"18116637322795181";"1780362921";"Mending lu diem!";"3580852098";"nerocio"
"18034506578802757";"1780362927";"Kemenlu tugasnya ngapain kalo gitu? 🙈🤭";"358107518";"peeterlauw"
"17869232703541752";"1780362928";"Dulu suka kali sma nih manusia skarang koq jijik ya";"4030873598";"tonnymohd159"
"17861233935635502";"1780362953";"Pulang dari Perancis kirain bawa sesuatu yang menguntungkan untuk bangsa Indonesia. Eeh malah buat kebijakan naikkan pajak PT dan CV jadi 22%. Untuk gantikan ongkos jalan-jalan ya!? Tahu gak ini menambah beban perusahaan, ujung-ujungnya yang menderita adalah pekerja yang kena PHK.. 🤡 sirkus!";"26898814124";"buchroni7"
"18100943189157585";"1780362970";"BAIK 👍, SELAMA BERBUAT BAIK BUAT u / NEGARA , KITA PERCAYA, . TAPI KALAU BOHONGI NEGARA, WAH... JADI NGERI AKIBATNYA...";"37575609663";"omahtajir"
"18375028258201763";"1780363020";"Prabowo lengser tamat karir nya";"63390232225";"fz_indonesia"
"18014419370853935";"1780363040";"@fennybunglon senua ada benar nya  hanya beda cara memahami kalimat saja dirimu kawan.. Tidak bergantung aseng. Itu adalah mengarah IMF dan penetapan harga komoditas alam sendiri atas campur tangan aseng.. Saat pak seskab sampaikan prepare atas keejasama dengan LN itu adalah konsolidasi kerjasama win win solution atas hilirisasi swaembada dan Indonesia mandiri., semoga menginspirasi yaa😍";"9137087398";"meietti"
"18055398821727105";"1780361644";"";"8412882960";"piterrr_parkerr"
"18132173404601165";"1780361662";"di tanggapi  tapi sambil di serang yg walau hanya 3 bulan ....teddy boti beliau lebih punya pengalaman daripada kamu cuma berlindung  di bawah ketiak pak prabowo";"47834450893";"syifa_alfiana1"
"18100812802858611";"1780361678";"Dikasih fakta , masih aja gak mau nerima nih netizen kaum pembenci.";"8900013159";"pndol.aja"
"18105586216971464";"1780361697";"@sharing.asn karena pak Dino masuk ke kebijakan internal negara.. Tugas sekretaris Kabinet meluruskan  fakyat.. Agar terbuka transparan logis dan terlihat siapa yang produktif vs hanya framing kan wkwkwk.. Haduh sekelas pak Dino ffaming.. Gabut kan.. Eman eman nama besar nya anjlok 😢🔥🔥🔥";"9137087398";"meietti"
"17891333352533972";"1780361701";"@melasarikarima dm Cara jadi buzzer nya mbak 😂";"554267811";"fitriantoheri"
"18066065954414888";"1780361710";"@sharing.asn 😂😂";"1139559946";"mitrasuri"
"18591047371026648";"1780361710";"bacot teddy bear";"42189728051";"rizkangeraldine"
"18474385399098922";"1780361711";"@dinopattidjalal wonge iki? Wonge teko? 3 bulan ngapain aja? G bisa kerja paling, Kira2 bisa mulangin yang d sekap?";"1653553149";"surono_arab"
"17867098506685283";"1780361717";"@warkopjurnalis ngasih makan gerombolan 58 dan buzzer2nya buat bahan nyerang personalnya.";"29665082097";"hihidayatyat"
"18121363291675741";"1780361743";"Di negara ini tindakan apapun pasti di paido..apa lagi di mata mereka² yg merasa tersakiti pasti gak ada yg bener";"1188855951";"dennyprasetyo22"
"18016788050848990";"1780361750";"@visitime membahas nya kayak lebih fokus ke presiden.";"9137087398";"meietti"
"17926118085343281";"1780361766";"nah itu";"4219946420";"p_yusuf_n"
"18071762378690505";"1780361776";"@tegar.prdn anak gunung, belajar lagi ya";"1653553149";"surono_arab"
"18028483781641627";"1780361779";"Masukan Pak @dinopattidjalal pada dasarnya meminta agar diplomasi diukur bukan hanya dari pertemuan dan kesepakatan, tetapi dari dampak ekonomi yang benar-benar dirasakan masyarakat, terlihat dalam bentuk lapangan kerja, daya beli, investasi riil, atau penguatan rupiah. Paparan @teddy_hq kekanak-kanakan model petinggi dan plitisi yang baperan,  sindiran mengenai masa jabatan Pak @dinopattidjalal yang hanya sekitar tiga bulan sebagai Wamenlu,
gaya komunikasi seperti itu menyerang balik kritik, bukan fokus pada substansi masukan. @claurakiehl dalam memberi tanggapan suatu isu lebih tajam, terasa proses analisanya juga empatinya dan mendarat menjawab memaparkan problem serta solusi masalah ke core-nya. Jelas @gerinda teamnya @prabowo pakai gaya kutipan video. Padahal sederhana sekali indikasinya sangat jelas jika Anda tidak menutup telinga dan hati kepada keluhan rakyat (pajak, infrastruktur Aceh yang belum pulih, rakyat dibenturkan dengan rakyat masalah sosial agama, masalah pendidikan, isu lingkungan hidup, dsb.) belum pulih Maka gaya bicara Anda @teddy_hq tidak akan terkesan Anda jualan "kecap" nomor satu 😓";"241393567";"yanichangharahap"
"18088741973616377";"1780361780";"@melasarikarima semangat ya mbak cebok in nya 😂";"554267811";"fitriantoheri"
"17928146796304565";"1780361799";"mana mau ditanggung dana sendiri, bullshit bgt. Qurban aja pake APBN";"4495316721";"hdd_at"
"17966520050924977";"1780361805";"Kaya kurang istirahat Pak, istirahat saja Pak.";"6680582173";"kay_ray_bil"
"17998818710941436";"1780361809";"Semoga Gusti Allah SWT memberikan hidayah amiiin 🤲🙏🔥🔥🔥🔥";"74082934738";"tika14530"
"18095350496227985";"1780361826";"@ghaghais tangkap";"19617646122";"hidayat_febri_daulay"
"18091654598582260";"1780361839";"Bro belajar nada suara' biar agak berat dikit suaranya . Spaya elegan dan gagah";"76998177357";"chaidirrusli7"
"18095456866946152";"1780361847";"Saya rasa pandangan Pak Dino tinggal release ke media2 publik saja, gak perlu counter attack seperti ini.. secara "situkang klarifikasinya" ga apple to apple banget bro. Terlalu show off dan ga sebanding.. Menluuuu nya kemana btw?? Ini urusan dia";"4016103941";"subkibassya"
"18220733998322017";"1780361851";"@lampu.morop marah2😂";"28502226497";"frisskapermatasari"
"18079523612203201";"1780361871";"Ngeri banget ya negara di urus sama boti";"45270778699";"astrovert404"
"18148554655498045";"1780361918";"Ijinkan sy tdk percaya bhw kunjungan kenegaraan mggunakan anggaran pribadi. Bohongnya kira² dong😂😂😂😂😂😂";"57800619814";"jesyanajm"
"18391517917091360";"1780361920";"Bisa diganti ngak ini orang. Memuakkan.";"40854265140";"avelina.isaok"
"17965873128112022";"1780361927";"Bilang walau hanya tiga bulannya ..agak gimana gitu.....";"2918739957";"yudi_hangkebon"
"17976990659871849";"1780362003";"Memang ngerti apa diplomasi dibanding pak Dino";"4295294417";"commit.nusantao"
"18078274529230146";"1780362020";"Setiap Bulan ke Paris.
Macron juga bingung kerjaannya dia ngapain.
Ngurusin sengeketa hukum atau hutang nih? 😂";"39264137419";"alllddy_gherald"
"18111020618505246";"1780362140";"@tri_hasworo lebih ke 3 bulan apakah mumpuni memahami siklus strategi internal kementrian luar negri Indonesia kita.. Jangan sampai karena hanya 3 bulan tidak incharge nendalam strategi menlu.. Kok cuap cuap ke fakyat.. Nahh.. Ini ranah nya pak Dino salah langkah kenapa membahas ke rakyat tanpaaa didahului diskusi dengan pemerintahan.. Baru fi floor ke rakyat.. Jatuhnya tanpa konsolidasi terlihat Framing.. Hmmm.. Kurang wise sih  setara mantan wamenlu kok curcol nya tidak ada base on berkas data.. Ada apaaa tuhh pak Dino atas Indonesia today..gak setuju agenda mandiri swasembada hilirisasi peesiden kami kah ?? 😂😂😂😂. Zip. Oposisi mah ..move on..bagus biarkan presisen kami bekerja 🏋🚴💯💪@teddy_hq";"9137087398";"meietti"
"18597450367011985";"1780362153";"@melasarikarima cair lu yak,lu bales komenan orang smua,buzzer anjing";"54180217643";"pramadani022"
"18195735976366748";"1780362172";"kalian percaya? aku sih TIDAK PERNAH PERCAYA DENGAN STATMENT PEMERINTAH 🙌🙌";"1931402737";"krisna98_"
"17929905789285586";"1780362176";"Nyapu mulu, surya insomnia lu";"516098218";"adithuri"
"18042900719629838";"1780362182";"Prabowo yg dikritik, si Teddy yang jadi kesetnya. Ntar kalau kedepannya ada apa-apa pasti  dia yang jadi tumbalnya ni hiyyy";"5643972330";"jingyooaa"
"17876853360477717";"1780362184";"@yudadwiaprian29 kagak yakin gw…
Pastinya APBN lah ituh rombongan tim pendahulu, paspampres, tim inti. Berapa M coba 😂😂";"39264137419";"alllddy_gherald"
"18392796073089366";"1780362194";"Justru lucu kalau kunjungan kenegaraan pake dana pribadi kocak!!";"4504815516";"awcr_89"
"18109412953907885";"1780362208";"@bayusetiawwan kagak yakin gw…
Pastinya APBN lah ituh rombongan tim pendahulu, paspampres, tim inti.
Berpaa M tuh 😂😂";"39264137419";"alllddy_gherald"
"17909549040420365";"1780362209";""Walaupun cuma 3 bulan"";"27510044800";"sosiopol"
"17871187149524283";"1780362232";"@r_trt22 kagak yakin gw…
Pastinya APBN lah ituh rombongan tim pendahulu, paspampres, tim inti.
Berapa M coba tuh";"39264137419";"alllddy_gherald"
"17917452699376093";"1780362234";"😂";"34940683633";"hensap_2699"
"18171591037419052";"1780362234";"Susah jadi pemerintah Indonesia saat ini. Dijelaskan salah tidak dijelaskan katanya pemerintah tidaj mendengarkan kritik. Padahal sudah jelas dan detail. Hasil kunjungan keluar negeri apa. Tpi namanya juga SAKIT HATI susah sembuhnya. Apa lagi bagi anak abah TOll.";"80657504480";"wahyuwd23"
"18114033491494952";"1780362259";"@fdy_shaleem mungkin dijaman Prabowo gak dikasih jabatan Jd merasa tersingkir kan, katanya sahabat, sahabat kok menusuk dari dalam.";"5483911771";"toko_bunga_bondowoso"
"18003340688946115";"1780362287";"Buna marah ayang nya di kritik 😂";"4227176961";"cepiginanjar1703"
"18124999027653528";"1780362293";"Saya kira mau terima saran/masukan Pak Dino....eeeeeeh ternyata ujung nya tetap bertahan dgn prinsipnya seolah olah paling benar, terus sambil mengejek dgn kalimat "walaupun hanya 3 bulan"...😂";"3234552581";"mnur68"
"18082787912541668";"1780362299";"Jubir presiden kemana?";"1133763736";"inzah507"
"18406224778150637";"1780362299";"hancur sudah hancurrr totallllll💔";"1705635091";"mettabhavana_"
"18099384236121937";"1780362306";"@tegar.prdn 😂 lu udah qurban apa blm,";"5483911771";"toko_bunga_bondowoso"
"18090791762342680";"1780362325";"Pak @dinopattidjalal clear hasil meritokrasi, kalo ini org hasil "meritbyboltobol" 🤨😜";"9470535325";"muchlis.sinyoalien"
"17968558887114275";"1780362326";"@reysalladp benar sekali jadi kurang banget incharge atas strategi menlu Indonesia.. Yang tentunya adalah rahasia negara yaaa.. Jangan  sampai hanya 3 bulan krang mendalam atas internal menlu kok ucap ke rakyat.. Jatuh nya framing.. Kan eman eman nama besar pak Dino masa tanpa base data berkas tanpa dilihat hasil yang dicapai kok memframing ke rakyat.. Hmm kurang wise sehh😍😍🔥.. Semangat presiden kami terus lah berjuang untuk Indonesia tercapai mandiri. Aamin yra";"9137087398";"meietti"
"17948612298186889";"1780362332";"Bro ted blunder nih..dino itu senior walau hanya jabat 3 bulan percayalah dia lebih baik dari lu walau jabat 30 tahun";"8198250107";"pathfinderrri"
"18010394042857094";"1780360766";"Walau hanya 3 BLN "Dlm hati gw dong naik pangkat satsett"";"2696107878";"fay_mochammad88"
"18095724158264736";"1780360768";"😂";"71330199647";"cats_steps"
"17993926778970295";"1780360782";"Dia meng dikte pak dino";"2875328492";"kasmar.siregar"
"18164017336451659";"1780360798";"Nampaknya sanggahan Tedy tidak menyetuh akar masalah kritik dari Dubes Dino Patti Djalal, yaitu konteks kepergian presiden dimana situasi di dalam negeri khususnya terkait isi ekonomi sedang dalam situasi serba ketidakpastian karena pelemahan IHSG dan nilai tukar rupiah. Lagi pula, untuk menjawab kritik ini bukankah negara memiliki perangkat berupa @kemlu_ri untuk menjawab kritik tersebut, bahkan menterinya adalah 'anak ideologis' Bapak Prabowo. Atau ada perangkat @bakom.ri yang dikepalai pakar komunikasi sekelas Bapak Mohamad Qodari.";"598432160";"khairulhamdan"
"18102432293008918";"1780360837";"Nyinyir ya kaya' cewek, pake ditekankan "walau hanya diberikan kesempatan 3 bulan"... Jadinya ga classy 😂";"68906916698";"tauf1qhidayat"
"17969477376109840";"1780360862";"Wow...wow...apa iya??😮";"4006120539";"_ernadiyant"
"17956329768139749";"1780360864";"Yesss., sbb yg “REAL”., 
dgn yg “Fake ala2 kenaikan pangkat siluman,  terlihat sangat jelas “Perbedaannya”. 
Yg satu berbicara FAKTA dg gaya “SANTAI namun SANGAT BERKELAS & SANGAT  EDUKATIF”., 
yg satunya lg sarat dg “kemarahan & kesombongan” krn mmng kapasitasnya trllu “cemen✅” (namanya jg cm perwira ala2)!";"1578655170";"estylindapingkan"
"17890085712536841";"1780360865";"Muak bgt";"14561374";"sanimochamad"
"18129028972718161";"1780360888";"Hancur";"53686367";"d_sativa26"
"17904631824265611";"1780360912";"STATEMENT PAK DITO LANGSUNG DITANGGAPI KALO STATEMENT PAK AMIEN RAIS DIAM AJAH PADAHAL UDAH DITANTANG LAPOR POLISI";"22427532545";"sahabat.mb"
"18078770948217607";"1780360936";"Songong amat lu boti";"73496507236";"oporsusuwm"
"17982540782843687";"1780360939";"@fdy_shaleem dan dia keliatan kek menghina sekali pakek kalimat....meskipun cuma 3 bulan dan mimik mukanya kek mencibir banget";"821015636";"use4fni"
"18112093603907683";"1780360942";"@fdy_shaleem miriss ya😢";"5566568522";"mitsubishi_jember_rastra"
"17861628705598854";"1780360943";"Sombongnya,  tolong di ganti dong @gerindra";"4275273757";"ferdian_zhi"
"18109596551493666";"1780360983";"Percayakah???? Alasan mudah dicari utk membenarkan tindakannya";"30051668697";"marissusanna"
"17912728932401748";"1780361021";"Kok bau tai yah? Ga pake pampers dia?";"48333662815";"alexander.yescom"
"17949519680998929";"1780361025";"Banyak amat uang presiden ya,,😂";"2291566615";"tonyiman"
"18013162667851040";"1780361033";"Intinya pak @dinopattidjalal iri terus minta jabatan kali yaa?? 😂😂";"62859203289";"adivadipaa"
"18098128886271159";"1780361070";"Pemerintah anti kritik, kalau ga boleh bersuara";"73496507236";"oporsusuwm"
"18086525459621095";"1780361077";"@tegar.prdn Mau komen gitu juga tp benar2 jd pertanyaan";"3610233941";"mustafrizal"
"18094061792186486";"1780361081";"🔥🔥🔥";"29951256753";"rimaowie"
"17884142406576209";"1780361094";"Istri harus melindungi citra suami ❤️";"7402206629";"muhammadalfatih3351"
"18138580276531824";"1780361094";"@cak_noer_otomotif keknya gak terima banget dia dimention Pak Dino..liat mukak nya bibir ma pipi miring2 pas ngomong walau cuma 3 bulan";"821015636";"use4fni"
"18118850305776244";"1780361128";"@rhino_royal jadi apa aja boti gak layak";"1939096548";"pujiheryanto"
"18116448709833119";"1780361143";"😂😂";"3016972661";"maystenly"
"17910536091225714";"1780361151";"Rakyatnya efisiensi, si gendut foya foya. K0NT0LLLL";"69721860230";"xtakurawa"
"18404908075159181";"1780361162";"Ted... Uraian anda berasa pongah... Sebaiknya belajar dr pak @dinopattidjalal yg senior n berpengalaman. Undang beliau untuk diskusi. Jangan defensif. Krn masy sdh banyak tak percaya pada penjelasan2 mu";"4650402254";"hastuari"
"18084711824432992";"1780361179";"@frisskapermatasari efek Prabowo dipegang Megawati";"1496852473";"lampu.morop"
"18103555649284258";"1780361188";"@rezalatas dan dia keknya bangga banget naek pangkat smpk ngerubah UU..miris";"821015636";"use4fni"
"18101346545109138";"1780361200";"Woooiii @teddy_hq  yg ke PARIS merayakan ULANG TAHUN kok ngak Lu hitung biaya Dari NEGARA juga dong";"66305636568";"anniesusilowati09"
"18030489956814273";"1780361215";"@sharing.asn Just for the real/ genuine women had periods ( menstruasi) are you sure he's one of us??? 🤭☺";"48072116198";"diantrianawaty8"
"18554825938069457";"1780361246";"Sebaiknya Seskab jngan bnyak ngomong ke publik. Apa guna para Jubir, jika yg mncul Seskab trussss";"3623162395";"tony_koesboyo"
"18053547107727590";"1780361315";"";"67178017184";"3l_bowt4k"
"18103036214048385";"1780361325";"oh istrinya pasang badan 😂😂😂";"496375644";"rcrdcndrs"
"17948010510189734";"1780361332";"Anjir ga apple to apple banget pak dino with seskab yg bru kemren sore ini comparasinya";"1450736023";"gungdewi2juli"
"17890013508548172";"1780361338";"@khayr_2708 jilat trus le smpe kering😂😂";"1904960885";"taufik.handika_putra"
"17953805922139018";"1780361356";"Dia sekarang merasa hebat ada yg bekingi. Kita lihat saja nanti kalau si bekingan sudah mati, secara umur sdh tua, bakal jd apa dia";"6928467989";"varyvardiyan"
"18111073915755913";"1780361370";"akhir2 sdh gk muncul lebih adem lho, malah ngomong lg";"4756267271";"maulali__"
"18376108660206392";"1780361387";"Itu nasihat buat mengkritik";"62418707224";"asadel.7"
"18122162440710786";"1780361400";"@azie_fachrurozi pede dia bang bntr lagi naek pangkat jadi jendral ngerubah UU lg 😂😂";"821015636";"use4fni"
"18091997309346637";"1780361449";"Majas2 nya bnyak";"1705397607";"chepy.suparman"
"18084543782435741";"1780361452";"Klo mau pake uang pribadi jgn jadi presiden pak...";"30279776361";"azrulaliakbarr"
"18102982763086229";"1780361455";"@melasarikarima 😂😂 woy DONGO nongol dong ,diem" aje. Kicep lu😂😂";"1904960885";"taufik.handika_putra"
"18098289251150057";"1780361468";"kek cwe aj y lemesssss";"47230557116";"j13_lin"
"17856782781660949";"1780361540";"Crrrooootttttttt";"3622034665";"yogakusumadiningrat"
"17874893043492213";"1780361555";"@fdy_shaleem dilihat sisi ulasan nya saja yaaa.. Mana yang berbobot dengan ungkap ada tak fakta berkas deadline stretegi negara poris keuangan dan yang lebih keren pak seskab memastikan segala kegiatan negara BERHASiL Guna investasi untuk bangsa membludak.. Wow 😍😍 terharu.. Hiks.. Membanggakan pak presiden kami🔥🔥 maju terus pak prabowo ❤️";"9137087398";"meietti"
"18324323545282206";"1780361565";"Pokoknya ada";"8200384115";"nbistoknapitupulu"
"18119485660801742";"1780361581";"Ini jenis manusia yg menurut Imam Ghazali sebagai " orang yg tidak tahu dan tidak mengetahui bahwa dia tidak tahu". Apes bener negara ini diatur orang2 yg sok tahu seperri ini.";"1975545013";"madrital"
"18108179699303006";"1780361612";"Walawalau hanya "DASMU" Kata pemimpin kita.";"61886579533";"rudy.7737"
"17987907629816807";"1780359733";"Negara ditangan manusia arogan";"2012998898";"gue_ndry"
"18126195748616357";"1780359738";"Wkwkkw ga berani dia bales kalau itu";"2021059466";"bayufirmanajiansyah"
"18106863514760663";"1780359741";"3 bulan itu di 2014 waktu zaman pak SBY. Namun riwayat tugas diplomatik beliau udah dari tahun 1987 di kemenlu 😄";"3531877253";"diki_4risandi"
"17860963557602083";"1780359830";"Bisa"nya bilang 3 bulan.. malah tambah bikin ngawur..pantes pleciden ikut"an gini..";"2072207688";"zaenalmaarif39"
"18067099574404059";"1780359853";"Mohon maaf bangettt cara bicara nya tidak ada rendah hati nya ini";"54937141467";"restifauzi__"
"18054636308745150";"1780359857";"DPJ dan TIW sudah melaksanakan tugasnya masing². DPJ menyampaikan kritik berdasarkan pengalaman sebagai diplomat senior, sedangkan TIW memberikan jawaban atas kritik dengan menggunakan data. Suasana demokrasi yg sehat 👍";"585453982";"kite800"
"18097178554936348";"1780359857";"Nyinyirnya gak ada obat ya 😂😂😂";"468489862";"din_stagram"
"17915760858391550";"1780359865";"@gerindra , si Teddy siapa sih.";"597024396";"poscha89"
"18087832730382813";"1780359934";"Ilmu gak ada pengalaman gak ada...sotoy";"10127503851";"l.novita13"
"17955151544973746";"1780359937";"Malah nyari validasi bowti";"7394758411";"fkrdrslm"
"18207045148341599";"1780359947";"";"1413529042";"khairilanwarsrg"
"18102311084072297";"1780359968";"Bunted gayamu songong";"926298289";"akmalul_ibad"
"18345172378301184";"1780359994";"Cara ngomong nya kurang KBBI";"8434980097";"ikada096"
"18092655314522791";"1780359996";"Perayaan ultah mewah kemaren gak disebut kah dan apa masuk dlm program kunjungan ke LN ???";"8278458557";"jenggoth_ian"
"17955578619131044";"1780360003";"KENAPA ARUS NGOMONG WALAU 4 BULAN BUNA";"2165219853";"herdirika01"
"18339053758222730";"1780360027";"🙄🙄🙄";"4577647403";"jacky_yen73"
"18599855548061747";"1780360050";"wah seru nihh, liat kedepannya akan ada apa lagi nih";"5718317112";"aqiel_alwfr"
"18104322388795214";"1780360072";"Mulut bancih nyinyir aja.... Lo pikir lo layak dapat letkol? @sufmi_dasco sepertinya by design orang disekeliling @prabowo ini terus memancing kemarahan publik sehingga beliau digulingkan. Singkirkan manusia nyinyir ini";"772938427";"dharmays11"
"17867188371625597";"1780360088";"Mantap pak dino, kayak cukup bikin kesel😂😂😂";"25868323375";"_hryanti"
"18089612396188834";"1780360128";"Adalah pokok ny";"1356120722";"fadiel_muhammad"
"18011005112910776";"1780360142";"Seskab rasa perdana menteri 💩";"14787188267";"warungmakandamaran"
"18088296029087539";"1780360142";"Yakin klo pake uang pribadi??";"7601964";"becak77"
"18097092262913335";"1780360184";"Ciri khas komunis menyerang personal";"53182330797";"zun.ot"
"18150266461491990";"1780360185";"@solagratia_225 lebih ke Tante sih bukan om";"1009013622";"anypleasuretea"
"17971957626052433";"1780360200";"Jiwa ibu2 gosip nya keluar😂";"71711089539";"rifaniirfan07"
"18087092234623961";"1780360206";"Boti";"4656353732";"hendrikplankton"
"17907781665240185";"1780360247";"Loh loh loh? Katanya tidak ada bangsa yg kasian sama kita? Ini kenapa hrs panen hubungan baik seolah2 minta dikasihani?";"702190677";"melaniehan13"
"18184530187349715";"1780360272";"😂😂😂";"32538796762";"adampraz"
"18591969769015918";"1780360314";"😂";"2259459685";"ahmadsrobbani"
"17856734415659284";"1780360334";"Beda klas";"79757125154";"malik_billah"
"18098688830228465";"1780360337";"Hah dia bilang walau diberi kesempatan menjabat cuma 3 bulan,nyelekit bgt siihh gini amat bunted…";"1635212990";"rinda_vinn"
"17989468787806258";"1780360348";"Anak kemarin sore...";"5984893555";"meilanrudiantoro"
"18072113111675746";"1780360377";"@tegar.prdn 😂😂😂";"255530621";"dhyahsanazz"
"18066006773421317";"1780360378";"@tegar.prdn simplenya publish aja ya semua aliran dananya ya bang 😂. Kocak emang negara ini sekarang";"2259459685";"ahmadsrobbani"
"17868275904547453";"1780360384";"@luckykwardani menurut saya itu bisa jadi adalah redflag yg muncul secara alami dari seseorang yg toxic.";"1943876340";"agus_triyono_kbm"
"17932767231278590";"1780360421";"paham efisiensi tidak??? oh jelas tidakk.... kdmp mbg... dolar naikkkkkkkk😢😢😢";"2198906100";"twwahyudi"
"18092536454245630";"1780360427";"lama2 nanti tedy jadi capres😂";"64480213953";"jaya_perubahan"
"18441785992184008";"1780360435";"Dmn investasi yg masuk itu? Apakah sudah terealisasi? Apa bentuk investasinya?";"2108245960";"wibowar"
"17928551634322905";"1780360436";"🫩🫪";"255530621";"dhyahsanazz"
"18397553803158551";"1780360437";"Pak Dino ngebahas efisiensi di tengah masyarakat yang lagi susah. Malah dijawab laporan ini, itu, brics lah, palestina lah. Langkah buat rakyatnya mana? Mana? Mana?";"22025423080";"atmlangkahpertama"
"18063090734467557";"1780360450";"Pecat Tedy6yy";"80016375738";"indonesiajaya17081945"
"18098879300163732";"1780360525";"@yudadwiaprian29 lihat google blok ,, dri zaman pak sby Qurban pakai apbn";"1469559426";"alvin_fatchur_rahman"
"18472043599101363";"1780360584";"😍😍👏🔥";"2476782440";"princessfannie"
"18106631140747504";"1780360586";"kalo di jaman kekaisaran Cina ada yang namanya Kasim";"1419491132";"tunarso"
"18112941331897016";"1780360590";"Congkaakkk....";"4355517124";"ewopriyo"
"18596645503011550";"1780360597";"Jika anjing lahir dg ekor bengkok psti akan bengkok selama nya .. it kata pepatah org tua jaman dulu.";"7157799193";"care_jkt"
"18342056083170403";"1780360602";"halahhh.....";"5880347423";"jone469"
"18139048447542986";"1780360692";"Duh jadi mules...";"1591450172";"dito.danadipa.transport"
"18010609460883559";"1780360695";"pemerintah sekarang lebih sibuk membuat klarifikasi, daripada memberikan langkah kongkrit yg nyata dan memberikan efek serta manfaat, cukup 1 periode";"3306814973";"henryland01"
"18592102756063359";"1780358992";"@mustaan_alfaruqi Dino resign dari jabatan krn ikut konvensi capres demokrat, tidak mau konflik jabatan dgn status ASN dia. Lah si TIWI ini rangkap status dan ga mau mundur dari TNI sampai ubah struktur lembaga dan Undang Undang";"78306213074";"guillotine.id"
"17862618462593490";"1780358996";"Penyebab utama prabowo bebel kayanya karena lu deh.";"145337119";"ferlucky12"
"17949456591000381";"1780359012";"@tegar.prdn ya dari zaman presiden sebelum nya";"3593905089";"asyahid28"
"18138873454530202";"1780359013";"Songong dan sok ini orang, mati ketabrak looo...";"8326690838";"black.chinoes77"
"18130268380591761";"1780359014";"Makin lama makin jijik liat ni orang";"4629401386";"ambar_ams"
"18591783718026835";"1780359014";"Walau hanya Diberi kesempatan 3 bulan? Nyinyir gini ky ani ani";"230805480";"babah.aby"
"18062600873479893";"1780359016";"Sedih banget negara gua kayak gini sekarang 😢";"2128476709";"ilhamlahiamochamad"
"18122589103639038";"1780359026";"Ya tp kalo tiap minggu ke LN sama aja pemborosan ted";"207075489";"yoyokjuari87"
"18123876193630760";"1780359088";"Woey alat sepong";"51502830022";"metha4000"
"18012684545855061";"1780359095";"Iya percaya pakai uang pribadi. Asetnya Kan 1 trilyun.  Kan udah terbukti kurban pakai uang sendiri hampir 100 milyar. Luar Biasa lho";"4526520001";"muhammadsalmanel"
"18101049694860344";"1780359099";"Memang tugas seskab ya menjelaskan  ini?????";"579163186";"idabasjuni"
"18096104228235910";"1780359117";"aww bund mana percaya";"3601944399";"albaihaqi21_"
"18028838075815272";"1780359121";"wakil metri luar negri, hny 3bln😂😂😂😂😂😂😂pak seskab berkelas dah nyindirnya👏👏👏👏";"9206562389";"zahh_rahh"
"18104802683074720";"1780359135";"Ted ted butuh psikolog lu keknya..";"189635443";"atsenkhasibuan"
"17890072944540543";"1780359136";"Sebelum post dia review dulu ga ya? Kalo di review dan dia bangga sama omongannya fixs sih ini minus banget 😂";"3035642116";"diezs95"
"18105904768890526";"1780359162";"Bunda...bunda";"5636762332";"gusti_simfroanus"
"17904627573265894";"1780359172";"Priki tiw";"4464315030";"ramandae_"
"18098706365155716";"1780359193";"Maa Syaa Allaah..❤️";"1714343175";"neng_diana8"
"18589697596050026";"1780359197";"Ooo jadi kudu dimention dulu, bloggggggg... sebelum dimention harusnya mikir";"32995155414";"frachmn_21"
"18082128017413279";"1780359202";"@mustaan_alfaruqi FAKTA KOK😂😂😂😂😂😂😂";"9206562389";"zahh_rahh"
"17929067652317861";"1780359206";"@ari_btp memang luar biasa beliau ini multi fungsi😂😂😂";"579163186";"idabasjuni"
"18096818720053551";"1780359244";"Apasih buna";"3249000529";"dini.setyawan12"
"18126300934554792";"1780359248";"@tegar.prdn banyakin minum bro biar ga dong²..😂😂😂";"1714343175";"neng_diana8"
"18026089967824373";"1780359260";"Dia mulu ih, bosen. Merendahkan Pak Dino, dia sendiri kalau ga jadi penjilat ga bisa kayak sekarang. Beda jauh lah sama Pak Dino.";"1704025007";"prithaendramiya"
"18122171365655009";"1780359263";"Buktinya mana bunda kalau pakai dana pribadi? kurban aja pakai dana apbn😂";"511682714";"boladna_"
"18081293699551752";"1780359282";"0";"11180839984";"yulianayuliana9045"
"17871375543526103";"1780359313";"Masih perwira menengah aja udah congkak banget gini gimana jendral 😂😂 @tatyanautami";"893464872";"bimowiratama"
"18099459647164875";"1780359391";"Sensi bgt mas 🤭";"1417697142";"akmalkari"
"18105216184953506";"1780359409";"Masak sih pak??? Terus kurban pake uang negara itu apa? Kenapa yaa mereka itu gak mau dkasih saran dan kritikan deh kayanya.";"12889053706";"anisaarum_dc"
"18118604818610283";"1780359413";"Ini orang gak respect sama orang lain...sombong banget";"67053593138";"ff.syahbana"
"18065251157436114";"1780359416";"@melasarikarima bagi lowongan buzzer mba";"5974458434";"nugg0510"
"17892621474497309";"1780359425";"Yg Amin rais woiiiii, bantah tu";"2361523838";"mul_hendri"
"18102775142099251";"1780359426";"senior yg bertahun" berkarir di dunia diplomat dibantah oleh orang yg karirnya naik krn kedekatan, dibantah dengan gaya angkuhnya....coba debat 2 arah, berani ga dia";"1582498369";"rickymorang"
"18150242410489442";"1780359454";"Dana pribadi ? 😂😂😂";"1974666994";"gagahperdana_"
"18171181396423674";"1780359478";"Presiden harus ingat klo dia punya yg namanya Menlu dan Jubir.. Jangan apa seskab terus yg urusin 😂";"1290310922";"ells_han"
"17920202445366722";"1780359483";"@azie_fachrurozi ini membuktikan sangat tidak berkualitasnya teddy masih anak-anak jauh dari dewasa tapi bukannya boti seperti itu jiwanya?";"5469050183";"kalanirisad"
"18113332312872380";"1780359514";"Anjir songong banget pake ngejek walopun cuma diberikan ksempatan selama 3 bulan. Oke? Lu ngomong sama orang yg udh banyak kiprah gak ada sopan2nya pake ngegas lagi.";"1643690708";"nita_anita96"
"17892229968508844";"1780359527";"Kalau si teddy jeli, maksud dino pati djalal, kalau bisa menghubungi lewat telepon kenapa hrs kunker? Telepon biayanya murah ngak sampai milyaran rupiah dan negara bisa hemat milyaran rupiah. Bayangkan pakai pesawat kenegaraan, berapa biaya avturnya, biaya parkir pesawat dll.";"7140302823";"priatnadong"
"18044644412788339";"1780359533";"Keren.gas pak";"4269083193";"salman_hasani88"
"18594164101044703";"1780359533";"Yang salah menjelaskan 
Tapi kenapa tidak di jelaskan ko anda bisa ikut terus? Fungsi nya apa??";"3272691376";"abieshaiya"
"18100217848881061";"1780359557";"Lagi M tuh 😂😂😂";"30392446481";"rhysamslamet"
"18104838283979985";"1780359563";"menyebut "walau hanya 3 bulan" agak lain😢";"6922302439";"hafidz.arfandi"
"17955247983131680";"1780359574";"Komunikasi kelas Istana nih? Berasa dengerin mbak2 tantrum";"26064207281";"bangtopg"
"17909780310415100";"1780359580";"Kok ngak panggil bapak prabowo?";"1445136442";"ags_saogo"
"18595214098024175";"1780359630";"Pake uang pribadi? Yg ngerti tata negara, mmg bisa ya perjalanan kenegaraan pake duit pribadi??? Mekanismenya bgm? Si @prabowo jajan dan nombok dari rekening pribadi? Transparansinya bgm? Pertanggungjawabannya bgm?? Mmg bs begitu atau @teddy_hq OMON2 DOANG CEBOKIN BOSNYA????";"1245138555";"nores_snors"
"18130169632595578";"1780359633";"";"64573184849";"rifkizyyz"
"18094945736233883";"1780359644";"orang bisnis tahu, ketika nyampur2 duit pribadi ama kerjaan, disitu mulai tanda2 hancur😂😂😂";"77977595747";"kimiezshow"
"18144442846502702";"1780359720";"Orang sombong";"20320418252";"istiyanto15"
"18374353171201260";"1780358211";"Ngak perlu di klarifikasi buktikan dengan kerja nyata kelihatan sekali susah menerima masukan dan kritik dri rakyatnya yg expert ini kabinet, apa lagi ini orang sangat jauh pengalamannya dengan pa Dino...😡🤦🤦🤦🤦 Karna dia dekat sekali saja dengan presiden Prabowo jadi seperti saat ini karirnya ...karbitan belum layak dia sebenarnya 🤦🤦🤦";"4525308246";"masprie1368gmail.c"
"18079827029200411";"1780358219";"Dinasehatin juga ternyata jawabanya sama...lebih jumawA🔥😂";"1473758603";"novian_id"
"18408176371150379";"1780358239";"Kurban aja pakai apbn apa lg kgiatan an. Negara,, caya klen😂😂";"2050195217";"rudi_irawan24"
"18114870490848608";"1780358247";"bodo amat ....,!!!";"53645972986";"ali.mulyadi.22"
"18106572814963586";"1780358250";"Soal kedekatan dn bantuan, diplomasi.. Belajar sama Iran 😍";"1442482790";"emyandriayani"
"17931070329091995";"1780358296";"Boti sialan cerewet banyak cingcong kurang ajar";"53420180539";"muhamad__2116"
"17970892571900831";"1780358316";"@tegar.prdn tetep pakai uang negara cuma kelebihan saja pakai uang pribadi wkwkw....lebih brpa kita tdk tahu haha";"9876510654";"hendryprybadi"
"18080668652221729";"1780358316";"@tri_hasworo  si dino yg d karbit kelamaan d peram ga mateng krn kasian d ujung2 baru d ksh jabatan ..3 bln bknnya kerja dgn bener ..skrg baru mau ngatur2 presiden jam terbang nya bkn kerja dia kali yg pleserin doang ya kan @dinopattidjalal ...kalo dia bafus kerjanya ga mungkin ga d pake jokowi selama 10 thn sebulan pun ga Allah takdirkan dia jd menlu bahkan skdr wamenlu pun ga pantes lu";"36318077034";"khayr_2708"
"18153150931477605";"1780358335";"@dinopattidjalal hrsnya lapang dada ente terima krn seindonesia sdh muak lihatnya bkn nyerang balik kamu memalukan";"48310070916";"lalay_lelay"
"18118723531606392";"1780358349";"@robertus3budhi  d jawab salah d diamkan menjd ..setan mmg gitu ya";"36318077034";"khayr_2708"
"18078188279376676";"1780358384";"Sering ke LN tapi kok rupiah anjlok??? Kok paspor masih kalah sama negara ASEAN lain, akui saja kalo memang pemborosan!";"221187927";"drajatpalupi"
"18121175920668329";"1780358389";"Dikritik n diberi solusi  pak dino sehalus n sesopan itu pun ditanggapi dgn nyinyir. Bagaimana jika pak dino mengkritik dgn gaya bahasa Rocky Gerung? 😃 Pdhal bos nya ngomong,jgn hanya mengkritik tapi beri saran jg.👏👏👏";"11403749619";"son__of.adam"
"18103260554088833";"1780358407";"Kenapa harus bikin video ? kok kayak infotainment 😂😂";"1617851066";"adityatrojhan"
"18112755514810250";"1780358435";"Sehat selalu pak Prabowo 🇮🇩♥️";"80189752803";"fery.inspire"
"18175981162404816";"1780358450";"@ghiebrahn_doetha_ramadhan banyak orang kocak beropini srampangan bang";"21892088984";"mahonputra"
"18065919839704141";"1780358482";"Jaman Jokowi ada Luhut, jaman Prabowo ada Teddy 👏";"1356353773";"andreymukti.lubis"
"17963895510116640";"1780358506";"😂😂😂😂😂😂 kalau investasinya banyak maka dollar gak akan menguat terus tapi rupiah yg menguat.";"4523739359";"abednegohartono"
"17890428651514073";"1780358519";"Eh, pak Dino yg hanya menjabat 3bln itu bisa jd beliau tau bahwa 'sistem' itu berbahaya & akan membahayakan dia yg punya integritas, buktinya bnyk dl pejabat² yg menurut rakyat bekerja baik tp tnyt 'dipecat' Krn menurut atasannya akan 'membahayakan' mereka.. jawabanmu mirip bocah yg dinasehatin tp ngebantah.. yg bisa menilai baik atau tdk apa yg dilakukan kalian itu ya rakyat Krn rakyat yg merasakan dampaknya";"15601065858";"ika.kirana.18"
"18109102549930518";"1780358564";"Validasi";"68314274705";"artofsabenu"
"18103965065063506";"1780358570";"Kan ada jubir presiden";"9718114799";"aderobiyanto197"
"18169916887426177";"1780358602";"Cb tmpilkn Notanya 😂";"35331911814";"0lahrega"
"17888506263541861";"1780358629";"Terserah pengusa rakyat sudah capek buangett.. Biar tangan TUHAN yg bekerja 😢😢";"25017426657";"tse1259"
"17964965082082984";"1780358634";"👏";"61306380994";"rf.ninety"
"18087978569377902";"1780358643";"auto gak mau dikritik... klarifikasinya sombong bangettt";"58174114284";"su.marni9785"
"18028185623826140";"1780358667";"Mohon bisa cek rakyat. Dengarkan rakyat. Lihat rakyat dalam mengambil keputusan";"1440583707";"agoesreels"
"18123371293630113";"1780358689";"Berqurban aja pke dana APBN😂";"9132689945";"nila.rulia"
"18428954104127307";"1780358696";"Pak dino mengkritik untuk kepentingan bangsa,  dia si tedy malah baper bales pakai video malah pakai kata hanya 3 bulan";"4550960116";"agamnanda10"
"17929302648311762";"1780358712";"Diplomasi kok seskab yang jawab? bawa bawa personal pulak. Bukan kompetensi seskab, kerjamukan cuma kelas jubir dan serta tukang catat dan buka tutup pintu 😂😂😂😂 Jangan lupa pak banyak Investor besar seperti Google, meta, dan amazon itu semua hasil diplomasi Dino pati djalal. Bocah ingusan ngajarin diplomat diplomasinhahaha";"78306213074";"guillotine.id"
"18122878819643667";"1780358732";"Ternyata dia yg bikin Pak Presiden keliatan seperti sekarang ini 👏😢";"3115032236";"chef.ary"
"18132054775594214";"1780358734";"@teddy_hq TAI BOTI?";"45433825676";"pbh.gardakeadilan"
"17929516584317871";"1780358747";"Mama marah";"275141607";"roy_saputro"
"18100880198113616";"1780358762";"@luckykwardani tengil juga ya😂  komunitas HI tau sepak terjang pak Dino hehee";"3042868417";"m_mardani_arrahman"
"18112610677687410";"1780358762";""WALAU HANYA DIBERIKAN KESEMPATAN 3 BULAN" SO CANTIKK BGTT";"5492342529";"muhammad.ziaulhaqq"
"18167091064430500";"1780358770";"@r.f.diandra betul, merasa "si paling"";"51877385815";"kamandanu0288"
"17892830949530902";"1780358772";"Jaman jkowo ada luhut.. jaman prabowo ada teddy..😢";"1068030693";"baba_zain_ismail"
"18422110021130018";"1780358777";"Yain aja lah, karena bunda mana yang tega melihat suaminya tersakiti, pasti dibela";"2049740254";"mdivanugraha"
"18596319739046728";"1780358791";"@fdy_shaleem nah!!! Elo siapa 😂😂😂😂😂 klo bukan ibu negara😂😂😂😂😂😂 kocak ah..";"52467165898";"pangeran.terong"
"18065788658436667";"1780358797";"@azie_fachrurozi ini seskab kurang adab, pak dino kritik untuk kepentingan bangsa,dia balasnya pakai baper";"4550960116";"agamnanda10"
"17990085422806961";"1780358812";"Jubir presiden";"8945500746";"hattasptr"
"18105583168962584";"1780358834";"@dinopattidjalal 🔥🔥🔥🔥terbaik";"53460321899";"mappanganro_acho"
"17913938829196384";"1780358869";"Klo by one ma gw ni org patah patah fix.. ti bo ti";"2009491778";"fabiansyahhh88"
"18166311388435363";"1780358876";"keras kepala..";"2243447019";"al_fariel0409"
"18028324964820012";"1780358892";"Walau hanya diberi kesempatan 3 bulan 😂";"56068652973";"bejoedysaputro"
"18079902725212222";"1780358899";"Segala fitnhn sebaiknya diabaikan,lgi repot!";"35331911814";"0lahrega"
"18131945947582952";"1780358978";"Sombong dan angkuh";"50938045990";"erick.wahyu84"
"18339333118220986";"1780357420";"😂😂😂😂😂😂 kayak gini pajakmu digunakan konco";"78056590671";"aryosage1509"
"18117153025701486";"1780357439";"Jangan dilihat 3 bulannya tapi lihat oroses menjadi diplomat sampai dipercaya jadi wamenlu itu yg disebut proses panjang bertahun2, anda melalui proses itu utk sampai dititik skrg ???";"1828221964";"harlan_mufti"
"18109750243926208";"1780357445";"Kalo dah BAHLUL mah bahlul aja pak seskab, pake acara ngeles kyk bajaj...";"1515743264";"tarafaslings"
"17902296696438698";"1780357464";"@bagasrahmt itu akun busuk, akun karbitan kaya Teddy";"1154431586";"hend_sj65"
"18101028170278646";"1780357501";"Cie cie....";"2324465675";"anto_jepank"
"17946534051011995";"1780357524";"1. Mana buktinya kalo itu dibayar prabowo? 2. Jumlah staff yang ke luar negeri bisa dikurangi kah? 3. Jadwal mendesak kok ke negara yang disitu ga ada sda dan termasuk negara yang kurang super power? Gak bisa kah cuma 10 orang aja yang penting penting aja disana? Hubungan yang dekat apakah harus ke lokasinya terus?";"4607375821";"r_trt22"
"18108104222492964";"1780357552";"Setuju pak...saya dengan anda...Dari bahasa yg anda sampaikan saya menilai ada rasa counter statement yg seolah² mendiskreditkan Pak Dino. 1. Walau Hanya 3 Bulan, 2 capture background jumlah rombongan yg mem BOLD nama pak Dino. Haarusnya janganlah seperti itu. Anggap masukan yg diberikan oleh orang yg memang expert dibidangnya sebagai pembenahan dan perbaikan kedepan. Saya kira bahasa pak Dino juga lugas dan clear";"47697162313";"cak_noer_otomotif"
"18036250793803128";"1780357553";"Saya jadi tw kenapa pak Prabowo skrg BERUBAH";"1254012294";"arisyanuaris"
"18376322917201769";"1780357626";"Ndak ada pencapaian yg signifikan diperintahan Prabowo sepain MBG yg amburadul itu menghabiskan dan mubazir uang pajak Rakyat di  hamburkan jor joran...";"3275879929";"kamil_fakhri"
"18117245284810403";"1780357659";"Disgusting";"3764465";"brianteguh"
"17878748229601445";"1780357664";"Dia bohong besar soal dana pribadi,, kamu yang mengaturnya dan membelanjakannya mana mungkin publik tau,,sapi aja di potong pakai duit negara..,,";"54639101376";"rivai7744"
"18106034599778048";"1780357680";"@r_trt22 berperan aktif membela Palestina harusnya tidak usah gabung BOP 7. Hasil diplomasi untuk pembebasan WNI yang ditahan Israel itu bukan suatu prestasi, melainkan kewajiban kalian untuk melindungi setiap warga negara";"4607375821";"r_trt22"
"18069887435338648";"1780357699";"wkwk di point di 6- seterusnya itu asli adalah bukti perkataan mu Teddy adalah yg manis dan jilat taek aja. 😂😂😂 eh kamu kira kami tak tau Bangke bangke disembunyikan ya bisa aja tapi bau ya tetap kucium juga😢";"55576241080";"free10697"
"18104890474957634";"1780357717";"Sampeiiin ya pesan pak Dino, dan bilang kl udh bayaaak rakyat ngeluuuh soal  prsiden";"50411236689";"hippynina"
"18068801957345932";"1780357718";"maaf sampai hari ini kami belum lihat hasil kunjungan keluar negri..";"75619928765";"ychst.rajo"
"18104581445076382";"1780357725";"gak percays";"3773739653";"wawanh_34"
"18118861780693499";"1780357726";"Perdana mentri konoha";"47351100997";"anik270204"
"17892375678497495";"1780357765";"Aaawww Croooot 💦💦";"53617115672";"ilham_kur19"
"18469249144096711";"1780357787";"@bayusetiawwan bener lagi yanf duit pribadi buat dirinya sendiri aja pake APBN apalagi buat 60 orang ke luar negeri 😂";"55576241080";"free10697"
"17872735674511482";"1780357791";"Percaya=musyrik";"9469890190";"laksono_abdullah85"
"18099308971999395";"1780357796";"@melasarikarima hey klo mau komen tu liat data dlu kmu liat keadaan lagii sulit tp si wowo ngmburin apbn,qurban smpe 100m lebih 1rb lebih katanya tuh kita emg tau tuh sapi keluarnya segitu emg ada datanya. .";"9419697244";"pmpk_finoe"
"17938766349229345";"1780357801";"@dheaima70  bnyk2 baca berita yg bener bu ..jgn dfr dr tk hoaks ..dah d jelasin itu prigram ttg sedekah yg gunain APBN  siapa buat haman presiden siapa .. .ibu  tau ga pesawat pribadi prabowo itu d buat jd pesawat dinas  buat kunker k LN ..mobil itu jg mobil pribadi d jdkn mobil dinas ..selama jd menhan ga oernsh mengambil gajinya jd klo org yg bersoh hatinya pasti percaya klo anggaran kunker k LN d biayai uang pribadi prabowo ..kekayaan prabowo  itu ga akan habis 20 turunan bu..perusahaannya d mna mna .anies @aniesbaswedan jd gubernur DKI beliau yg biayai 500M msh ga percaya jg bu ..mmg klo hati sdh penuh kebencian liat prabowo salah aja";"36318077034";"khayr_2708"
"17991899654993356";"1780357801";"Idiiihhh ngaku2in pembebasan wni oleh israel. Jelas2 tekanan internasional negara2 lain selain indonesia (yg melempen ga mengakui itu penculikan). Begitu udah bebas ngaku2 malesiiiinnnn @teddy_hq @sugiono_56";"66270513414";"aiueo_shoppee"
"18118566031775610";"1780357806";"@reysalladp kurang risetnya kak. Yagimana ke trigger dengan mencari weakness nya. Soalnya dsri penjelasan di situ, pak Mensesneg lebih melihat strength dari pemerintah sekarang vs weakness dari pak dino. Yagimana ya";"638438982";"rizkymarcheriaar"
"18381247888204217";"1780357822";"@tegar.prdn buzzer gak usah diladenin bang, gak akan bikin pinter biar mereka aja yg bego😂";"2154538035";"andripurwandani"
"18051521159780098";"1780357861";"Bahasanya halus tapi nylekit nih anak";"71459677558";"afit2557i"
"18474114403108621";"1780357887";"Gmn ya .. di antara ke 3 calon president kemaren harta yg paling banyak siapa ?,";"2462651954";"arief.blink"
"18112645570686759";"1780357901";"kok elu klarifikasi";"1811724779";"maralysean"
"18082875650440193";"1780357905";"hasilnya Dollar saat ini hampir tembus 18rb";"58731795087";"patradirga"
"18090611567366369";"1780357927";"@rezalatas  wajib itu d counter si @dinopattidjalal  biar sadar diri ..kerja ga becus sok2 an ngatur presiden";"36318077034";"khayr_2708"
"18088319426063789";"1780357938";"3 bln karena pergantian Presiden dari SBY ke Jokowi.. menurut aku sii beliau diminta SBY utk bantu proses transisi ke pemerintahan baru..@dinopattidjalal pikir dong  pak @teddy_hq jgn esmosii yakkk.🙌";"3495355737";"marsi_ase"
"17877798276605961";"1780357949";""Apabila suatu saat ada kondisi mendesak, kita bisa minta bantuan", bukan kondisi seperti yg di nepal kan ya?? 🤔";"1964692949";"welo_yugiswara"
"18594728380022741";"1780357981";"@bonbonscats 🔥";"2154538035";"andripurwandani"
"18092557133594078";"1780357994";"Dia ini sapa kh??so macam pejabat senior,sok skali apa2 klarifikasi,";"44710589211";"elfazza.studio.poso"
"18131489074581958";"1780358001";"Dikasih saran malah sibuk meluruskan.";"7642356828";"nadiasknhh"
"18049863230535291";"1780358055";"@visitime  apa sih ..dah tepat lah itu diakan seskab";"36318077034";"khayr_2708"
"17892872853352161";"1780358071";"Teddy keliatan sekali kamu lelah 😢";"145455225";"alanrobby"
"18121046824675978";"1780358071";"Kakean partai";"5865550289";"topan_pedagang"
"18045063440789390";"1780358079";"Anjaay misi diplomasi gak tuh 😂😂😂 2500 T tapi boong";"48310070916";"lalay_lelay"
"17928902514306102";"1780358107";"@rezalatas gebleg bener ya 😢";"48310070916";"lalay_lelay"
"18353505715214497";"1780358119";"lalu mana yang baik. o iya kan omongan Teddy manis semua. dia bahas soal subsidi ngga naik ya itu mah tergantung kemauan negara. klo si Prabowo naikin subsidi sekrng 98 dah langsung depan mata. bukti konkrit adalah non subsidi naek gilaan orang tak teriak karena rata rata pake subsidi. dan soal palestina kami semua tau kok dan bahkan dia gabung POB aja tak artinya mpe sekrng. dan soal dana investasi. apa tak ada kemauan dibalik itu semuanya dan apa tak lihat hu utang negara semakin besar tiap tahun nya. kita klo ngutang ya bayar dan pasti utangnya berkurang lah ini burkrang kagak. naek iya. klo negara kita kuatt maka rupiah dari 16 rb jadi 15 ribuan bukan jadi 18 ribu😂 fakta apalagi kau kasih, sini. Balum lagi bahas soal MBG, kopdes, psn. belajar bahasa Prancis";"55576241080";"free10697"
"18533093299076255";"1780358134";"@sharing.asn 😂";"19094236027";"savitri2666"
"18105008320795260";"1780358147";"Dia ga tau apa2 tapi klarifikasi, udh kayak selebritis yg mau eksis";"482772822";"iam.hendriksilalahi"
"18127379980528494";"1780358151";"Bedakan baca artikulasi baca event dan even pak";"31955772";"itsmeyossie"
"17989461572806388";"1780358159";"@fdy_shaleem 🔥 denger ted jgn nt malah ngehina";"48310070916";"lalay_lelay"
"17927662851301880";"1780358160";"Oalah ted ted...😂😂😂😂";"2099907880";"normanbogie"
"17919253857164201";"1780358190";"Pemerintah anti kritik";"2325282285";"4anam_95"
"18003880481922364";"1780358194";"🤣🤣🤣";"31817793";"rcaesario"
"18103850752820468";"1780356887";"Tentara karbitan lagi nyoba smash balik diplomat senior masak pohon, pakai baca prompt 😂";"2230467955";"onny_chandra_firdaus"
"18175289167414997";"1780356888";"ranger ! 🤣🤣";"4565969682";"ademarboen"
"18054023804739792";"1780356897";"Gaya bicara, bahasa serta intonasinya pun, tampak minim jam terbang di pemerintahan";"35379726587";"iskandarrikifachdiar"
"17890138653517134";"1780356914";"Lantamnya";"3450754770";"sophafitri"
"17924673237347025";"1780356938";"";"1688754684";"qrayuda"
"18104958161062480";"1780356940";"@fdy_shaleem namanya letnan oplosan";"52298923057";"irfan_albirunii"
"18075797015285340";"1780356948";"Cair lagi 😂";"232154385";"bony_solo"
"18056026001725045";"1780356978";"Intro udah bagus, setelah nya kacau 😂";"2387734858";"kurniaeliazar"
"17853958905680674";"1780357021";"@tegar.prdn ner uga";"52578045406";"scalpswing.inv"
"17994077438985612";"1780357027";"Bulshit";"44531356784";"putrapratamw"
"18100924562105820";"1780357029";"Surat terbuka ( Gerakan Masyarakat Peduli Bangsa) untuk para pemimpin bangsa yg memiliki kekuasaan dan akses,  para pimpinan partai, anggota dewan, politisi, cendikiawan , teknokrat, para pemimpin Ormas keagamaan,  purnawirawan, akademisi, aktivis, LSM, mahasiswa, konten kreator, media massa online /offline ,dan masyarakat Indonesia untuk sejenak merenung, dan share seluas luasnya bersama2 mengurai carut marut benang kusut di Republik ini :
Dari program MBG , yg menghabiskan dana APBN luar biasa besar, merusak sendi2  ekonomi lainnya. Begitu jg  proyek kdmp,  tdk terencana dan dipaksakan. 
targetnya MBG kan anak sekolah SD... Ya.sdh, utamakan saja daerah tertinggal, miskin, miskin ekstrim..( dgn pola transfer ke ortu / dikelola wali murid melalui sekolah masing2). Shg tepat sasaran. 
Jika pola yg selama ini trs dilanjutkan.. Fix hanya untuk bancakan korupsi berjamaah para penguasa . Dan ini tdk boleh dibiarkan begitu saja. Semua wajib mendorong untuk dihentikan program gila amburadul ini MBG dan KDMP. 
Sisa dana lainnya dpt digunakan untuk :
1. kuliah gratis ( amanah uud 45, mencerdaskan kehidupan bangsa) 
2.  naikan gaji guru2 , shg sejahtera. 
3. Perbaikan sekolah yg sdh tdk layak
4. bangun kampus berkualitas, fasilitas lengkapnya dikabupaten2 di luar Jawa.. 
 jadikan sbg proyek strategis Nasional ( PSN) , shg cepat terjadi pemerataan kecerdasan sdm, pemeratan pembangunan, rasa keadilan , pertumbuhan ekonomi kerakyatan dan menengah yg cepat dan kuat) 
Drpd jd ajang korupsi besar2an.. Yg artinya sdh menghianati bangsa . Pemimpin yg sdh diberitahu, dan masih berkhianat, wajib diturunkan, dilengserkan, dimakzulkan, krn sudah melanggar sumpah dan membawa Indonesia ke jurang kehancuran.
 Jika DPRnya diam jg, tdk bisa diharapkan, artinya tugas masyarakat untuk  hentikan ini semua. 
Masih ada waktu, saatnya para penguasa dan anggota dewan sadari semua ini dan segera ambil langkah ekstrim untuk selamatkan bangsa . 
5. Untuk meningkatkan kualitas pemimpin, pemilu kedepan untuk presiden dan wapres, para menteri dan anggota dewan, sebaiknya minimal S2 
6. Dan  juga Saatnya pembenahan kurikulum sekolah, sbg pondasi akar masalah kurang efektifnya sistem pendidikan";"58362549535";"ikhsan_kaizentransindonesia"
"18078273302235758";"1780357031";"@izzat_rahma_aisy kalo amin rais mention dia knapa g adi jawab ya?";"1750913236";"wyansonata"
"17861470008635019";"1780357053";"@fdy_shaleem umur tdk menjdkan sesorg lantas lbh terhormat  dr anak  baru ..jabatan cuma jd wamenlu itupun 3 bln  big question knp org  ga percaya memberi jabatan yg gagah ke dino  keq nya orgnya big mouth alias kedenan cangkem aka omdo😂😂@dinopattidjalal";"36318077034";"khayr_2708"
"18105789316962548";"1780357055";"Ga percaya sm ucapan loe, LIAR LIAR LIAR!!!!";"28321195602";"franciscusferianto"
"18211594678335007";"1780357061";"RUBBISH";"69741067363";"wiwiedwikusuma"
"17881446204439764";"1780357065";"KENAPA HARUS ADA HANYA 3 BULAN. HEEEEEY.. CIIIIIN..";"288940962";"luth_assagaf232"
"18103995121824205";"1780357067";"Ngebantah saja. Perbaiki ke depan saja Ted. Gak usah ngalor ngidul ngebantah.  Pak Dino org rasional.";"13037309293";"alinh455"
"18099855437329029";"1780357069";"Dino sok paling paham cuma Wamen klo yang kritik pak Marty Natalegawa baru gua respect beliau real diplomat";"660894116";"erwin_dash"
"17992736732794589";"1780357098";"Dia aja jadi seskab menabrak aturan, maka nya boty jangan di kasih panggung...!!!🔥🔥🔥🔥";"57992793375";"panitia_hari_kiamat___"
"17890225008369648";"1780357099";"Gak etis banget sih pake bilang “WALAU HANYA 3 BULAN “";"579304024";"novimardia"
"18155649853474596";"1780357108";"Kela asa ngaco ieu teh? Nyonya nyonya";"6980890603";"dudi_ubrent"
"17875130928495204";"1780357113";"Disawang sawang sue sue Gembelengan";"75577661486";"adcahyaa"
"18316738516272650";"1780357117";"Halaahh...anak baru kemaren sore aja mlalui  jalur khusus aja pakek nerangin hub luar negeri d an politik.....jobdesk tugas lu cmn nyatet bukan klarifikasi dan menjelaskan ke publik";"2281797169";"yudiciprit"
"18070724312670847";"1780357136";"Rombongannya dikurangi,tapi jumlah kunjungan nambah berkali kali lipat😂";"719590950";"rndtyskk"
"17876982552669302";"1780357149";"@tegar.prdn  kampungan ..baru keluar goa kau dah bnyk seliweran berita  yg ngasih tau hal sbnrnya msh ketinggalan kau";"36318077034";"khayr_2708"
"18143127661511419";"1780357184";"Apa anak jaman sekarang kayak gini ya? Walau terasa sopan tapi nyelekit ...";"2678608528";"cakra_yudhangga"
"18131315314586767";"1780357193";"aura ibu ibu sinismya kuat bangat";"5936281420";"hasmin_roy"
"18361989355226610";"1780357214";"bisa2 nya ke LN pake uang pribadi. lha Kurban pake APBN";"1634854925";"anizertoaniez"
"17903902386429386";"1780357220";"Serius yg dibahas tedi cuma "wakil menteri 3 bulan"? Sangat mendiskreditkan sekali. Pak Dino itu diplomat tulen. Sama ky bu Retno. Dari awal karir di kementerian luar negeri. Beda sama sugiono. Giliran geopolitik panas, ngak-ngik-ngok ga paham. Malah lebih aktif bahas pilkada dipilih dprd😂😂";"468159223";"isnainiahmadi"
"18143831620513683";"1780357258";"Kuooontol ....🖕";"9917624260";"faizal.ivanda"
"18062986268472651";"1780357259";"Bacot lo tedy boty hama, kalian aja kurban pakai APBN komtol";"8738277489";"ocu_ison"
"18106627561752215";"1780357261";"Pajak dinaikkan dan untuk menggaji pejabat model gini.  Ajuuurrrr juuuummm";"13037309293";"alinh455"
"17929299510313544";"1780357269";"Maap..dia sok banget..sok cakep..sok penting.....iuuuuuhhh";"57385891796";"azizah_1984"
"18320318575278937";"1780357293";"MASIH PERCAYA DENGAN STATEMEN SI BOTI LEKONG INI";"37602434045";"wawan181177"
"17977829819866660";"1780357296";"Sebenarnya gk  usah di tanggepi mas Teddy. Biar nanti hasilnya yang membuktikan";"11586203566";"ririnayunika2"
"17886671634558588";"1780357327";""kelebihan biaya" 😂";"1564215962";"hamdani_abdurrahman"
"18095501663188965";"1780357331";"Leher nya mana?";"3685702831";"indralazio_27"
"17879423577600195";"1780357336";"@reysalladp tahun 1987 Dino Patti Djalal sdh berkarier di KEMENLU..mungkin tahun segitu di teddy ini blm ada benihnya..jadi klo mau ngoceh data vs data.jgn omon omon aja.ksh tuh masukan sama bos lo,sering2 kunjungi rakyatnya,jgn cmn bisanya teriak MBG,KOPDES ..";"7562752761";"annrach20"
"18115495438641904";"1780357346";"Ini Teddy terkesan hatinya buruk dgn mengatakan jababatan WAMENLU hanya 3 bulan, itu akan mengiring nitizen/publik ke hal negatif. Seharusnya yg bicara Menlu bukan orang karbitan, fungsi Setkab bukan kaya gini. Orang kalo karbitan ya kaya gini";"1154431586";"hend_sj65"
"18049506368533705";"1780357350";"@shareefahmoon  haah? serius lu jg percaya 😂😂 Astagfirullah";"36318077034";"khayr_2708"
"17978767982861800";"1780357366";"JIJIK BANGET LIHAT BOTI INI. PINGIN 🤮🤮🤮🤮🤮🤮🤮";"37602434045";"wawan181177"
"18121677532710398";"1780357369";"@dinopattidjalal diajak kopdar aja pak ☕😊🇮🇩";"10959519795";"dhe_blarrr"
"18089954519632650";"1780357379";"";"76365709611";"silentphotograph.jpeg"
"18129690004522214";"1780357386";"@visitime bukan Menlu dia Wamenlu itupun diberikan kesempatan 3 bulan klo yang kritik pak Marty Natalegawa baru gua respect";"660894116";"erwin_dash"
"18352189549300303";"1780357397";"@melasarikarima cebokin terus woi";"55017525342";"riskyovy"
"17874170880612747";"1780357409";"🤮🤡";"319311202";"rahmahnotaris"
"18160704409452667";"1780357412";"kalo benar uang probadi, beranikah TRANSPARAN? kurban ajah pake APBN.";"4820056421";"dikhoto"
"18377107402207938";"1780356126";"Semok";"43822013845";"bambangwijaya702"
"18121390852659837";"1780356164";"Boti";"4451003661";"m.hikmallll"
"18467109463111305";"1780356167";"Jadi bingung fungsi menlu sekarang....";"1321424729";"wulangendut"
"18034139264630863";"1780356188";"Pasti Ngeles... Harusnya tunjukin pakai data...";"6840777220";"hendro6525"
"18094827326524231";"1780356223";"Angkuh sih";"1541373526";"monthblanck"
"18118223851795083";"1780356225";"Berdua aja berangkat sekalian hanimun";"253399742";"rchmtfadel"
"17926952280345830";"1780356251";"Astagfirullahaladzim";"1283044752";"fdo20"
"17898648321307845";"1780356259";"@tegar.prdn 😂😂😂😂😂😂😂🤣🤣🤣🤣🤣🤣🤣🤣";"74800174272";"kanggabut1556"
"17968460037112338";"1780356265";"Jaman dino pati djalal kan blm ada zoom dkk nya dek teddy. Jaman digital skrg efisiensi justru bs lwt banyak hal. Duhh anda dan hambalang boys pgn jalan2 terosss yaa? Izinnn 😂😂";"62234035458";"netizen.warrior"
"18008971871858195";"1780356282";"@gmerlj kayak rasputin sm tsar nicholas 😭";"205509943";"meeellinar"
"18059986970706331";"1780356292";"Walau 3 bulan dia diplomat. Lah ini menlu nya tugas apa, harus nya yg jalankan diplomasin itu menlu... Hadeuh seskan merangkap jubir";"2055632957";"alya_ghaniil"
"18266823925290237";"1780356301";"Seskab Tedi bilang ada uang pribadi Presiden untuk biaya perjalanan dinas Presiden ini seperti mentang-mentang pake duit sendiri terus seenaknya menggunakan jabatan Presiden sesuai selera";"17815218423";"yayatjakarta"
"18113768995871498";"1780356305";"Hiya deh....pak asisten oribadi";"19373543908";"dwiatmining17"
"18087409811572847";"1780356313";"Pph final 22%, bangkee presiden mu ted @teddy_hq";"5884916302";"fadhilkjborneo"
"18442247965185290";"1780356316";"Tedy lo tau ga lo lg di kritik krn keseringan ke LN perjalanan dinas… pakai uang negara APBN… bukannya lo nasehatin presiden sbgai pembisik plg deket… ini malah pembelaan duit lebih pke duit pribadi presiden… aneh ini sintedy… rakyat butuh efisiensi anggran dgn tdk sering kunjungan ke LN.. intinya disitu.";"8730135197";"ryo_latumeten"
"18105700117788502";"1780356333";"Lebih percaya dino.";"1593085790";"han.yong.754"
"17873067195673420";"1780356343";"Siapa sih yang percaya";"52268894379";"r_amdani27"
"18137867512541783";"1780356348";"manusia karbitan kayak lu ga  sebanding sma pak dino ted .";"50080341276";"nfl_syh06"
"18155093338476185";"1780356359";"@warkopjurnalis gua rasa dia gak punya kapasitas sama sekali kalau adu argumen sama Pak Dino. 😏";"1614743530";"jj.rama"
"18099273953331269";"1780356403";".pake segala di bold nama pal Dino nya😂.. serasa liat perawan gang sedang counter attack😂😂😂";"4824416823";"irfani.r"
"18120875743673669";"1780356455";"Pantes digampar danjen😂";"1655168836";"izasadzili"
"18322102495281519";"1780356468";"Percaya???? Tentu tidak";"1044243009";"rhizaagoes"
"17930538558315195";"1780356471";"Najis boti karbol. 
Lu naek aja langgar UU setan. 
Nggak level banget ngomongin Pak Dino Patti Djalal. 
Muntah.";"71058410541";"foryrfreakinstupidsociety"
"17950534836170751";"1780356471";"Semakin panas, semakin ngawur";"60064581097";"genzabekasi_harapanjaya"
"18120240976669406";"1780356512";"Lahh saya mah tau dr orang orang orang orang yang banyak😂";"2504656560";"dewinta_ambaruni"
"18067306709398551";"1780356516";"Coba kasih angka nya ted, angka nyaaaa";"39319086";"dimasjaka06"
"18154121452484131";"1780356523";"Ngene ni orang 3 bulan 😂 . Korban sapi apbn gimana😂 @bayusanskrit";"2164833494";"fmy.one7"
"18015346235887728";"1780356540";"Percaya??";"1808236965";"ferryshalim"
"18082813652425860";"1780356547";"Menteri Luar Negeri nya kemana?";"55972620765";"rangga.maya"
"18104522090053458";"1780356582";"kenapa selevel seskab tengilnya setara jubir? menteri juga bukan";"987606026";"dodstwn"
"17915370306391305";"1780356594";"Kalo ga keluar negeri ya pidato, kalo ga pidato ya keluar negeri, tugas apa hobby?";"39130721";"danang_chay"
"17928819813312939";"1780356625";"@izzat_rahma_aisy waktu dimention pak Amien Rais knp gak dijawab?";"58183614187";"wibowo.rayhan"
"18084118037311803";"1780356630";"Jeng TIWI emang lu siapa dibanding  seorang Dino Patti Djalal? Ga ada seujung kukunya";"1313194648";"ghaghais"
"18108017351318406";"1780356688";"🤢🤢🤢🤢";"279767125";"fnariuslim"
"18101674106044873";"1780356690";"Pila ... Pila ... Pila nya kak 😶";"20414742409";"villasamawa"
"17940111846227801";"1780356706";"Udah dicebokin ama herkules";"39319086";"dimasjaka06"
"18066949412398228";"1780356729";"@rurihandayani_psi dia menjawab sbg seorang istri";"1313194648";"ghaghais"
"17869773900621711";"1780356735";"3 bulan aja itu udah bangga pak kaya lo bisa aja KLO Lo dari orang biasa";"2986330339";"richard_natalium_sampe_bunga"
"18119900926742730";"1780356743";"Kadang sampe lupa kalo dia ini prajurit aktif..";"41357560391";"abdulnazi3"
"17940755352239320";"1780356757";"Besok Timnas lawan Oman di GBK, kalo menang juga bakal dijadikan pencapaian kongkrit bosnya ! Padahal cm laga persahabatan";"1480713173";"dedelilik"
"18055348247721826";"1780356757";"Komunikasi teddy 👏👏👏👏";"5746208637";"dannisdarwin_"
"18100035548327537";"1780356776";"Jadi gini, okey...(kata sambung)";"16938414107";"jonta_masmar"
"18106055902977540";"1780356784";"“There’s no compression algorithm for experience”
#antipejabatkarbitan";"15845526";"masariefnb"
"18093543683194814";"1780356793";"Ambegan 😂";"4166107951";"eic_auia"
"17967427251079077";"1780356796";"Pakai duit pribadi ..?? Letkol kobame🌈💅";"6322150831";"ariesmnr"
"18101320787121474";"1780356799";"@vanesa14d pokoknya ADA !! 😂😂";"5963518498";"aristio_lee"
"17988580679813905";"1780356824";"Ini contoh mahluk yg suka nonton video setengah2, jadinya gini nih😢";"54823823645";"hedy_ahmad19"
"18118577860703600";"1780356846";"BULLSHIT SEMUA CUK";"38976921584";"fractalizedground"
"17883202881584972";"1780355575";"WALAU HANYA, ORG CERDAS GK BGTU KALIMATNYA (PETINGGI DI NEGARA INI YG JLS KL NETRAL N BERSIH PASTI DIMUSUHIN DIGESER GK BS DIAJAK KORUP BERLEBIHAN "MN ADA...CB SBUTIN" LOE AJA FAKTANYA GK BS NGEJABAT DI POSISI ITU MAKSA MALAH UUD NYA YG DIRUBAH...ITULAH DUUD APLG KEKASIH PRIKITIW"";"6203056780";"yanti_manggala"
"17890145679376652";"1780355584";"Saya pikir Beliau adalah diplomat hebat 🫪";"570171482";"tantriswjy"
"18106993208479669";"1780355596";"Perhatikan gaya bahasanya ada bbrp penekanan intonasi bahasa yg seolah olah yg mendengarkan hrs mengikuti mau jalan pikiran dia, gaya komunikasinya seolah apa yg dia lakukan itu paling benar, sebagi pejabat publik ini gaya bahasa Otoriter dan penyampaian bahasa yg merendahkan periode dan jabatan pak Dino Patti Djalal seorang diplomat Senior, jgn dekat dgn lingkaran RI 1 jd akhirnya sombong, bisa habis karir Teddy Setelah 2029";"233652310";"hengky_ia"
"18186231898384647";"1780355605";"Merangkap jadi adc, jadi Seskab, jadi Jubir.. @prabowo 😂 evaluasi lah";"77729264841";"satya_rheka"
"18093032323993608";"1780355624";"Semua urusan ????😂😂😂😂";"1684486647";"muhammad.firdaus10"
"18103300001281667";"1780355624";"Bisa Seskab, bisa Menko, bisa Jubir, bisa Menlu, belum yang lain, luar biasa bapak ini, indonesia punya 5 orang kayak gini, pasti cepat......?";"17333561239";"warungcakgatot"
"18325801534267046";"1780355664";"Masalah yang terjadi di Indonesia selalu konflik luar negeri yang disalahkan. Tidak pernah disebut kesalahan dari pemerintah itu sendiri";"62671627875";"muhammadziyadmasyhuri"
"18086535677434838";"1780355682";"Beda lagi klo bos nya yg jawab🤦";"984729909";"harry_setiawan27"
"18098199188233728";"1780355689";"penjelasannya lebih memahami alam pikiran presiden dibandingkan Bakom itu sendiri";"212922500";"mahararta"
"18041003666598040";"1780355715";"😂@sharing.asn";"1049203640";"ronnydeddy"
"17884952181565403";"1780355725";"Aku dukung pak Dino👏, maju terus pakkk🔥 sehat -sehatttt";"58499471264";"shofiyazahro1"
"18235139809308644";"1780355730";"@mustaan_alfaruqi iya bener ga ethis banget";"13516393390";"lady_adhiva"
"18118828879739062";"1780355743";"Perlu dichek kebenaran apakah pakai dana pribadi?!";"244354870";"respatih_ade"
"18376067641204054";"1780355762";"Kamu di bayar pakek pajak uang rakyat Indonesia.. Ingat ted🔥";"5840055706";"iy0_han"
"17928030489300835";"1780355770";"Datanya mana? Adalah pokoknya 😂😂😂";"3040580077";"1909joseppangaribuan"
"18104175484960532";"1780355794";"@tegar.prdn @prabowo @presidenrepublikindonesia";"5650471296";"sriwahyuuunii18"
"18377312941161194";"1780355811";"Jubir presiden kemana dah? Ibu negara mulu yg tampil";"1830507801";"bagusdwi.h"
"18116417383808635";"1780355846";"@melasarikarima kasar amat bahasa nya, sebegitu emosi nya belain junjungannya";"4174100323";"tesunvandonan"
"17876570586668856";"1780355848";"@presidenrepublikindonesia @prabowo";"5650471296";"sriwahyuuunii18"
"18020010923681235";"1780355859";"";"3567060486";"ahmadsaubari2.0"
"17928266178302950";"1780355860";"@r.f.diandra Yaa bener banget,tengil gayanya🤣🤣🤣";"3646874067";"symargaretha"
"18093186548252682";"1780355864";"mengaburkan fakta semua hasil yg telah kita capai? padahal fokus aja tunjukin itu kalau memang ada 😂😂. Buat info grafis misalnya @kemensetneg.ri @sekretariat.kabinet";"2046681456";"wita_nurulaini"
"18452277940117527";"1780355865";"Efisiensi nya yg dipertanyakan 😅 sebentar sebentar pergi... ga nyambung counternya, tp memang bukan ahli dibidannya jadi wajar2 aja klo ga nyambung";"15592479";"jippykumar"
"18033147656812246";"1780355872";"Lebih fakta lagi harga dolar 18rb";"62671627875";"muhammadziyadmasyhuri"
"18080466575193518";"1780355884";"";"1562879863";"be__989"
"17917059636388295";"1780355885";"Dia ini apa sih sebenarnya...kemana mensesneg, menlu-nya, jubir presiden...kok tata negara ini kayaknya kacau ya...😅";"3173504258";"mangchegus"
"18101682130856107";"1780355912";"Ternyata prabowo rusak karena salah pergaulan.";"361993343";"yudai_hwang"
"18101558185843280";"1780355916";"Walau tiga bulan ga perlu diomongin boss...kalo mau jawab cukup substansinya saja..kesannya julid banget";"4959822163";"nugros24"
"18108716707898080";"1780355924";"telek";"175268406";"gregoriusrvnggv"
"18051918179754602";"1780355925";"@sharing.asn 😂";"1603559826";"fiantz87"
"17881405698596786";"1780355930";"Buzer 2 lg keringat dingin, maju terus Pak Teddy❤️";"57580936655";"galankcika"
"18100364549470143";"1780355937";"Soalnya pembuktian nya harus nunjukin anus nya bang 😂";"4174100323";"tesunvandonan"
"17919011409166245";"1780355939";"Kata yg sedikit gimana ya "walau hanya diberi kesempatan 3bulan"(seperti nyeleneh). Kemudian kata "presiden Prabowo"(kaya aneh, harusnya pakai kata bapak/pak)";"23833468589";"antho.5804"
"18098157302150035";"1780355947";"cam iye iyeeee";"54529467602";"mataharimalam___"
"18087189659632068";"1780355969";"gagahan secara seremonial. itu sudah dinyatakan secara tindakan";"2131054724";"rubiah3s"
"18129554626541106";"1780355975";"@oktaviahidayati23 sekali keluar negri full 1 pesawat😂";"52289041387";"erliza_levenra"
"18101355065041051";"1780355991";"Kebutuhan yang mendesak? Banyak banget yang mendesak keknya.. this is fishy! contoh what was the urgency of visiting France and the other countries in short period of time??? Was there something significant? 🙂‍↕️😏 and u should strengthening dalam negeri dulu, we have many problems that president should be focused on. We also have minister of foreign affairs!!!! why????? Your explanation is unacceptable, teddy!";"1614743530";"jj.rama"
"18129955504606653";"1780355993";"Hai boti.. 💩";"54607796090";"ymh.dtx"
"17976245076009649";"1780355994";"Bunted bunted Kalau pakai uang pribadi silahkan.. negara di pimpin Prabowo tambah hancur..";"2255177032";"subursudardja"
"18010043729859976";"1780356013";"Ihsg anjlok apa karena dana investor terlalu berlimpah?😢";"1221941872";"johanessianipar"
"18085937309566480";"1780356023";"Nyinyir iri dengki jika koment pak Prabowo,trskan pak ....lanjut pak Prabowo";"4678098988";"akhrulritz"
"18131151784580116";"1780356029";"Biasa pak dino cari muka supaya dilirik pak prabowo, Dino kepingin diajak mungkin😂 😂";"60161714750";"setiyawan3002"
"18085338368622533";"1780356032";"😂😂😂";"71573258043";"marssyreza81"
"17895411531334492";"1780356041";"Efeknya buat rakyat apa ??? Dolar naik, PHK besar2an, harga bahan baku naik, Stabilkan dulu kondisi dalam negri baru sibuk ngurus bisnis elit";"4719756649";"annisaul23"
"18069833348354828";"1780356051";"Jubir nya kemana ya?";"6198069361";"baksobarokah2"
"18222286837318873";"1780356078";"Pengaruhnya ke rakyat aja deh :) selain minyak. Gausa bahas investasi negara lain 2.000 T segala";"12062782611";"marimas_2804"
"18153821443484013";"1780356085";"MBG (Mirip Bapak Gibran) 😂 @totalpolitikcom";"70441258267";"zaqarahman04"
"18094668857251252";"1780356098";"SUDAH MUAK !!!";"57842133913";"gusnawan2023"
"17853978648677722";"1780356103";"@tegar.prdn langsung banjir buzzer jir hahaha";"1686787578";"dadang_eka"
"18054998642748600";"1780354676";"Buna emg agak lain";"64448933470";"sams.ularifin33"
"17976956733037585";"1780354687";"Nampak sekali angkuhnya";"40261323012";"sthelendra"
"17860536792637709";"1780354689";"TEDY  TU  GAK PINTAR  KOK  KARENA DEKAT  DG NPRABOWO  AJA";"73391268302";"facri_54"
"18375072064205580";"1780354696";"Pertanyaanya..untuk strategis diplomatik apakah harus sesering itukah kunjungan ke luar negerinya...pdhl presiden sdh bilang efisiensi.smpai sampai dana ke daerah bnyak yg di potong.yg kdua secara logika akal sehat,anggaran kunjungan presiden kluar negeri sdh dianggarkan, ktika kurang anggaranya sesuai yg sdh dianggarkan oleh negara tdk mungkin kekuranganya pakai duit pribadi.toh itu jg urusan negara knp pkai duit pribadi.klopun pkai duit pribadi itu jg mnyalahi aturan.bkrja kluar negeri ko pkai duit pribadi kekuranganya dan itu tdk mungkin.pasti pakai duit negara cm di tutup tutupi";"58672976402";"pedro_masikin"
"18021850118838146";"1780354733";"@tegar.prdn agak agak mmg menstruasi ini";"3252588910";"mila_djabbar"
"17993142683973010";"1780354743";"Iya Ted iya.";"1359784834";"ari_newjeans"
"18138560335548050";"1780354753";"@tegar.prdn bener lg 😂😂😂";"1384781857";"shareefahmoon"
"18411736861177913";"1780354768";"@visitime Dia  ber2  sambil  bulan  madu  dikota nparis  yg nindsh .";"73391268302";"facri_54"
"18165996577437697";"1780354787";"@rezalatas diperjelas bgt lagi. Kentara bgt si tedy bear gedeg🤣";"14299351271";"arni8038"
"18053596553758505";"1780354823";"@tri_hasworo betul...padahal ga ada prestasi apapun apalagi soal diplomasi luar negeri 🔥";"72873297925";"digitalwith.maria019"
"17994210194985423";"1780354837";"Uang  dari mana woiii";"50107110221";"sodakosodako15"
"18034579241815428";"1780354842";"Memang toppp. Maju terus presiden Prabowo. Jangan dengerin omong kosong netizen 🔥";"25578444314";"barengmaswan"
"18122297830733044";"1780354899";"Lah yg ini lompat2 mk bs naik tuh yg di pundak bkn krn kemampuan.msk iya kunjungan di tanggung pribadi sapi pakai apbn";"1602775213";"nurjanahsimanjuntak"
"18093477353461328";"1780354918";"Siapa dia?";"25832274223";"geomnrlz"
"17969379096071272";"1780354919";"Ibu negara kesayangan presiden";"285414823";"endecity"
"17875515165485776";"1780354936";"@tegar.prdn lgsg di ulti... 😂";"2011328717";"fryo_pard"
"18322760986284552";"1780354956";"😂 kocak";"5383981761";"herrycopters"
"18096907540915944";"1780354958";"Lho menyalahi aturan gak sih, presiden menggunakan dana pribadi untuk kepentingan negara. Undang - Undang no 17 2003. Yahh klo yang menjelaskan si Pokoknya ada mau gimana lagi 😂";"2308848742";"indu_jagad"
"18097758122140190";"1780354991";"@tegar.prdn 🤣";"55839312071";"anisumarni214"
"18112463149863449";"1780354996";"Prabowo pidato baca teks biar gak blunder, eh ini bininya malah marah2. 🤣";"44737149007";"setyawan_dwibayu"
"18105294782050801";"1780355000";"Narasi bahwa setiap perjalanan luar negeri adalah 'misi diplomasi' justru memunculkan pertanyaan yang lebih besar, lalu fungsi Menteri Luar Negeri, si sugiono teman anda, itu untuk apa? Diplomasi negara seharusnya dibangun oleh institusi yang kuat, bukan bergantung pada mobilitas satu orang. Ketika Sekretaris Kabinet sampai harus menjadi juru bicara utama untuk membenarkan frekuensi kunjungan luar negeri presiden, publik berhak bertanya apakah ini masih penjelasan kebijakan atau sudah masuk wilayah yang bukan tugas pokoknya. kunjungan luar negeri presiden, publik berhak bertanya apakah ini masih penjelasan kebijakan atau sudah masuk wilayah yang bukan tugas pokoknya. Kritik dari diplomat senior seperti Dino Patti Djalal juga tidak bisa diperlakukan sebagai suara sembarangan. Yang membuat publik semakin kritis adalah kontradiksi dengan jargon efisiensi. Di satu sisi rakyat diminta memahami penghematan anggaran, di sisi lain intensitas perjalanan luar negeri presiden terlihat sangat tinggi. Wajar jika muncul pertanyaan mengenai prioritas dan ukuran keberhasilannya. Apalagi ketika presiden berada di luar negeri, publik tidak melihat adanya figur-figur pembantu yang cukup kuat dan meyakinkan untuk menjaga ritme pemerintahan di dalam negeri. Jika setiap urusan strategis harus selalu menunggu presiden turun tangan langsung, maka yang sedang dipertontonkan bukan kekuatan kabinet, melainkan lemahnya delegasi dan institusionalisasi pemerintahan.
Negara yang kuat bukan negara yang semua urusannya dikerjakan presiden. Negara yang kuat adalah ketika menteri-menterinya mampu menjalankan fungsi masing-masing secara kompeten, sehingga presiden cukup mengarahkan strategi besar, bukan terus-menerus menjadi pelaksana utama di hampir semua lini.";"4079456309";"mzaenarifin"
"18131124004585375";"1780355023";"beda kelas lah kau ama pak dino , prestasi dia apa jadi seskab aja nabrak aturan kamu !!";"287962081";"febyrosallyn"
"17910592308223360";"1780355025";"";"74941705776";"septiandi_pratamaa"
"18095731844464821";"1780355040";"Walau hanya tiga bulan. Menghina sekali bahasamu.";"77435628166";"wijayaasiskusuma"
"18099771986036452";"1780355042";"Kaya gini masihbada yg elu2kan.....mmg anomali";"30659296";"adhisara"
"17877815664667721";"1780355046";"Ada istilah kata sebelum berhubungan dengan tetangga, dalam rumah kita benerin dulu, malu kalo mereka tau, apa yang dibicarakan sama apa yang terjadi di rumah ternyata berbeda.";"2211691558";"wahib_al.aziz45"
"18099826016035611";"1780355058";"Itu hanya perbandingan yg gak mungkin ktk ke luar negri pake' anggaran pribadi... Krn kurban saja pake' APBN apalagi ke luar negri...!! Memang presiden kita sekarang ini hobbi bgtz jalan2 sptnya. Sampe' ada beberapa negara lain  yg menolak kedatangannya Krn merasa gak ada yg perlu dibahas, andai saja kemaren diterima oleh negara tersebut pasti saat ini pun masih di luar negri dia.";"2459292034";"dheaima70"
"18031480037815411";"1780355061";"😂😂";"1384192382";"abithalib_"
"18106734739941141";"1780355103";"@mureliyana bener, logika aja kan";"76537646901";"mikahm08"
"18426168859124428";"1780355108";"VIDEO ASAL NGOMONG TANPA DATA APAPUN YANG DISAMPAIKAN..
Nih saya kasih contoh realnya  kalau omongannya teddy asal Mangap..
PAGI NYA WOWO BILANG : bahwa Indonesia tidak bisa bergantung pada belas kasihan bangsa lain saat menghadapi kesulitan atau kelaparan. Beliau menegaskan agar bangsa Indonesia harus berdiri di kaki sendiri (berdikari) dan memprioritaskan kesejahteraan rakyat agar tetap berdaulat.
Eh sorenya plenger ini malah bilang : “Sekretaris Kabinet Teddy Indra Wijaya menegaskan bahwa Indonesia tidak bisa hanya mengandalkan atau meminta bantuan kepada pemimpin dunia di saat krisis saja. Bantuan dan dukungan antarnegara dapat diperoleh jika pemerintah secara konsisten membangun dan merawat kedekatan personal serta emosional antarpemimpin sejak jauh hari…
.. lagi marahan kayaknya mereka berdua.. gak kompak gitu.. ketahuan mereka berdua hanya omon omon";"77006385467";"bonbonscats"
"18054004460571614";"1780355121";"Iyalah kalian semua hebat cuma tolonglah kami mayoritas rakyat Indonesia sekarang sudah tidak mampu lagi untuk memenuhi kebutuhan hidup sehari-hari akibat ekonomi yang hancur-hancuran 😮";"67927399719";"juliadyhamid"
"18013218584910212";"1780355211";"Tombol ludahi online ==>";"229809307";"muladam26"
"18124452181653228";"1780355216";"Hahaaaa mental pejabat di kritik langsung serang ke orangnya😂";"1498014351";"fuadi_ahm4d"
"18092714693461100";"1780355240";"Sindirannya luar biasa …hanya 3 bulan makkkk parah seskab karbitan ini";"64429509876";"dedyrangkasjaya"
"18013425971888738";"1780355317";"@rezalatas iya bener kesannya ditekankan di 3 bulan …dasar NPD sama ama wowo gaka ada yg bener";"946915915";"oryzasativa__"
"17873546631502772";"1780355327";"Boti vintage kepanasan...nyinyir";"70290036667";"9obret"
"18111127036915096";"1780355358";"@solagratia_225 tante boti kale";"70290036667";"9obret"
"18117012421697794";"1780355373";"@erialvxxli teddy sih asal mangap..
Gak denger pidato wowo  tgl 1 juni kemaren??
 “bahwa Indonesia tidak bisa bergantung pada belas kasihan bangsa lain saat menghadapi kesulitan atau kelaparan. Beliau menegaskan agar bangsa Indonesia harus berdiri di kaki sendiri (berdikari) dan memprioritaskan kesejahteraan rakyat agar tetap berdaulat.”..

Eh sorenya Teddy malah bilang hubungan diplomatik agak kalau ada apa apa bisa minta bantuan..

Itu bukti konkret mereka berdua hanya omong kosong";"77006385467";"bonbonscats"
"17921822571147763";"1780355387";"Mau tanya, boleh ga kalo semisal presiden dan kroni2 nya itu menyampaikan terlebih dahulu ke masyarakat kalo mau ke luar negeri? Soalnya sependek pengetahuan saya kalo presiden ke luar negeri yg mimpin di Indonesia itu wakilnya😢";"11062392328";"maki_zakariya"
"17928122100325018";"1780355389";"KALIMAT LOE MENGHAKIMI, MW BENER SNDIRI.....HARTA LOE BR NGEJABAT UDAH MENGGUNUNG (PRET LAH DUIT SENDIRI, NGERAMPOK) KRISIS LOE YG RANCANG...TEAM LOE DAH KONGKALIKONG...PRET AH";"6203056780";"yanti_manggala"
"18059657543719391";"1780355404";"😂";"3971914690";"chafidulum"
"17939557122051573";"1780355410";"Si paling POKOKNYA ADA.. pokoknya jawab";"509910415";"ilobast"
"18133974088496761";"1780355449";"Jubir or seskab ya";"1537078975";"charless_os"
"18094159457463179";"1780355512";"Ke senggol dino patti djalal langsung kasih klarifikasi tapi disenggol amien rais ga ada klarifikasi .. apa emang omongan amien rais ga bisa dicounter sama dia ??? 😮😮";"36386361148";"kharismaperdana01"
"18127660579612825";"1780355516";"Wkwkwkkw jawab pakek data, proses untuk jadi datanya aja mengandung kontroversi";"1421992894";"_nursyahalam"
"18103097972284989";"1780355544";"Semua investasi siapa yg merasakan bro?? Sampai nggak ke masyarakat di bawah?? Gemes ah si teddy ini😂😂😂😂😂 pembahasan efesiensi kok malah bahas pencapaian prestasi😮😮😮";"54057963926";"abdullahzakariyacatur"
"17872873617677802";"1780355562";"";"4963835838";"mhjup_"
"17967515778113739";"1780353816";"Cara ngomong nya, kok spt.....😂😂iya ngak sih";"5608476003";"kris_de_gut_man"
"18154728766479022";"1780353832";"Ya dia jika dibandingin elu..elu siape ted..";"177717539";"renoab_12"
"18108875197931901";"1780353838";"@fdy_shaleem 😂😂😂 itu tidak menjamin. Jaman nya berbeda, kondisi geopolitik pun berubah. Presiden menggunakan strategi politik nya, bukan meniru presiden sebelumnya, seorang diplomat mestinya paham. Teddy merespon kritikan dino dengan data, supaya tidak di framing. Bukan pemerintah anti kritik.";"3973697194";"s.wibwa"
"17872366677674330";"1780353847";"Pokoknya ada! Wakakaka";"17714238269";"mitrasolutionbanjarmasin"
"17974949438883117";"1780353877";"@tegar.prdn teriak, kenceng, ketawa dan SALAH! memalukan! Banyak baca jangan cuma mainan hp!";"493448620";"innabrata"
"17970920166067681";"1780353897";"💩💩💩";"1820019075";"nunoutara"
"18138997189537230";"1780353941";"Bencong ya gtu malah ngecounter";"34082484";"anwarrifani"
"17987146551004380";"1780353960";"@melasarikarima Hey Buzzer Buzzer Bi4dab";"61335617868";"imamwahyudi8227"
"18106964080753045";"1780353960";"Dana pribadi 😂";"70110067544";"mastedjopamungkas"
"17926349142339020";"1780353963";"@dewinta_ambaruni inget buk ibuk, fitnahanmu akan mempengaruhi keberlangsungan hidupmu.";"31699572478";"meziana.zizi3"
"17904441687428848";"1780353969";"Bukan nya mau introspeksi malah nyangkal.. Taek memang";"20307057332";"i.gustinova7"
"18096934432937046";"1780353971";"Efisiensi yg di teriakan Prabowo bagamna?";"2216319876";"nuryasin83"
"18342557863171279";"1780354007";"Walau hanya diberi kesempatan (menjabat) 3 bulan ... Kasar banget!!";"40986639397";"harryfransiskushasugian_hfh"
"18587942809015385";"1780354009";"Dollar naik terus bang gimana nih🫣";"2909779674";"adees29"
"18212943952332030";"1780354034";"@mustaan_alfaruqi senggol bacok itu bang😂";"2909779674";"adees29"
"18091738469605589";"1780354042";"Berarti bener kata pak amien rais";"2290509242";"bintoro_dwi"
"17965956726087566";"1780354060";"Yang penting ada ! 😂";"68804065890";"pemer_hatimu"
"18120100561738882";"1780354071";"Sesko dulu mas.... biar wisdomnya naik....";"40351503294";"kulinerjadul.id"
"18103775120048066";"1780354086";"@tegar.prdn belajar dulu Gih...";"4920741646";"herdi_mayongqu"
"18138445078527154";"1780354114";"@rezalatas baperan bang😂";"2909779674";"adees29"
"18270653095292938";"1780354151";"Ditunggu klarifikasi atas tuduhan Pak Amien Rais ya Ted, disertai dengan bukti2nya juga 😂";"52183125329";"radenmasminke"
"17953760003984230";"1780354153";"Bundaa...";"65166801186";"anelkagaco7"
"18085730987525549";"1780354219";"Dari mimik mukanya , menandakan ketidak sukaan di kritik 👏";"76644796151";"bzrbzrbzr93"
"17990920250985685";"1780354237";"Duitnya bisa buat subsidi pendidikan";"48102065941";"supradito72"
"18025573193824238";"1780354250";"Kunjungan ga ada manfaatnya buat kedaulatan dan ekonomi negara!!! Kalo berdampak ekonomi, kenapa negara tetangga nilai mata uang menguat kita malah melemah🔥🔥";"2278574127";"hand_ri86"
"18105426583972230";"1780354259";"@tegar.prdn cara menggonggongmu telat bro, ada Mbah google kok dianggurin, klihatan klau Lo sejatinya orang tol lol. 😃";"31699572478";"meziana.zizi3"
"18108160865301990";"1780354279";"@tegar.prdn aduh KLO dngo Jngan diliatin";"70328688391";"refaldo._n"
"18172060141411763";"1780354283";"NPD semua rezim sekarang";"1934108035";"permadifarid"
"18015110780894772";"1780354309";"Prepet😂";"50199164614";"21luckylaki"
"18108202115297752";"1780354342";"Lahh kopettt";"8638422013";"imoeljuniorz"
"18014999267895149";"1780354350";"Penjelasan Tedi semakin bikin kagak jelas. Kritik Dino lebih jauh berbobot dan keren dibanding si Tedi ini. Hadehh kocak ente Ted, gak berkompeten, gak berisi. Balik lu ke barak!";"48247228090";"maulanaihsaann_"
"18105939536066830";"1780354385";"Terserah kamu Ted. Kamu hebat.";"1918446495";"usop_radenyusuf"
"18079310795199165";"1780354400";"@warkopjurnalis karena Pak Dino di video dan diakes publik makanya sama";"4920741646";"herdi_mayongqu"
"18083094743139156";"1780354427";"Menstruasi, menteri segala tata kelola urusan dan situasi 👏👏";"56165945728";"sharing.asn"
"18004644593928644";"1780354464";"Maaf saya ga percaya biaya keluar negeri pake dana pribadi.sudah byk kebohongan yg terjadi.rakyat sekarang udah pinter.janganlah terus menipu dan membodoh2i rakyat.";"45527871627";"cherlyaudee"
"18597459406057706";"1780354515";"Sy yakin kritikan dari bpk. dinapatijalal tdk sampai ke telinga prabowo, tp d tahan oleh ibundted";"2313725818";"hanszixo"
"18205073806352516";"1780354517";"Apa maksud dia blg "walau hanya 3 bulan"?";"1649518941";"debu.roda"
"18201347557357759";"1780354519";"jauh kelas";"41861653565";"garasi_galau"
"18108720014510410";"1780354528";"Angkuh.";"36002323628";"ragamkaya"
"18132962848575455";"1780354551";"@robertus3budhi dari sekian banyaknya komentar di berbagai akun, kenapa ya kata "pokoknya ada" sering bermunculan macam template . 😃";"31699572478";"meziana.zizi3"
"18116992570834753";"1780354586";"Botii botiii ,,,pantes wowo jadi plengerrr 😂😂😂😂😂😂😂😂ternyata si boti yg jdi presiden 😂😂";"68692704996";"kasinah78tw"
"17967911352115630";"1780354597";"Penggunaan dana pribadi untuk kepentingan negara, menjadi rasionalisasi adakalanya saat dia memegang uang negara akan lebih serakah karena merasa uangnya pribadinya telah digunakan, itu teorinya😅😅";"45942499262";"lutunq_kasarunq"
"18082591049394433";"1780354603";"@visitime menterinya ga ada yg kompeten soalnya 😌";"1673596228";"silo_watie"
"18083460890131630";"1780354617";"Percaya ?";"5588607802";"pd_payib"
"18189606955327677";"1780354635";"Banci memang pande kali bersilat lidah…! Mesti kali bilang walau hanya 3 bulan…! Gini nih mulut banci";"8214975364";"m.irvan8767"
"18010333685911961";"1780352861";"Ni karna di singgung sering pelesiran bersama.? 😂 sekalipun menteri menteri gak ikut. Tapi teddy ikut.. padahal jabatan seskab..";"9422468437";"isudirman20"
"18105287785955330";"1780352871";"Dayang dayang sedang berfatwa😂, Menlu sekrang kemana? Diem bae";"3111634772";"rdnrizki04"
"18350961730300469";"1780352872";"@wyansonata yg di mention sama pak dino dy, makanya dy yg jawab.. klo yg jwb jubir nnti di kata ga berani pengecut ga becus";"2001932830";"izzat_rahma_aisy"
"17940323784232586";"1780352894";"Anak kecil ngajarin diplomat senior yg kaya pengalaman 😂";"2209308754";"mikoajalah"
"18013024577909164";"1780352895";"Beda kelas";"25078469932";"ar49774nhadr"
"18091902455205490";"1780352908";"Ini jawabnya pakai AI ga sihhh";"4467421498";"j4m35_d007"
"18110467667509067";"1780352922";"@tegar.prdn kalau kurban pakai APBN dah dari jaman mbah yeye bro.. Cek aja di mbah google (punya google kan?).. Kalau kurban pribadi biasanya dikasih ke lingkungan tempat tinggal.. Kalau APBN yang buat dikirim ke seluruh indonesia, atau daerah-daerah yang biasanya itu 3T..itu dalam islam namanya tidak disebutkan sebagai kurban melainkan sedekah.. Kalau di perusahaan kita2 orang kecil ini kalau ada kurban dari PT, biasanya diatas namakan pegawainya.. Gitu sih.. Soal hukumnya apa yang diatasnamakan pegawainya Wallahu'alam dan itu biarlah menjadi tugas malaikat mau mencatat nya sebagai apa.. Kita sebagai manusia berhusnuzon saja dan bersyukur saudara sebangsa yang di luar sana juga dapat sapinya.. Kalau sendiri bisa kurban dan mampu maka bersyukur saja allah kasih banyak rejeki.. Gitu aja";"508440477";"tini_pandawa"
"17904644649263451";"1780352933";"Kalau udah sekali bertemu bisa dj lanjutkan via Zoom, contoh ke francis udh pernah ketemu, masak 1 tahun 2 kali ke perancis, ke Rusia 1 tahun 2 kali, masih bisa cara alternatif yang lain itu yg di maskud oleh pak Dino, coba transparansi biaya yg udah di keluarkan oleh pemerintah selama keluar negri, sudah habis berapa?";"60518435984";"samedayorin"
"18137823310543269";"1780352939";"Koq nggak Menteri Luar Negeri kita yg jawab??";"55862885";"mas_ido_"
"17943380028027712";"1780352961";"😂😂😂😂";"683498210";"safrimonoarfa"
"18138529585555224";"1780353002";"Seskab rasa jubir istana 😮 sapuu sapuuuuu";"2024808287";"adriannss"
"18103045157473359";"1780353019";"Walau hanya 3 bulan? 

Baru juga di kabinet udah menghina, dasar boti";"4309249289";"muhdavidricardo"
"18079089344644586";"1780353069";"Prettt hewan kurban saja dibayar pakai APBN";"6717329365";"pitoyo4485"
"18051978131769935";"1780353079";"Bocah bau kencurrrr";"61306853225";"ngescroll_aja"
"18064319720650755";"1780353084";"@erliza_levenra ini stu lagi.";"4109965731";"oktaviahidayati23"
"18090759242198334";"1780353117";"Inimah emosi semua isinya";"45027475474";"prkshp13"
"18010787501718613";"1780353186";"kenapa harus si teddy yah yg klarifikasi ?kan ada sesneg....keliatan defensif ya😂 bicara seolah dampak positif tapi bobrok dolar terpuruk...siap siap menjelang krisis";"6000249719";"doyanmakan81_tv"
"17863728912690875";"1780353225";"“walo cuma dikasih kesempatan 3 bulan”  Maksudnya apa ini 😂";"9604522345";"omahpitung.c70"
"18112318331311447";"1780353226";"Meskipun hanya 3 bulan tapi beliau berkelas... Keliatan mana yg bner2 cerdas mana yg dipaksakan";"58439368629";"yoga862023"
"18083886080431603";"1780353267";"Terbaik jawaban yang tepat dan dewasa dan bijaksana, dan membuat rakyat Indonesia yang percaya pemimpin negara saat ini atau kemarin dan akan datang untuk membuat negara serta rakyat Indonesia menjadi damai, rukun dan guyub, sehat, waras, dewasa, sejahtera, bahagia, baik sangka, bersih hati, positif thinking, santun, rendah hati, semoga Alloh swt menjaga pemimpin negara Indonesia presiden RI Prabowo dan kwualisi merah putih serta di mudahkan segala urusan beliau, insya Alloh, jazakumulloh barakallah fi Umrik dan rezeki 🤲🤲😇😇🇮🇩🇮🇩🇮🇩🙏🙏";"1523053398";"apharta"
"18089974886369105";"1780353278";"😂😂😂😂😂😂";"1757719353";"dedesukadhana_"
"18022241861843796";"1780353283";"Who is he";"273332097";"irfan_aja"
"18095074604265978";"1780353376";"@tegar.prdn beberapa kali dikasih paham dan dijelasin juga kau juga gak akan Terima. Benci dibalut kebebasan berpendapat,banyak data yg di sampaikan kau masih percaya hoak. Kami yg di plosok saja masih lebih pintar dan bijak menerima informasi daripada yg katanya daerah maju";"3973697194";"s.wibwa"
"17891640900508141";"1780353390";"Bahkan menjawab kritik kalian defensif";"25806784885";"fathanjohanis_"
"18115452488495033";"1780353423";"@tri_hasworo yes. Ita true";"4011984723";"jf.syah"
"17926617693339993";"1780353427";"Tetep defensif dan denial, tidak ada input positif yang diterima dengan baik atau minimal dipertimbangkan";"63941606545";"memeonlymeandmyself"
"18111266302898173";"1780353431";"@fdy_shaleem bahkan seskab skrg dibandingkan pramono anung jauh sekali😢";"8383443403";"anggahanis51"
"18127246057617781";"1780353451";"@christiankevinj bener juga😂";"4574858913";"bagas.benu"
"18101693246024839";"1780353463";"Gas terus pak @dinopattidjalal  kritik bapak di tanggapi, yu yg lain  mana biar panas dikit";"4033102375";"teguhnkay"
"18160156924458308";"1780353476";"Agenda berikutnya keamanan ini Ibu Negara
Ke Antartika?
Mo impor es????";"1533263037";"yuswadimulya"
"18162379525434948";"1780353486";"@visitime dia menstruasi (menteri segala situasi)";"4574858913";"bagas.benu"
"18083078009147852";"1780353507";"Istighfar setiap hari";"638482679";"bayuaji_92"
"18123941509730673";"1780353510";"Omon. . . Omon,.... Jg";"2050743087";"irmansusanto01"
"17931098850090935";"1780353538";"Nah benar itu";"4011984723";"jf.syah"
"18104257930826407";"1780353558";"PAK DINO ... TEDY SEORANG YG HABI JALAN² MAKANYA PENGEN KELUARGA NEGERI TERUS 😂😂😂😂";"8437616882";"indriati_idrus"
"18360443812233973";"1780353558";"Bahasa komunikasi pejabar kita benar2 ancur😢....antar kementrian tdk ada koordinasi,";"8383443403";"anggahanis51"
"18273054553292580";"1780353563";"Laknat Boti ini selaknat-laknatnya Yaa Rabb";"27008206153";"denalmuchtarom"
"18117808327695403";"1780353574";"Balasan y bukan membanding"kan Bos, tapi bisa ga efisiensikan semua itu, inget.. dollar naik melonjak, situ ga ngaruh, nah dampak y k masyarakat Nasional";"3103310446";"darus_diandra"
"17976918513042997";"1780353579";"@pentolica 😂😂😂";"4011984723";"jf.syah"
"18120184567666112";"1780353585";"Lah, malah nyari pembenaran. Bukannya evaluasi.";"65253342474";"wiwi.0410"
"18116069413834152";"1780353609";"Semoga sehat dan panjang usia dalam keberkahan ya pa Dino.
Barakalloh fiik# kita silaturahim virtual ja ya pa, supaya efisien. Kalau ada yg penting bgt dan mendesak bapa bisa telp ja ya🙏🏻";"7024562273";"cucunaeyang"
"18065991785404591";"1780353617";"Selain kesel sama opininya gua juga kesel sama mukanya";"61370512941";"nabinasalwa"
"18152225524470968";"1780353647";"Klo ud g suka,,, wlpn bguz,,ttep aja salah,,, pkknya g bgus😂😂";"3593667048";"rezafahlefi19"
"18156204682411996";"1780353670";"Aduh inikah yg buat gemoy makin rusak karena bencis ini";"54255876738";"harry.kara06"
"18105000731114898";"1780353678";"Bukannya gak percaya yang muda ....tapi lihat saja komunikasinya";"4268140429";"kacambuang_basi"
"17893103796527416";"1780353692";"Baru bersuara setelah dikritisi? Bukankah justru *sebelum* melakukan ini-itu, presiden *berkewajiban* menjelaskan apa yg akan dilakukannya kpd *rakyat* sbg pemegang kedaulatan berdasarkan UUD 1945? Juga melaporkan kpd rakyat *setelah* melakukan ini-itu... (Oia, soal kunjungan ke LN, bukannya MenLu yg lebih tepat utk menjelaskan kpd publik)";"7332671269";"laurel_heydir"
"18364726420226288";"1780353706";"Semakin di kritik dan semakin memberikan klarifikasi itu bukan type pemerintah hebat tapi pemerintahan lambat harusnya ketika pemerintah di kritik di bls dengan mengubah polah kerja terlebih dahulu supaya rakyat tahu bukan klarifikasi dulu kemudian masih tidak menghiraukan kritik atau usulan rakyat";"874926238";"shandypriambudhi"
"17939363457050026";"1780353759";"Pake dijawab lagi, dasar gak tau malu!!!";"360462017";"cheithea"
"18116388538828153";"1780353763";"Gw lagi bayar puasa, td udah sahur liat video si bunted gw laper lg naik darah";"21486803";"nina.bushra"
"18623668897042008";"1780351838";"@melasarikarima ciee JDI buzzer";"3410735641";"thisismrizky99"
"18113455588883862";"1780351858";"";"34096598500";"larutmalamm"
"17951444226173748";"1780351859";"Songong super kek paling betul";"243214592";"dv.alie"
"18096151571335872";"1780351872";"Klarifikasi kok pasif agresif kyk gini sih ted? Latihan public speaking dulu ya 🙌";"13020736290";"jo___ahae"
"18077926730240502";"1780351879";"Sawit anjlok gimana ted";"48822958559";"agung.nugroho471"
"18120366787678181";"1780351960";"Ibu negara membela suami";"3267272915";"gayuhilham_"
"18082227428537075";"1780351969";"Ko malah membela diri.. Keliatan gak terima banget di beri saran 😂";"8565672274";"arissupriyatna2501"
"17891792601481459";"1780351972";"Akuntabilitas coba di sampaikan itu adalah pesan rakyat!!!! Mau brangkat kami di berikan action plan nya dan ketika pulang kami di serukan report nya….se simple itu rakyat meminta agar uang kami tidak di hambur2 dalam kegiatan yang kurang bermanfaat 👏";"2461772985";"marditrisutrisno"
"17881539192437526";"1780352007";"wooy Tedd, gak usah deh loe bicara bayar kelebihan biaya perjalanan luar negeri pakai uang pribadi udah gak mungkin itu. Lihat tuh Sapi yang katanya Qurban 1098 ekor. Dibayar pakai APBN, loe paham gak sih 1 ekor sapi untuk pekurban berapa orang? terus dipakein APBN biayanya, 1098 itu "cuma untuk berapa pekurban" Ted?? dari situ aja udah salah itung2annya, ini lagi loe bicara selisih biaya perjalanan ke LN. Tambah ngawur.";"68176088056";"kakilimabpn"
"18118294288706307";"1780352093";"Masa jabatan prabohongg habis , aq yakin si tedy bakal di kukitinn 😂";"21268107122";"anake_wongoradue"
"17950868727169916";"1780352144";"😢 bukti jalan2 ada di ruang kerjanya😂😂 (foto selfie bareng di menara eifil Dan itu bukan sedang bekerja";"7393778183";"berinalfatih"
"18090972467622910";"1780352145";"Harusnya pak Gibran yang menjelaskan ini sebagai wakilnya Prabowo bukan adik Teddy 🧸😂😂😂😂😂";"9388564353";"1234567890letoz"
"17942223321036698";"1780352155";"Hasilnya seperti sekarang..dolar 18rb😂";"8398822646";"bagasadiseto"
"18129872803591854";"1780352169";"Woooo dikasih masukan bukannya berbenah malah sibuk bikin penjelasan dan klarifikasi... Intinya gak mau salah kaya perempuan aja gak mau salah  dan disalahkan😂😂😂";"3973537908";"enoyheni"
"18125196334638599";"1780352197";"Sok angkuh sekali kamu boti";"11460293925";"pasukan_revolusi_zzz"
"17939189181252520";"1780352213";"Sengak kali prajurit satu ini";"4230476705";"twanmalay"
"18055106372734396";"1780352226";"@fdy_shaleem Sependapat...👍";"3975760684";"arie_ph"
"18099745370121885";"1780352240";"👍";"72586613528";"syam55104"
"18064887479445411";"1780352242";"Ibu";"1701576185";"ervanbambangdermanto"
"18091233227349755";"1780352258";"Mau pake apbn atau pribadi harusnya mikir klo mau ninggalin negara sama rakyat yang lagi yasudahlah 😂😂😂😂😂";"991147005";"diaranggoro"
"18178237564405648";"1780352271";"KOSONG";"177744227";"roby.asgar"
"18136944433478793";"1780352299";"Semua jawaban lewat Total Politik ?";"233031173";"albagmul"
"17904515247429307";"1780352307";"Hhhh.... anak SD nguliahin dosen ga siii";"1434256060";"ftrnrlm"
"18213975187334135";"1780352344";"Pemerintah sibuk bgt klarifikasi . Rakyat no yg miskin urusin";"44339431827";"dzamzuri_"
"17854012449680350";"1780352350";"ke prancis 4 kali ngapain🙌";"2154306374";"ariq_bukan_arik"
"18130007800608751";"1780352351";"Berarti kalau 'pokok nya ada' itu uang pribadi Prabowo semua gimana sapi korban 100 milyar";"66409388976";"agokkkcicamm"
"18113547361676279";"1780352429";"respon telak & terukur, emang ga bisa dibiari ...";"204385204";"hendra_toulanyo"
"18107244716286257";"1780352453";"kuat nonton sampe kata" cuma 3 bulan ,,, 😢";"1938313425";"trioferdinand.tf"
"18113782777799831";"1780352467";"Sy lebih percaya pak dino, dibandingkan omongan orang yg baru kemarin Sore jadi kabinet.";"4100061097";"alulumy"
"18588004915006867";"1780352472";"@azie_fachrurozi Ini fiks memang gak sopan banget sih dia diplomasinya";"4172189282";"rahmawatinfsofyan"
"18005696330864694";"1780352499";"Tolong kembalikan saja kesatuan 😂😂😂";"5445555868";"iskandar_buyung"
"17860356381650376";"1780352505";"@melasarikarima dah dari jaman SBY bro.. Coba tanya google.. Nanti google jawab itu dari dana apa dan jaman siapa";"508440477";"tini_pandawa"
"18092181386362821";"1780352525";"@ariholau Nah, bener";"4172189282";"rahmawatinfsofyan"
"17901389589288289";"1780352535";"Dengki @tegar.prdn";"1969890204";"subektiernandy"
"17912349147404184";"1780352540";"Ngeles trus, keliatan banget kalo takut dikritik nya, pasti di counter, pake uang pribadi, hoax banget itu bun";"46690864690";"hilham.pratama"
"17892329046526525";"1780352549";"GAK PERCAYA 😂";"2261332866";"hotibul__"
"17989642022969581";"1780352572";"Dikasih fakta malah nyinyir @rezalatas";"1969890204";"subektiernandy"
"17983216739839968";"1780352573";"😂";"1168313032";"fotarisman"
"18121567057590953";"1780352596";"@fdy_shaleem sama tetanggaku bapaknya penjual bakso anaknya juga penjual bakso dia ngikutin jejak almarhum bapaknya sekarang jadi penjual bakso senior";"45154464149";"hasimafendi"
"18101076848088915";"1780352620";"@visitime kan yg di senggol dy kak.. cb kak sebelum komentar di cari dlu biar gk  kya  warga negara gk tau apa2";"2001932830";"izzat_rahma_aisy"
"18086290370625362";"1780352642";"Semua bawah nya udah diseting utk jadi pencuci piringnya , ngelap bekas kotoran nya , biar rombongan terus melenggang lewat , klo ga bisa berhenti tengah jalan , tapi Rakyat sudah cerdas siapa yg bekerja dgn benar dan siapa yg bekerja tanpa perencanaan dan ugal ugalan ?? Dan dunia luar / investor ga bisa dibohongi lihat saja dari kurs mata uang dan ihsg nya !!🔥";"52258807393";"supar_disobo"
"18105544694474815";"1780352685";"AI ?";"1504990553";"ardiansyahw36"
"18592479763019605";"1780352693";"Mending uangnya buat qurban";"3927456869";"commufighter"
"17890023828515105";"1780352695";"😂";"7283123393";"ismantoriski"
"18172836778415177";"1780352698";"Kenapa ig tidak ada tombol unlike sih😌";"2364533909";"raisha_rh"
"17869397943653839";"1780352773";"Gak perlu diluruskan pak, hehe";"222189542";"budii_prasetyo"
"17890200834377154";"1780352788";"Ngapain luar negri di urus boss,dalam negri di benahi dulu.";"4919299313";"king_ariel27"
"18125159278627973";"1780352805";"Km gk dengerin sampe selese ko tanya outpit?";"2001932830";"izzat_rahma_aisy"
"18135466513559687";"1780352811";"Ted lu masi anak bawang ... sotoyy";"5790882428";"akayajah12"
"18106241528318141";"1780352855";"😂";"38204750522";"serena_property"
"18120724018668846";"1780350568";"Mantap pak presiden, semoga dijadikan contoh oleh menteri dan eselon 1 untuk dinas SPPDnya dikurangi orangnya dan pakai biaya pribadi😁😁😁";"2236147579";"ainur_rofiqk"
"18098412392468696";"1780350569";"";"201949166";"ram.tjoeroep"
"18106817074755459";"1780350648";"Kelebihan , kalo gak lebih ya dibayar apbn. Pinter2 e admin bikin SPJ biar ga lebih😂";"1028014054";"mela_dwi_wulandari"
"17974629687023034";"1780350653";"LHA?";"3134367916";"okky.yupp"
"17951018415170475";"1780350662";"Bukan kapasitasmu bro";"58647089337";"abdi.postman"
"18473477743097272";"1780350702";"";"201949166";"ram.tjoeroep"
"17916767997186134";"1780350703";"Menlu buat apa ya?? Klu yg jd tugasnya dijelaskan sekretaris??😂😂😂 Job desk nya gk jelas semua nih semua isi pemerintahan";"8078620419";"zakariamahrez9"
"18028633544815909";"1780350704";"Ditanggung pribadi tapi harta kekayaan pribadi meningkat ? Ahhh mungkin perasaan gw aja 😪";"3870344247";"bayuupratama17"
"18107199074474474";"1780350707";"";"201949166";"ram.tjoeroep"
"18087369905378857";"1780350757";"@warkopjurnalis ya biar rakyat yg fomo juga tau dong😂😂😂 sdm Indonesia terlalu rendah gampang fomo";"2277775502";"okinurshinta"
"18137903584527773";"1780350818";"Bisa diem gak? Makin bnyk buka mulut makin .....";"6881770053";"yuliamuliati_"
"18392826295090227";"1780350847";"@christiankevinj klo menyangkut negara' memang harus segera di klarifikasi, klo menyangkut pribadi yaa bodo amat, terserah kalian mau Fitnah kyk gimana, kan bisa jadi ladang pahala untuk beliau 😁";"46133932308";"beyrself_001"
"17948879844190774";"1780350910";"Ini orang tamatan 2013 gaes .BOCIL tapi pangkat nya naik ngegas 😂 aku lebih menghargai tokoh2 yg karir nya berjalan dg banyak nya pengalaman dan berproses organik.orang yg dia sebut cuma “3 bulan “ itu diplomat senior yg pengalaman kerja nya udah kemana2 .";"1532788173";"erike_brown"
"18097486486937810";"1780350914";"@reysalladp sebenarnya karena waktu itu beliau mundur dari ASN dan dubes di AS untuk mengikuti konvensi partai Demokrat. Setelah beliau tidak terpilih untuk menyelamatkan karir beliau dilantik sby lagi";"39817190733";"dennyindraj"
"17941208058220256";"1780351047";"Macem bini belain lakik didepan tetangga sebelah........ Noh urusin dalam negri masih byk PR";"50889237086";"leni.maza"
"18084395168114732";"1780351079";"@fdy_shaleem yg diharapkan dari sekelas lurah camat Kapolsek apa ngurus 1 Indonesia";"5759291032";"paijo_helawww"
"17897541702463609";"1780351095";"Tempo was right 🤣";"4370172496";"nasrichal"
"18408975364199896";"1780351117";"kampret sombong bener cuman 3 bulan ceunah";"52489855";"masadeprakasa"
"18122020375640863";"1780351124";"Ga usah banyak bicara wahai @sekretariat.kabinet bukti kongkrit bukti kongkrit, kenyataan di lapangan rakyat bawah buktinya semua belanjaan naik, mulai dari beras, minyak goreng, lauk pauk dan barang sekunder lainnya seperti plastik kemasan dan lain lain.";"50269848719";"pada_eranya"
"17982708456007669";"1780351125";"@rifki______.12 mana ada dana pribadi.kunjungan presiden tu udah ada yg ngitung ,pakai APBN,20 milyar sehari";"1532788173";"erike_brown"
"18143791621511100";"1780351130";"Tp qurban pake apbn wkwkwkkwkwk";"47248714481";"mureliyana"
"17996717324959109";"1780351146";"😂😂😂😂";"2056341672";"mahadika_prabowo"
"18089970767347105";"1780351158";"Yess, sy dukung Prabowo 5 Periode 🔥👏";"2259919885";"kuswandykwong"
"18099802304167603";"1780351214";"@visitime menlu gak di ajak ke Perancis😂emang kocak konoha.";"2307101168";"trisnijulianty"
"18106087078958402";"1780351215";"😂😂😂 gaya emak2";"4760310956";"belianileli"
"18104844566288536";"1780351228";"Keluar negeri mulu cari investor tp tp rupiah tetep anjlok 😂😂😂😂😂";"47248714481";"mureliyana"
"17938278255054308";"1780351270";"Dino cari pangung ingin buat gaduh rakyat.";"6453972923";"khalidbin.walid.3705"
"17966654237920928";"1780351275";"Bacot aja kamu teddy";"7504145909";"abe_kodoh"
"18205125115345799";"1780351281";"@mikahm08 malah rupiah longsor 😂😂😂";"47248714481";"mureliyana"
"18343079971218168";"1780351320";"TOTAL POLITIK NYEBOKIN PEMERINTAH";"9263433198";"mesospher"
"17976608190013052";"1780351373";"Eneg banget gue lihat mukanya";"1961219680";"cklpriest"
"18116388343880424";"1780351374";"Tunggu aja kesombonganya akan menghacurkanya";"10126271198";"andrea.amabel"
"18058164086721489";"1780351401";"@ariholau pergaulan yang buruk merusak kebiasaan yang baik";"1961219680";"cklpriest"
"18376336882161617";"1780351419";"Berak wkwkw";"45610241251";"wijaya_oma"
"18009294677859948";"1780351421";"@mustaan_alfaruqi haha iya mesti bgt ya mention gitu Hy 3 bulan , halus tapi menusuk membalas";"477571351";"everly_lashes"
"18127713412717990";"1780351539";"@tegar.prdn pritz prietz🔥";"1963500943";"muhamadsadikin1"
"18078669572230011";"1780351541";"Ngurus kelurga aja gak becus ngurus negara";"1611848754";"aldies.journey"
"17898488904310124";"1780351561";"Hasil nya dr Prancis : hepi besdey tengah malam ooooow itu pasti kue ultahnya yg pake dana pribadi. Ud itu aja";"920172569";"ranumayuningtyas"
"18340029394223022";"1780351613";"Siapa yg percaya pake dana pribadi, kurban aja pake apbn @teddy_hq";"2257175672";"nurjanah_galung"
"18076391738274121";"1780351642";"Seorang yg sdh sangat paham diplomasi coba diceramahi seorang yg jadi lewat jalur merubah aturan dan giveaway.... Lawak Buna 😂😂😂😂";"6933255593";"kang_sunar_buluq"
"18053947274730697";"1780351675";"@tegar.prdn  intinya kalo di bahasa jawakan : DOBOL KURO😍";"53044412655";"nurfais_afandie"
"17899144350451588";"1780351686";"Kenapa yg klarifikasi bukan jubir atau menlu?";"1649347477";"hasta_saputra17"
"18102220109093441";"1780351710";"Ampun dah, ampe tepuk jidat.. sibuk banget ngecounter.... Dr. Dino patti Djalal sosok senior yang logis sistematis bukan kemarin sore kayak yang... Aahh Sudah lah....";"49127284599";"arwibiz.92"
"17878693116664722";"1780351771";"@totalpolitikcom coba mention teddysky, kenapa sekretariat kabinet tidak membuat Rencana Umum Pengadaan? Padahal tahun anggaran sudah masuk ke tw 2 atau anggaran sekab dititip ke sekretariat negara!";"40164636837";"mahut_banar"
"17966817755921213";"1780351809";"Kok ada bahasa walau hanya 3 bulan? Mungkin harus dibenahi ini komunikasi publiknya karena kl menurutku Ndak etis menyebut @dinopattidjalal seperti itu";"3960814860";"pemudamanies"
"17929068033313792";"1780351832";"Kok kurs rupiah anjlok? Apa gunanya kunjungan itu??";"8166027050";"dv3sal"
"17928285675313846";"1780348255";"Blablablabla eh dollar tetep naik 😂";"31919430";"rezkiyulianto"
"18078150563217480";"1780348303";"@melasarikarima orang ini Komen dimana mana, kerja kerja kerja Buzzer nya";"6227137574";"tomi_iswara"
"17976538560030711";"1780348326";"Denial mulu bun😢";"1814074626";"ophiek_kastanya"
"17931628146290476";"1780348440";"Intinya stop MBG dan koperasi merah putih yg menghabiskan anggaran ribuan trilyun rupiah. Rakyat sudah menderita.";"49725205389";"gibran.tirta"
"17969300634064048";"1780348443";"Baik buruknya informasi yg masuk ke presiden tergantung orang ini.jadi program pemerintah yg buruk dan di kritik informasinya putus d orang ini.taunya presiden programnya baik semua😄😄";"9964367502";"dedykse_tiawan"
"18076035308285676";"1780348502";"Wow... Bawa 50 orang ke LN? Itu liburan atau kunker?";"3223493908";"firza.febriyandi"
"18096122120183712";"1780348507";"@tomi_iswara betul dr atas w cek komenan dia bnyk bgt bls2in komenan org😂😂😂😂";"72382866078";"dapoer_gue84"
"17866129998686044";"1780348508";"Pak Prabowo harus nya lebih banyak berkunjung ke Provinsi2 yg ada di Indonesia..., kata nya EFISIENSI tp jalan2 terus ke LN";"254015774";"elsalks"
"18122954053637952";"1780348583";"maaf pak  kl sudah dianggarkan harus .dihabis habiskan pak? terus pajak dinaikan pak? rakyat tambah susah pak ..tolong empati byk rakyat susah...";"8076095222";"soemarnotjipto"
"18092586818615195";"1780348638";"Ini yg bagus, usulan dan saran dari sipil ditanggapi, terlepas tanggapannya masih defensif, tpi ini cukup bagus. Namun terlepas dari itu, Seskab itu bukan Jubir, bukan jga Menlu. Jadi lain kali, cukup Jubir Presiden atau Menlu aja yg menanggapi, ente mas Seskab cukup urus urusan administratif istana, tdk usah berada di depan kamera!! @teddy_hq @seskabri";"9208940875";"anasarfn01"
"18075597584281092";"1780348639";"@rezalatas kesannya malah seperti menyinyir ke pak Dino ya";"4179706325";"retno_bintorowati"
"17941299543215389";"1780348705";"@fdy_shaleem sepakat.. jauh bagaikan langit dan bumi. Yg satu profesional rintisan tulen sementara yg satu lagi yaaahh gitu lah";"4179706325";"retno_bintorowati"
"18089492204606937";"1780348852";"Dikritik amin rais  kok ngak ada klarifikasi";"7037251149";"darussholeh"
"17871907992523299";"1780348868";""Jadwal setahun sebelumnya" 👏👏👏";"4570525391";"iipirwanuloh"
"17986293095825408";"1780349067";"Pejabat publik tapi omongannya kayak gitu ? Negara serasa milik pribadi, makin kesini makin mundur tp banyak alesan. Memalukan.";"44652793422";"missha.lynn"
"18084137672529367";"1780349477";"@rezalatas harap maklum om 💅🏽";"8663443978";"rusdihaesnew"
"18078894683207394";"1780349500";"Tapi ada negara yang tolak";"25798104868";"es_kristal_rr_maluku"
"18004924304744717";"1780349573";"Audit doong yuk bisa yuk, bener kah dana pribadi? Kemudian kontradiksi dari pernyataan anda dan prabowo tau, padahal prabowo di pidatonya 1 juni kemaren tau ga ada gunanya perjalanan keluar negeri kalau ada apaapa di Indonesia negara lain juga ga bakal ada yg bantu 😂😂😂";"553477556";"rezaberis"
"18081454985163321";"1780349600";"@tegar.prdn 😂";"3592360921";"rizal.alrosyad"
"18088093613204552";"1780349766";"@rezalatas malah memancing situasi memanas ga sih jatohnya? Ga layak banget emang nih boti satu ini jadi pejabat publik.";"35785104921";"rhino_royal"
"17901512979443509";"1780349769";"kunjungan diplomatik yg seharusnva pake APBN malah pake duit pribadi qurban yg harusnya pake pribadi malah pake APBN 😂😂";"1550706691";"bayusetiawwan"
"18186040546382890";"1780349811";"@visitime nah ! ini... 👍👍👍👍";"4565969682";"ademarboen"
"17916151779184804";"1780349814";"Di mention P amin raiz kok diem aja ? 😂";"1200578183";"putranarayana88"
"18010201112722626";"1780349832";"kurban pribadi pakai APBN ae kok fafifufefo.. malu sama sapi";"66830713261";"it.is.just.a"
"17898651459305116";"1780349834";"@fdy_shaleem betul sekali, denger noh @teddy_hq";"4158552473";"papairfanraihan0201"
"18068912363378274";"1780349849";"@robertus3budhi dia defensif dan ofensif dalam waktu yg sama. Nyebut 3 bulan itu jelas sebuah serangan, dan bikin situasi tambah ga kondusif.";"35785104921";"rhino_royal"
"17906564298423209";"1780349851";"Dalam negeri dulu yg lebih diperhatikan buun,harga kebutuhan pokok serba mahal";"1643425001";"nanaaja657"
"18096762664903107";"1780349870";"Heran koq maunya prabowo selalu maha benar tanpa ada salahnya,jelas2 anggaran keluar negeri besa ya diakui ajalah, jgn bebal dan budeg dg realita. Jgn membabi buta membela.";"8549858395";"arsyah_007"
"18089273363362856";"1780349914";"@mustaan_alfaruqi padahal kan pak dino bukan di pecat ..tapi mngundurkan diri..jadi bukan di beri kesempatan dong..dia yg mnyempatkan..ia gak sih";"6065950577";"mamah_azmi_salma"
"17879944326599244";"1780349945";"❤️❤️❤️🔥";"50130328808";"moestika86"
"18589026709017684";"1780350007";"@tegar.prdn Barisan sakit hati";"50130328808";"moestika86"
"18105966074063634";"1780350144";"semakin dijawab semakin...";"2085461814";"wu3nlong"
"18231421243310893";"1780350217";"@tri_hasworo 😮";"4565969682";"ademarboen"
"18599451334005298";"1780350271";"@visitime pak dino bukan ex Menlu, tapi wamenlu, dan kenapa Menseskab menjawab karena dia dimention oleh Pak Dino, hanya meluruskan...";"7157601922";"hrphalo"
"18078444995379697";"1780350277";"Pak Dino bukan level loe buna";"1016483885";"sumageka"
"18068548958344789";"1780350310";"Hubungan yg bèdampak apa..?😂";"2705452482";"roishero3"
"18407733412145707";"1780350310";"Kenapa ya .kl banyak investor yg di klaim masuk besar2an..tp rupiah kita terus melemah...? Malah lbh kuat mata uang negara tetangga spt malaysia..vietnam..dan singapore...🤔";"44115951151";"wonwon4975"
"18179657992402830";"1780350317";"Ted, lu tau ngga, ucapan "walau hanya 3 bulan" lu itu bisa memantik rasa sakit hati publik? Itu ngehina bgt, Tedi!";"44444448971";"fearless.biceps"
"18141011308525262";"1780350325";"😂😂😂😂Dahlah bun..😂";"997768949";"muliagumi"
"18083250038451638";"1780350331";"Keren banget pak Seskab🔥❤️";"51566785725";"ma_wanfu"
"18104160662056658";"1780350379";"Walau hanya 3 bulan !!!";"6442059562";"ardi.dewanto.16"
"17947299426194805";"1780350404";"Ga ada jenderal2 yg mau nyikat anak kemaren sore ini apa??";"35785104921";"rhino_royal"
"18013832489854401";"1780350480";"so cantik bgt";"1744250543";"sudaistia_"
"18179302123401202";"1780350546";"@tegar.prdn komen paling memalukan..";"2277775502";"okinurshinta"
"18105713359778002";"1780350547";"pemerintah anti kritik di kritik langsung counternya "WALAU HANYA DIBERI WAKTU 3 BULAN" pemerintah childisshhhhh capekkk bgttt @prabowo @teddy_hq";"206953713";"arthauls"
"18080579285208495";"1780344570";"Top mas seskab🔥🔥🔥🔥🔥🔥";"6646288902";"raffasyafirmansyah"
"18141898306516403";"1780344617";"@tegar.prdn minim literasi, sono baca lagii biar kagak malu² in 🗿";"4094629551";"abeduuuull"
"17890247691377620";"1780344936";"Emang Wanduu ,,sempet2 nya nyiyir 
Cuman 3 Bulan Katanya ,,Negara apa ini isinya begini semua 😢";"379372274";"bang_ogies"
"18122436970648940";"1780345001";"Liat ekonomi di bawah seperti  apa sekarang ini.";"49178039370";"mastoto389"
"18132361882573698";"1780345012";"";"1726511849";"sandyasmoro"
"18000190682766966";"1780345034";"Invetasi masuk ribuaan triliyun mana?? Semua itu baru komitmen dan tidak ada realisasinya.";"1948226246";"ipagoes"
"17934461394272674";"1780345191";"";"1796670284";"chairilmuhammad_"
"18203174020352867";"1780345349";"GANTI PRESIDEN";"5519195050";"widicandrabahtera"
"18314498017302870";"1780345810";"Eehhh emak2 komplek bisa diem ngga lu?";"2321563802";"komangramantya"
"17956295352070279";"1780345870";"boti energy";"504636437";"dmskanjengjr"
"18086758916614334";"1780346110";"Masih percaya sama buah karbitan.. ? Asem.. ngga enak.. buang aja.. 😂😂😂";"2941564544";"wisto_prihadi"
"17970160908100001";"1780346131";"Iso opo si teddy";"8253765412";"dantpras"
"18113065738888627";"1780346170";"😂😂😂😂";"350741484";"adhicox69"
"18048604004770189";"1780346185";"Ora percoyo ditanggung pribadi biasane kakean klarifikasi we memang salah";"8253765412";"dantpras"
"18110221735915806";"1780346231";"Knp dia mulu dah yg ngomong, menlunya mana?";"13533297884";"miftahul_rizkon"
"18132907546573050";"1780346369";"anjir pake walau cuk";"7094522217";"secondchieff"
"18592148449059111";"1780346544";"@visitime lah lebih parah lagi nanti😂😂 pake acara getar2 lagi";"4172074672";"hoga_1985"
"17952192219157509";"1780346580";"@christiankevinj 😂😂😂😂";"4172074672";"hoga_1985"
"18090254951582867";"1780346636";"@christiankevinj king Amien";"31457549";"thegavinov"
"17938112787250555";"1780346699";"HANYA 3 BULAN TAPI_PAHAM SITUASI GLOBAL 😂😂😂 BEDA KELAS 🙏🏿";"78460135304";"taweii_02"
"17913260274205495";"1780346745";"Bahasanya tdk cerminkan rasa hormat, sy pikir beliau..walau hny 3bulan..";"75015067832";"charlesgenesis66"
"17879917698656912";"1780346775";"@fdy_shaleem setuju..";"75015067832";"charlesgenesis66"
"18103121162004272";"1780346803";"Negara lawak😂";"32377900272";"kaka.u5342"
"18166732870441035";"1780347064";"Pake pajak rakyat yg naik terus";"5862525085";"aninditoandinugroho"
"18149562658495236";"1780347078";"Buna oh buna";"16696277004";"kreasinterior_"
"18094124462252453";"1780347091";"😮";"1740075496";"novan.budiman"
"18102978514907190";"1780347133";"Bahas Yang Paling Urgensi Itu Kondisi Rakyat Real Di Lapangan Pak…";"71738473163";"arkana.r.w"
"18132845659568780";"1780347289";"BUAT APA LU MENTION "WALAU HANYA DIBERIKAN KESEMPATAN 3 BULAN" ??? MERASA TINGGI LO?!";"1373327477";"azisssani"
"18104755186798301";"1780347302";"@solagratia_225 buat puas majikannya 😂";"2069211777";"thecaptaen_"
"17988105410997291";"1780347311";"Ni orang kayak kurang pantes jadi seskab, jauh dari kata kompeten";"1455569024";"edwinfrezco"
"18045750518717137";"1780347361";"@azisssani hanya tentara menengah, ngejabat juga langgar aturan , kenaikan pangkat juga dipertanyakan. Ah sudahlah. Sakit lo semua";"1373327477";"azisssani"
"18353047450243629";"1780347377";"Menyekolahkan anak2 palestina😢";"8192002297";"rini_hahaha"
"18102843352830449";"1780347387";"Bos bos kami gak bodoh , kurban aja loe pakek apbn huammmm";"80649827368";"qois_berkelana"
"18038322899606445";"1780347498";"Hasil konkritnya lagi...rupiah menjadi sampah";"70915019861";"pedagangserabutan2024"
"18129609241555020";"1780347532";"Seskab apa jubir?";"4052663658";"kmamaruf"
"18080807054441581";"1780347577";"TEDDY KEBANYAKANNN COLIIIII!!!";"8761919512";"tututata151"
"18088788623609859";"1780347600";"Masalah palestina , kapal rumah sakit ne gak guna , sebutin kinerja merka skrang , terus masalah logistik ampun dah itu kemsna tujuannya , pak2 indo ne banyak relawan disana please jangan lah bodoh2 kami dengan kebohongan ginii";"80649827368";"qois_berkelana"
"18051774146741731";"1780347737";"Lebih baik baru 3 bulan dari pada lama tapi pada korupsi 😂😂😂";"1504771353";"kunfayakuntodi_toddy"
"18082162781439983";"1780347863";"T41";"54700170038";"azman_man99"
"18173818642410796";"1780347922";"Kepanasan🔥pak";"4355759693";"bro_tomi04"
"18105408187954647";"1780347935";"Denial is a river in Egypt";"33899535569";"limbadcadel"
"18084126653565402";"1780347963";"Sumpah paling enek pengen muntah ngeliat kelakuan cewek-cewek yg ngefans sama dia...🙌🙌🙌";"582531248";"habifaisal_ynwa"
"18122339545636850";"1780348070";"Amin rais mention juga ..kok gak di tanggapi";"1431527541";"kurniabrd"
"18395228023081856";"1780348100";"Malu2in aja @teddy_hq .. Gak usah ngecounter bgt, dinno ngasih masukan ya udah terima aja doang apa susahnya. 😏";"2069211777";"thecaptaen_"
"18123429799646381";"1780348116";"Halah";"76018611361";"thekingsofsalomon"
"17988643826813359";"1780348148";"@melasarikarima bacotttt sok iyehhhh dasar bunzerrr kntlllll";"33885590817";"yusufhabiebie54"
"18363805198236267";"1780348230";"😂😂😂@tegar.prdn";"5525749296";"inungbintihamdani"
"18102148385023343";"1780338914";"";"9277386438";"nerve1621_"
"18297823336304194";"1780338944";"Malah ngeroasting";"177158644";"anwarajisuseno"
"18103315685101731";"1780339023";"@justdeandra mangkanya itu kesannya kaya Mentri yg di pake cuma sebentar pada memang ikutin masa jabatan presiden nya";"348099252";"fennybunglon"
"17871884061655105";"1780339148";"@melasarikarima apaan gua ga pernah nerima daging kurban 😝 dasar akun tak berfollower 🤏🏻";"4257796449";"tegar.prdn"
"18062208059468353";"1780339212";"Jijik bgd liat boti ngomong😂😂😂";"303963332";"kulorekso"
"18104973836474289";"1780339929";"";"20501373";"adityalesmana"
"18068923793351684";"1780339960";"Melawan kebodohan itu melelahkan. Tapi membiarkan kebodohan berkuasa itu lebih melelahkan. “ 

- VOLTAIRE";"51470404551";"eddie__ngging"
"18065340431427362";"1780340082";"Di balik kata² "walau hanya diberikan kesempatan 3 bulan" dia ingin bilang jam terbang Dino Patti Djalal di birokrasi gak sehebat dia. Dia gak sadar kalo dia  jadi seperti sekarang karena dikarbit";"48344102364";"tri_hasworo"
"18099555515131769";"1780340264";"bun, coba yang kureng2 nya dibahas. kayak keracunan mbg, terus pembebasan lahan di Papua, terus pengadaan barang fasilitas Mbg bun, yang bagus2 mah udh kewajiban bun, giliran malak pajak aja negara paling depan 🤪
malu ah bun masih banyak kurangnya, btw yang di culik sama Israel itu kan di aniaya ye bun kesaksiannye. emm gimana tuh bun? menlu nya aja bilang bukan penculikan 🤣 kek mane tiba2 ditawan bukan penculikan 🤭 
au ah bun mau mau ngepel dulu, soalnya negara banyak banget org yg hobi sapu2, ngepelnya lupa🤣";"11084182631";"dianabilqiss"
"18124947679655744";"1780340266";"Pusing GW dengerinx lebih jelimet😂😂";"48589177428";"noorhasanah7757"
"18015816245852055";"1780340287";"Tedong² boti 🖕🖕🖕";"37715857886";"mutiaramebelfurniture"
"18113724598846808";"1780340363";"Terlalu ikut campur urusan orang lain tp urusan negara sendiri kacau";"1542552833";"andika.s.nugraha.7"
"18116063878695736";"1780340433";"Si ngerti boti";"3075050669";"sankthardi"
"18038632961797633";"1780340507";"@mhjup_ Nafasmu terlalu bau mungkin. 😊";"60750784084";"haji.brahm"
"17914161648393411";"1780340538";"@mustaan_alfaruqi emang aneh😂";"23616238583";"lingkar_muria"
"17872860234614512";"1780340849";"MATI kita gesss...";"2022737765";"idgilangramadhan"
"18004410989925035";"1780341125";"Sumatera tu urus";"8011012257";"ariffathurrahman_"
"18104795482984288";"1780341389";"tengill bgt nih org...mbok jgn ngmg hanya 3 bln...gaya bgt bahasanya...";"4807063569";"endrow.widi"
"18393431224095891";"1780341579";"Lanjutkan pak seskab";"78675157053";"gomgom936"
"18115720330696592";"1780341611";"";"44041136222";"gwga.ngerti"
"17928763368299487";"1780341717";"@rifki______.12 miris bgt liat komentar kaya gini. Kaya g pernah dididik orang tua";"41041250606";"rkcy_21"
"18114302686889121";"1780341796";"🤮🤮🤮";"2137775472";"dzulfikarkuro"
"18104041505101536";"1780342170";"Mau percaya TAPI kurbannya aja pake APBN😢";"32652160960";"bangprobe_"
"18151316662483194";"1780342199";"Bulan madu";"50087180096";"himawanhermanto"
"17889879624516752";"1780342414";"@melasarikarima yok semangat zer buzerr, akun baru dibuat september 2025 🔥";"183651121";"bagasrahmt"
"18105959635948097";"1780342426";"@melasarikarima yok semangat zer buzerr, akun baru dibuat september 2025 🔥";"183651121";"bagasrahmt"
"17922215013147955";"1780342450";"@melasarikarima yok semangat zer buzerr, akun baru dibuat september 2025 🔥";"183651121";"bagasrahmt"
"18132720268574981";"1780342543";"Baper amat sama kritik bunted";"45555571763";"jemywicaksono"
"18043250684787774";"1780342564";"selamatkan pak prabowo dari bunted";"16215639747";"hajinduuul"
"18104961131072843";"1780342630";"CEO BGN mah wajar duitnya banyak😂😂😂😂";"6438733751";"babapanduwicaksono"
"18108093962481037";"1780342722";"Hasilnya DOLLAR  NAIK TERUS...🤦🤦, prabowo bilang: sy keluar negri untuk ngamanin minyak... Hasil?? Pd tau lah ya...😅";"3939131922";"farhan030890"
"17912292510402190";"1780342728";"Dengan postur kabinet yang jauh lebih gemuk dari periode lalu, klaim bahwa rombongan kunjungan presiden ke luar negeri lebih sedikit menjadi sangat tidak masuk akal. Jika keadaannya begini, di mana komitmen efisiensi pemerintahan saat ini? Pada akhirnya, narasi dan realita sama sekali tidak sejalan—bicaranya A, tindakannya Z";"71457974578";"aditya.bagas86"
"18106321696962921";"1780342799";"DITANGGUNG PRIBADI? ELU KIRA STUDI TUR ANAK TK, KIMAI SE😂😂";"63158263234";"agustinusrandyson24"
"18153788815476824";"1780342878";"Dikasih solusi malah meng counter🧚";"1829135657";"atepkamal_"
"18110622691927327";"1780343015";"Gw lebih respect sama pak DIno daripada lu "walau hanya 3 bulan"";"31805086720";"ikmalsani99"
"18118815901772311";"1780343276";"Preeiden terburuk sepanjang sejarah indonesia";"74657020146";"hendrianto4340"
"18076691480675588";"1780343360";"Pak itu akun bot pak. Buzzer itu nol nol semua akunnya.";"2711659572";"septi_dwi_utami"
"17934174918259502";"1780343438";"Ke Prancis setahun berapa kali ... 😂";"68644970243";"1tstaka"
"18000708587941509";"1780343612";"@septi_dwi_utami Gpp. Yg gak bot kan jadi bisa baca. 😊";"60750784084";"haji.brahm"
"18104406964995633";"1780343741";"😂😂😂";"46013045698";"stenly8324"
"18118679713703568";"1780343762";"Kok bukan Kemlu yang menjawab ya?";"6866093245";"ranggawijaya_vino"
"18050316491770823";"1780343878";"@rezalatas bener banget";"3573730815";"hayatinoor14"
"18093503873205396";"1780343963";"Wah bener2 kacau sih kalo jubir gak jelas kompetensinya kaya gini. Gak belajar ilmu komunikasi dan relasi sosial. Gimana ini klo jabatan penting malah dijabat oleh org yg gak tepat? Apa dia menjelaskan kaya gini pake protokol? Atau cuma asal respon asal cuap aja? Apa bedanya sama artis klarifikasi ke media? Artis aja klo klarifikasi pake pendamping pengacara supaya apa yg disampaikan gak melantur lah ini??";"68345087351";"seaweedwasabi"
"18326004925281169";"1780344030";"Ini jawaban ke publik apa ke pak Dino Patti Djalal? Kalau ditujukan ke pribadi, kenapa harus pakai video ke publik, bertemu langsung dan adu gagasan 😢";"5489681330";"warkopjurnalis"
"17973035286059299";"1780344050";"Emang gobs lu ted";"283338990";"0.5_hustler"
"18121216216708333";"1780344087";"Udah ngga percayaaaaa😢😢";"1557836578";"nurhafizahbachtiar"
"17969564976111733";"1780344150";"Jauh banget intelektual berpikir hingga geopolitiknya dengan @dinopattidjalal hingga terasa ini sebuah counter yang sia2";"3867264722";"oecoxtea"
"18531929011076357";"1780344324";"TusBOL Cinnnn emessshhh deh";"1051962103";"soleh_jaenudin"
"17958174702129444";"1780344565";"😂😂😂😂";"59226544009";"rayakha2023"
"17983523154007828";"1780335878";"@pinky_utari ternyata lu fokusnya ke bibirnya aja ya bukan ke konteks apa yg dibicarakan keseluruhannya";"5592417883";"mizaaarrr"
"17967794877072040";"1780335901";"@tegar.prdn demmm wkwk";"1473157367";"ranggapraatama"
"17968312565914049";"1780335966";"@mizaaarrr krn konteksnya emg taik semua";"4963835838";"mhjup_"
"17903892873429005";"1780336073";"Kentut";"4963835838";"mhjup_"
"18082146131160323";"1780336120";"I bener juga";"4868614269";"pujo.laksono89"
"18071917238672441";"1780336133";"";"20013365249";"rafa_zyd"
"18007316033872756";"1780336155";"Masalahnye biar yg invest pada jor jor an kalau ga bisa dikelola baik, belanja maruk, KORUPPSII, yaa sama ajee ☺️";"37261696480";"46dull"
"17939282994050809";"1780336234";"@tegar.prdn 👍🤭";"53830616239";"abrahelid13eny"
"18361374979238797";"1780336369";""Hanya tiga bulan" ga ada adab lu. lu anak ingusan di bandingkan pak dino patti djalal gak ada apa2nya. Naik pangkat aja jalur gaib. Posisi lu sekarang bukan bidang yg sama sekali lu kuasai, bacot aja lu.";"4057591581";"tommy_irawan32"
"18153489862473195";"1780336394";"Bohong sih mulutmu ini";"2312434914";"rezarismunandar"
"18154872223470925";"1780336434";"@fdy_shaleem miris sekali melihat respon dan cara bicara pejabat bahkan pemimpin negeri ini yang notabene merupakan interpretasi dari pemerintah dan juga negeri ini. lebih bagus kalau pemerintah menyewa diplomat atau mencari wakil pembicara untuk merespon saran dan kritikan dari bapak @dinopattidjalal . kalau bapak dinopatijalal dibandingkan dengan perwira menengah yang kenaikan jabatannya bahkan merubah undang"  sungguh bukan sebuah komparasi yang tidak apple to apple.";"28381919975";"fufufafa.bin.mulyono"
"18065113970447650";"1780336441";"miris sekali melihat respon dan cara bicara pejabat bahkan pemimpin negeri ini yang notabene merupakan interpretasi dari pemerintah dan juga negeri ini. lebih bagus kalau pemerintah menyewa diplomat atau mencari wakil pembicara untuk merespon saran dan kritikan dari bapak @dinopattidjalal . kalau bapak dinopatijalal dibandingkan dengan perwira menengah yang kenaikan jabatannya bahkan merubah undang"  sungguh bukan sebuah komparasi yang tidak apple to apple.";"28381919975";"fufufafa.bin.mulyono"
"18358249006300672";"1780336615";"lu mulu yg muncul";"19530170340";"sz_nonchalant"
"18092599316258081";"1780336631";"@tegar.prdn ternak onta bacot dulu, paham ga pernah";"1908933515";"marianedelem"
"17926365738343606";"1780336646";"Duda BOTY @teddy_hq bukannya Mikir, malah melawan statement. Anti Kritik bgt lu Duda, mudah2an lu segera disikat Jenderal2.";"193868380";"pentolica"
"18590791954001923";"1780336667";"untuk rakyat indonesia nya ?";"5857881444";"febryrency"
"18138856633478845";"1780336712";"";"34091928825";"exodangerous"
"18065715173425221";"1780336727";"Masyarakat d suruh hemat. Jaman skrg ada teknologi yg namanya zoom ngak perlu bgt wara wiri mulu.";"2504656560";"dewinta_ambaruni"
"18073220633329920";"1780336751";"Gila nih orang ga ada respect banget ma org yang jauh diatasnya SECARA umur Dan jasa buat negara....najis....semoga azab nimpa lo Ted";"192051753";"vedder46"
"18103957180815758";"1780336815";"@fdy_shaleem sstt jgn gitu. Pak dino tetep kalah. Krn lawannya ini ibu negara 😭😭";"2504656560";"dewinta_ambaruni"
"18061157693484948";"1780337011";"👏👏 mw me-nina-bobokan rakyat lagi nih???";"57223093991";"mohammad.rachmanto"
"18159159106456159";"1780337091";"PRIBADI, KURBAN AJA APBN... TAIK";"1690215272";"hendra_tanjung94"
"18066028292413050";"1780337277";"Defensive banget hmmmm pantess… kalo mauu nunjukin hasil keknya ngga perlu dari nge defend penilaian orang deh.. tinggal beritakan di moment yg lain.. rakyat juga ngga bodoh..";"49743209451";"fatmazulma"
"17906486373423586";"1780337325";"HI BETTY!";"3294630342";"frsix"
"18059985485741635";"1780337449";"Kwkwkwkwk si Dino tukang gaduh!!!!";"1004612360";"slamet_m_raharjo"
"18150499714433772";"1780337452";"Kue ulang tahun yang beli siapaaaaa😜";"17649427";"indahrenata"
"18462900205111820";"1780337506";"@robertus3budhi mental block indikasi kurang literasi 😂";"192695396";"we.hanggs"
"18594437848024880";"1780337580";"@yudadwiaprian29 Jlebbbb 😂";"192695396";"we.hanggs"
"18317526373258807";"1780338141";"@tegar.prdn hey kismin... lu knp gak protes jaman jokowi... qurban ..yg mmg ada anggaran dr apbn. Knp skrg protes.. dulu lu gak protes..termul";"77284578037";"melasarikarima"
"18044828702570107";"1780338187";"@tegar.prdn knp lu dulu..ikut menikmati sapi nya..dr apbn..lu diem aja.. skrg protes. Lu pikir bpk lu...kismin itu ya";"77284578037";"melasarikarima"
"18127922623622082";"1780338211";"Lu dlu gak protes..jaman jokowi..bro..termul lu ya";"77284578037";"melasarikarima"
"18202367290347608";"1780338248";"@winda_1902 biar org goblok..kayaj lu.. paham..lu.kan miskin..tolol";"77284578037";"melasarikarima"
"18587569801006229";"1780338297";"@ariholau emg knp....lu..mau melintir..apa tkg fitnah";"77284578037";"melasarikarima"
"18164249368432997";"1780338303";"What!! "Hanya 3 bulan".. Astagah.. kok kesannya nyinyir sih pak seskab ini 😢😢";"233525845";"luckykwardani"
"18222972439319978";"1780338326";"@zulkiflidgrewa lu emg sakit jiwa...hati.sdh busuk";"77284578037";"melasarikarima"
"17913723129397813";"1780338403";"@yudadwiaprian29 jleb.aapanya.... mmg ada anggaranya... lu dulu gak protes jaman jokowi";"77284578037";"melasarikarima"
"18117507115767379";"1780338411";"@christiankevinj hanyingwkwk";"3086153101";"zalfrmnsyh"
"18122980789633411";"1780338436";"@melasarikarima elu kenapa. Segera hisap pods banyak bnyak";"51582249402";"arykuyengzz"
"18328633462270447";"1780338464";"@yudadwiaprian29 dulu kamu gak protes jaman jokowi..jing... lu enak2 aja..diem2 aja... knp skrg protes..anis..aja wktu jd gub ada anggarnnya untk.acra qurban. Sprti itu";"77284578037";"melasarikarima"
"18118595929707379";"1780338545";"Sudahlah. Anda tidak memiliki skill yang dibutuhkan Rakyat Indonesia. Stop berkomentar.";"58926015066";"starlight565081"
"17975572992050917";"1780338582";"BACOT";"1704370895";"_brhmntyo"
"18096723955907061";"1780338648";"apa yg diomongkan anak kecil ni";"574822568";"yadhe_hafidz.tn"
"18096400144932092";"1780338750";"Masih main pake dana pribadi pribadi ann😂😂😂😂";"39380684107";"kyyybay"
"18014487185890831";"1780338780";"Dia gak tau siapa itu keluarga djalal..Karena dia cuma centeng mulyono 😂😂😂";"65305028330";"bslaksono"
"18111843128498953";"1780338802";"DATA ASBUN SEMUA hanya demi pembelaan ke suami nya …";"408540244";"bagus.abdi.sukma"
"18096221381181881";"1780338808";"badut";"457401764";"irmaasr"
"18098949323277729";"1780338858";"Posesif amat ted😂😂😂😂";"39380684107";"kyyybay"
"18112719760682185";"1780333990";"hanya 3 bulan 😂😂😂😂 rumpi kayak emak2";"38804041";"zakialex"
"18085467278103897";"1780334001";"dikritik malah menyudutkan😢😢";"1364769412";"andchilds"
"18037515716617235";"1780334056";"bacod nih botty anjjj";"61338460133";"rikoelnando"
"18142839235520262";"1780334060";"(((Wlalau hanya 3 bulan))) —> kata koentji🫱🏻‍🫲🏾🔥😂";"233545524";"nadyakamka"
"18185406238349695";"1780334060";"Boti asal bacot doang...🤧";"53976359802";"rezim_idiot.01"
"17930104521098848";"1780334077";"Bocah ingusan tau apa?? Cuma bisa ngecounter doang dia mah🤮 kelas ajudan presiden kyk klarifikasi gosip artis, aduuuh riiiill main raja²an mereka ini";"1717021107";"aaamyuu"
"17863628031690113";"1780334168";"@fennybunglon jangan cuma perhatikan omongan uang cuma 3 bulan. Dengerin lagi dengan seksama.";"1306532722";"justdeandra"
"17859905475638911";"1780334177";""3 bulan" dimention bold bgt yee!!!";"10650349763";"wedangronde888"
"17973672906051515";"1780334206";"Dah intinya semua yg dijelaskan ga ada hubungan sama sekali dengan persoalan yg diderita oleh rakyat saat ini nepika rupiah anjlok pisan";"3676961585";"refutaryi"
"18061577153713427";"1780334257";"Ora lutfi ora kowe, cangkeme bosok kabeh, rak nde utek. Rak nduwe ati.";"54043447";"pramudhitos"
"18104494447805020";"1780334257";"@tegar.prdn 😂😂😂";"38934925464";"maula_iqbl"
"17935517262257000";"1780334266";"Bbm ngak naik tapi plastik asoy naik melejit 50 sampai dengan 60 % ini nama nya trik pemerintah";"67490910119";"syah_abwofficial_sumut"
"18105884936002225";"1780334289";"Oalah leb Seleb seleb ..";"2360792967";"lurahjancukers"
"18120419350674393";"1780334289";"😂";"2037353089";"noona_the_super_66"
"17900342112297057";"1780334297";""Walau hanya sekitar 3 bulan" hemm ini meremehkan kah?";"69197120480";"kaptenardi"
"17976066927013466";"1780334364";"PERCAYA?";"9024367637";"campah_bali"
"18032984381804347";"1780334442";"selesai tuh dino 😂";"9624842265";"vinsensfs"
"18008268740730593";"1780334471";"@tegar.prdn 😂😂😂";"1263729118";"muhammad_bachkamil"
"18108352685302358";"1780334596";"Senior digituin paraha";"8465893344";"scoter_balado"
"18102426215063728";"1780334601";"Grupnya Trump gak di bahas ya";"3945232628";"papatwin_artwork"
"18033763679805293";"1780334624";"Lawak permadi arya";"1447459277";"boscadel"
"18147490996497253";"1780334653";"ADA AJAHHH 🤭😘🤭😘😂😂😂";"61660546778";"jio71uy"
"18018291878686520";"1780334703";"Yang untuk dalam negeri apa dampaknya? investor juga cuman laporan tulisan aja";"6271618314";"khoirul7069"
"18098031602469124";"1780334735";"Nah kalau banyak investasi jadi tidak perlu menaikkan pajak untuk masyarakat dong seharusnya.";"1548310084";"rezanashrulloh"
"18004520981747425";"1780334762";"Oh ini tugas tni ya?";"1979790844";"oplay_np"
"18319073962278831";"1780334767";"Yang di tahan Israel itu kan,yang diplomasi bukan hanya Menlu Indonesia saja, Menlu negara lain juga ikut negosiasi";"6271618314";"khoirul7069"
"18105972911514221";"1780334775";"menlu mana ko diam aja aneh ya sekrang seskab yg jadi raja 🗿🗿🗿";"3932704864";"s.ap_18"
"17927300142344892";"1780334799";"🤔🤔";"1987642837";"dewa.uwa"
"17947958634192406";"1780334947";"Aduuuuuhhhh 😮😮";"2139377587";"safiiitra.n"
"18102209219062243";"1780334975";"";"8743510990";"indrayudhistira58"
"17895767616334068";"1780335047";"di mention om dino, kasih penjelasan.
di mention abah amin rais, ….";"2517985265";"christiankevinj"
"18101312021019347";"1780335189";"🍌🍒🍑🍊🍉🌶️🍅🍍🥕🥦🫐🥒";"70336690649";"wahyudifranklin"
"18079278299444990";"1780335202";"@tegar.prdn yg pake dana pribadi pun cuma kelebihannya. Berarti kan intinya masih pake apbn juga 🙃";"10711484424";"missavilaai_"
"18417232426183570";"1780335215";"@tegar.prdn malu bang, kurban pribadi di komplek tempat tinggalnya... jgn nyawit mluuu";"352506133";"winda_1902"
"18081687395172787";"1780335246";"Ke luar negeri pakai dana Pribadi? Qurban aja pakai apbn 😢";"30520826913";"yudadwiaprian29"
"18376348918165396";"1780335254";"@reysalladp iya bukan";"352506133";"winda_1902"
"17949703385999560";"1780335261";"Output nya apa?masak hanimun terus. Rakyat disuruh hemat loh ya";"1476547770";"tegar_prasetio"
"18183921931382217";"1780335269";"@mustaan_alfaruqi dikasih paham sama bunted";"352506133";"winda_1902"
"18104773168978513";"1780335356";"Kmrn dinyinyirin, udh diklarifikasi sama bunted... nah skrg nyinyirnya diupgrade buat konfirmasi pemaparan bunted beneran apa cuma gimik doang";"352506133";"winda_1902"
"18374513185203133";"1780335365";"Editannya bagus tapi isinya ....(Isi sendiri)";"69039350834";"vitanotes19"
"18592335835038046";"1780335413";"Kembalikannke barak aja ini orang😂";"1209760261";"aleks_gmni"
"18060451799491767";"1780335419";"@solagratia_225 jadi seskab";"1954214128";"samuelarsheldons"
"17968862751116376";"1780335421";"Nyinyir bngt mulutnya";"1728627422";"ipunknrvn"
"17948879793175194";"1780335431";"Izin tanya.. Untuk keluar negeri biasanya seorang presiden dari era mega sby, jokowi rata2 di dampingi menteri terkait.. 
Contoh yang pasti ikut pasti menteri luar negeri.. 
Kalau mau kerja sama bidang energi pasti yang di ajak menteri sdm, kalau bidang keuangan pasti menteri keuangan, menko.. Tapi Prabowo keluar negeri rata2 yang ikut antara seskab , aspri, jarang menteri2 lain2 mendapingi... Kenapa ya????";"59151358255";"vanesa14d"
"17893795866493856";"1780335653";"Ke blunderan dan bukti kurang cakapnya bapak tedy 1. Ber statement yg di pakai keluarnegri menggunakan uang pribadi, 2. Banyak narasi yang di wartakan menyerang pengkritik 3. Alasan klasik yang di sebabkan perang padahal banyak negara" ekonominya menguat akibat perang.";"25522307572";"syrf_fddn"
"18594082483024286";"1780335703";"Amerika ga di sebut, s";"56308429388";"kasih_anin"
"17940979530238742";"1780335705";"A government of listeners, not lecturers. A government that could change, not stand still. The president isn't an "elected king,"!";"517804887";"gangan.son.recs"
"18427867774122954";"1780335817";"Maaf gaya dan tingkahnya amat terlihat sombong, saat ini boleh di atas tp ingat roda berputar @teddy_hq @rizky_irmansyah";"1964611492";"r.f.diandra"
"18092383997197776";"1780335848";"kita harus percaya kalau itu uang pribadi Prabowo? kurban aja pake uang rakyat";"60067484279";"zukuriyya"
"18016343843894498";"1780335868";"apakah tupoksi seskab yaah yang harus jelasin ...??";"5657688552";"mwibowo459"
"18053333885767739";"1780332413";"@ghostprotocol232 Hakmu untuk berprasangka buruk. 😊";"60750784084";"haji.brahm"
"18015118772849674";"1780332434";"Hasil kongkritnya ko gk dirasakan  sampe masyarakat di bawah y apa lagi di desa 😶‍🌫️";"3274197599";"nongkhasyief"
"18124015156725583";"1780332435";"Pake uang pribadi satttt jan pake APBN";"2518706231";"sikelana___"
"18076514039285265";"1780332516";"Nyinyir";"532418889";"mukhlis.aminullahpakwa_m"
"17967412239116325";"1780332574";"Menteri 3 bulan vs Eselon 2 yang diangkat jalur Presiden wkwkwkwkkwkwk. Eselon 2 aja lewat presiden :)";"840189472";"yottheoo"
"18081942857534500";"1780332574";"";"11545246530";"hermwan7"
"18134492272561178";"1780332580";"Jaman orba jadi ingat ada pak Harmoko👏";"9194671";"ariantolin"
"18106185683490875";"1780332596";"";"3236219250";"wahyu_maesal"
"18113054977866801";"1780332679";"@visitime nmnya jg perdana menteri";"7706698720";"zulkiflidgrewa"
"18123003352577095";"1780332679";"Berasa cara ngejelasin dia tuh songong";"11209380064";"rangga_pwh"
"18589624039054081";"1780332729";"Basi";"2227468526";"nurjunita"
"18091491053347270";"1780332783";"pake uang pribadi ? kurban aja pake APBN 😂";"4257796449";"tegar.prdn"
"18049922354775247";"1780332855";"Karakter Pejabat yang lebih senang defensif terhadap kritik dan saran, bukan nya banyak mendengarkan untuk sebuah perbaikan.  Merasa paling benar sehingga nutup telinga.... Pokoknya ADA... gimana tuch njelasin nya. 😂😂";"355989688";"robertus3budhi"
"18098024882153382";"1780332883";"Pak Dino diberi kesempatan 3 bulan karena dilantik oleh SBY di akhir masa pemerintahan Kabinet Indonesia Bersatu II untuk menggantikan Wardana yang ditugaskan menjadi Duta Besar. Otomatis, jabatannya langsung selesai begitu pemerintahan SBY berakhir pada Oktober 2014. jadi bukan karena reshuffle ya... 🔥";"17902429608";"reysalladp"
"18077861297246551";"1780332926";"Seskab lebih powerful dibanding sesneg dan menlu....luar biasa";"44067568105";"enaktenanlhoo"
"18082967372392835";"1780332952";"Kaya sekali Prabowo, ditanggung sendiri biayanya 👏👏👏";"48762921741";"srckumara"
"18360528520233207";"1780333007";"bukannya yang beri statement harusnya menteri jubirnya presiden ya?";"1750913236";"wyansonata"
"18412325413195907";"1780333025";"Uang Pribadi? Acara kenegaraan? Hah... gile lu ndroooo...😢";"2048525975";"bangden_pwt"
"18106745167944672";"1780333030";"Naik jabatan modal nenteng tas bos 😑";"1359988649";"ms_chael"
"18167838382440203";"1780333138";"@tegar.prdn apus bang malu😂😂😂";"47488566331";"ghiebrahn_doetha_ramadhan"
"18086142395641782";"1780333168";"aku lebih prefer ngomong pak dino";"17676680049";"10969pranada"
"18399275347152067";"1780333174";"Yaa jauh lah dibanding Dino..dr pengalaman dan kontribusinya dibanding teddy..hanya ahli dlm permainan bola sodok!!..";"1835326353";"ctomo_196"
"18595504888003291";"1780333185";"Kurban Sapi saja pakai APBN .. 😪";"234348063";"zeta_hidayat"
"17878008372656749";"1780333187";"@tegar.prdn bener juga....... 😂";"3965782194";"rosyid_said"
"17891371296484907";"1780333260";"Yang di bicarakan apakah sesuai yang masyarakat rasakan??😮";"47957128635";"4ndh5why"
"18581628316006580";"1780333287";"Zzl";"3965782194";"rosyid_said"
"18430652074192346";"1780333333";"Baru kali ini ngeliat seskab aktip bgt ngebela presidennya, so swit bgt😍";"5805174296";"laodemakbarh"
"18165894406432793";"1780333345";"Kok bisa² nya di aman kan pihak Israel ,,bukannya itu masukny penculikan 😮";"47957128635";"4ndh5why"
"17863751190689258";"1780333376";"@mustaan_alfaruqi lage bucin2nya gabole ada yg senggol bos 😂";"193562663";"sidimdims"
"17982002742001426";"1780333462";"Kenapa dia yang jawab sih? Menlu atau jubir kepresidenan kemana?";"4090403553";"rurihandayani_psi"
"18096340024907134";"1780333481";"Jangan cuma perhatikan omongan yang cuma 3 bulan. Ada lagi Yang dia omongin berbeda dengan pidato presiden hari ini saat hari lahir Pancasila.. Teddy menyatakan kunjungan ke LN untuk mempererat kerjasama dalam kondisi mendesak kita bisa minta bantuan.. hari ini bos nya bilang kita tidak mau menjadi bangsa yang bergantung pada bangsa lain... Jadi mereka ke Luar negeri mubazir kan... Ampun dah";"348099252";"fennybunglon"
"18078513278219911";"1780333527";"Adalah pokoknya";"54062665488";"zy.nolll"
"17941317387209212";"1780333561";"Bukalah, transparan coba. Mana berani lu buka ke publik. Cemen lu.";"21733387030";"pohontuacreatorium"
"18126088762536868";"1780333561";"@pinky_utari🔥";"348099252";"fennybunglon"
"18454112620118493";"1780333566";"Pake bahasa walau cuma 3 bulan.....buseeet tengil nya sama senior kek gitu broo🤣🤣🤣";"2509330194";"azie_fachrurozi"
"18093192860212911";"1780333595";"@tegar.prdn 😂😂😂";"262133783";"zeeummuzayn"
"18099357707139352";"1780333598";"Angle kiri nya kenapa si bun kalo in frame ?? Kata temen saya kanan terus biar ga double chin ~> @andikonan";"1650220100";"wiraginting"
"17971029159052932";"1780333607";"Aman lah tet😂";"14834220882";"saparutdin_brutu28"
"18147135586497898";"1780333617";"“walau hanya” 

ckckck …Tedikk ..Tediikk …";"24290388";"yanifsetiawan"
"18119478553682401";"1780333629";"Lanjutkan pak Seskab";"651314902";"_da616_"
"18213108361327771";"1780333784";"";"8466180133";"dikapmadyaa"
"18165898015428712";"1780333787";"@yusufadhimas ada beberapa faktor mas, yang pertama saat suku bunga bank sentral AS mempertahankan tinggi, banyak menarik investor termasuk Indonesia menarik dana dari emerging market. Yg kedua, dampak kebijakan indeks global (msci) sehingga IHSG mengalami  tekanan jual bersih yg masif dari investor asing akibat perombakam indeks global msci, maka dana asing tsb terpaksa keluar dari Indonesia secara drastis. Ketiga, indo itu masih ketergantungan impor terutama dibagian energi terutama bbm sehingga ini menjadi beban cicilan utang korporasi dalam mata uang luar negeri. Ke empat, geopolitik dengan melihat kemarin perang iran dengan AS dan isriwil. Semoga tercerahkan ya kenapa kok kita bisa beda dengan negara lain, sudah saya rangkuman dalam bahasa bayi";"14193377341";"kiwpieee_"
"18323477275286839";"1780333853";"Mbok ya logikane jangan dibalik, yang seharusnya dana pribadi malah make dana negara wong kok angel karo gubet ae";"5740584097";"moeshoffa_hadz"
"18100196810108130";"1780333895";"@senofatih.id betull";"2927921785";"musaalasrary"
"18114651391847907";"1780333908";"@rezalatas iyaa";"2927921785";"musaalasrary"
"18000534431948466";"1780333909";"Pacar nya marah😂😂😂";"49286260020";"danial_alexa7"
"18015444473850564";"1780333915";"😂😂😂";"1576903187";"ivanpramoedyawardhana"
"17891417286488620";"1780333949";"Sak karepmu wis";"6872906243";"rezza_bintangrent"
"18445273669139199";"1780331480";"Walau hanya?? 😂😂😂 emang lo dah buat apa om";"50688893286";"solagratia_225"
"18035401202619513";"1780331513";"Ahhh...";"45336716544";"ali.elmalik.58"
"18064382474446540";"1780331513";"Kawan ne seskab rasa wapres 😂";"1494869833";"pipinnasution"
"17952854087980155";"1780331526";"Pahami dulu. Hati-hati kalo mencela keburukan akan kembali ke diri sendiri walaupun pake akun fake. 🙏😊";"60750784084";"haji.brahm"
"18364128715237836";"1780331535";""Walau hanya 3 bulan" ngehina bngt asli😮😂";"1628518710";"mustaan_alfaruqi"
"18129173155558164";"1780331560";"anda percaya anda GUUUUOBLOG !!";"4098645690";"pekooookk"
"18110829340911256";"1780331686";"Hadeeeeh";"4025834813";"w.satrioaulia"
"18093624809246254";"1780331695";"gw jadi paham kenapa pa prabowo jadi begitu sekarang 👀";"2139913607";"ariholau"
"18378246424163559";"1780331707";"@mustaan_alfaruqi Klarifikasinya kaya emosi gitu ya keliatannya";"53187116508";"senofatih.id"
"18113917294878449";"1780331713";"WALAU HANYA DIBERIKAN KESEMPATAN 3 BULAN.
.
bukan mikir malah nge-counter";"11279589";"rezalatas"
"18070271837689668";"1780331753";"Mensesneg sbgai jubir presiden benar2 ga guna. Bakom pun demikian. Diambil alih smua sm Letkol";"4562473884";"ari_btp"
"18392058055089830";"1780331758";""Walau".....";"1798025028";"rizkifaisalakbar"
"18094239458245377";"1780331783";"😂😂😂😂";"301704484";"jaka_hb"
"17927656302336481";"1780331840";"Kok ada kalimat “walau hanya diberi kesempatan 3 bulan”";"2117815705";"anxtaria"
"18059695385489270";"1780331887";"Underestimate banget statement beliau ke Pak Dino Pati Djalal. Buset";"2045011852";"kameradmusk47"
"18137704618548786";"1780331891";"👉🧠🗿";"1509046506";"baradaksa"
"17916720873180813";"1780331898";"Hahahaha rezimnya beda lagian jd wamen menlu cuma 3 bulan…ga semuanya harus dijawab😂";"9744759";"donidonidon"
"18105548989975185";"1780331900";"Ted ted 😂";"1799037558";"ruliclimber"
"18129239713536847";"1780331924";"siap mang haji";"76365709611";"silentphotograph.jpeg"
"18096484642920043";"1780331961";"";"76365709611";"silentphotograph.jpeg"
"17913767547201099";"1780331964";"Kalau byk investasi berarti byk lapangan kerja dong, dari kemarin2 ke LN katanya byk dpt investasi tp kok ekonomi rakyat gak naik";"76537646901";"mikahm08"
"18230680144315845";"1780331966";"Kenapa bukan Menlu nya yg membalas pernyataan ex menlu tersebut ? 🙄";"58353085761";"visitime"
"18161025337455894";"1780331975";""hanya 3 bulan", bagi haters hanya dilihat sebagai hinaan. Dimana letak penghinaannya?? Justru itu utk menjelaskan perbedaan cara kerja pemerintahan saat pak Dino menjabat sebagai wamen menteri LN, dengan pemerintahan yg skrg yaitu dibawah pak Prabowo. Perjalanan dinas presiden ke LN kan juga ada kaitan dgn masukan dari kementrian LN, jadi yah selaras dgn apa yg dipaparkan Seskab Teddy.";"58482602130";"monisa.93"
"18007199627737014";"1780331980";"";"76365709611";"silentphotograph.jpeg"
"17976161252876152";"1780331987";"Bijiiii";"4657368400";"jffrialf"
"18012203144858417";"1780332015";"Ya gimna gak uang pribadi, kan dia ke luar negeri karena pengen berduaan sama lu kan😂 ya harus dana pribadi, kan dia pengen senang² LGBT di luar negeri sama lu teddy";"36808708046";"rifki______.12"
"18047002190554791";"1780332025";"@solagratia_225 terlihat sangat angkuh bukan 😂";"58353085761";"visitime"
"18090688517344870";"1780332030";"@ariholau 😂😂";"35554688113";"meka_dedendra"
"18404592541155578";"1780332031";"Cie cie";"6065359494";"ferrysiswandono"
"18382561216207958";"1780332043";"Yg kurban kmrn bukan pribadi tapi, ga mungkin ini juga..";"60854004759";"mdan_alds"
"18122788738632762";"1780332046";"Bertele-tele kesana kemari tidak menjawab kritikan pak Dino. Blunder dari point pertama.";"4006743718";"__atha____"
"18110588305921233";"1780332078";"@rezalatas kenceng bener dia bilng 3 buln nya😮";"8373056234";"annzsyarif"
"17861017311601857";"1780332084";"dulu era Jokowi, dia fokus sm keadaan Indonesia mencoba stabilkan harga dr rupiah. saat itu covid dan perang ukraina sampe dihina gabisa bahasa inggris tp sekalinya kumpul akrab dgn para pemimpin negara lain. Kita jg ga keteter sama Amrik.";"44139743";"m_alvints"
"17992784879984744";"1780332107";"Kalau secara tertulis Indonesia sudah setara eropa 😁 faktanya setara uganda 🫣";"4835468803";"bngprns"
"17865626613628150";"1780332119";"Lanjutkan";"2279204276";"rony_syahril"
"18322527376262349";"1780332128";"Dr Dino Patti Djalal seorang diplomat senior, putra dari seorang diplomat kawakan Alm Prof Hasjim Djalal. Pernah menjadi kepala dep politik KBRI di Washington, direktur urusan Amerika Utara dan Amerika Tengah di Departemen Luar Negeri, Juru Bicara Presiden RI Susilo Bambang Yudhoyono, Duta Besar RI untuk Amerika Serikat, Wakil Menteri Luar Negeri RI. Jauh sekali jika dibandingkan dengan seorang anak muda perwira menengah yg kenaikan pangkatnya dipertanyakan, cuma punya pengalaman jadi seorang assistent ajudan presiden, ajudan menhan hingga kemudian jadi sekretaris kabinet eselon 2.";"75877644022";"fdy_shaleem"
"17899262361449779";"1780332177";"Gantian lah si Gibran yang ke LN he he";"527832654";"elnathgunawan"
"18578175682034984";"1780332202";"Mirip cowok nya NPD 😂";"6358878454";"fajar_whyw"
"18047283134552779";"1780332211";"";"1918075442";"wanda_grifky"
"18106275899287159";"1780332262";"Hebat juga penjelasannya, gak nyangka. Kirain kosong bgt, ternyata kosong aja 👍👍👍";"592473681";"yohanaachristina"
"18402847876156610";"1780332264";"Makin kesini makin ga ngerti jobdesk tugas bapak satu ini😂";"1742784888";"kartina.wiprayanti"
"17946491016016504";"1780332277";"Iyain aja, biar boti gk tantrum 🤮";"1273348823";"parisvarisfaris"
"18094835267230842";"1780332282";"Preeettt🤪";"63397905662";"mela_niewijaya"
"18026091527822527";"1780332297";"@visitime alhamdulillah masih ad yg waras dan gak gampang terbius";"65109435196";"ghostprotocol232"
"18075505823654097";"1780332368";"WKWK";"498034630";"runziza.id"
"17893023582530884";"1780332374";"Baiknya gimana ? "Jilatin" aja trus ya. Buruk atau tidak itu subjektif saja";"65109435196";"ghostprotocol232"
"18043740662789442";"1780332379";"Wait.. penasaran dengan cuplikan jumlah 100an person tapi ada 4 negara.. coba cek ulang..";"51528082027";"fransiscus.tito"
"17901845544442383";"1780332400";"JuBir 👄";"1395552487";"dona_putantry"
"17964126527935136";"1780331177";"😮";"4183330195";"hendrageaa"
"18115903966801662";"1780331325";"Cara dia mengangkat sudut bibirnya saat menyebutkan "hanya 3 bulan"..";"2010092062";"pinky_utari"
"17914150437391855";"1780331424";"sementara baca teks di depan ya... wkwkw... tapi rakyat kok tetap miskin, pengangguran lebih naik, harga lebih mahal...";"8647961252";"agus87_k"
"17994545819973417";"1780331430";"tapi kok negara lain keuangan nya gk hancur ya pak seskab?";"1806950437";"yusufadhimas"