"comment_id";"created_at";"text";"user_id";"username"
"18117968602804618";"1780455902";"🤣";"578960324";"bapakmu_azk41"
"18008347436728116";"1780455915";"🤮🤮";"1401876432";"dhimasteady"
"18087277745615867";"1780455963";"😂😂😂😂";"1652050953";"fitrialasn"
"17873308440654121";"1780456015";"@joe.richardo.1 ayank bebs😂";"190127233";"olav0303"
"17883900684573267";"1780456045";"Aaaaw aaaaw aaaaw 💅";"205427917";"fahrizalumar"
"17922428043145712";"1780456058";"kalian percaya???? sapi Qurban aja pake ABPN";"3970230721";"bungalawang22"
"18091226066346114";"1780456122";"Mami papi saling melindungi";"44075406949";"endangpratiwi14_15"
"18094889200967664";"1780456198";"Oh";"508652609";"perryangr"
"17882551668595540";"1780456274";"Kurban aj pake duit negara ya kaleee unt kunjungan luar negeri pake duit pribadi 😂🤣🤣";"997102154";"mr.zzwm"
"18122208028734868";"1780456283";"😂😂😂😂😂😂😮😮";"1993005067";"titis_raikkonen_wij"
"17904945720262581";"1780456309";"@ferry_hidayatullahh 😂😂😂";"1993005067";"titis_raikkonen_wij"
"18064482191467432";"1780456342";"Bunaaaa stop yapping";"4477648109";"ejaa___x"
"17957915970128741";"1780456365";"Ya ampun so sweet banget si buna belain abi 💅💅, pengen deh punya istri yang sesuprot kamu bunaa, cenat cenutt bokong ku melihat perjuangan ceunah 💅🔥🔥🔥";"2648678080";"dolomeo_conchera"
"17922809208358793";"1780456394";"Bukan "siapa yg bayar, dan siapa yg ikut" tapi "acara itu penting nggak, bisa diwakilkan nggak, harus banget dateng?".. belajar matrik EISENHOWER pak.. saya yakin bisa bayar negara ini, entah pake APBN atau pribadi..";"1960283255";"aria_timur"
"18064983968427421";"1780456434";"Buna mode bela cuami🤣💅";"2231567115";"yoga_genta_surbakti"
"18017758613849506";"1780456472";"Asli ga sihh... 😂";"3796486856";"alifachmad87"
"17913534093203586";"1780456473";"Bunted 😂";"4323939302";"kevin_van_juan"
"17901347253285635";"1780456512";"";"266657965";"bukanbuzzer.bukantermul"
"18589818394004445";"1780456523";"😂😂😂";"3240653336";"har703"
"18090744365198360";"1780456542";"@id.print_workshop btw, pengurangan jumlah personel utk keberangkatan dinas luar negeri itu kebijakan jokowi.... 😂😂😂";"762003044";"arschadt"
"17919101463365932";"1780456575";"Siapa ni orang tiba² aja";"2275509691";"vivilaila73"
"18093074840246490";"1780456582";"Gw pingin ini org lengser sok sok berkuasa";"1445940753";"dera_9090"
"18024854201657194";"1780456586";"Ngok 🐖 beli sapi aje pake APBN 😂 mending diem dah lu gak takut akhirat apa? Udah banyak loh di sumpahin rakyat";"269247017";"annisaicha26"
"18106020559778357";"1780456588";"";"1904546875";"muzadiadhlani"
"18105681947061552";"1780456602";"Taiknya kalian itu 😂,,Berkurban aja pakai dana APBN..cieee membela yg ngerayain ultahnya miliaran di Francis kemarin 😂🤣";"26105410021";"andriadi125"
"17985238451830452";"1780456630";"Ada kelebihan biaya perjalanan dinas ??? Ko bs ? Trs apa sblm brangkat ga ada ajuan anggaran ??";"2908185210";"attyherlina"
"18060389990491066";"1780456638";"Serah lu dah";"16489534722";"lail_hafa"
"18106234556051860";"1780456642";"emang boleh campur aduk duit pribadi sama APBN buat kunjungan negara, ngaco aja";"1974349647";"teasigit"
"18102421442012783";"1780456643";"Bangga?";"1734473728";"mnyththybh11"
"18100922227846434";"1780456659";"@rina.inggriyani jangan bang,sy udah tobat mhn ampun kpd Allah karena dulu nyoblos manusia omon2 itu😢";"845484088";"riadialmahyra"
"18161730208397378";"1780456687";"@thor_bar_bar astaghfirullah 🤣";"5581767166";"apr.arf"
"18024166238661157";"1780456781";"😂";"1565761623";"vikriathaa"
"17879141052456319";"1780456795";"MAYBEEEEE";"1524103284";"eregarerwin"
"18074501273446205";"1780456841";"🫩🫩";"4261869462";"ggitatha__"
"17945727009236737";"1780456842";"Ditanggung biaya pribadi....kurban menggunakan APBN 🤣🤣🤣";"49162991690";"pokoknya_ada_22879"
"18046195913563108";"1780456858";"Jangan nyinyir bun";"2015512406";"alfy_89"
"17907938067243172";"1780456904";"trus kalo udh pake uang pribadi, rakyat jadi puja puji prabowo pahlawan gitu, puja puji berkorban duit demi bangsa gitu, ndas mu peang.🔥🔥🔥";"1501852712";"bi_gie"
"18007312805874110";"1780456911";"lama lama geli, bikin jelek negara, ketegasan dan martabat seorang Presiden RI, apapula seskab yg bicara?? jubirnya kemana?? seorang Presiden RI masa gak punya jubir?? apa ngerangkap lg?? iiihhh emg dia doang yg bikin rusak tatanan negara";"45128289201";"a.i.u.e.o.0.8"
"17943539361212386";"1780456925";"Oh we kata aku teh😂";"10716942065";"srimulyania021"
"18118494454741538";"1780456963";"";"61743398286";"nhikkcim"
"17885990028561332";"1780456979";"oh resepsinya intimate";"7742156224";"rad.hqq"
"17937187794251377";"1780457006";"@rina.inggriyani aamiin";"286110379";"gilangfaradhy"
"17891353494474153";"1780457011";"Tolendeks";"1956531670";"kidams___"
"17868223182545939";"1780457021";"Angel Kanan 🤣🤣🤣";"781528236";"sujaji_"
"18106493779768496";"1780457035";"Ah yg bener km cong";"1587240066";"cantonabagas"
"18328867219248701";"1780455003";"Kalo gitu namanya bukan dinas tapi rekreasi";"616867338";"sophiakartika"
"18124413331724479";"1780455025";"Yg pengeluaran pribadi mungkin pesta ultah Bunted dan prikitiw2 pribadi. Yaelah...lagian substansinya bukan sekedar biaya tapi urgensinya, waktu pres yg tersita yg seharusnya digunakan utk mendalami dan memecahkan permasalahan di Indonesia. Parah...";"5822819399";"elisabeth.r.silalahi"
"18593383207065273";"1780455050";"Diperusahaan saja perjalanan dinas tidak boleh ada pengeluaran pribadi karena akan mengacaukan laporan keuangan";"28939822597";"robertus.emmanuel"
"18121667593738018";"1780455081";"😂😂😂😂😂 pembelaan aja sii";"1351594772";"ah_buztamil"
"18434887549186325";"1780455092";"hahahahaha kocaagg ketawa aja ah";"26688556";"ramaaakuy"
"17898672930453180";"1780455100";"Weh 🤣";"7304284815";"nisa_hum"
"17969266716112848";"1780455140";"Kalean percaya ?";"7304284815";"nisa_hum"
"18078098222661987";"1780455156";"@bershkachu ide lainnya udh di penganut anis smua😂";"9123564777";"ayunda_nas"
"18098530388149343";"1780455168";"ciee";"9508303298";"istiimh"
"18134022262599109";"1780455194";"Hewan kurban aja pake APBN negara ini perjalanan keluar negeri makin ga masuk akal lagi";"1526013507";"piyan19"
"18563597344066662";"1780455211";"bisabisanya presiden nombok? 😂";"215714486";"nurmalasariniza"
"18233411038311152";"1780455224";"cakep lo bgtu?";"1593847473";"lindaliing"
"18075156407435723";"1780455247";"Jadi dia secara tidak langsung membenarkan bahwa memang ada kelebihan biaya setiap kunjungan ke luar negri,";"7702113201";"yasrannuddin"
"18114443602862919";"1780455252";"😂😂😂";"2952673008";"pian_trads_up"
"18065675687436141";"1780455258";"dikit2 uang pribadi, kurban aja pakai uang negara... hhhnm";"1310651251";"meliyulisa"
"18083886428421692";"1780455264";"kita mah butuh transparansi bukan klarifikasi 😂";"49230104669";"brunomaless"
"18153443692421554";"1780455279";"Pernyataan yang blunder. Tapi percuma bila semua yudikatif kpk MA sdh dibungkam semua";"2180672374";"siensien_tan"
"18076152653656572";"1780455287";"Over budget biaya perjalanan aja udah kelihatan jelas bukti SALAH MENGELOLA ANGGARAN";"48694763887";"kubikuma"
"18084440756388675";"1780455298";"yah namanya rumah tangga ya guys.
👨🏻‍🍼👨🏻‍🍼👬";"39682770009";"lokananta.__"
"18102733211470120";"1780455303";"Kalo beli sapi Qurban??? Ga pakek uang pribadi???";"2501513740";"officialmegumii"
"17973163862891946";"1780455320";"Emang boomers batu banget";"1596038240";"audryisaboy"
"17882336685594635";"1780455322";"@thor_bar_bar melotot aja ganteng seskab Teddy.Bukannya Pak Dino juga melotot knp ga lo buli.lo dipelototin didepan seskab teddy udah pasti juga mlintir😂";"3204759759";"andra_andari"
"17865443619652430";"1780455358";"@yuanitarohali 🔥🔥🔥🔥🔥👏👏👏";"5608518234";"rikadekalona"
"18428845486125997";"1780455378";""kelebihan" biaya negara (plesiran) ditanggung sendiri dikira bagus. artinya birokrasi bapak sangat amat buruk.";"9005953";"lorenzaudria"
"17919280791379688";"1780455400";"Ko gua gak percaya yah, ada yg sama gak sih";"57160206636";"icankkampak"
"18089633864614102";"1780455416";"UDAH @teddy_hq yapping nya?";"11650197373";"nukiepratama_ad"
"18165366457437602";"1780455446";"Aku bagian ngelike komen aja 😂";"8906214777";"yesikahanianpratiwi"
"17964141987105996";"1780455447";"Stop kasian anjrit, kasianan warga daripada si wowo";"36191420774";"hibiscius123"
"17891812848480793";"1780455452";"@thor_bar_bar benar lagi";"27920018372";"rudivanbusted"
"18136215973559154";"1780455455";"Kok melotot melotot pak";"3446803301";"dwiratnanaaa"
"17978952243040094";"1780455460";"Bohooooonggg💅💅💅💅hoooooiiii";"793653109";"mohamadopansamudera"
"18101740540856552";"1780455476";"Heleh botiiii 🤮🤮🤮";"1384466628";"kikii_hoo"
"18136251358483370";"1780455538";"Negara macam apa perjalanan dinas presiden pake uang pribadi, malah makin blunder. Maluuuuu woy";"270771776";"hrszky888"
"18106000318972267";"1780455542";"";"2322888246";"ajhkymsbjuk"
"18082410653554270";"1780455576";"👎";"4262708943";"itskindamelaaa"
"17920754700361906";"1780455591";"Baru tau salah satu tugas seknet adlh .........";"14929681537";"budibucinsantoso"
"18124535539654032";"1780455594";"Lebih percaya "syududu" punya makna";"1465391119";"dharmasatya23"
"17904615444262587";"1780455597";"Kumaha maneh weh bu tiwi lah";"654763671";"nugeraha_"
"17894347389496273";"1780455601";"🫪 eh eh eh";"2112279703";"l.trestzy"
"18118770967693975";"1780455708";"pake uang pribadi , tapi direimburs wkwk😂";"668578349";"putroyudho"
"18121863154593863";"1780455724";"Pidato terbodoh";"2999449904";"pupusqira"
"18361234582230056";"1780455741";"💅";"1900289501";"dyahkputri"
"18103830451817317";"1780455780";"Suami bela suami";"1986438304";"aaminullahh"
"18094424203968805";"1780455786";"Macacih";"6637536913";"tptpds"
"18407024572144970";"1780455800";"🤣🤣🤣👍🏻👍🏻👍🏻";"280121343";"bubulebhang"
"17918660556374031";"1780455808";"Pak Teddy ini jabatannya di pemerintah pak Prabowo sebagai apa yah?? Krn apa-apa yg terjadi di pemerintahan selalu dia yg tampil dan mengklarifikasi segala kebijakan pemerintahan hari ini.";"6340953789";"srisuciati_makmur"
"17861615682651347";"1780455818";"Judes amat sih mbak";"922624969";"mhd.fadhillah"
"18113372942501288";"1780455829";"😂😂😂😂 ada aja...mana bisa uabg dinas di campur2 sama uang pribadi";"190127233";"olav0303"
"18064142582438325";"1780455840";"@farahwnp menurut dia mungkin cantiknya dari kanan";"50478434273";"hywhy8"
"18008255504880242";"1780454007";"Heleh taiiik taiiik";"5327461553";"babems06"
"18113932201658325";"1780454007";"Urusan lu apasi kol? Sibuk bgt yapping bukan ranah lu";"27794807999";"rong.df"
"18109343077904780";"1780454015";"Yaudah man transparasi nya. Nota2 itu tunjukkin Ted..";"38971858230";"mynameisbanyuwerno"
"18463019482129694";"1780454023";"DIAM KAUUUUUUU !!!!!!";"2105522403";"winda1515"
"17993443583967102";"1780454049";"Pak purbaya tugasmu diambil pak, yg satu ini sibuknya ngalahin wapres🤣";"12406396561";"jasanemiliyan_"
"18098899256166234";"1780454050";"Ga percaya sih";"1643521527";"dmarthasa_"
"18087849083627308";"1780454111";"@rina.inggriyani jangan bawa bawa 58 persen. Dikira kita ga nyesel apa milih dia. Semuanya atau sebagian 58 itu sekarang pada bersatu juga kalau kritik mengkritik. Tapi ga tau sih kalau pasukan penyefong fanatik beda lagi, huahahahha";"38971858230";"mynameisbanyuwerno"
"18134992867559556";"1780454139";"Negara sudah menganggarkan tp ini kelebihan, emang kelewatan berati 😂";"2211180373";"ibamsuribam"
"18081432887440441";"1780454182";"Jujurly ini yang paling jujur dan terang benderang...💅🔥👏🤣";"2094640102";"susan_f_ikhsan"
"18007935455730967";"1780454212";"Pasangan ganda permainan bola sodok..!! Pas masuk tuh  langsung  melotot...😂";"1835326353";"ctomo_196"
"18075207875300916";"1780454213";"Perasaan pemerintah klarifikasi mulu 😂";"2129309395";"sanjaya.ajimahardhika"
"18066256037416473";"1780454219";"Lalu dibuatlah berita Ketua BGN dicopot, buat nutupin blundernya BunTIW 🤣";"8574275674";"babasyam09"
"18113280800498342";"1780454236";"";"8523219198";"iamoppy44"
"17940445638213099";"1780454259";"Gmna mau percaya...kurban saja pake apbn...upssssss";"1629172526";"zulfikar_m_r"
"18175624729406062";"1780454282";"psg badan misua,  samawa ya buna acuuuu💅";"3193866142";"ayufridalisa"
"18139362163481101";"1780454296";"Orangnya berkurang tapi jumlah tripnya bertambah 😑";"1450607832";"m_ichwanurkiarazief"
"18093692765521785";"1780454326";"@thor_bar_bar 🤣🤣🤣🤣";"299623003";"fanny___aaa"
"17887081989560205";"1780454357";"Ada yang PERCAYA 😂😂";"53546317118";"bens.st"
"17853977409676835";"1780454374";"Kondisi dulu dgn sekarang beda ted";"39531475185";"iwan_susantooo"
"17993345183793013";"1780454378";"@putriramadhn menanggung biaya parkir";"298041197";"faeryan1"
"17870508867534007";"1780454512";"";"299623003";"fanny___aaa"
"18073294280469383";"1780454595";"Lo ga ada seujung kuku dibanding dengan pak Dino.🔥";"4541787644";"mufid_praditya"
"18319923685261601";"1780454612";"Kurban aja yang sifatnya Personal, pakai APBN.. Apalagi ini yang udah jelas² PERJALANAN DINAS!!!! 🤣🤣 Atau gini Bapak Letkoll Ted, Minimal Ngasih data deh!! Toh juga itu DUID RAKYAT ya yowes no prob kalau Sifatnya di-transparansi-kan terkait penggunaan Anggaran PERJALANAN DINAS kalian!!! *Semoga ngerayain ultah ke Paris sih ga masuk😢";"2244500388";"rahmarsyd_"
"17892007968522053";"1780454618";"@exca_maya ngaku-ngaku dana pribadi, kurban aja Apbn wkwkw lawak";"545573192";"nabilahtrisuci"
"17884329945591179";"1780454669";"cie belainn";"48054135309";"hatinandaa_"
"17965538622081438";"1780454671";"@gilangpratama1997 ada apa sebelah kiri? 🤔";"61485681897";"_sutirto_"
"18104612080807311";"1780454671";"@syanaini naaah...sekalian bukti rekening korannya donk, klo cm asbun mah anak SD jg bisa🤣";"36596411387";"frau_fitri18"
"18591141613005328";"1780454682";"anglenya harus kanan yach 💅";"34489888931";"xoalsohanifa"
"18106941875057919";"1780454689";"Emg kalo modelan gini sprti itu orang kritik disangkanya nyenggol. Malah nyenggol balik personal  ala ala kemayu shitttt";"2299968720";"it.iqbaltawakal"
"18058833521743530";"1780454692";"NGOMONG OPO?";"3452293287";"change4bloom"
"17876461668668178";"1780454715";"@rina.inggriyani aamiiin YRA";"55691241834";"ayugoffar"
"18100180415027565";"1780454722";"";"1397690188";"ademaunya"
"18125600104626587";"1780454724";"Bacot";"32057488555";"iamsaptari"
"18026524598823992";"1780454741";"Ngomong sambil jutek";"5908870202";"yuli_toska"
"18115271053854536";"1780454741";"Kek emak2 kang gosip lagi nyinyir";"55691241834";"ayugoffar"
"18010629008897524";"1780454766";"Gini nih, Denial tingkat tinggi kayak warga 58%, ehh upss🫢 liat aja, kyk gini juga masih ttp dibelain, miris!! Harusnya kalian yg 58% itu malah lebih Vokal dong mempertanyakan PERJALANAN DINAS yang super wowww di era jabatan Presiden baru, 1.7 thn Lohh udah sampai lebih dari 40x perjalanan DINAS, MASUK AKAL ga tuh?? Wkwkw";"2244500388";"rahmarsyd_"
"18013687931887286";"1780454784";"Mana buktinya?";"1624694797";"airamahyun"
"18343282438168795";"1780454793";"Masa buat dinas pake uang pribadi tapi kurban atas nama sendiri pake apbn";"5699154923";"diastianto.giga"
"18058094381735443";"1780454808";"@id.print_workshop wwkwkk";"41890036411";"putrissmitaa"
"17891190999482478";"1780454819";"Ah masa siiihhh";"1731603102";"kakcis_"
"18197470369362872";"1780454841";"@_hxrynxr.x sabar";"7151057778";"dimasfajarputra_"
"18092087036018398";"1780454855";"Kayak ceo SM suka bikin video penjelasan";"4773683438";"liasaf__"
"18004244999925057";"1780454862";"Awas ilang wkwk";"48893108705";"rendisetiawan0716"
"18105763229068982";"1780454905";"Kalau rombongan nya berkurang berarti biaya cukup, pakai uang pribadi buat apa?";"4262106527";"agus_hijau"
"18011015201720225";"1780454940";"Biasa aj dong . Kek pake esmosi😂. Lu sekertaris kabinet apa couple mate.";"3026255090";"putragk969"
"18092465615594380";"1780454955";"lucuu lg😔😭";"4479350179";"matchabink"
"18083386475529986";"1780454968";"maless bangett busettt dengerin nih orang";"55316982325";"stathamizizank"
"18132512623606331";"1780454988";"Tolong tolong tolong🙈";"505973911";"riiriidwii"
"18105069049999413";"1780454997";"Sibuk banget nyebokin Ted 😂";"7283508478";"fitrisitirohimah01"
"18092368778000283";"1780453175";"";"1285691422";"silumanorca"
"18083023187539428";"1780453178";"Percoyo.? Yo oralaah, bikne sekelas seskab kapasitase kok anu";"1454802733";"salman_al22"
"17879338335458047";"1780453188";"";"5683944576";"anrsto88"
"18053998658750943";"1780453195";"Wallahi we’re finished.";"571154922";"ichwanpersada"
"18120602590667645";"1780453206";"Most hitting the spot comment😂";"5751379999";"ratudiah81"
"18338221402222577";"1780453221";"dih?";"1316937737";"ufibynchn"
"18082701368159127";"1780453258";"Efisiensi macam apa kalen @teddy_hq ini 🤣";"6902588053";"muhamadefendi__"
"18091192085198041";"1780453272";"Ditanggung Presiden Prabowo pribadi.... Kelebihan peruntukan apa.. Klu melenceng dr dinas ya bayar sendiri/pribadi peserta..";"7318980871";"idarosita072"
"18005196380925916";"1780453297";"plis ted lu ga keren sama sekali.. nyebelin iya dr susunan kata katanya😢😢";"2350871902";"jesjesseee"
"17871325020654677";"1780453299";"Gk tau mau komen apa, intinya jangan percaya. Udahh itu ajee";"41247057388";"ny.rinla"
"18133311427601467";"1780453310";"lagi haid ya?sensitif banget";"2235447947";"dede_kk"
"18015959921907637";"1780453326";"HAHAHAHHA @brush_by_yasmin @raninhaeni";"4306484629";"mc_hl10"
"18103438288825967";"1780453337";"Penjilat";"28497829133";"er.nawati4693"
"17940744636252360";"1780453407";"🤮";"2339803742";"jime39"
"18046739933554979";"1780453416";"BUNDA TEDY 🤣😂";"1983929170";"needrace.industri.pasuruan"
"17904632037264782";"1780453447";"Ya pasti #ngapusi";"1943359722";"ignacio_adi"
"18120866209823591";"1780453471";"Bebebnya nyapu";"6810067322";"gataujugabingung"
"18176980084362683";"1780453475";"";"1646408910";"kissarfty"
"17883739383574318";"1780453496";"Kurban aja pake apbn, apalgi perjalanan dinas😂😂";"1583344960";"dh33ka"
"18115278769647345";"1780453505";"Kalau memang perjalanan dinas itu sudah diagendakan dan terjadwal jauh jauh hari, logikanya bagaimana bisa ada "kelebihan biaya" yang ditanggung oleh pribadi? 
Model pembiayaan macam apa ini, kelebihan perjalanan kenegaraan dibiayai dompet pribadi enteddd @teddy_hq @sekretariat.kabinet @kemensetneg.ri ? 
Lah untuk berkurban pada hari raya Idul Adha yl saja, sapi sapi yang dibeli dengan uang rakyat, dengan bangga dan tak beretika dicap dari "prabowo"? Untuk memberikan kesan bahwa sapi sapi kurban tersebut berasal dari dompet pribadi. 
Jawab dong dengan gagah. Jawab juga dong video Prof Amien Rais bulan yl?  Pingin tahu counter attacknya bagaimana?";"1395469305";"suzyazeharie"
"18179672521401809";"1780453533";"Omon omon";"59375792609";"_pastiberlalu"
"18216252427326244";"1780453552";"@factual.id ga akan pernahhh kak, orang mereka-mereka nih anti kritik";"49246937763";"cb.riieee"
"17956751162965752";"1780453567";"Broo harta prabowo 2000 t masih aja yang nyinyir";"4385185363";"ajo_feri"
"18113086519879814";"1780453581";"POKOKNYA ADA 😂";"187699943";"andibakrie"
"18086856545383275";"1780453599";"@rina.inggriyani Aamiiiiinn ya Allah";"49246937763";"cb.riieee"
"18123707455637714";"1780453613";"Lol";"5725301239";"xavieraamalia"
"18096439633901013";"1780453619";"Pokoknya ada💅";"42056303938";"toriqalhasan"
"18090518033198678";"1780453642";"HALAH NYOCOT,, KURBAN AJA PAKE APBN 😂";"312604334";"wahyuadhon507"
"18091198874200019";"1780453663";"Kental bnget belain suaminya, menyangkut anggaran rumah tangga mereka";"1515464560";"ara.lindaa"
"18115362415700731";"1780453673";"@factual.id hal yg mustahil😂";"711421304";"athey25"
"18064504535446456";"1780453678";"Gak usah melotot jadi takut";"3581503577";"ardiansyah_alx"
"18341309509220882";"1780453688";"Hari2 blunder 💅";"9369980523";"banda_pamungkas"
"18059023370738311";"1780453715";"@rina.inggriyani aminnn";"353144424";"achy.106"
"18554210011070387";"1780453742";"Logikanya yaa gini. .kalo sebulan 3x 60 orang . sedangkan yg periiode sebelumnya cuma 1x sebulan 120 orang . lebih banyak anggaran mana 60 orang atau 120 orang... padahal pak Dino kan cuma kasih saran loh harusnya yaa jadi bahan koreksi ,dan terima kasih atas sarannya. ..era skrang itu pejabat kita gak pernah mau di kritik dan di kasih saran dan jarang ada yg bilang kata terima kasib atau permintaan maaf kalo ada kesalahan dan ke khilafan..";"1493145674";"m_septiadi"
"17892311190530329";"1780453761";"Jumlah yg ditanggung pak pres brp emg? ... Qurban kemarin 100% dana apbn lalu budget kunjungan ke LN kisaran brp?";"2101808668";"johan.kristanto_sudiyat"
"18470875762103056";"1780453765";"sebagai gantinya klo ada proyek besar dia yg ngambil";"53071460890";"abidzarrraulia"
"17858944074642749";"1780453819";"@teddy_hq lihat mana invoice nota LPJ nya pak";"8443433525";"d_r_w_son"
"18080501981560386";"1780453835";"Turun lu @teddy_hq rakyat muak";"73720136545";"wildang11"
"18358232824240889";"1780453839";"tung tung oti";"33492689547";"myway.anw"
"18427443931121387";"1780453855";"😢😢😢";"1197117285";"syafrialdhy"
"17866125252686803";"1780453875";"💅";"61106864039";"yusufaziz2709"
"18157678777462448";"1780453882";"Astagfirullah astagfirullah astagfirullah, makasih udah buat istigfar bang 🙏";"604247270";"wulandaritalmera"
"18100777946025172";"1780453937";"Eea eaaa eaaaa";"71775641740";"samjoelee"
"18008643455871302";"1780453938";"giliran kurban ga pake uang pribadi 🤣 kan ga masuk akal";"2000935692";"birrivha"
"17990328335806938";"1780453940";"@factual.id mereka bisa melakukan apa saja jadi berat mau berkata  seperti itu 💅";"13777831676";"zyndru_"
"18102004244105529";"1780453965";"Kurban aja pake APBN ted, ini lagi perdin.";"1375666309";"thatsoandey"
"18098585237156810";"1780452274";"So sweet 💅";"2060429631";"morriisshey"
"17919256089163750";"1780452275";"Wahai antek2 aseng diaaaaammmmm kaleannnnn bunda lagi ngomong 😌😌";"863554619";"juno18_is_good"
"17929753608100544";"1780452288";"💩";"3164693294";"tomy1453_"
"18081864044451400";"1780452384";"Transparansi dana ke publik?";"8395927212";"afdhaloktrisna"
"18068026580393852";"1780452385";"Kok tahu lu bg haha";"1640940811";"fadly_beras"
"18015384005698736";"1780452400";"";"1484020931";"psypi"
"18109091416930480";"1780452419";"😂";"1828701806";"iyokkbelumtidur_"
"18104994263059402";"1780452432";"😂😂😂";"76009978903";"ajengjepee"
"18073203860669354";"1780452458";"";"3058111845";"azam_muhammad_"
"17892314691472522";"1780452484";"Hadehh iya deh Buna";"7754433979";"nurulhijraah_"
"18059671397723925";"1780452518";"Iyain dah milik pribadi katanya mah tapi hutan di sumatra dan papua di jadiin kebun sawit semuanya sama tuh ceo sawit";"52119142906";"npayly"
"18084505709132363";"1780452528";"Kurban aja make APBD, sosoan luar negri duit pribadi. Bool kangkung";"41717051538";"arriefindrawan"
"18022660496836804";"1780452539";"Bacoottt";"63962600661";"onjiereal"
"17946628302014700";"1780452561";"emang dia menlu? kan yg di tag menlu sugiono supaya bisa mandiri, kok yg jawab dia. seskab itu kerjanya di balik layar pak, knp bapak tampil mulu 🙈";"222968485";"deviaaaa"
"18137732314479356";"1780452597";"";"1836806156";"axlrhmn"
"17881687950434124";"1780452608";"💩 lancung";"1751648384";"fadli_suares"
"17859073542637433";"1780452614";"SPJ nya kek mana?? 🤣🤣🤣";"3183330717";"desyzahari"
"17891033208484943";"1780452616";"";"1495776631";"taufuckajidarma"
"17943227922218290";"1780452616";"Gasuka bgt liat dia, udah pendek, gapunya leher, kemayu pula. Dihh amit² 🗿🗿";"6039313485";"luklaa_"
"18152584822470238";"1780452626";"@lembuwiworojati 🤣🤣🤣🤣";"5346133";"raliaag"
"18117188287695781";"1780452631";"BaaaCooooot";"457048228";"stdvrs"
"17978126945867663";"1780452642";"Mana bukti data nya? Ngomong doang mah gampang bikin alibi. Lagian ngapain sih keluar negri mulu? Kinerja zonk, janji2 dan program kerja wkt kampanye prank semua. Rupiah melemah, barang2 mahal, susah nyari kerja, usaha/ bisnis selow bgt.. zaman Prabowo sulit bgt ekonomi. Tanggung jawab lu jd presiden! Turun deh kalo gak bisa, malah bikin hancur ekonomi Indonesia aja kalian!";"73441968870";"rosie_julita"
"18131804527594192";"1780452652";"@hafizhsyafrial 😭😭";"29159976724";"bukanapoywali"
"18117690667755722";"1780452653";"Hayyyoo coba di audit anggaranya selama kunjungan ke luar negeri yg katanya pke uang pribadi,......wong beli sapi buat qurban saja pke uang APBN apalagi ini";"45002803362";"anisa.8830"
"18096318665229226";"1780452665";"@thor_bar_bar plisss gakuat nahan ketawa lagi di ruang guru 😭😭😭";"6039313485";"luklaa_"
"18112819708675414";"1780452694";"KAK WKWKWKWK";"2219729732";"lupiwlndr_"
"17958804936132890";"1780452715";"Kelebihan biaya = foya-foya";"1437088265";"dimasaitu"
"18006452294877126";"1780452716";"Itoobb";"38728440";"weadisola"
"17927464098337489";"1780452723";"💅 berisik kaya cewek ....";"68377200589";"ratulebhnew"
"18108028705746350";"1780452725";"@vousmevoyez.k 🤣";"477361376";"manwhocantbemoved__"
"18081796862163012";"1780452768";"Wakil CEO ngomong gini";"22971293952";"lilyana_march"
"18137224669548723";"1780452813";"rodok buna ted";"4362133120";"bintangsssst"
"18111817321705106";"1780452830";"TIIIIIIIIIII";"1328866514";"syahid.muthahhari"
"17929184892305812";"1780452843";"ketawain aja dia, dia terlihat menyepelekan orang padahal dirinya hanya seorang karbitan,
mungkin saat dia masih jadi pejuh, pak dino sudah berkarir di kementerian luar negeri,
come on man, you suck";"17197465482";"pt_magrotama"
"18046229141784395";"1780452857";"Dah minum obat ambeyen belom Bun?";"45044870462";"abrillaaal"
"18164854117447000";"1780452867";"Tombol ga percaya omongannya --->";"41771167084";"andra170845"
"18177936955396345";"1780452900";"Kalo udah lewat anggaran ya gausah pergi. Berarti kemarin-kemarin dah bengkak tuh";"1822863343";"ratusuhermn"
"18588859942035779";"1780452911";"Heran ini orang kok nunjukin ketidak tahuannya dan kesalahannya di muka publik sihh dia kira masyarakat indonesia ini bego semua apa bagaimana ya😢 kabinet makin kesini kok makin ke sana🥱";"6305181696";"cekozcarvalo"
"18117903427750810";"1780452914";"Jumlah peserta berkurang 50%, tapi overbudget☺️🫗";"317344771";"htarita"
"18360494077226011";"1780452928";"🤣";"5575932682";"nadiasyekar_"
"18073198208333768";"1780452930";"orang pintar di kasih masukan; evaluasi kinerja.
orang do NGO di kasih masukan: ngamuk, nyerang personal, tantrum, klarifikasi, cari pembenaran, intimidasi,";"2645118412";"max_chank"
"17997231962777214";"1780452934";"";"10081918198";"bayhaqqy8"
"18043933724580556";"1780452986";"Jangan2 bilangnya uang pribadi padahal apbn...";"280668408";"auliapororo"
"18084312236419487";"1780452992";"Berkurang besar2an tapi suweriing, podo bae";"648718289";"cynthiablqs"
"18107440043303656";"1780452992";"Halah";"1460665182";"sya_dri"
"18121332772656660";"1780453012";"Yang ngomong invlasi pengamat😂🤣";"1460665182";"sya_dri"
"18136233037560157";"1780453018";"Syududu";"5624873937";"ashroriii"
"18081504305448100";"1780453067";"Tapi qurban sapi kok pake anggaran APBN?";"2996733945";"nophie_aurayoko"
"18079644983557642";"1780453078";"Mangeak? Beli sapi qurban aja pake APBN, terus rombongan di dikitin ya biar lu berdua bebas 😂";"10880817475";"ktdiarman"
"17967478365093134";"1780453169";"Yang penting lu ikut kan beb";"245572309";"sellaserra"
"17921954394142141";"1780451681";"Ada yg percaya? Sama omongan nya si Tedi  secara selama ini gk ada yg sesuai, semua cuma omon omon";"52180066116";"ganjaruyy"
"18010824644899241";"1780451681";"Udah kali bray, lau kalo boong idung lu ujungnya merah";"1044173989";"adrinaline_impuls"
"18121687711588643";"1780451721";"@thor_bar_bar lehernya pendeeekk ga si jd keliatan kaya tungtung sahur";"804777835";"rayya_sorayah"
"18132564838605105";"1780451722";"Tiw kesayangan warga 58% emmuachhhhhh 💋";"1765910577";"niahandoko13"
"18079158860206192";"1780451742";"💅💅";"889051178";"ori.buchori"
"18038968133641830";"1780451750";"";"499753640";"yunita_rahayu20"
"18082439876550108";"1780451756";"50-60 orang tp sering ya malah boncos";"804777835";"rayya_sorayah"
"18039935489795281";"1780451759";"@papatmokoagow tim klarifikasi";"3730634225";"rifatmassie"
"18470682712099606";"1780451790";"Ted, gak usah berbohong dosa tau.";"67871576519";"iswidihartanto"
"17947665201193324";"1780451792";"Bocah";"3269843925";"ali_akbar4c"
"18100299214869148";"1780451800";"Dikira rakyat Indonesia gblok ky pendukung nya 02 at 58%";"5613598216";"jaya_2782"
"17995078010951038";"1780451836";"Kalau saya seorang awam berfikir, kalau lah benar pakai dana pribadi, tetap belum tepat dan bijak. Artinya belum bisa memanage anggaran dengan baik. (Kayak ibu rumah tangga, yang belanja lebih dari pendapatan..";"324849778";"missrinaalzafir"
"18017365088849748";"1780451856";"inalillahi wainailaihi rojiun";"1938512100";"rahma.ags08"
"17895942555332905";"1780451859";"Jemboootttt";"5594452082";"achmad_al_fatich_"
"18087896162074641";"1780451889";"@advenapollutus";"6867939692";"wonamexihuannile"
"17891738097532707";"1780451927";"Ah masa?? Masa iya qurban pakai dana APBN, gk mungkin kan gak mngkn dong.. 😂";"1903120925";"yogiesuhardi01"
"18064457576438317";"1780451928";"@keysha_alulaputri tantruman tenan seuskab iki 💅";"1832755001";"rienydwi"
"17973183633106728";"1780451942";"😂😂😂";"1335960617";"ridhonasta"
"17919854766376233";"1780451948";"@agamkupie 🤣🤣singkat padat & ngakakkk";"22830225";"akitarun"
"18100802711028345";"1780451959";"Gini deh ted. Lu punya pembantu di rumah lu. Lu kasi duit 20jt utk kebutuhan rumah. Setelah 1 bulan pasti lu minta kan perincian kwitansi dan bukti nya dibpakai utk apa aj. Tp malah pembantu lu blg ini pengeluaran lain ada pakai uang saya 20jt lg utk kebutuhan rumah. Masuk logika kagak. Rakyat itu raja kalian yg memberi makan dan hidup kalian. Masak kalian se enak nya menghabiskan uang rakyat. Sebagai rakyat/raja kalian kecewa ga di gitu kan @teddy_hq";"600821164";"toyota_medan_sm_raja"
"18425617156123327";"1780451962";"@tri_adi_07_00  prasaan g prnh ad yg untung bisnis pemerintah dibidang manapun🤣 tapi uangnya selalu  ada aja💅 y g ngab @teddy_hq";"16349391817";"ryoferdhinandjoher_______"
"18320817697285584";"1780451971";"Mampir @bukanapoywali 😂😂😂😂";"6766617288";"hafizhsyafrial"
"18006494213922383";"1780451980";"Tetap saja anggaran harus sesuai aturan";"1113747281";"rinigandayugisanusi"
"18105253979475881";"1780451991";"Resiko pilih presiden yg cm sebatas ambisi buat jd presiden ampe bolak balik gagal dan akhirnya menang tp tetep gagal ngelolah negara. Ditambah orang2 yg disekitarnya cenderung ngasih tau baik nya aja dan gk tau huru hara dimasyarakatnya. Hrusnya pemilihan presiden selanjutnya dibatasi max umur nya. Urusan dlm negeri aja banyak yg perlu diurus kenapa lebih ngutamain keluar negeri yg hasilnya gk seberapa. Percuma punya menteri klo apa2 hrus capek sendiri.";"4535245551";"devv766"
"18589343119020808";"1780451997";"@rienydwi 🤣";"1386510864";"keysha_alulaputri"
"18084272813387451";"1780452013";"";"407860325";"aprikibo"
"17863501914585007";"1780452023";"Sy lebih ngerti bahasa mama gupron 😂";"1068620240";"wdhamedy"
"17977639776030213";"1780452030";"@official.kpk tolong audit, itu juga kalau berani";"2025221457";"pphkinann"
"17971199247061768";"1780452039";""Ditanggung oleh pribadi presiden Prabowo" pernyataan itu aja udah nunjukin betapa janggal dan kacau anggaran perencanaan keuangan mereka. Coba share rincian laporan anggarannya, kalau diaudit pasti bengong nih padaan 😂";"300466520";"yorrieolie"
"18002176646939061";"1780452044";"🥱🥱🥱🥱🥱🥱🥱🥱🥱🥱🥱🥱🥱 hhooaaammmmm";"2267628240";"fariz_oemar"
"18086169842416881";"1780452058";"stop selalu berfikit Prabowo gatau apa apa, dulu zaman jokowi juga orang orang selalu bilang dia gatau apa apa padahal aslinya mana mungking seorang presiden gatau apa apa dikira anak kecil apa";"57234624085";"chimieayam_"
"18115546717880393";"1780452081";"Ngga respek sama orang2 besar yg ngga empati sama rakyat kecil. Apalagi dikritik malah melakukan pembelaan... seakan dia yg paling benar";"3862597534";"aida_3day"
"18361496182226930";"1780452082";"Sungguh jurang perbedaan yang sangat dalam antara teddy dan dino.. Asisten pribadi vs diplomat";"3700155660";"rizkyjokeja"
"18172868647412191";"1780452091";"";"1555020781";"dnlpdn"
"17927287089340022";"1780452116";"Yuk tamatin kolom komen nya bun, lucu lucu lo komentar nya @teddy_hq @tedsky89 😁✌️";"1421457603";"zianluthfi"
"17889699477378271";"1780452142";"Eh bang boy";"298386047";"dadun_chaidar"
"18102069722035804";"1780452161";"@lembuwiworojati 😂😂😂😂";"270372096";"karelisme"
"18098339195138631";"1780452201";"Kurban aja pake apbn, masa ini kami harus percaya si 😂";"45939861550";"alahz_"
"18088659272615720";"1780452205";"@hilda_musa makin keliatan aura bengkoknya Mom 🥲";"47205919591";"sandrakusuma13_"
"17882623188591662";"1780452209";"@sfr.aden HAHA bener lg";"207817149";"nabilasyfrr"
"18095757185582799";"1780452222";"RAKYAT TIDAK IKLAS ITU INTINYA 🔥";"9488156065";"just_me1730"
"17933475072266754";"1780452229";"@selviamaw tiw maksudnya singkatan namanya lhoooooo sel 🤭🤭🤭";"47205919591";"sandrakusuma13_"
"18108811574489163";"1780452235";"Padahal kalo anggaran gak mencukupi tinggal gak usah pergi.";"4096922862";"yupiya_"
"17884994547568266";"1780452242";"Njirr uang pribadi , keren amat si wowo🤣🤣";"3201315190";"gilangp95"
"18084425627625557";"1780452260";"Bro pikir rakyat percaya";"8319993946";"rega_nrdnsyh"
"18094579786961136";"1780452262";"Sepong Teddd";"4757014775";"saputrongandu"
"18083180660402840";"1780451030";"Udah lah bund,";"308163883";"elfanirahmi"
"18376767343202572";"1780451038";"Indeed tong kosong nyaring bunyinya";"1459905587";"cikazata"
"17916862140179747";"1780451060";"";"67862664645";"sipalingpaling666"
"18185430766375682";"1780451066";"@bngmhrn maklum botay💅";"35293450782";"ddnardnsh"
"18143054839515273";"1780451074";"Aneh bgt pejabat negara ngomong "menggunakan uang pribadi" Ngerti ga sih apa yg dia omongin trus dia ngrti ga sih posisi dia apa pas ngomong gini. Aneh bgt klalkuan pjabat2 skrg ,";"15947134327";"kurnivorra"
"18074389700304799";"1780451093";"Bener gak tu pake biaya pribadi, coba di audit lah...krn sapi kurban aja pake dana apbn😂";"231582826";"novanv"
"17938416540054658";"1780451107";"Mau ngurus negara tp rasa dia mau ngurus kerajaan. Pake hati dengar kritikan dan jwb gimana buat hati dia senang";"8013621460";"neny_sari27"
"17942429091039208";"1780451107";"😂😂🤣🤣@koreandramanews";"1670877865";"herty.fatmawaty.hidayat"
"18181019668400185";"1780451109";"Gak bisa di KRITIK ini ya kayakna. Anti kritik. Bayaha donk🥸🥸";"1185667994";"oeslow_gunawan"
"17963008382942758";"1780451110";"Kurban pakai APBN.
SPPD pakai uang pribadi.
😂😂😂😂😂";"1358627945";"mpiimpiii"
"18088209935621282";"1780451117";"Klarifikasi ❌
Minta dihujat ✅

Biaya sendiri wow percaya banget";"2462817331";"ftaraf90an"
"18037433987796385";"1780451138";"Cebokin 🤣 lu mau klarifikasi mau gmana pun tetep asbun 🤣";"858069011";"mrx.gm"
"18049676759532703";"1780451153";"@factual.id militer ga gitu bro. Pokoknya absolute atasan BENAR. Alias bujur arus.";"59621834999";"amlkhwn"
"18103830533098402";"1780451156";"Ya Allah dr sekian banyak koment kaga ada yg bagus yak";"1922756207";"airaakbar"
"18004160342752227";"1780451171";"Berasa kayak yg punya negara";"1786906232";"rachma.watie"
"18100962785113682";"1780451175";"Kntlllll";"3206651234";"ilhamre__"
"18032213141800932";"1780451186";"Terus pakai dana pribadi elu patungan berapa duit kalo perjalanannya habis miliaran, emang gaji elu cukup buat patungannya?";"37816865";"nanang_albatawie"
"17975340084025089";"1780451190";"Awal ditunjuk saya kagum semuda itu jabatanya seskab, makin kesini ternyata zonk............ Gak ada apa-apa nya😮";"68551002039";"rafiuono"
"18064288487451603";"1780451240";"🗿";"31301392288";"suwarna_nursery"
"18105311302797478";"1780451252";"💅";"2033049780";"ige_tunji"
"17863530855632461";"1780451264";"@yu__tjo nd adami laki2 kupercaya 🤣🤣🤣";"2960292429";"naqiahmadd_"
"17949568380179248";"1780451264";"tidak ada yang percaya statemen bowti";"3099895386";"afaridslhd"
"18160308802459777";"1780451277";"kalian matiin audionya, truss bacain komentarnya lebihh bermutu guys🥹🙏";"8515177611";"andifatur098"
"18119500159668999";"1780451281";"Bacot knt";"62959516740";"_ariffffn"
"18173450440415768";"1780451282";"Pertanyaan nya, kalian percaya?";"1511032028";"crownlight87"
"17928071988326746";"1780451314";"Copott jg ni org...suruh tungguin/urusin bobbi saja di kertanegara...bnyk mudharot nya drpd manfaot nya...!!!";"63953890045";"joeto410"
"17858274339628482";"1780451362";"Eh menteri konfirmasi 💅";"526492876";"decekurnia"
"18103989170072405";"1780451366";"Audit!!";"73936927855";"lovely_mom98"
"18201249244315310";"1780451377";"Kalau ditanggung pribadi bukannya temuan malahan bapakeee....";"236421965";"worotyas"
"18202757158358652";"1780451398";"Yuhuuu @ayamshaolin";"9466252329";"gadogadogitar"
"18100871993039469";"1780451428";"";"6343746921";"chandrama29"
"18100906295018759";"1780451466";"SekarangLebih penting klarifikasi dari pada evaluasi, mana nyinyir lagi kek bu ibu.";"62699007130";"rhmddinn"
"18083313944408444";"1780451472";"Iyaa in aja";"6287213406";"_clifers_clifers"
"18015602969700952";"1780451473";"Kelebihan biaya??";"2318303923";"mety_mektildis"
"17914392132399658";"1780451504";"😂😂😂😂😂🤣🤣🤣";"1555846240";"anggameidia"
"18110162776926922";"1780451508";"";"273244065";"mofad234"
"18184445449351622";"1780451534";"Presiden melakukan perjalanan ke LN sudah mempertimbangkan plus minus dan urgensinya, dan sebelum kunjugan, Pak Dino juga sudah tau pastinya bahwa ada meeting terlebih dahulu via telp/zoom meeting dll, nah hal ini yg masyarakat tak tau. Ketika sudah final maka Pak Presiden melakukan kunjungan ke LN. Semua itu ada proses pembicaraan lebih dahulu tentunya. Semoga NKRI kedepannya lebih maju dan kuat";"5630212788";"bronu168"
"18109769510492061";"1780451553";"💅💅";"6069453053";"uki.if"
"18143555203517364";"1780451561";"Ga yakin gua beli sapi aja pake apbn gmn dah";"1929331259";"rkiyun"
"18096938564467646";"1780451567";"KOREKSI DIRI AJA .. ATAU NGACA DI CERMIN . PEMERINTAH TAK SEPATUTNYA SEPERTI ANAK ANAK . LAWAN KRITIK DENGAN DRAMA .";"77284234476";"thesock__13"
"17862034089634635";"1780451593";"Kalo tugas kenegaraan ya dibiayai negara to ya...logikanya dimana??? Kl dibiayai pribadi berarti ini secara tidak langsung mengatakan perjalanan bolak balik untuk urusan pribadi";"504819102";"flixshu"
"18072683174330475";"1780451615";"😭🤣 tukang nyapuuu";"1793731805";"papatmokoagow"
"18053167256772945";"1780451661";"Kebangeten tedy ini,sombong";"3130866095";"erwinbasyarudin"
"17919273543392366";"1780450317";"The more he speak, the more we don't understand";"6510966";"anglingyogo"
"18069014219348224";"1780450326";"Padahal setiap anggaran yang keluar masuk itu wajib masuk ke dalam laporan keuangan pemerintahan pusat! Ga asal masukan uang pribadi karna bisa memperumit perhitungan anggaran keuangan negara serta rawan penyalahgunaan kewewenangan... Di kira mereka lagi patungan";"27950884637";"unknown0n1"
"18111265784496041";"1780450329";"Si paling seskab @teddy_hq bisa ga klo salah di evaluasi di perbaiki bukan cari pembelaan dengan data yang salah 👎👎👎";"1732282424";"ariyantorizqy"
"18121504183679137";"1780450332";"Ditanggung pribadi? Boleh ditunjukkin buktinya? @teddy_hq";"2233621995";"shesograammmm__"
"18399577042155085";"1780450339";"Kamu pembohong kamu pembohong";"1345810093";"zuhd11"
"18127273798617095";"1780450351";"@thor_bar_bar sio";"17558946432";"alvian323554"
"18323081008278604";"1780450362";"KURBAN AJA PAKE APBN .....SOK SOK AN MGOMONG PAKE DANA PRIBADI .  NGACOOO......CUKUP KALEN MEMBODOHI RAKYAT INI .....GA SEMUA NYA RAKYAT ITU TOLOLLL KAYA PENDUKUNG NYA .  REZIM BOBROKKK 👎🙃";"49721114893";"cnova1122"
"18105976591786427";"1780450374";"Aslee ngakak";"256981376";"meylamustika"
"18053800085512592";"1780450384";"Copot aja ini..";"4720770089";"jojon003_tripolyta"
"18116515558826093";"1780450392";"Begitulah alasan orang panik..";"2083634892";"davi_duck01"
"18089905274341774";"1780450399";"";"190498078";"williamsannz"
"18106132777777361";"1780450401";"Wkwkwkkw ngukukkkk🤣🤣🤣";"479462986";"widakusuma"
"18585754048058311";"1780450426";"Meski beneran pribadi..kan ituh uang hasil korupsi rakyat🤣";"5653884277";"hasan_160302"
"18142184020463144";"1780450457";"Makin sakit ini negara di urus manusia tidak normal";"1979811460";"ashabulkhafidz"
"18413662135176447";"1780450469";"Selir nya ga mau diganggu kesenangan suami nya ngehabisin duit negra ...bgst 😡";"49721114893";"cnova1122"
"17931884247086702";"1780450487";"Gimana orang mau percaya, kurban aja atas nama dia tapi pake uang APBN, apalagi jalan-jalan keluar negeri? Wkwkwk";"13455599967";"alisa_chicaa"
"17863751148586816";"1780450522";"Saya lebih percaya gufron bisa bahasa semut";"1942448126";"siredpalevi"
"18001382693925830";"1780450526";"Boty ini 💅";"73775230624";"hery_suarezz"
"18452593864116459";"1780450604";"Iya percaya kok pake uang pribadi 😂";"9260086819";"o_utay_0"
"17952382254158288";"1780450623";"Belicik huft 🫥";"5738131881";"kahfikahfinf"
"17994918233969016";"1780450635";"Hadehhhh apasihh 💅";"1993362440";"nawarlaiyaaa"
"18002638784949336";"1780450640";"Ngga ada untung nya buat rakyat";"3706838776";"dkntc"
"18010470914905780";"1780450653";"Kurban aja pake uang negara atas nama pribadi  apalagi yg ini😂";"191263680";"agoossutil"
"18093317918361008";"1780450663";"Abis ini jangan2 dia bikin video reaction ke Anies Baswedan 😂😂😂";"302553198";"buuban"
"18049275536542436";"1780450668";"Yaa wajar dongg, kan demi buna🫢";"18310301458";"mlynagita_"
"18341350276175159";"1780450710";"Percaya kalian, kurban aja  yang berhubungan dengan amal dan harus pake duit pribadi malah pake duit rakyat.";"3409384519";"zaenalarief28"
"18115081699842557";"1780450722";"";"55731188217";"levitating255"
"18122131234740248";"1780450766";"😌";"4364566544";"johanalfiant"
"18091936877204349";"1780450784";"@rina.inggriyani aamiin yaAllah";"390419016";"dewikurniawt"
"18095101121604556";"1780450825";"";"3503200828";"anggiaziz.s"
"17952893331077031";"1780450837";"Korban aja pakai apbn apalagi Honeymoon 💅💅🤣 ( Buna  Teddy suka yang gemoy gemoy apalagi berbiji 1 )";"2311780131";"aldismail__"
"18026059451746441";"1780450860";"";"1943819882";"______.jml"
"18023855063836055";"1780450861";"@lembuwiworojati wkwkw bangke ya buy";"520697236";"ayyafromtebet"
"18098590898167270";"1780450880";"Merasa di atas,jadi so";"16972157444";"safarudin0508"
"18104637331990612";"1780450895";"";"1827063269";"muh.irsyadhars"
"18024395639830477";"1780450924";"Bacottt";"863914725";"alfinaulandari"
"18125753605715706";"1780450941";"Malaikattttt aja ga percayaaaaaaaaa";"1353726761";"just_neena"
"18067064105383422";"1780450942";"@isan_poison eh masse.. 😂";"2240924243";"irwan_greenwood"
"18085908416576496";"1780450943";"Emang boleh uang pribadi digunakan dalam kedinasan?bagaimana cara mempercayai pemerintah mengurus negara klw aturan dilanggar demi kepentingan pribadi/kelompok🤦‍♂️🫣";"8191322038";"uzumakiahsano"
"17874335412501566";"1780450950";"";"7554199286";"doniindra47s"
"18453371551113207";"1780450969";"Ga ada yang mau coba kagetin doi kah?";"1988264456";"viqi.setiadi"
"18021573701671549";"1780450977";"Et dah cebok mulu bang";"2859831305";"alpha_daimon"
"18113082191506189";"1780450990";"@ayyafromtebet  lah kan dana pribadi katanya ..😮";"3535145";"lembuwiworojati"
"18107575825985935";"1780449711";"@rina.inggriyani aamiin";"666097342";"larasrobbiebobbie"
"17922142404145110";"1780449735";"menstruasi = menteri disegala situasi";"3148146267";"nnanditarh"
"18069743759378061";"1780449745";"@537d03d 😂";"6147726";"leandraerdina"
"17930692830334467";"1780449752";"To*ol";"4357807571";"ariy_cahyadi"
"18322709446260928";"1780449753";"Kurban aja pake apbn😂";"44472275635";"enjang7591"
"18118913518704170";"1780449761";"@serathejamillaa ninuninu";"4398162744";"su_kono"
"17925673638127408";"1780449815";"pemilihan kata yang di lafalkan sangat sangat 😭🤣😭🤣";"10136854332";"bapaknazmi"
"18103917089076059";"1780449826";"boty njir";"72167616055";"fgnaael"
"18319810645259119";"1780449830";"💅";"53536594880";"padik1990"
"18094193119973345";"1780449838";"Kaya emak2 digerobak sayur ..";"313202244";"masdjawir_"
"18094841969184085";"1780449846";"Ada yg percaya? 😂";"250550557";"rajasuwanti"
"17892866748530166";"1780449859";"Diem lah";"1489736029";"hrdaugust"
"18124026202651103";"1780449907";"Bicaranya banyak blundernya nih orang, btw jangan sok cantik deh anda";"2257441861";"adewp_"
"18211690528331255";"1780449917";"";"42571926";"ffajarhakim"
"18097606355051452";"1780449919";"💅💅😂😂";"2214731303";"ilham.prayogo"
"17951896224160883";"1780449929";"Bengeut";"10973100888";"jini.ir"
"18096419390179974";"1780449939";"Ga percaya sih 🤣";"711056381";"tiararos"
"18221992645319076";"1780449940";"“Cuma boleh angle kanan ya pak”";"45131691";"sylmiawlya"
"18025539785830420";"1780449958";"Akal akalan kelen aja itu";"6898239789";"rifky_rhmdoni"
"17950051482187301";"1780449959";"ANTIKRITIK";"2112642051";"aisharheaa"
"18361071859238763";"1780449959";"Suara hati seorang istri😂🤣💅";"57988942195";"evanfahlevi93"
"18103046584832983";"1780449992";"Hihihi sapi aja pakai APBN. Masa ke luar negeri utk dinas pakai uang pribadi hihihi. Aku sih gak percaya yaa";"1794532516";"yesicasika"
"18106403276064447";"1780449996";"Bohong bgt anj, kurban aja pake APBN 🤣";"1161808988";"dhanahmad95"
"18081386732530591";"1780450000";"Habis tuh ada berita Dadan di pecat, pengalihan isu macam aapa ini, dan untuk Dadan semoga cepet di audit dan isu tentang Tedy ini harus di up trus";"72197566724";"abdrrrh_"
"18083489531418415";"1780450021";"Sewaktu zaman Hermoko, Murdani,. Mereka terlihat mature, matang, berwibawa, runtut, runut, tidak tantrum nyunyir menyerang personal "only 3 months". Seharusnya secara elegan menyampaikan terimakasih, khalayak akan semakin simpati jika legowo menerima kritik dan saran yg membangun menuju Tata kelola pemerintah yg lebih baik.";"63639924055";"thelogicthink"
"17927084301331782";"1780450033";"Mulai panas 😢";"1030245956";"selvikomara"
"18133800835572092";"1780450067";"BRISSSIIIIK AAAAAA PERGI SANA BOOIITS";"256149351";"adlnchrns"
"18044648561787644";"1780450077";"Lebih percaya CR7 kelahiran Purwokerto daripada ini";"2161315237";"vintagedecals"
"17922474357147181";"1780450081";"Hoaaaaam";"1397724180";"andrirahadiansyah"
"17989813917002966";"1780450095";"Yg dipangkas noh biaya mbg dan kooperasi desa, hutang membeludak";"68810358396";"lotobdumbers_"
"18091199933523631";"1780450099";"wadukkk bohong terus ampunnn";"60027331022";"ovenkjoy_019"
"18101463536012436";"1780450105";"😭😭😭😭😭";"6502861946";"ivafirdayanti"
"18076101848290696";"1780450132";"Percaya tuuhhh";"3270558016";"resafachriza"
"18082684778535187";"1780450144";"Mungkinkah mereka baca komen?🤣";"2167291423";"yakupzhou"
"17970137655062059";"1780450177";"Gimanapun juga sebagai istri harus ngebela suaminya";"34242556916";"sakdiaaahhh"
"18071834528336624";"1780450201";"Minta diganti setelah tiba di konoha 😂";"1457967967";"12gustaf"
"17891146689516079";"1780450204";"Transparan gk anggaran nya";"45302244976";"uchiyamasan8"
"17941518918244488";"1780450206";"Menohok sekali berbicara kalimat 3 bulan… saya tetap bangga dgn bpk @dinopattidjalal";"1497030082";"riskaegawardani"
"18078317456226500";"1780450219";"@walikotalivik suami sedang membela suami nya 🫣";"3701870208";"fahrezamuradi"
"18104304577808926";"1780450224";"💅💅💅";"19026914213";"ibn_hsym"
"18408738481145921";"1780450255";"Mana kita tau bener atau tidak, beli Sapi kurban aja pakai uang pajak rakyat.";"1939207435";"adhairmautama"
"18021115397846687";"1780450257";"Slayy💅";"4587695052";"ra_fida52"
"18104243378093156";"1780450263";"😂";"1627430104";"devyulita26"
"17900717052296446";"1780450286";"";"3972441419";"faqiihmjhd"
"17901434970285045";"1780450302";"";"318077029";"heroakkbar_"
"18089577977620894";"1780450304";"Indonesia hilang arah💅";"7691466829";"aeninrn"
"17978487516013087";"1780449026";"Letkol karbitan";"422799700";"ken_ariningsih"
"18115076863716356";"1780449034";"Kaya OKB 💅";"3864874456";"mom.st911"
"18119751154674231";"1780449041";"🤣";"292445158";"zukhraid"
"18154889551463117";"1780449046";"🤣🤣🤣";"2054049132";"cici_iskandar08"
"17898864552310018";"1780449059";"Pejabat karbitan";"2931412518";"mfth_88"
"18165723076444610";"1780449062";"Perkeliruan";"47547437060";"antonharyobayu"
"17886776658563275";"1780449082";"Orde batu!";"2153080009";"hesti.vinesha"
"18082209983440787";"1780449084";"Masak iyaaa???";"2157562107";"avi_syafiah"
"18014937227890681";"1780449094";"Maksudnya biaya bulan madu";"1273282986";"dayatmegaband"
"18048888557775426";"1780449099";"katanya kunjungan ke luar negeri ko pakek dana pribadi disitu aja udah janggal";"54070549645";"_ffajarhmd"
"18127185814717163";"1780449105";"masa klarifikasi🤣 presiden kok klarifikasi. udah gaada harga diri di masyarakat bjir";"10925568115";"rdpepee"
"18367162504229248";"1780449107";"Halu...Qurban aja pake apbn";"1905254161";"ginadevita"
"18127796908618236";"1780449112";"Artinya bengkak teddy sampai pake anggaran pribadi";"2308768654";"sranggaji"
"17940715845218043";"1780449117";"Wkwk";"3557264700";"rillpolaroid_"
"17963925816109403";"1780449132";"Malah aneh klo make uang pribadi buat perjadin????? Terus kurban pake APBN?? Ini gmn sih logikanya kok kebalik balik";"480220902";"hanumpratidina"
"17890437693540435";"1780449153";"Dimana2 kelebihan ditanggung sendiri.... pe'a....";"428858656";"antonlikha"
"18084043496392091";"1780449164";"Lagi kagak pake skincare ya bund ?";"1633762046";"widianawiwid"
"18053959862581544";"1780449165";"Bodoamat";"8088616073";"masjerock"
"18074640581305576";"1780449182";"🤣🤣🤣";"5857947012";"inayahstfzh"
"18003895685928163";"1780449194";"🥴";"8165086825";"kurnianggi_"
"18068113055504995";"1780449213";"Inikah yang dinamakan istri menutup aib suami? Unchhh 🥰";"1729844758";"deapurie"
"17875281528611148";"1780449224";"@lembuwiworojati tarik napas maaass 😂😂😂 … @weedygo";"947808030";"riaprimanti"
"17865848481568246";"1780449278";"Gmn mau percaya beli sapi aja pakai duit rakyat 😂";"7318954201";"muhammadrohimnurhudiana"
"18121629052657536";"1780449295";"Dikira kita bocil yang gampang dibohongin 😂😂";"61751590646";"aksnsufy88"
"18093237653210346";"1780449301";"Kentut";"1822814278";"ican_lengkuas"
"18215965417336607";"1780449342";"Pakai dana pribadi kok di umbar😅
Berarti ada yang salah dalam pengelolaan anggaran perjalanan dinas🫢";"2136984106";"gilbezz"
"18099469993891055";"1780449346";"korban sapi aja pake duit rakyat";"70769254776";"suka.kuwe"
"17891279586484662";"1780449390";"Buna akan selalu membela Wowo, dan Wowo akan memberikan apa yang Buna mau ...";"2050704603";"ramdhan0604"
"18118801798829738";"1780449410";"Sapi aj bayar ny pakai apbn cynnn";"1445748103";"fanpani"
"18106405022487888";"1780449458";"🤮🤮🤮🤮";"1625714491";"ihdinalinggar"
"18205912417349914";"1780449460";"Izinkanlah kami..muntah dulu sekabupaten...setelah melihat video badut ini ngomong...😂😂😂";"68050909360";"rizaltanjung672"
"18094950230601189";"1780449468";"😂";"3065483149";"ribuanjalan"
"18108519557477456";"1780449493";"@yadie_sirat cetassss!";"1508967876";"jesuisdru"
"18098985602158241";"1780449503";"Plenger";"2270986050";"sidneyfaa"
"18316005442276423";"1780449531";"Si Penting! Percaya? Oh no no yaa";"1508967876";"jesuisdru"
"18105946955295908";"1780449584";"Saya lebih percaya bahlil kalo di OP bisa jadi ganteng , dasar bunda -bunda kurban aja pake APBN, loe bilang kelebihan biaya perjalanan pake duit pribadi 😂😂😂";"8575995724";"den_s_aditya"
"18118255246742940";"1780449604";"Syududu..";"2266263398";"muuhammadfandi"
"18091109237592379";"1780449611";"🤣🤣🤣";"50428432078";"gitaalibasjah_"
"17898428592454390";"1780449618";"POKOKNYA ADA !!!";"29042089490";"mas_mon80"
"18110880391917536";"1780449636";"Pak Dino ketawa melihat ini 😂";"2706600101";"zeeyah_mujahid"
"18096726709901772";"1780449652";"Makin klarifikasi makin keliatan bangsat";"3648401847";"smooth_criminal08"
"18109255301510886";"1780449677";"Pendukungnya masih ngebela klo dia orang KAYA padahal mah koruptor memang gaada yg miskin, korup memang cuma mau memperkaya diri aja";"8477255108";"syarifmau_"
"17898997215307704";"1780449690";"@syanaini iya klo ngomong doang gk ada bukti sapa aja jg bisa ksh liat bukti pembelian tiket hotel dll pake duit pribadi 😂 dengar2 cmn hotelnya aja diparis hbs 5Man 😂 rombongan dikurangin jumlahnya tp intensitasnya bertambah ke paris aja selama masa jabatan udh 4x paris doang blm negara lain😂";"189278689";"sandy_depp_"
"18035621288803999";"1780449700";"🤡🤡🤡";"6513798";"odajurou"
"18083159717414062";"1780449710";"@riaprimanti promo hunter🤣🤣";"295216255";"weedygo"
"17898310089455148";"1780448222";"Lebih percaya gufron penjaga pintu neraka 😂😂😂😂";"3582009102";"nahnudin88"
"18027046364647784";"1780448254";"Hanya manusia yang ot4knya sudah ngga fungsi yang percaya 😂";"5561275109";"ahmadkimalaha12"
"18125769724621464";"1780448281";"😂😂😂😂😂";"12429997199";"ferisyami"
"18104935142004957";"1780448327";"@joliebasri____ 🤣💅";"3535145";"lembuwiworojati"
"18105110545959894";"1780448334";"Bowtii";"1621533706";"mlnysuf__"
"18400118506156631";"1780448385";"@id.print_workshop personel dikurangi biar lebih private & romance👏";"1522818947";"gandalivs"
"18353327215243372";"1780448416";"🤣🤣🤣💅💅💅";"1333725810";"fiqiqodariyah"
"18112567225855168";"1780448443";"Bener kata ustadz Istri harus patuh pada suami";"7488265790";"anas.gondrong"
"18327122773252320";"1780448449";"Cangkeman Ted 💅";"8253765412";"dantpras"
"18319274989276076";"1780448455";"Ah masa qurban aja pke apbn";"5506090494";"sop1yana"
"17967505887075253";"1780448458";"udah selesai hafalannya ted?";"70697934286";"yumespov_______"
"18000111065767171";"1780448474";"Hoaaaam ngantuk";"224698624";"sugabx"
"18129884911539999";"1780448510";"Biasalah berusaha tuk memberikan statement untuk meredam, tapi netijen ga percaya begitu aja";"3481891232";"rika_mitaliani"
"18377699293160405";"1780448511";"Beli sapi aja pake apbn sat sat";"3237535854";"omar_nurcholis"
"18299834545303551";"1780448546";"Moyat mayit yek ..... Moyat mayit .....";"35666341079";"ftrihantoro"
"18075932933270753";"1780448553";"@rina.inggriyaniAmiin paling serius";"1527906626";"babanejavas"
"18177329359365000";"1780448573";"";"2287891702";"isanfthrrr"
"17971692153105098";"1780448582";"@mmisbaqul_ulum piye sam? @iqbal_arifudin @fandizaq";"2061874730";"winand__"
"18123171235568338";"1780448587";"Bang kurban aja pake Apbn yakali keluar negri pake duit sendiri";"35534814071";"reskaond__"
"18131501944512562";"1780448589";"Ok..gassss...ok gasss";"2041234824";"chabutsz_jusuf13"
"18324211138253888";"1780448607";"Dia siapa sih🤣 knp dia sibuk bgt hahaha";"50667682142";"putriipertiwi_"
"17880016521657156";"1780448662";"Benginilah kalo orang ngomong tanpa literasi";"5496203630";"randissnto"
"18057432626724405";"1780448677";"Sapi Qurban aja pake uang apbn apalagi biaya ke luar negeri come on";"1967932455";"khaikalfauzi"
"18084853646114359";"1780448688";"Angle kanan ya bun?";"1017468788";"sofimega"
"17900758365446688";"1780448691";"Kasihan pala lu 🤣 yg harusnya dikasihani tuh rakyat yg kena, dia gak tau atau tau juga hidupnya masih enak2 aja";"2758998020";"faizahrmdhni__"
"17902295691442526";"1780448712";"Wakil presiden kah";"49380165747";"gibranmuhamad62"
"18075850067278375";"1780448788";"Apbn bukan untuk Honeymoon bolak balik perancis🤣🤣 bojo ne ngambekkk di bilang boros.";"53649707780";"hansenwellm"
"18020107154834997";"1780448798";"AH JEMBUT GIMANA MAU PERCAYA BIAYA DITANGGUNG SENDIRI, KURBAN AJA PAKE APBN SU !!";"48162284298";"bilal.albarra"
"18066526265412735";"1780448799";"Kq bisa pake dana pribadi, mustahil,";"335099673";"diananrman"
"18071345897335078";"1780448807";"Kocak looooooo perkara aturan ngurus negara aja ga ngertiiiiiiiii";"443701632";"hasnagaa"
"17885770113405067";"1780448878";"Baru kali ini tau ada splitt bill untuk lawatan ke luar negeri....hmmmm 🤔";"1629417283";"iffahhayati"
"17907073542423357";"1780448887";"Qty rombongan yang ikut lebih sedikit , tapi frekuensi pergi pergian nya ber kali kali lipat dari pada presiden sebelumnya, coba costnya banyakan mana🤣";"387050077";"yogiernandaa"
"17883336294592537";"1780448891";"Kenapa sih dia yg selalu klarifikasi?";"2305602038";"dederais"
"17904721944259824";"1780448949";"Gedabruss loe ted.... Qurban aja pakai apbn";"57939280070";"teguhunion"
"17963946054109491";"1780448953";"";"1292163245";"afd.ega"
"17890887909368716";"1780448969";"Ibu negara lg klarifikasi cuy🤣 @fahrezamuradi";"60276801617";"walikotalivik"
"18106002070781858";"1780448972";"benci bgt ih dia siapasih";"1301811142";"siwihstm"
"18085428428535745";"1780448976";"@behumannow2 ini malah harusnya 100% masuk ke kas negara. kok malah dibuat plesiran";"422799700";"ken_ariningsih"
"18083621885629405";"1780448984";"Kurban aja pake APBN jir";"29308568145";"irgi_senju"
"18045344246565149";"1780448989";"🤣🤣🤣🤣🤣";"256713826";"leonardus.aditya"
"17869625208681238";"1780449003";"";"1798958453";"azkaasaidah"
"17863874145632242";"1780449017";"@yadie_sirat 😂😂";"3573122707";"fauzan_adzima23"
"17910724662224304";"1780449024";"Astaghfirullah... NGAPUSI!!!!!!!!!!! KURBAN aja pakai APBN apalagi ini nombok sendiri???????🤣🤣🤣🤣🤣";"2999097899";"weni_gusniwenti"
"17858211864646712";"1780447186";"kakkkk💅";"2366446798";"fitriamarti"
"18091789052608435";"1780447215";"blunder mulu sih, hobby banget 🥲";"7832124724";"imam_abdillah_27"
"18126341503615943";"1780447278";"dih";"1902153940";"fahrezaarmanda_"
"18338950774218345";"1780447282";"";"25537671356";"barker_traviz"
"17891648031487960";"1780447322";"Dih";"1136545187";"yufha95"
"18085475456138236";"1780447330";"@yadie_sirat ini.";"5641062356";"itaawu"
"17877717531666432";"1780447332";"";"46769789297";"ryskkt28"
"18138567757540276";"1780447335";"Yg dipermasalahkan frekuensi kunjungan bukan jumlah peserta kunjungan...! Elu jgan mengaburkan masalah sebenernya Ted !";"5628275640";"sbahri_ig"
"18594420091037122";"1780447367";"Bisa bang, nanti di reimburse";"241593762";"fajardz"
"18101772040846166";"1780447409";"Abis makan piringnya dicuci masing masing";"51282287710";"hnailvi27"
"18050442149596541";"1780447436";"Wajar lah suaminya ngelola biaya istrinya 😂";"52118281617";"manusia_gak_jelass"
"17971355954898993";"1780447481";"😂";"3420790751";"hadidzikru"
"18590184583023056";"1780447483";"";"7569437102";"jekaborneo"
"18084999281631395";"1780447498";""POKOKNYA ADAA"";"1405201672";"yudhadlx"
"18088989317378205";"1780447520";"IBU NEGARA SEBELUM2NYA JUGA GAK GINI GINI AMAT WOI💅";"843619363";"chumulya"
"18340329970218427";"1780447561";"@thor_bar_bar mana iya lagi tung tung sahur🤣";"48283654153";"emma.oktav"
"18077487701250028";"1780447651";"😂😂😂";"1460147414";"awab_aweeb"
"18117235024801683";"1780447668";"";"68563426983";"ffuffuffaffack"
"17930208540292586";"1780447676";"Astaghfirullah, no no jangan diwajar-wajarkan 🤣";"3492346220";"angger_yd"
"18085102109409944";"1780447708";"Kurang tidur mukanya pucat jd emosional";"12724522397";"setyawanlaw_"
"18105104795057355";"1780447712";"Semacam Emak2 Korlas yak… suka nombok2in gt";"39331227607";"therukmanas.crib"
"18068388623366651";"1780447719";"Kelebihannya doangkan yg dibayar..selebihnya siapa yg bayar bu ibu..tolong😢😢";"1642211074";"kartika.dr"
"18024423737823962";"1780447738";"Cailah bun bunnnnn";"351458856";"annaa.fh"
"18116989373506656";"1780447744";"Bantuan Presiden aja pakek uang negara, apalagi yg jelas2 dinas 😂";"4487246168";"hamsisfitraiskandar"
"18114470080883548";"1780447763";"impossible";"32430997518";"cokiesandkrim"
"17966252730088979";"1780447769";"intinya my man is the best provider ya ses";"2049274729";"_azillaa"
"17895535815468122";"1780447801";"Dlu wktu pemilu siapa emak2 yg suka bunted inih? Beruntung bgt gw ga ikutan suka. Keren apa nya, not my type bgt 😌";"1421243882";"mayangsahrial"
"17858597256648051";"1780447819";"lebihan biayanya nanti direimbusment ga maseee? terus pake skema at cost atau lumpsum. bertanya dengan nama claim SPPD 🙏🏻";"6405400406";"hagi.alimam"
"18095787377157214";"1780447826";"masa sih bund ted?";"1607280208";"ine.sofeea"
"18014667134907393";"1780447838";"Blush on dikasih nyawa begini 😂";"9164003904";"bad.rmnc"
"17857042953662296";"1780447846";"";"3427539604";"fitriuswatunkh"
"18355268251211410";"1780447861";"@koreandramanews jd sumuk gitu ya muka nya🤭🫣";"80000190916";"other86ella"
"18269172661292567";"1780447882";"Semua saran kritik kan di tolak walaupun orang hebat di negeri ini kecuali saran dari prump dan nyenyanyahu";"59790571233";"keceksiatu"
"18103292012277139";"1780447893";"Klarifikasiii mulu ya";"1186418918";"azpanggg"
"18092584181602002";"1780447903";"Istri yg sholeh 😂";"643354194";"fatah_el_nazier"
"18416759878182614";"1780447906";"Kelihatan pake emosi";"389678285";"masshofie"
"18173741272413028";"1780447910";"Iya bun iya";"36111550965";"indibrly"
"18476975305103231";"1780447956";"Kritik yg elegan dibalas dengan klarifikasi dan personal gini.. sekelas seskab 😢😢";"39200542";"yudhiprasetya"
"18082553774533073";"1780447989";"Hidup bebeb!!! 😂";"22465608949";"titoharyadi7639"
"18072429194482321";"1780448036";"@teddy_hq otakmu blm nyampe bicara ini bang lebih baik kembali ke tni dan nanam jagung";"3148488158";"ayubbernard__"
"17978871674859101";"1780448063";"Buna gercep kalo ada yg nyenggol bestie nya";"9011684200";"ibnuhajarsalim"
"18162783586448724";"1780448082";"Masaaaa sihhh kaga percaya gue mah ted";"1315328545";"alvr.acp"
"18204922606342863";"1780448126";"gjls lu plenger";"40704270";"emmsssyyyy"
"17935202361071813";"1780448138";"Oke";"1801835363";"nanang_asripin"
"18102227405277944";"1780448144";"@lembuwiworojati 🤣🤣🤣🤣 tamparrr yaa";"4903750";"joliebasri____"
"18139712683539559";"1780448154";"🤣🤣💅 @dianewlrrr";"396552688";"dynaftrchan"
"17928934236289541";"1780448176";"Coba rincikan secara jelas. Jangan omon2 doang";"6825587";"nyakamelia"
"17956944882129571";"1780448208";"💅";"5742427731";"cegilsehat"
"17993126102973688";"1780446286";"@aqiva HAHAHAH KAK BARU SKLKA MAU KOMEN JG SKSKSKSK🤣";"8733142";"sarahazzzaw"
"18100419035112943";"1780446372";"😂😂😂👏👏👏";"6346833695";"mas_yuda_smg"
"17951833782168199";"1780446386";"Wajahnya menahan gestur bohong, biar gestur bohong nya ga keluar";"3472297387";"aldotommy"
"18029474315817389";"1780446391";"@rina.inggriyani aamiin 😭🤧";"1746699384";"alfafa.ta"
"18010482572858846";"1780446430";"Inti dari percakapan panjang itu adalah "Kami tidak boleh dikritik!" That's point.";"2024643717";"alfianto_noer"
"18082501619181577";"1780446441";"dulu ?";"3006909237";"icuswongbecik"
"17927978433336759";"1780446450";"Di kira bakal keliatan "wahhh baik banget pak prabowo ke luar negri pakai uang pribadi pdahal itu tugas negara". Malah keliatan tidak taat aturann. Tedi tedi";"1708685991";"lestia_rahma"
"18088666058527313";"1780446470";"Mending dipake nyumbang bikin sd di pelosok, bangunan kayu jadi bata";"1484498906";"muflich32"
"18094346762217661";"1780446495";"Kl dulu ga 1,5 tahun sdh 4x ke Perancis dan ke 29 negara mak. Kebanyakan JANGKRIK BOSS MBG sih 🤣🤣🤣";"3152603410";"hengky_lingga"
"17976361056031575";"1780446567";"kalian percaya? ama orang yang kurban pakek dana apbn🤣";"2958547721";"arridisini"
"18033295967810788";"1780446585";"BHAPPPP";"27658169231";"idkwhy.oke"
"17969506524062387";"1780446611";", lu cemburu kan karna banyak cowo² , jadinya meminimalisir saingan dengan cara itu ,";"3448841457";"muh_wahyudi899"
"18594706891055783";"1780446616";"Emang boleh?";"1287914593";"larasat1"
"18088983632371322";"1780446634";"Ini siapa sih … sibuk amat 🥹";"5693024401";"jackzo__"
"18139043242535671";"1780446669";"Ih liat mukanya aja udah najis.";"2092332931";"vera_saemari"
"17928518166319375";"1780446683";"Pokokny we g trima lakik we diobok2";"185068464";"artzex"
"17879250837457456";"1780446688";"@adiyososukoco";"25867555";"evertraldi"
"18011261741857255";"1780446689";"🤣🔥";"646925168";"dr.agungakbar93"
"18119761714682879";"1780446706";"lagi PMS jangan disenggol🙆🏻‍♂️";"1807502893";"andreaasept"
"18113449850501268";"1780446734";"Hewan kurban dari duit APBN aja di akui hewan dia, lo pikir kayak gini dipercaya? Lawak lo kacung";"9200286191";"monstercats_"
"17940056844226712";"1780446749";"@rina.inggriyani aamiin ya Allah";"3612215892";"niaku_03"
"18053414417752088";"1780446759";"😂";"5330264955";"mutammimul_"
"18107935831938044";"1780446767";"Siapa suruh lu jadi jubir?";"34272194673";"wim_has"
"17994864761955747";"1780446821";"Halo BPK @bpkriofficial emang boleh ya sekarang pakai dana pribadi untuk kunjungan resmi negara? UUnya dong spill, nggak nemu nih yang ngebolehin presiden menalangi perjalanan dinas pakai uang pribadi😂";"1492766897";"mirilbachtiar"
"18115913329868082";"1780446835";"Kalo ada yang nyenggol suamiku, biasanya juga aku yang maju";"323664146";"kccaca"
"17902016913466903";"1780446837";"Pretttt......pintar ngeles😂";"71926307503";"alongliem"
"18103333670081343";"1780446857";"Gay";"5783096845";"miistarr"
"18585356794040184";"1780446866";"Bacooooodddd cong";"182726749";"adisty_titania"
"17950521846172567";"1780446896";"Ini yang sok sokan bilang Pak Dino "3 bulan" doang menjabat. Tengil";"46491673423";"instag_r_ams"
"17974600824026232";"1780446912";"Ibu negaraaa🔥";"4820882025";"hafizhmaududi"
"18002279738941224";"1780446927";"Teu bisaeun ajeg awakna teh miring waw, beurat ka payun";"2094642347";"isminurpa_27"
"18098306183140064";"1780446942";"kaya anak kecil lagi bohong ke orang tuanya, tapi orang tuanya udah tau kalo anaknya lagi bohoooongggg 💅💅";"1208779550";"adibahqoza"
"18417375967176162";"1780446947";"🤣🤣🤣🤣🤣";"1576486383";"nonakwure"
"17854065984676710";"1780446974";"Skrg paham kan mana orang yg mau "BERKUASA" dan "MEMIMPIN", tau kan beda nya "KHALIFAH" dan "PENJAJAH"?";"2802680171";"th.topek"
"18074624150308825";"1780447009";"@sandyhilman";"3200585";"hbo1194"
"18084439238420835";"1780447010";"Apk semua di Audit oleh BPK???";"36377201404";"big_lake2020"
"18162404053393288";"1780447011";"🤭";"14830716642";"aiman.suryadi"
"18560241232068301";"1780447047";"Makin halu aja";"76325981830";"kelana18aksara"
"18602045011049226";"1780447062";"Awokawok 😂";"56434128416";"wi.wi518"
"17994473711963198";"1780447065";"Wkwkwkwk💅💅💅💅💅💅";"7813861668";"kaboel.papilaya"
"18049414709604633";"1780447070";"Lucu, coba sebut brp uang pribadi yg di keluarkan dan brp uang negara yg dipakai? Negeri makin aneh";"45910628";"rio_naldy11"
"18408160546144943";"1780447073";"@thor_bar_bar HAHAHA SIALANNN";"1607042060";"nurintanardi"
"17947865511186722";"1780447125";"Yakin tuh sepenuhnya pake anggaran pribadi? Beli sapi buat hewan Qurban aje pake dana apbn🤣 bisa bisa nya mengatasnamakan dana pribadi";"5982177505";"laenaputisyafira"
"18013037693856996";"1780447126";"Audit profesional sih cocok, tapi ya DAHLAH🤣";"1709031012";"adikantons"
"18101789618016042";"1780447164";"Gulingkan rezim Prabowo, revolusi total sudah waktunya rakyat indo bersatu seperti 98 REVOLUSI TOTAL.";"2462859823";"igoy024_"
"18126905449550076";"1780447185";"Coba kalo emg pake dana pribadi, tunjukin datanya?";"2007861488";"wij4y4lukman"
"18005964587740159";"1780445446";"@id.print_workshop dan hasilnya cuma jd anggota BoP bayar iuran 17triliun?😂";"215341123";"cendolbahe_007"
"18587041897050429";"1780445458";"Halah lu aja kurban pake duit APBN , gue kagak percaya pejabat make duit pribadi buat keperluan kerja...";"69933518785";"hadi_koerniawan"
"18103383818075244";"1780445474";"Halah";"56670679988";"mfrns30"
"17988876353813763";"1780445502";"Kaum 58 bneran fans model bgni? 💅";"1424544527";"liana_pertiwi01"
"17876998578475353";"1780445522";"di komentaran tempo gk ada yg didelete dan jarang buzzernya, di akun sebelah isinya belaan semua 😂";"242254645";"rhadyans"
"18081227669173586";"1780445533";"Dihhh";"7674321605";"zonidavidson_12"
"17901632922285796";"1780445540";"Atur aja terserah Emilyyyy 💅🏻";"444836924";"novinovn"
"18073644944321890";"1780445541";"";"4592900219";"bayuapriliawan19"
"18116192218817030";"1780445542";"Dikira kita percaya ?";"3131683279";"dichaeo"
"18217310419325387";"1780445560";"Gua lebih percaya Justin Bieber pernah ngekos di Ciputat 🤣";"5612926747";"teajusxmelati"
"18198057919363837";"1780445569";"Kisut bgt mukanya kbykn alkohol";"11605992858";"kugycarmachameleon"
"18161060344455293";"1780445576";"uang pribadi emang boleh kah di pake buat tugas kenegaraan? @teddy_hq";"1464895582";"abay_alkhirid"
"18109982881905931";"1780445591";"";"54836487959";"irwansuryadi1453"
"18176504545408400";"1780445603";"PERTANYAAN AMIEN RAIS DONG BUNA @teddy_hq TOLONG DIJAWAB WAKTU DAN TEMPAT KAMI PERSILAHKAN";"2144233278";"gustikrisnaaditama"
"18117971011701589";"1780445643";"@thor_bar_bar WKWK IYA LAGI";"5737432409";"ibnufazzri"
"18105075146318794";"1780445672";"@factual.id kapasitasnya otak udang semua min, ga sampe situ mikirnya.";"1975880349";"abmnyu_a"
"18095445055986251";"1780445696";"Gubrak 💅🤣🤣🤣";"5462721529";"sweetspicys"
"18064798757448873";"1780445702";"Terserah wes, terserah 😮";"1465874553";"egahitam__"
"18074095751669400";"1780445721";"Udah, biar gak sibuk tuduh sana klarifikasi sini begini begitu.

Share aja :
Rincian biaya selama perjalanan
Berapa uang negara yg dipakai
Berapa uang pribadi yg dipakai
Hotel apa yg dijadikan tempat menginap
Berapa hari disana.

Selanjutnya biar netizen yg cari tau, netizen udah pada cerdas2 kok.";"56321476789";"_genuine_part"
"17943839901206271";"1780445754";"kaya mamak2 jawab nyinyiran ya, anda asisten atau jubir ya jabatannya apa ya pak teddy? atau istri siri? jumlah rombongan sedikit tapi sering, podo waee 💅";"547386710";"icakhoirunisa"
"18127518847526860";"1780445765";"";"1590005778";"namasayadwi"
"18014736608855168";"1780445815";"";"1950063029";"seoldumb_"
"18055769777733086";"1780445843";"";"59702001950";"kamisukadingin"
"17881743447432876";"1780445850";"Klarif buat apa?";"1696230620";"sftrpr"
"17962355577105269";"1780445855";"Lebih percaya rafi ahmad nyupir angkot 💅";"58524489891";"ptrkhre"
"17929522152312034";"1780445856";"leher nya ilang😮";"45191546169";"khaelzi_"
"18057613976722396";"1780445859";"Pribadi ? Beli sapi aja pakai APBN 😂";"4534282051";"brother_yo78"
"18452638384114817";"1780445865";"@ryoferdhinandjoher_______ hasil keuntungan kopdes";"19595528473";"tri_adi_07_00"
"18101864663041055";"1780445878";"Bunnaaaaa";"406306001";"andraandthebackdrop"
"18055652693727220";"1780445899";"Pokoknya ada bikin emosi muluk";"78501059537";"longkhal"
"18183212407391341";"1780445909";"bol dobol";"2071809242";"derikacrut"
"18077552978238500";"1780445921";"Masa buktinya, kamu menerima resi bukan kata";"145716206";"renovagalung"
"17930340942314926";"1780445935";"Bisa di spill secara resmi laporan keuangan nya bu ?";"1433171058";"d.demonk"
"18375782428166905";"1780445950";"";"13702117935";"ibnu_rizal313"
"18065266220427730";"1780445986";"perjalanan dinas kok uangnya campur2 dg uang pribadi. itu sdh kelihatan klu administasinya gk bener.";"17207443293";"gunarto363"
"18183623068388207";"1780446007";"gils kalo lagi stres, coping mechanism-nya mahal sampe harus ke luar negeri 🤔";"1971467914";"annisaindahas"
"18448254355118841";"1780446009";"Teddy no no teddy..";"1833343665";"bprnd_"
"17953393251153148";"1780446031";"“Segala kelebihan biaya yang ditanggung negara itu di tanggung pribadi oleh presiden prabowo”. Masalah nya biaya yang ditanggung negara sudah include semua termasuk duit jajan 😅.";"1908683523";"bagus_setiadii"
"17908245438244907";"1780446084";"Yang di pikir nya paokpaok semua orang Indonesia ini";"2324477549";"atmadinataavtr"
"18091730879038274";"1780446091";"NPD akut.";"287922898";"defi_dina"
"18152874022468197";"1780446115";"money management nya gimana nih anjir😂";"7027717674";"astnlim.jpg"
"17929864665298000";"1780446139";"Perjalanan dinas biasanya direncanakan baik2, mulai alokasi anggaran, kegiatannya, sampe siapa saja yang pergi, seharusnya tidak perlu ada kelebihan biaya, kalo mau bener2 sesuai yaa? Artinya ada perencanaan yg ga tepat, dan mismanagement. Jugaa.. 60 orang berangkat meskipun sudah berkurang tetap aja banyak itu, kek mo berangkat sirkus aje";"48543961789";"mikeverawati2021"
"18314438689302208";"1780446171";"😮😮😮 PERDANA MENTRI NEGERI KONOHA.";"36110848997";"awarbai"
"18019941086839417";"1780446172";"😂";"5671540962";"ayosh_1385"
"17886757590557103";"1780446184";"Mimpin negara kayak perempuan baper baper";"25954305632";"aimet_property"
"17968101141002418";"1780446184";"Tambah salah kabeh";"44359930682";"grhna_na"
"17970340353058617";"1780446205";"";"1421856456";"maimaima.i"
"17935511748074582";"1780446253";"Kelebihan biaya Perjalanan pribadi ditanggung pribadi, tapi qurban pake APBN penuh 😂";"42134151940";"asepteja_"
"18102145891856303";"1780444396";"Syududududu";"74762757063";"xkemal24x"
"18326742214251304";"1780444400";"lah bapaknya sendiri ngaku 20 tahun bisnis mandek sebelum jadi presiden, setelah jadi presiden pake biaya pribadi, bocah mana yg percaya si??💅";"1679876879";"serathejamillaa"
"18231631180314153";"1780444423";"😂";"1700892627";"davidnurmansyah"
"18213441943330260";"1780444491";"TED...pas Qurban kok pakai APBN?????....😂😂😂banci...banci";"75140542791";"absurockboyo9191"
"18076553072267881";"1780444518";"@thor_bar_bar 💅🤣";"831645735";"cstmrng"
"18177973246401876";"1780444537";"Mustahiiil, perkara kurban saja pake uang APBN kok 😂";"49806306354";"a.sefulbahri"
"18117117547698907";"1780444580";"Bohong dosa masuk kerak neraka jahanam 🔥";"3550291379";"aipdpo"
"18197930677362758";"1780444594";"";"5614681545";"warga.sipil______"
"17871558894674494";"1780444630";"Yaaa ampuun..";"5974982746";"ririsuhatri"
"17927075688321264";"1780444654";"sensian lgi pms kek nya,biasalah cwk 😌";"3567330443";"_mojoecrisdiyanto"
"18109966189804907";"1780444695";"Kenapa sampai perjalanan ada kelebihan biaya? Berarti ada pembengkakan biaya dong? Iya dong? Kenapa bisa bengkak? Kenapa bisa melebihi dari biaya yang ditetapkan dengan APBN? Se boros apa? Blunder lagi deh, Seskab serasa Jubir ya👏";"21293676711";"_oisugandi"
"17885583855567976";"1780444732";"WKWKWKKKK";"4315119322";"mas_kocretz"
"18083265296392079";"1780444741";"Ini siapasih";"466516107";"asmisihite_"
"17957959587126147";"1780444786";"matcha ciih?";"1734760473";"pritarahmadani"
"17975688620878829";"1780444797";"🤣🤣";"1923265745";"pahriaditya"
"17949223176173738";"1780444852";"Bukan juga masalah biaya mas Ted, tapi soal pentingnya keluar. Btw..ngapain sih anda yg jawab??";"17473157870";"atarrafauzan"
"18146587267519167";"1780444860";"Pak dino udah full marathon dia baru mulai 10 ka aja joki strava loch. Ngelunjak lama2.";"5612490381";"itsharena.fresh"
"18113948435497632";"1780444866";"bot*";"4532595376";"bons_404"
"17949414158997702";"1780444878";"@koreandramanews aamiin yaa Allah";"1524029771";"kaannisae"
"18105051035067020";"1780444886";"Kl urusan dinas dibyr pake dana pribadi besar kemungkinannya urusan pribadi dibayar dana dinas juga.  Krn udh campur aduk ngak jelas. Ancor...";"8920935160";"desyks005"
"17887806036557332";"1780444921";"🤣";"8279462474";"fadila_mukhtar93"
"17964301592935806";"1780444930";"Mengelola negara kayak kelola toko kelontong pribadi . Ancor...";"8920935160";"desyks005"
"18099257360122831";"1780444945";"2ribu perak,buat parkir";"203846938";"lawita.leoly"
"18094241476967015";"1780444976";"bodo amat..";"68112727249";"andhika.adi90"
"18041363993595330";"1780444998";"Emang presiden dan "rombongan yang sudah dikurangi" ngapain aja di LN kok sampai ada tambahan biaya pribadi? Itu urusan kenegaraan apa jalan2?";"1614423131";"tarifrqn"
"17899119792306619";"1780445015";"halaaaahhhhhhh";"1684797925";"sagabbb___"
"18094894403602167";"1780445019";"Gk usah pake fasilitas negara, kalo pake uang pribadi donk pak... dan buktikan jika pake uang pribadi, transparansi anggarannya.. jgn bodohi rakyat terus";"471967323";"bobby_sutana"
"18118072282808774";"1780445024";"Jaman pak dino ke negara tujuan 1x ada hasil, nah lu berkali kali ga ada hasil, kali aja jumlah yg ikut pasti lebih banyak";"52709454213";"aji_ase"
"18106755979757390";"1780445039";"Kalo masih ada yg komen positif, fix sih ga punya otak.";"209328636";"erlanggadimass"
"18100341179324342";"1780445117";"mengapa nama Dino Patti Jalal di highlight ya? padahal sebagai teman, dia sudah memberi mengatakan yang benar bukan hanya setuju2 aja";"3684670986";"edi_icie"
"17891549862478126";"1780445145";"Karepmu lahhhh";"345375837";"andik_khadiksulisman"
"17903886918431747";"1780445179";"";"60176658630";"drktails"
"18098936258173171";"1780445243";"Garda depannya Buna";"28623350347";"ikasetya.wibowo"
"18111047398753132";"1780445250";"Iya bot💅";"1984002836";"agrilloct"
"18342614749175094";"1780445250";"Aturr joo 👏👏🔥";"49495866785";"trip_luar_pulau"
"18101946281044913";"1780445266";"Mana bisa dibenarkan dana pribadi dipakai dalam urusan negara😂..";"80172410737";"iamwidhy26"
"18118691992743081";"1780445285";"@ferferyadi logic";"1766270745";"abdulkholiq_m"
"18127892257722759";"1780445288";"Baru kali ini sering banget liat Seskab aktif, yg dulu-dulu pada kemana sih?";"274020249";"zulfi593_"
"18063682004470751";"1780445299";"@sahamdaily ah sudah lama tdk mendengar peribahasa";"2071536017";"mutia_md"
"18167517217433342";"1780445310";"Preeeeettt";"1976279489";"nopnop12.11"
"17864080299690358";"1780445333";"@widhi.2133 nah kuwiiii🤣🤣";"1676584929";"wahyu_nizarudin"
"18091067873143515";"1780445343";"Bun udah bun ngaco bgt sih bun";"1527922915";"ibrahimajix"
"18148483792495747";"1780445406";"Yang ada kita malah CURIGA Tedi bear";"1359116207";"ydfbr"
"18084114638435140";"1780445431";"Ngomong mah gampang, anggarannya aja spill";"1323000981";"bywshe"
"18078464810232653";"1780443685";"dia mencakup wapres, mentri, sama ajudan yak kayaknya";"11701375454";"nisa.khrll"
"18451045018112257";"1780443717";"Mengapa seskab ini dibanding pak pramono seperti tidak punya adab bicara yaaa";"3134081958";"jhonnapitupulu_70"
"17941789827242044";"1780443724";"Qurban pake apbn, dinas luar negri pake duit pribadi...";"209257901";"gianamartap"
"18186573625375754";"1780443729";"Kurban aja pake apbn😂";"10913311930";"kakang_ruds"
"18086267825096566";"1780443734";"@kartika.ic kebanyakan gosip tidak baik💅";"5892228193";"didit9763"
"18076862927256980";"1780443735";"Oke pak modal sendiri itu keren, jumlah rombongan dikurangin tapi intensitasnya lebih byk ya kalo dikali jumlah penerbangan sama2 besar pengeluarannya bpk. Semoga kalo keluar negeri plg nya dapet berita baik biar indo makin maju";"5785449749";"okysetyanadindra"
"17927822604324049";"1780443750";"mual banget sama mereka, asli kita nanggung semua masalahnya";"1921578457";"gerryanwar"
"18071199689334544";"1780443758";"Yg kritik bukan pak dino pati saja, tapi masyarakat Indonesia juga";"15379823556";"nugrahaaa1214"
"17936432355254292";"1780443837";"Berisik ted";"3971076979";"adinurdin_s"
"17889970107544020";"1780443841";"Ah yg bener....😂";"634559527";"alsamsun"
"18081949010637479";"1780443861";"Buktinya mana? Jangan ngomong doang?";"2219954215";"haikall1"
"17863712823651140";"1780443888";"Dasar betina .";"2225694796";"fadliz_harahap"
"18104257700086328";"1780443906";"Dengerin apa nasihat rakya. Gak guna prmbrlaanmu..apa yg dilihat rakyat itu yang jalian haris pahami da jalankan. Emang kamu kerja buat dayang2 ?";"13122964125";"anitasuperwang"
"18120745744668445";"1780443908";"Seus tiwi suka bohong deh";"2972385621";"_halog3n"
"17970832376905922";"1780443920";"Kurban aja pake uang negara kan ya";"1504885883";"fitri_astrianii"
"18236006041309400";"1780443944";"Kayak dia aja punya negara ini, biaya perjalanan dinas ditanggung pribadi";"80795643815";"wira77746"
"17996705750781613";"1780443951";"Transparan dounk....yg ditanggung yg mana ..yg beliin bunga sama kue ultah bunted? Ngacoo";"193455406";"idhajr"
"17884757931575354";"1780443968";"Couple goals";"3321078680";"anisajayanti_"
"18138851731558573";"1780443999";"Qurban aja pake pake duit negara 🤣";"1907000775";"dinarahayu24"
"18002193998930492";"1780444025";"Buat mahasiswa yg sedang meneliti, jangan lagi gunakan masa kerja sebagai variabel dalam penelitian. Saya kira 19 bulan lebih bagus dari 3bulan tapi nyatanya TIDAK!!!";"4291665146";"muzakkargogga"
"18105247678795724";"1780444030";"Negara punya aturan, gak seenak perutnya, dengan dalih pake duit pribadi. Nanti kalau gak ada transparansi takutnya pembahasan dengan negara asing untuk kepentingan pribadi pula. Kan repot";"1724063160";"asriistiqomah"
"18104007275089801";"1780444058";"POKOKNYA ADA 😂";"2877926370";"flatelite"
"18016388885848369";"1780444063";"Bicara film kartun 😂";"65767450123";"agro_dutafarm"
"17921430030358759";"1780444078";"Sok tegas jir biasanya💅😂";"1082422862";"faizulrozak_"
"17955220806136592";"1780444078";"Bukti❌ 
B*ti. ✅";"3553081853";"adam_lintang"
"18127246756716620";"1780444113";"Pak Purbaya-menkeu, beneran nich ??";"5664733601";"chieko482_"
"18152715898469248";"1780444135";"Tp koq ya sering bgt toh ke LN nya, podo wae jaman mulyono😂";"2117699850";"rydharmawan"
"18082330754407000";"1780444156";"Kurban aja pke apbn apalgi jalan" ke LN,,@sekretariat.kabinet lo pkir kita pda bego" yaa";"76127777389";"errrrii04"
"18166486057386464";"1780444156";"Nih ya gue kasi tau WAHAI WANITA TANPA LEHER, ORANG PINTAR DI INDONESIA ITU EMANG NGGA KEPAKAI, SEKALINYA DIPAKAI LAMA BAKAL BERAKHIR DI BUI";"1375613348";"lukmanistic"
"18005350322746168";"1780444159";"Permaisuri presiden rumpi dehhh😂😂😂";"337612259";"djhxx18"
"18103701694954564";"1780444169";"";"74138530671";"leooonk21"
"18071851328482289";"1780444179";"komentar fotonya nyalain dong...";"9386627222";"revoltareys"
"18054419999732933";"1780444194";"bowtieee💅";"2323133599";"adtyspta"
"17931931353290147";"1780444200";"Botyyyyyyy 😂😂😂😂😂";"1549574924";"nomen.nescio.1232"
"17920476159363556";"1780444215";"";"493060804";"dzimarhn"
"18118259332794279";"1780444258";"duh iq turun 1 setiap dengerin bowtie bicara";"67176589189";"kind0320s"
"18125489140627760";"1780444275";"Apa siih sis";"79994879476";"dawet_cendol16"
"18094660697213767";"1780444293";"Cuma 3 Bulan, itu kata2 breng.sek dari balasan sebuah kritik yang konstruktif";"2028215807";"rizkidsusanto"
"17864729250687926";"1780444300";"cmon dia bukan bayi baru lahir??? lu kasihan apanya kocak";"4014206988";"coertee"
"18102017692857708";"1780444313";"Ibu negara ngomong apasiih ??? 😌😌😌";"46420047433";"maud.i94"
"17955187083044243";"1780444315";"Gmn mau percaya pake duit sendiri lah kurban aja pake apbn 😂";"143810377";"marisyaaci"
"18122780995733097";"1780444344";"";"76184957922";"bahlillers_"
"17898288480454019";"1780444361";"@vanyseyo_ istri kan gitu yak belain suaminya. Wajar itu 💅💅💅💅💅";"184971852";"wenikusuma"
"18119930233709022";"1780444361";"cuihh";"3532439953";"lrafii.e"
"18090041081608678";"1780444364";"@galuhnp 🤣🤣🤣";"1406878673";"lennykartikas"
"18086619293456299";"1780444369";"Leher, dimana lehernya . Mana?";"1384544799";"pdn_yo"
"18120208930674949";"1780444384";"@sidhilaksono atuutt 🤣";"1406878673";"lennykartikas"
"17944280796206604";"1780442751";"@deniwahyujumawan 🤣🤣🤣";"44080377912";"radenmas_yusuf557"
"18394238653084791";"1780442780";"Ah sudahlah ted klarifikasi terus 💅";"3721399652";"wulandariiutami"
"18107416706479324";"1780442801";"@adityunan_ suabarr mas dit";"24334507";"wargalokal"
"18107335211073839";"1780442826";"Kalo gini aja klatifikasi, huuuu";"3210767852";"arrdiyph"
"18111298433309307";"1780442839";"ngeles";"502427502";"nauliazizah"
"17902224630280867";"1780442861";"";"53020647698";"rialt09"
"17970965915901355";"1780442868";"";"4334003399";"payahbangunpagi_"
"17969586396115576";"1780442897";""SELAMAT ULANG TAHUN" (PARIS)";"4524763305";"ahmad_zulfiqar_"
"17890354479375400";"1780442899";"💅💅💅💅";"658078395";"nipahrabbit_mks"
"18091613009347361";"1780442945";"buna badmood ya";"8561350286";"kartika.ic"
"17891077968513797";"1780442958";"Mulut sempak";"6136854435";"ayaheubay"
"17972342058059783";"1780442963";"Qurban aja pake APBN bossss,🤣🤣🤣";"3594337499";"fauziahsinta_alea"
"17939700108246489";"1780442969";"🤮🤮🤮🤮🤮";"1334007778";"nurishardefty25"
"17995936781785909";"1780442982";"";"58483347542";"_oyre"
"18102505981854514";"1780442989";"Iyain ajaa 💅💅";"363622663";"fifirahend"
"17877908511602466";"1780443008";"Selir sriti";"14981735053";"bu.ddy3276"
"18342432403172773";"1780443028";"🤣🤣";"1973201484";"doktavira"
"18188006812378280";"1780443060";"Trus lo Bilang Rakyt percaya??? 😂";"8906622889";"soto_juraganminangpku"
"18091733537010443";"1780443063";"Kenapa orang kualitas seperti ini ko bisa jadi seskab, apa coba kemampuan nya yang bisa di banggakan";"75683960992";"uinktamam"
"18080639351188091";"1780443067";"Ragu dg 58% juga..lebih percaya angka itu angka mark up..";"4302053362";"asmimthea"
"18067854305703478";"1780443103";"@thor_bar_bar WKWKWKWK";"2218962187";"nicheeks"
"18088594550097327";"1780443103";"Leher mana leher?";"2782886068";"artomofeb"
"18086565311078142";"1780443115";"😂";"5383981761";"herrycopters"
"18186114739378387";"1780443160";"😂😂😂😂😂";"66932925540";"watic14"
"17942369718035698";"1780443177";"@thor_bar_bar 🤣🤣";"4618669765";"seanoktav"
"17889776580552903";"1780443184";"APBN (Anggaran Pribadi Beban Negara)";"27885079007";"netizenoposisi45"
"18356468032215379";"1780443245";"Mereka anti kritik dan saran😢";"48254262804";"si.git7425"
"17932312758273205";"1780443264";"Hahaha";"1780508768";"di2n_"
"18028128245643044";"1780443266";"ya artinya kan kelewat budget kan. gausah bangga-banggain 'ditanggung presiden' LAHH berarti negara ga mampu kan sebenarnya.. udah tekorrr kannn. bukan masalah 'ditanggung presiden'. yeuh kalo reasoning jelek bgt ini pemerintah";"3306013084";"noferlinlatifa"
"18144117151516465";"1780443284";"Uwaw terang sekali fucktaa nyaa😢";"234789243";"aanjrit"
"18121798525637240";"1780443309";"Pak, anda punya akses belajar exclusive, tolong dipake, belajar public speaking, gesture, klarifikasi atas nama Negara. Klarifikasi jangan pakai arogansi. Humble yourself!";"372469404";"fitriathalib"
"18127149757719873";"1780443317";"@jeremiaoktavian 😢😢";"29735338";"mrezahasrul"
"17900219058444846";"1780443341";"Beginilah minim pengalaman dan tak kompeten.... Hancur negara rakyat jadi korban 😭😭😭😭😭";"7314026365";"eyiwijaya78"
"18082238873531583";"1780443345";"💅";"4878517608";"erzy.png"
"18095861216225684";"1780443348";"Laporan anggaran nya mana";"45138223464";"_sy.elora"
"17881573101436655";"1780443372";"Hala";"370177737";"veraemasta"
"18207825487341072";"1780443374";"";"16098808788";"_fikrirachmatan"
"18088297034212539";"1780443387";"Sebanyak itu dinas ke luar negri dapat apa sih? Kasih tau, kayaknya nggak ada hasil apa2, coba jelaskan.";"2912338064";"azziyanw"
"18096495188269338";"1780443452";"Nahan nahan itu biar cara ngomongnya gak ngondek💅";"3664582383";"yuliaranee"
"18084577475274344";"1780443528";"yang TIDAK PILIH pilih @Prabowo di pemilu kemarin jelas ada setengah nya, yang MENYESAL pilih dia SANGAT BANYAK SEKALI (termasuk saya), guru honorer dan guru non asn OTOMATIS TIDAK AKAN pilih dia....2029 nampak cerah #YangLainSaja #JanganWowo";"48193170";"bang_obet_"
"17893894680472531";"1780443538";"Iya iya saya percaya 😆";"2042324741";"aldiprimalda"
"18071037692672341";"1780443543";"Ngomong apa si bot, malah adu personel";"1809482989";"phopo_11"
"18095165180519507";"1780443543";"😄";"5729924066";"muhammadqorib_"
"18107511521512763";"1780443583";"Wihh si orang paling paham negara,. Kemaren ultahnya siapa yang nanggung di luar negri";"2104533467";"galih.wicak"
"18007563629734226";"1780441833";"Itu menseskab atau menteri validasi ?";"1832189928";"nurhadias_"
"18018891281683607";"1780441848";"@ranianye KAKKKK🤣";"1487656215";"yusnia6"
"18391051567091819";"1780441896";"Prettt kok beli sapi qurban dari dana APBN";"2102868948";"marissatrynt"
"18098533139136819";"1780441916";"boleh disensor ga min?";"1377530720";"___noerashtajmikaxy"
"18460363249109773";"1780441942";"🤪";"532767628";"inndahfauziah"
"18105545276087458";"1780441968";"bottbott";"1351239275";"ayuveronicatoyotasurabaya"
"18139365781540239";"1780441982";"bodoamat gila duit presiden juga dari rakyat juga 🙄";"61862083377";"tintedsunkisses"
"17948866755182299";"1780441985";"😭";"49546557052";"maachigan"
"18116305066744790";"1780442014";"@kenkj__ supaya bisa terus sama kamu 🫰";"1547366691";"danantolatief"
"18077265905643796";"1780442054";"🤣🤣";"236912087";"wiratadotcom"
"18085001990129464";"1780442055";"Inilah fungsi dan pentingnya punya congor atau peliharaan setia.";"8554548601";"apriano997"
"18121334974709069";"1780442067";"@ganeshandra2 ternyata dari postingan gerindra, terlalu banyak bukti dengan diksi "mendorong" berarti emang banyak perjalanan kali ini gak bawa keuntungan apapun ke Indonesia kecuali plesiran orang2 ini. Yang ada malah kesepakatan impor daging dr prancis. Sisanya Nol";"70714174984";"ganeshandra2"
"17935391817072170";"1780442069";"syududu banget anjir";"7546633967";"windiiagustin_"
"18069213092693149";"1780442083";"Sakit terlalu banyak bicara 🤣";"208447757";"elfadelmuhammad"
"18095200853224890";"1780442096";"Saya yg waktu itu pernah hadir di forum tk. Kota saja pernah diwanti-wanti sama Ibu Pj Walkot @idawahidahidayati , kurlebnya beliau berpesan, 'Hati-hati kalau pendana-an keberangkatan kafilah. Laporan keuangannya jgn dicampur aduk dgn swadaya dari para asatidz-asatidzah. Ini penting, karena nantinya bisa jadi temuan.' Tapi ini sekelas seskab loh cumpar campur udak aduk dana pribadi dan APBN. Logiskah?";"1383061776";"ibuazmizahara_"
"18115001566834060";"1780442110";"aamiin @andrian_fahrez 😂";"58468423409";"bro.mbahbro"
"18267782890291877";"1780442153";"@aqiva 😂😂";"253947121";"amandaresita"
"18167458531439799";"1780442241";"Smua jawaban prtanggung jawaban, diwakili oleh istri";"47101576843";"lunalorena.26"
"18118515097704670";"1780442270";"@537d03d loh heh loh heh";"525417872";"syaivanfauzi"
"18010827935716103";"1780442281";"@trend_asia dan gak ada transparansi nya";"902707013";"desychofiyah"
"18076794209274420";"1780442281";"Belanja medianya banyak juga ya";"39265983";"awasenak"
"17913932319399011";"1780442298";"Dikira BPJS kali ah, bisa upgrade dengan biaya sendiri.";"5589040050";"reny_ayu_pw"
"18121207819709176";"1780442309";"Alahh kemarin waktu kurban aja pake APBN kok tapi atas nama Pribadi kocakk 🤣";"1376812896";"tinaanggrainiirwan"
"18070875803659434";"1780442331";"@vindri_hb hhoaaaaammm 🥱🥱🥱";"1139604487";"nnisaauw27"
"18094119883982013";"1780442336";"Percaya, Beli Sapy untuk Qurban saja pakai APBN yang seharusnya itu urusan pribadi, apalagi jalan-jalan 🤣";"4156908307";"ddnyalfi"
"17878557657604089";"1780442359";"Tau nda orang ini ya kalau perjalanan dinas atas nama negara ya pakai uang negara. Kalau pakai uang pribadi ya merusak prinsip dari hukum administrasi negara. Lagian yakin pakai uang negara? Sedang kurban saja pakai APBN 😂";"3223749434";"h_taufik0907"
"17917133544390638";"1780442360";"Dari mana kita tau prabowo pake dana pribadi???? Ada datanya";"1574420199";"pebripsetyawan"
"17951087964175396";"1780442406";"Dempak";"3805090664";"dindaklarisa"
"18076837157261996";"1780442408";"@thor_bar_bar @rzkyashrnii @naurhtsany";"4656912212";"alaliyaah_"
"18105228820986678";"1780442438";"Bisa gak sih pasang muka asik aja gitu";"626749503";"ria.ina_adek06"
"18108753898737923";"1780442498";"Ini kalo lengser bisa di sikat abis kali ya";"65209528232";"6027indah"
"17892768855476107";"1780442501";"Taikk teed teed @teddy_hq";"3238879330";"mridwanmln"
"17993221532975464";"1780442517";"Bamcoy";"1638743630";"delimurtadho"
"18602488885010256";"1780442539";"Coba cek secara transparan biayanya";"5392677525";"rullinugroho"
"17938227093056285";"1780442544";"sekelas ibadah kurban aja pake APBN, ini kunjungan yakin pake dana pribadi";"20205083168";"andreahaha__"
"18142269967528970";"1780442569";"reimbes kak klo di corporasi biasanya 😂";"5773376131";"dee__lestari"
"17882093223596810";"1780442574";"🔥";"1993009401";"galihdanariyanto"
"18096083975218168";"1780442577";"Kosongan";"3640813228";"bahagiaitu_simple"
"18068620517692795";"1780442603";"Hebat banget tata kelolanya, sesuai standar ISO ISO gua wkwkwk.. gileee, kurban beli pakai APBN tapu perdin pakai duit sendiri. Wkwkwkw..";"3689816211";"teh_yoy"
"18136639972557980";"1780442606";"🤣🤣🤣🤣🤣🤣🤣🤣";"2965040100";"indra_kurniawans"
"18125256592724188";"1780442611";"😪";"289035219";"febyinas"
"18182092855384878";"1780442617";"🤣🤣🤣";"344836874";"sashaoctaa"
"18319376437257095";"1780442643";"";"21540990152";"_tofiqurrahman_"
"18174901963417045";"1780442656";"Coba laporan keuangannya di transparansi.... Berapa yang diambil dari negara dan berapa yg ditanggung pak presiden.....";"342765743";"indahsyair"
"17892720861497778";"1780442672";"@lembuwiworojati 😂😂😂🔥";"6061591";"athahalim"
"18179705569400027";"1780442679";"Asbun banget ih tante";"1680116226";"ajiwhdmrk_11"
"18109847434898848";"1780442694";"@ikhsnydhaaa 9. antekkk antekkk ha chiiimm *maaf bangkis lg flu 🤧";"5773376131";"dee__lestari"
"18596892625010804";"1780442705";"Sudah kewajiban";"75004617224";"flolia9"
"18149412043492435";"1780442715";"Masssaaa sihhhh";"76272473564";"elvian57"
"17907763176243159";"1780440806";"Lebih percaya hitler orang garut";"6838164614";"abuanaya01"
"18106831579890931";"1780440818";"Qurban aja pake APBD kok, ngelesnya ga masuk akal";"175181738";"era_mommy"
"18399137884152152";"1780440868";"Gimana kami mau percaya kalo untuk kurban saja presiden pakai APBN 🥴";"1151412688";"argaminds"
"18407019595146213";"1780440890";"Jumlah kurang 50% tapi beberapa kali lipat kunjungan. Wah argumennya sangat lemah.😍😍";"69048735266";"basuni9847"
"17910918525224732";"1780440898";"gaya banget deh😊😊";"46940841401";"imnaraaopp"
"18072436310678683";"1780440905";"Bikin riweh laporan nya aja";"3798544246";"hallotina025"
"17969017131052821";"1780440941";"";"34091928825";"exodangerous"
"18072339695680565";"1780440982";"Mungkin buat beli kue ulang tahun";"44452108";"fatkhurrokhman"
"18048858746540424";"1780440993";"Preeetttt .... oh ada jaman siini si ono...??";"3962121451";"ragielst"
"18004478681747793";"1780440994";"Buset anti kritik dan masukan,masih defend ya.kacau 🤣";"332378328";"topansyahrani"
"18144933169444595";"1780441012";"Lebih seru baca komen dari pada vt nya 😂😂";"3166747841";"nonkekee"
"18393563071084014";"1780441085";"Audit dong kalau berani";"42163062730";"denisaprlian"
"17901762606282078";"1780441092";"Harus makan mbg dulu lu dul... Biar pinter dikit katanya.. Wkwkwkkwkwk";"6049708873";"chotamu"
"18186355696379264";"1780441098";""Biaya di luar kewajiban negara ditanggung pribadi" Emang ngapain aja bun sampai melebihi anggaran?";"1301859669";"soniasektiari"
"17879336319601562";"1780441124";"Sekarang Jubir Presiden Banyak .. ada yg dari Komisi III sekarang ente.. terus besuk siapa lagi.. ga punya job description atau gajelas.. Unggah Ungguh saat menerima kritik sekelas seskab kok kaya gitu.. Negara Demokrasi katanya😂";"7551344949";"pradana_septriana"
"18119462683686496";"1780441149";"2029 masih lama 😢";"3109355931";"yosep_vian"
"18065787554415493";"1780441157";"@zikarazaki paling dijawab "pokoknya ada" 😭😭";"5708461786";"rudimardianto13"
"17934040407257806";"1780441161";"Lucu banget sih klarifikasinya 😂";"812625473";"ernisapurwandari"
"17942563467215122";"1780441162";"iya bunda";"3707376420";"raditpape13"
"17871661692522858";"1780441250";"hasil dari seskab karbitan";"2265754184";"wahyu.trilaksana"
"18585364255048286";"1780441264";"nyenyenye";"1310413874";"kndrni"
"18589935166031456";"1780441297";"Sang bunda membela papa Wowo 😂";"45694202577";"seorangsatpam.id"
"18095388503231561";"1780441330";"";"1599401658";"kekeendrina"
"18079539182639218";"1780441351";"Audit..transparan..apakah mungkin..";"395740949";"alfaagustino"
"17930357337098298";"1780441366";"🤣🤣🤣💅";"3225312080";"irvanyahya26"
"18084418352280192";"1780441388";"Diem gak buna 🫵";"3112224106";"jalalabiaa"
"17975674236046029";"1780441469";"ah ngomong mulu klarifikasi mun yaudah mana data laporannya transparan dong, 🫣🤣";"3430715052";"ahmdfajarrrr"
"18060125867492886";"1780441489";"Kelebihan biaya ituu... Menurutdoi adalah pengeluaran pribadii... Beli tissue.... Beli lipsgloss... Beli skin care .... Beli  kue ulang tahunnn.... Pijetpijett... 😂😂😂";"8341612964";"setiyawanbudhi.bs"
"18118562116704637";"1780441513";"🗿🗿🗿";"1461620391";"adhi_hasbi78"
"18121298860672158";"1780441537";"💅💅💅💅💅";"7607041143";"claysevennasution"
"18033638993813636";"1780441540";"Korban aja pake apbn😂🤣";"3090423407";"hello__naah"
"18093965210211053";"1780441558";"@thor_bar_bar 🤣🤣🤣";"1538587111";"riezalaulia__"
"18105913267795957";"1780441568";"Kok bisa negeri yang besar ini memiliki pejabat model buntelan ted";"58094965192";"kembalikutemukan"
"18098552195140734";"1780441583";"Definisi downgrade diri sndri😂";"70844155520";"gustito23"
"18078073223555606";"1780441603";"@rizaliyyah udah gakbisa marah, cuma bisa doain sekarang💆‍♂️";"380784637";"riooprabowo"
"17876314188670467";"1780441609";"Tediiii gatheelllll, botiiiiii laknattt 😂";"245941117";"cakkim_"
"17877095652668748";"1780441621";"angle kanan ya";"48574697721";"snuupiiyy"
"18068106629414199";"1780441626";"Iyain aja deh 😂";"3956068980";"rrakaaputrra"
"18380560807161282";"1780441637";"Di istirahatkan dulu pantatnya";"1971461652";"dzakamalikafkarazka"
"18099837047132022";"1780441736";"Preeeeet aah …. Ngaco euy";"67988658355";"inayatamintapura"
"18095942525176737";"1780441751";"Kebayang kan skrg... klo sirkelnya kayak gini, makin ga jelas rezim ini ngurus negara...";"243712319";"rhermawan07"
"18597573190007957";"1780441811";"😂😂😂apbn kita bg dompet konoha";"7137977796";"selebgram.bandung.id"
"17916260295186505";"1780441829";"Segitunya ngebela suami";"61713672950";"jimijimijimi1234"
"18119303473787546";"1780439374";"Don't bang 🤣";"4143716268";"adebintang7777"
"17908669464419778";"1780439388";"🤮🤮🤮";"1771644948";"satyafumi"
"18571475176067561";"1780439409";"😂";"1438305771";"prettyperii"
"17899766394445362";"1780439414";"💩";"6605263057";"aauliaisna"
"18099058109278800";"1780439437";"mungkin batu direbus jadi lunak lebih logis";"40642368900";"alzamoratyrell"
"17891665587511891";"1780439491";"Preeeeeeeeeeeet.";"7283352658";"iwanodan"
"18089962211378387";"1780439505";"Lebih percaya bahlil 😂";"10029997964";"ridhuanmohammed_"
"18139558636480112";"1780439592";"Maaf ni, kyk ny dr dl ngmgny pake uang pribadi trs. Ada buktiny gk y?";"63001398947";"danlionell"
"18118694434705915";"1780439742";"";"47929991569";"penagedua"
"18008584640874333";"1780439880";"Segera kan ya Allah...";"371083579";"jwbaskoro69"
"17908029018240717";"1780439905";"Gada yg mau ajak tarung dia di BYON ?";"8598328349";"sellersatu1"
"17931749370272276";"1780439940";"siapa sih yg dlu bilang dia ganteng yaampun siwer kali tuh mata, gw liatnya aja ilfil😂";"8233828719";"humsa0612"
"18454350721114475";"1780439946";"Ihh sebelll dehhh💅🔥";"45403768556";"panggil_aj_min"
"17970939996105564";"1780439970";"Syyiidd";"48280224109";"xeeagnxe"
"18085260599531505";"1780440021";"Masyarakat 58% tau kok";"711656032";"buddy_setiawan_"
"18138466696538564";"1780440038";"Termasuk team yang sejumlah 60 orang itu ya Pak?";"72999444899";"setiaji.pamungkas"
"18588416503030502";"1780440111";"Inlah knpa perempuan yg seharusnya bnyak omong,. Klau kmu yg omong, ah sudahlah";"1828419975";"suma.meymi"
"18100787099112856";"1780440131";"@syahrainyy siapp yang paling bersekolah. Uda S3 yah?";"2955572407";"kasnarian.adinata"
"18173368264412289";"1780440138";"Logika lah qurban aja mengunakan APBN. Udah nggak percaya sama pemerintahan sekarang";"49261361797";"rambe_ibrahim02"
"18093729467579269";"1780440145";"WW 💅";"1914491258";"haivaaja"
"18442366135186484";"1780440206";"😂";"39463150062";"_aldeeee24"
"18100925165328604";"1780440248";"Makin diklarifikasi makin nampak blunder nya wkwk. Coba yg katanya pakai biaya pribadi di share dong";"53477417236";"hrtsysh"
"18140517769542262";"1780440253";"Niat mengklarifikasi malah membongkar apa yang belum publik ketahui 😊";"5657865473";"jihaaaan20"
"18116174638816520";"1780440305";"Ngapain klarifikasi terima kritik dan saran ,terus perbaiki spy kedepan nya lebih baik lagi";"4712851390";"muchni1968"
"17927629110319550";"1780440320";"🤮";"26724176";"gustifn"
"18184220104389577";"1780440346";"Makin kesini makin kisut 😂";"4218961104";"biru_satu_2311"
"17946740400014404";"1780440350";"@mdhika.yuda ibu negara aka buna upss";"1201250698";"woelan_darie"
"17956821581965759";"1780440369";"Ga masuk di logika,uang pribadi utk prjlnn dinas..? Ikhlas..?😂";"4370822015";"manusia_merdeka_93"
"18132285499578471";"1780440376";"Om Tedi enggak bisa bebas halan-halan lagi ya😂";"1594059276";"jokobudis"
"18599253457039643";"1780440376";"Logika mana mau sering ke ln klo ga dibiayai";"25843704971";"dytmhd"
"18082311917394016";"1780440414";"@indrsnjyxgeppe 🤣";"43532272137";"asal_ngebul17"
"18095427938209143";"1780440426";"Ibu rumah tangga kerjaannya nyapu😬";"64150843638";"hilmyysffa"
"18122163847581596";"1780440504";"Ditanggung ndri, tapi abis itu reiumbuse pake APBN. Sama aja egooooo";"6059138";"akramarijal_achyar"
"17901145578442789";"1780440510";"Ngurus negara kaya NGURUS KANDANG SAPI....";"53909927299";"ibn_karnawi"
"18087375974232905";"1780440534";"BUNA BERSADAA💅💅";"65818208157";"irkif00_m"
"18139157524532494";"1780440606";"Yaudah transparansi nya mana yg dana pake APBN mana pakee duit pribadi???";"2023625415";"mardhiyahkasim_"
"18091328915201689";"1780440626";"Lu seskab apa jubir?";"60323408901";"tby_boyy"
"18043719035577123";"1780440637";"Rakyat mengerti kok Kunjungan terlalu sering itu "BOROS" sedang kondisi dalam Defisit ya gak wajarlah 😂😂😂";"22864960281";"kingadventurindonesia"
"17897839836458000";"1780440676";"😂";"37952139562";"ichsanibnoehazard99s"
"18096993038236794";"1780440689";"Gampangnya kenapa qurban pakenya uang apbn ga uang sendiri, padahal itu amal shaleh untuk sendiri ini malah muter dikita lagi.. 😅";"534262028";"jaarfajar"
"17890292661516690";"1780440698";"";"4099230486";"fajarbachtiarad"
"18066143066703592";"1780440712";"@mursyidul_ibad sssttt akademisi jangan berisik, takut dimutasi ke zimbabwe nanti✨🫠";"6614665098";"anitafrans_21"
"18077253977648474";"1780440714";"Jaman sekarang kenapa pejabatnya seperti ini yaa ...";"3602171104";"rachmatsantoso"
"18135858214486187";"1780440731";"KONGKONG";"5813945673";"aidilfitrawann"
"18101650490143847";"1780440736";"";"1927925728";"nubhatul"
"18041645168597019";"1780440757";"Kok auranya meredup 😌";"3867889073";"ekadewi.kartikasari"
"18425662837134817";"1780440786";"Mau Muntahhhh....... !!! Kebohongan di Setiap Diksi nya !!!";"1212804658";"dannylimanjaroe"
"18145803700505664";"1780440799";"iya cantik, atur aja";"7946605902";"lilylatiif"
"17923471629352899";"1780437863";"😂";"1494768256";"rifkifdl11"
"17859143505640695";"1780437900";"Bisa ga kita lihat secara transparan berapa berapa yang di keluarin negara sama berspa yang di keluarin prabowo? Biar sama sama bisa cek gtu";"15242945862";"raisunjaya"
"17953340436150779";"1780437933";"Tumben ngasih penjelasan. Biasanya jawabannya "pokoknya ada" 🤣";"743728558";"ika_sitompul122"
"18063860417459167";"1780438092";"Komuknya koq nyebelin bgt yak?😢";"4891602837";"_dianzainal"
"17862732162594910";"1780438169";"APASIH APASIH APASIH";"2895587925";"muhammadasshiddiq___"
"18103602836087929";"1780438226";"Dan kira2 dia bisa ngasih liat buktinya ga klo pake uang pribadi?🤭";"4891602837";"_dianzainal"
"17878918494458787";"1780438296";"Sekelas sesneg public speaking nya nol bgt. Berasa denger emak-emak lagi ngejulid 💅💅";"1453545933";"chy.ekhy"
"18392484259095172";"1780438334";"Evaluasi bukan klarifikasi";"2164839126";"sn.kholiifah"
"18013565201853640";"1780438374";"Pokoknya ada dehhg💅💅💅";"4142239928";"bill_laganda"
"18166014859435143";"1780438452";"Manifestasi punya pasangan yang ngebela kita terus. You go girls😍";"567105693";"ratriangrh_12"
"18156503482464313";"1780438535";"BECOT SYEKALI 💅🤣";"2122200522";"rbasyarahel"
"17892065808528576";"1780438556";"Karbit";"1700134442";"agustiawan8"
"17945461779196828";"1780438560";"iya2... tpi biaya akomodasi dan penginapan yg M M an itu msuk biaya yg ditanggung negara kan? 😂";"966250571";"kaniedo"
"17970195138112451";"1780438579";"Semakin banyak klarifikasi maka kita semakin tidak percaya pada kalian!!!";"1522488813";"zulmi_fuada"
"18534821164076132";"1780438583";"Pertanyaannya kenapa bisa melebihi biaya yg dianggarkan?";"977300601";"busyroomuh"
"18105685301066673";"1780438602";"Pokoknya ada 💅💅💅";"58997446596";"vvn_mhq"
"17892257550487496";"1780438686";"Jubir presiden?";"8196443566";"muhammadnurislamudin"
"17896788342467125";"1780438693";"Jaman pa dino 1 tahun tidak 60 x......60 orang....";"12731018680";"anf2her"
"18130032010533056";"1780438700";"mantap prabowo 10 periode";"40823863861";"opoiki_we"
"18102691148040983";"1780438701";"Transparansi nya gimana? Mana bs percaya qurban aja pake APBN 😂";"2138221343";"dikarizqia"
"17919318684164662";"1780438744";"@trend_asia masuk akal";"58647089337";"abdi.postman"
"18090062312623790";"1780438745";"Jumlah rombongan di kurangi, tapi biaya sampai nombok pakai pribadi, ya sama aja doong, berarti kan APBN nya sampai mentok dan melebihi anggaran.";"18057545";"aaddesarii"
"18024916037833444";"1780438776";"Ya kalo gatau kebangetan di sosmed udh se gembar gembor ini lu ga make sosmed emg mantau rakyat lu atau emg ga peduli aja";"54679879927";"mintychxo"
"18033823370803786";"1780438852";"Sekab ganti.....🔥🔥🔥🔥belum memahami";"12731018680";"anf2her"
"18094496015259891";"1780438860";"Klarifikasi kek peyempuan ajasi";"1399567501";"mafambayu"
"17974564941114262";"1780438897";"😂😂😂";"330930380";"triapociel"
"18153986194466877";"1780438900";"Idih";"1933646366";"bil0429_"
"18092451644611686";"1780438932";"lebih baik 3 bulan menjabat tapi jujur dan berintegritas dari pada bertahun tahun tapi korupsi,tidak jujur,zalim,merusak @teddy_hq";"2293432075";"ismail_b00k"
"17890232484540520";"1780438934";"Dalam birokrasi, bukan hanya pesannya yang penting, tetapi juga siapa yang menyampaikan pesan. Kejelasan otoritas bicara sering kali menentukan apakah publik melihatnya sebagai pernyataan resmi negara atau sekadar penjelasan personal.";"1383012124";"asih.dvm"
"18084786986635096";"1780438964";"Tetep slayy queen 💅🔥";"4199289653";"buburayamdisorder"
"17898637674308104";"1780438966";"Lahhhhh mau dipangkas 50% kalau dikit² keluar negeri justru malahhh lebih banyakkkkkkkkkkkk keluar anggarannya teddd... Gmn sih.... Dibandingkan presiden sblm²nya itu 'kunjungan negara resmi' itu setahun cuma bbrp kali aja. Lah iniiii??????? 🤣🤣 kamu ki iso ngitung pora sihh teddd..";"14552572738";"_atheyaa.ch"
"18013053989905673";"1780438969";"😂😂😂😂";"31832743426";"key_both"
"17996922962780078";"1780439011";"";"1323128717";"ryandini.fa"
"18096109016272059";"1780439019";"Tetap lebih unggul Pak Dino 🔥";"2163863695";"dewi_naura12"
"18116061095507494";"1780439020";"heey beli sapi kurban dia aja pake uang negara, wajar gak siih bini ngebelain laki.a 🤣🤣🤣";"6614280044";"lutfitunisa11"
"17969886780065513";"1780439079";"Eh bojone prabowo muncul, ora penting omonganmu, bulshit";"14340471849";"hamesyana"
"18157095829465518";"1780439082";"Ketikan mu kayak orang gak sekolah";"1194489747";"syahrainyy"
"17898927834455068";"1780439096";"Pruttt upruuutt";"75582766982";"sarjana_padi"
"18109154465491608";"1780439139";"Iya iya budeee";"4310375169";"oktavian.arya"
"18447973636188141";"1780439145";"@teddy_hq kuma sia we lah";"4922280901";"irwansambora90"
"18106572238978314";"1780439193";"Nah artinya apa? Gk bisa ngurus anggaran. Aggaran aja gk bisa ngurus, ini mau ngurus negara";"44687752";"oh.maswan"
"18075930296284691";"1780439202";"PERCAYA KITE!!";"3962689493";"weednest.day"
"18117250030704510";"1780439224";"Pake data lah Buna Jan cuma ngomong doang 😂";"73459822972";"agiz3055"
"17915023260401374";"1780439225";"Buktinya?";"62695583560";"wija_yasan"
"18118392010687776";"1780439258";"Kpd para ibu-ibu, adek perempuan pendukung 58% garis keras dan si buna di jaman campaign.... tuh ayo dilihat diresapi, videonya utuh full, seneng kaliaaaan? Terpesona kalian?. Jangan lupa, harga minyak goreng masih meroket 🙃";"4677134968";"dr.putrizalika"
"17948374095180537";"1780439279";"Main film  ted3 aja sana mending  cocok sama kelakuan lo";"3300689608";"secret.araa"
"17957166216132855";"1780439337";"Kesayangan wowo";"4051214767";"badaarr_10"
"18068896232374763";"1780435507";"Sifat kanak2nya keluar..";"74838795696";"r4tu_jodh4"
"18106678825767687";"1780435548";"";"35863166031";"radiioshark"
"18065989994438427";"1780435679";"😂😂😂";"35058809883";"sutrybeken"
"18354564256246335";"1780435746";"Komennya pada cape smua 😭";"7738667405";"putricahyani38"
"18358559161209765";"1780435798";"Iya bunaa";"45801001548";"akagamiiiiiiiiiiii"
"18128132935721149";"1780435911";"@thor_bar_bar 😂";"2539257352";"yudhiadhitama2006"
"18105263440971545";"1780435955";"Manusia karbitan 💅🤣";"195167254";"yuridhafeb"
"18201495805358297";"1780436028";"@anak.and.safi qurban aja pake apbn sis, apalagi staycation 💅";"3062543962";"yanrospita"
"18105457906791825";"1780436031";"🤣";"350307563";"lulua_mirah"
"18090959318367383";"1780436080";"Bet kurban wae make apbn komo ieu🤣😂 tedddy dl dpuja puja skrg ko sebaliknya";"37520663735";"ikeup.nurani"
"17989771664994505";"1780436110";"Buktikan dengan publikasikan spj perjadinnya";"2314458709";"muhamadnanang82"
"18118095967805807";"1780436157";"Liat gestur mukanya ,,,";"3535451837";"buddy_paradise"
"18081418856405229";"1780436206";"blunder 😂";"287782892";"m.a.l.i.k.rus"
"18210909364336085";"1780436224";"Segala lo ke LN uang pribadi wowoooo, qurban aja segala pake atas nama lo pake uang rakyat 🤣🤣🤣🤣 halu banget deh ah lu";"1533701159";"ocvinda"
"18116474764694340";"1780436249";"Pengen lihat pembukuannya.";"553435557";"rereadriani"
"18065917604409040";"1780436259";"";"23347619";"doddypeol"
"17966406374914760";"1780436261";"";"23347619";"doddypeol"
"18594472132036504";"1780436361";"Bentuknya hibah apa gimana? Lebih parah lagi... 🤣";"6024061503";"bramsdracula"
"18104026628053415";"1780436455";"🥱🥱🥱🥱🥱🥱🥱🥱🥱🥱🥱🥱";"3130700411";"ritakaraf"
"18088880165069622";"1780436573";"Jumlah org dikurangi supaya ga dicurigai gtu?";"48172742643";"safariannas"
"18086628278631430";"1780436599";"halah halah";"1519637614";"prsmprmt"
"17908219059421825";"1780436660";"🤣🤣😂😂😂";"1760977926";"nurbudhiutama"
"17957276477965597";"1780436733";"Malu banget cuk, malu sumpah sampai yg beginian di bahas. Negara lo ini bukan rumaj tangga macam jelaskan ke tetangga🤣";"2132438088";"chandraiswari.drg"
"18595719253010213";"1780436746";"@thor_bar_bar 🤣🤣🤣🤣🤣";"402761092";"justennie"
"18102294050120345";"1780436834";"PokoknuaAda 💦🐷";"1468674459";"shinchan_jr"
"17982980660841320";"1780436886";"Dikritik jdi bahan masukkan bukan ngebela diri yaaa adick2 jgn kek org divids ini. Sjk kapan kunjungan luar negeri kenegaraan bs pake dana pribadi?! Ada yg prcya?😮‍💨";"313701886";"whoizkevin"
"18070776917694130";"1780436909";"Ehhhh,, bunda,, bunda,,";"6351311414";"faulabdullah"
"18061241417487571";"1780436916";"Apa iyaaa";"369090102";"inong_intan"
"17911778430409638";"1780437002";"Ah beli sapi qurban aja pake apbn 😭😭😭😭😭";"232058047";"ratikatyn"
"17873737227504780";"1780437039";"bojone nesu";"4370662297";"fikrinugraha_"
"18465711979104739";"1780437220";"Demi apapun ya gw ga expect suara dia kek gitu kirain yg laki bgt gitu 😭";"61332810998";"alcaeloise"
"18124014865647550";"1780437238";"@id.print_workshop 🔥";"1698140566";"hartati.setiawan"
"18330079789264962";"1780437249";"";"39258756586";"wxdxyt"
"18002169467940898";"1780437290";"😂";"34119396150";"as_lani"
"18011039597717772";"1780437295";"Klarifikasi mulu si anj";"36746166449";"bagas_abiii"
"18005891213866172";"1780437370";"Sebelah mana gantengnya para pemuja nya😂";"69510170097";"fidinny.rindrya"
"17896210197465290";"1780437434";"🔥😂";"1698140566";"hartati.setiawan"
"17964360170935355";"1780437493";"Kameramennya muak dalam hati😂";"233552573";"deanils"
"18113346895867773";"1780437494";"@rina.inggriyani Aamiin YRA🤲🤲🤲🤲🤲";"1449574888";"keike_san"
"17938325124055280";"1780437559";"Halahhhh wong beli sapi aja pake duit rakyat.";"1555771178";"adinakhanif"
"18118264387690867";"1780437597";"Pecat";"46597816858";"richoditya"
"18111501568763996";"1780437635";"Ini wapres? Perasan muncul mulu🤣";"7584430930";"asepnawab"
"18120919270679494";"1780437668";"@t🤣🤣hor_bar_bar";"976941435";"anggun993"
"17965286352077396";"1780437695";"Anda percaya...??";"38057946920";"alfred.loeddin"
"18131767927573417";"1780437706";"Mang eakk bun 🤣🤣";"2137019169";"fillianapark"
"18205297798352644";"1780437776";"@widi_aprilianto19 Ibu Negara 😍";"258507023";"antep_9"
"17929511655303125";"1780431445";"Embak teddy lagi counter bahasan pa dino ,tapi bahasa nya mbak teddy salah kaprah ,otak pake bukan gemulai yg di kedepankan 🤣🤣";"59047076242";"pluto_store26"
"18074571158309424";"1780431485";"Kepentingan negara yg katanya ditanggung pribadi, tp pas kewajiban pribadi malah ditanggung APBN. Kocak dah ah bapak dan segala bawahannya 😓";"1811531831";"indri_w4891"
"17942734497032296";"1780431764";"HALAH, ke LN buat pacaran kan lu bedua";"50837643811";"alcyyonee"
"18074928404689985";"1780431802";"@13ndor_ 💅";"1678127390";"pakdeding"
"18061428677702989";"1780431821";"Yg dibayarkan pribadi hanya excess tp kan ttp ada biaya yg keluar dari apbn, yg kami permasalahkan karena frekuensinya kan itu ambil dari apbn, urgensinya pun gak pernah di komunikasikan ke kami secara jelas. Pdahal komunikasi itu penting supaya kami bisa check and balance jg buat. Yang kami minta itu akuntabilitas tp selalu dijawab seakan itu personal attack";"29362474690";"oxynabella"
"18530488225074713";"1780431826";"Ya trus mana buktinya boty ah elah kata" doang 🗿";"3907515791";"rivandymarc"
"18085213124565317";"1780431891";"Iyalagi, soalnya kalau suami salah istri berasa yg kena 💅🤣";"1584567698";"syifaaazalia"
"18562071352071357";"1780431928";"Ingat korban sapi aja pakai uang rakyat APBN 🤣🤣🤣🤣";"8166121516";"perempuankalce"
"18091220252348783";"1780431956";"";"8200608380";"gilbertjacob_d"
"18378064681207053";"1780432080";"";"3993093763";"kikiabdul28"
"17941364418226393";"1780432141";"Jaman pak SBY dan Jokowi kalau kunjungan ke luar negeri palingan dalam 1 tahun  7/9 kali.lah si bowo 1 tahun 32 kunjungan😂 jenguk antek antek asing😮";"1982805132";"jhony_pranata28"
"18597080617007857";"1780432219";"penyefong wowok";"56926120737";"bagusariprabowo"
"17898597015305324";"1780432494";"Pansos mix Carmuk";"1446882605";"renjani_damais_arifin"
"17900898852443733";"1780432528";"gimana detailnya, apbn dan pribadi, butuh transparansi buna 🙄";"79928778439";"_shdqprsty"
"18086245925456734";"1780432546";"😂😂😂😂😂";"11451705106";"amirul.a.habib"
"17974453377023540";"1780432593";"Mundur lu Teddy bear";"1588638322";"desi_priyohartono"
"17949040971078968";"1780432839";"🤣";"54308055";"elizabethwidjaja"
"18151335796487526";"1780432911";"Nanti diambil dari lain nya, supaya gak tumpur kali kantong.";"2530577224";"_ugeugesan"
"17885556900568917";"1780433166";"Percaya omongan dia?";"73400028408";"alph.mnrs"
"18027802511643831";"1780433378";"Tidak percaya🔥";"16742862545";"rahmawatikurnianingsih"
"18531744916078338";"1780433381";"Adaaaaaa emang presiden ngeluarin duit buat perjalannn negaraaaaa ehmmmmm wajib dipertanyakan sih buat apaaaaaaa heheeee aneh isntitusi kita yg modelan begini jd tni..ehh ya samaaa sih sama ri 1 nya ko bisaaaa org spt itu dulu msk tni...ga da samsek jiwa korsanya wkkkk jiwa pebisnis kuat bgt";"74050821790";"wianti62"
"18152349400433822";"1780433382";"halah, kurban aja pake APBN diklaim atas nama pribadi, ya kali yg emg ditanggung APBN dia ngeluarin dana pribadi .. trs lg rombongan cuma separuh dari periode sebelumnya tp setaun kalian lbh dari 30x ke luar negeri kocak 👊🏻";"2244693831";"oeland_11"
"17870679819618449";"1780433386";"Bukan masalah anggaran keluar untuk kerja pemerintah.. Yg jadi masalah adalah anggaran keluar untuk kerja tp tidak ada hasil Untuk negara.. Yg mestinya tedy sampaikan ke publik adalah hasil2 kerja dinas luar negeri itu apa aja..";"10816838866";"farasdaq_assegaf"
"18360919672210928";"1780433443";"Wokan pengen weruh gejala awal wong kena HIV ya kaya kie mbro @radenmas_yusuf557";"3066533825";"deniwahyujumawan"
"18098917889327685";"1780433466";"@factual.id militer bro🤣 jgn harep";"790107475";"rezahasbii"
"17900514330446712";"1780433965";"😂😂";"5545324078";"ronaldtoloh"
"18069437441689987";"1780433971";"Berarti perjalanan dinas apa perjalanan pribadi?";"2012130913";"aditiyafajr"
"17978679098862363";"1780433984";"@fahmihakimofficial mungkin jajan+shoping pake uang pribadi.";"4511959060";"konsultan_branding"
"18104077424000073";"1780434125";"🙄🙄🤔🤔";"7746863870";"hum_puss"
"18089721215357943";"1780434151";"Gw lebih percaya ghufron penjaga gawang neraka dari pada omongan ini 😂";"52168485104";"yudhacdt"
"18183943720382637";"1780434267";"coba tunjukin mutasi rekeningnya";"54120855275";"muh.luqmanul.hakim"
"18106474453756998";"1780434292";"Sebetulnya kalau sudah lewat anggaran ya nggak usah pergi.  Ini pengetahuan dasar sih.";"1401100248";"rudiprtsta"
"18093596090461675";"1780434417";"@thor_bar_bar 🤣";"2087148565";"cdwfca"
"18407159167149168";"1780434463";"Lha wong sapi buat kurban aja ambil dari APBN, ini mana mungkin Plesiran pake duit pribadi ..😂";"3886501069";"tomi_wijaya.130902"
"18105319358068498";"1780434534";"BULLSHIIIITTTTT";"77337369435";"nadia.vega.5074644"
"18443928748137868";"1780434609";"Preet wae lah😂";"13053886639";"asmanadia.181"
"18219296455324285";"1780434713";"Lehernya kemana sihh";"79591765959";"makanjamir"
"18111725242916476";"1780434723";"Ngeles mulu";"3554096315";"_nurdin_94"
"17901893961444449";"1780434812";"Prettt";"1511994333";"rioap12"
"17948357205191475";"1780434848";"Gmna mau percaya kurban aja pake APBN";"5594520884";"tubagus_ropi"
"18056751377726244";"1780434854";"Tapi dulu ga sering seperti skarang. Skarang mah sering banget ke LN🤣🤣";"53077163107";"sri.yantti.31"
"18106816795946231";"1780434944";"Kok klarifikasi bundd 🤣";"277467055";"znmaj"
"17951977521157675";"1780435009";"Lah Konfirmasi sendiri 🤣 emang segitu banyaknya orang yg nebeng gda yg bisa kalkulasikan sampe jebol gitu. Oh iya anggaran ngedit gede kyknya niat banget sih.";"40036998280";"ustadz_faseq"
"18067594850385075";"1780435185";"Beli sapi atas nama sendiri aja pake duit orang senegara masa iya bayarin perjalanan orang sebanyak itu puluhan kali pake duit dia 😂😂😂";"61284734768";"putriang999"
"18208557241339985";"1780435229";"Hai ses";"44644691979";"joyy_u9"
"17918572569374828";"1780428241";"NGISING";"7012640643";"kiecobains"
"17873568486502476";"1780428249";"Pejabat karbitan,👎🏻👎🏻";"4359229774";"akbarmunasir"
"18094147829266427";"1780428296";"Kalian percaya? Maaf aku sih tidak percaya🤣🤣🤣";"5834047924";"anak.and.safi"
"17968150695078024";"1780428461";"Penjelasan kau blunder ...paham kau Ted ? @teddy_hq  punya otak dipakai";"50677965735";"h3n_lee"
"18010626272884234";"1780428484";"Mending gufron aja yg ngomong tii!!!!";"1985426088";"hlf________"
"17884103334578863";"1780428536";"Apakah Omongannya si Tessy ini Bisa Dipercaya. ???? Jika Dia Berbohong karna mau membela atasannya ....MAKA JATUHLAH dia. 🔥🔥";"1921826966";"roy_sant"
"17970627744098435";"1780428634";"Iya bund... Makasih infonya yah...";"44304156132";"darylmamdulu"
"18073198283322804";"1780428680";"Di jubir presiden ya? Perasaan dia mulu yg ngomong, dlu opung eh muncul lagi bginian 😑";"394117325";"ratihpramudita"
"18084113075530059";"1780428717";"kunjungan keluar negri tapi pas balik nggak ada impact, real cuma buang2 dana negara, nggak ada isu kalau mereka mau invest bahkan kebanyakan isu tentang bagaimana bobroknya presiden indonesia😢";"4288516874";"arnitaamnir"
"18342301540173504";"1780428725";"Pokokya ada";"74763921039";"udyxcitoo"
"17919075420164667";"1780428726";"Kapan hancurnya sih?";"25738228472";"lazuardiantoniolee"
"17907904638242468";"1780428851";"BERAAAK";"1047997245";"alfedfed"
"18081603212560834";"1780429035";"Yg mustinya dikurangi itu justru anggarannya sendiri. Sebagai pemimpin, tidak bijak untuk bermewahan stay di 5 stars hotel terutama di LN di saat rakyat menghadapi kesulitan ekonomi. Baiknya stay di Wisma Indonesia saja. Contoh Pope saat berkunjung ke Indonesia. Atau bisa jg sewa beberapa unit apartment untuk mengurangi anggaran. Jd anggaran bisa dialihkan, contohnya untuk biaya pendidikan gratis atau kesehatan masyarakat. Cobalah lebih peduli dengan kondisi rakyat.";"1394499404";"genova1111"
"18166026052376371";"1780429094";"Wajarlah tugasnya pasangan hidup";"49618552119";"adi820k"
"18034279361661677";"1780429121";"Tolong ibu-ibu temen nya mening ajak gibah aja 😂";"596138480";"heyaguy_"
"17961811902065883";"1780429163";"🎀🍵";"2121825535";"istismynt6"
"18025070498656131";"1780429247";"MANAAA NIHHHH YANG BILANG DIA GANTENGGGG SAMPE MELELEH LIATNYA KATANYAAA??? Ewwww~";"1298597231";"miramihardja"
"18199767490363432";"1780429287";"Kurban pake APBN🤣🤣🤣🤣";"58175971247";"jeda.aurum"
"18011101292857133";"1780429294";"kurban aja pakek apbn ya kali bayar hotel pakek uang sendiri 🤣🤣🤣";"70529946753";"hommie_flavour.id"
"17898900099306997";"1780429384";"Pokoknya ada";"4175512438";"iqbalchandra_essentials"
"17996958878959410";"1780429529";"plenger😢";"4358908523";"umaaar.e"
"18080646896638407";"1780429603";"Jumlah rombongan berkurang tapi frekuensi kunjungan nya paling sering dari yg sebelum2nya";"505205408";"vicirohani"
"18122671495647986";"1780429640";"heemmm gimana ya";"5841537434";"heynggarr"
"18084465014395033";"1780429649";"Selalu ajee yee nyari alasan biarr perbuatan si prabowo jadi halall dan nggak salahh wkwkwk";"25607667220";"nazuladestiyana"
"18078744725376237";"1780429921";"Berakk";"50370729591";"papan_bunga_palembang_dindaflo"
"17904764805263832";"1780429943";"@riooprabowo biar tambah marahh";"2138871303";"rizaliyyah"
"18029232107642490";"1780430257";"Sapu terus Bu teddy 🤣";"8404818900";"handian03"
"17930456529097143";"1780430264";"Kasih tau hitungan ya dong peri, buktiin dong";"1724737963";"kang_econ_"
"18000453092765759";"1780430277";"CABUT DULU MAU KENTUT💨";"9964418759";"idiot_diaper_forces"
"17878980078458348";"1780430292";"Meteges";"623860829";"ghom_production"
"17913600516202465";"1780430340";"";"4772256465";"cn_lbs"
"18096278396219803";"1780430592";"Bunda";"8503113139";"youthfromeastside"
"18103899983284027";"1780430671";"Secara alamiah, saat anda menjadi tokoh publik maka akan ada kritik datang. Tinggal bagaimana anda menyikapinya, dan tentu setiap sikap yang anda putuskan akan membuahkan konsekuensi";"1119640990";"eliwibowo"
"18116296042700955";"1780430705";"Ktanya kurangi aktivitas ke LN, tp nyata beliau sendiri yg paling banyak ke LN. Malah paling banyak diantara mantan pres yg lain. Jd sbnrnya yg omon2 itu siapa";"1481857186";"decorwalljypr"
"18179712631394739";"1780430722";"Kurban aja pake APBN";"3076884491";"jumardi_fbyn"
"18106185173317434";"1780430743";"@yulianayuliana9045 iya ga boleh bercampur antara uang pribadi sm uang perusahaan. Di perusahaan gua dulu gitu. Waktu diaudit ngerih lah pokoknya.";"276896462";"bershkachu"
"17922061299144782";"1780430808";"@ayunda_nas anis mulu.. ga ada ide lain apa?";"276896462";"bershkachu"
"18098899124148921";"1780430854";"leher lu kecetit tuh";"17371138011";"tediarii_"
"17873701557673497";"1780430980";"";"1308133006";"okysu_"
"18100074484869323";"1780430983";"Halah alibi";"2089930753";"_26andrc"
"18070020350679283";"1780431038";"Kami rakyat Indonesia tidak percaya...";"6976793557";"malaikatlovemaryjane"
"18140815597522534";"1780431148";"@yadimafata Padahal kanan kiri gak ada bedanya";"490214643";"farahwnp"
"18116440513835922";"1780431212";"Wkwkwk. Cilok pentol nyenggol wagyu a5";"45742145415";"panjilaras08"
"17888484162544926";"1780431305";"Ojo percoya sama manusia ini..ngapusi🤣";"8249764461";"mas.jo.3914"
"18094573091520868";"1780431312";"udh yappingnya?";"39370116766";"eyzhelle_caprion"
"18089857496074853";"1780425568";"Ya udah tau anggaran abis tuh stop tur dunia eluuuuu wok! Gausa maksain";"340762939";"tessatissu"
"18120618259735846";"1780425664";"Menanggung ato menungnggangi? Ato tunggang2an? Yg bener aje";"7726974617";"ayo.swara"
"18066757280405852";"1780425741";"Kok kurban yang ibadah individual pake APBN?";"6755622943";"iqbalriyadhi"
"17858712369641858";"1780425756";"😢😢😢";"6232540725";"kang_tani.23"
"18001160801945880";"1780425781";"";"5491940622";"mlnzaa__"
"18152274457490745";"1780425817";"🤣🤣🤣🤣";"55339079490";"faisal_fais09"
"18014589821893755";"1780425823";"";"3141890899";"ehsangkodok"
"17907586152423058";"1780425865";"Bacot doang kaga ada data lu ted";"4572787826";"jarotsartika"
"18153800017482084";"1780425900";"Pake dana pribadi udh aneh harusnya. Harus diusut sih pemerintahan kali ini, terlalu pemborosan dari berbagai sisi.";"1461145252";"radennys92"
"18128152846715358";"1780425983";"Jumlah berkurang,durasi naik 6X lipat🤣🤣🤣🤣 sama juga ngabisin duit rakyat";"52172122983";"musashi_ind"
"17953199309984189";"1780425990";"Jumlah berkurag";"52172122983";"musashi_ind"
"18094991785957330";"1780426047";"Plesir gak bermanfaat....";"61004229782";"zizou_reborn"
"18091533587614917";"1780426053";"tsunami faktaaa wkwk @nisaulia2 @rizkiramadhn__";"7826739002";"alqurenata09"
"18080486261541590";"1780426090";"Terbukti ras terkuat di muka bumi";"9692645";"mas.chatur"
"17891863002501230";"1780426128";"🔥🔥🔥";"4090663642";"neviaika"
"18012818702857619";"1780426200";"kalo gitu, seharus apa sih dinas keluar negri sampe dibela belain pake uang pribadi?";"65560942577";"mugwortmasskk"
"17913446106202309";"1780426291";"BOTY ANJINK KEBANYAKAN YAPPING LU";"5460802251";"adr_maullana"
"17997843413956210";"1780426291";"Boty omon omon";"3979304742";"dewimasita67"
"17951545791162343";"1780426343";"coba audit transparent, berani ga?";"48758372982";"whatsurs0"
"17901736020442541";"1780426461";"Minimal mutasi rekening pas bilang pakai biaya pribadi 🙌";"556291881";"ghusna_"
"18108665848932162";"1780426603";"Lagi nyapu critanya";"13623656013";"a_gumda"
"18123729085577089";"1780426650";"🤣";"3157618409";"ernasugas"
"18113206129872440";"1780426683";"Yang benar aja . Alasanmu itu tanda orang lagi making love.";"43879681078";"kindness.newton"
"18074518316677058";"1780426753";"";"6053939294";"raden_hayati"
"18045979295568647";"1780426808";"Rincian pengeluaran keluar negri mana yang di tanggung negara dan mana yang pakai duit pribadi. munculin data-datanya.";"5862609334";"triputrasyamsurah"
"17893797876494832";"1780426845";"Menyesal saya milih presiden prabowo, program nya gak ada yang jelas.";"41316634374";"darmawan_hendra1"
"18075497363446097";"1780426932";"😂😂😂😂😂";"75382735894";"yusup_alusman"
"18026948255819091";"1780426957";"hayo siapa yg kmrn bilang dia ganteng berwibawa";"7607671336";"amndkrs"
"17870337732618165";"1780427014";"SAPI APBN";"1490579065";"diazadrean"
"18190560583330110";"1780427020";"Sulitt sekali buat menerima kritikan tuh ya pemerintah zaman sekarang😂";"2043111490";"diankp_id"
"18392512519090504";"1780427113";"@thor_bar_bar don't disrespect Triple T like that bro😢";"65916707282";"serzephyr37"
"18209707582341298";"1780427431";"Omon Omon, kurban sapi aja pake APBN, HALAH gaya banget haha";"3311128476";"opu.syam"
"18407626183147234";"1780427456";"@rina.inggriyani Aamiin";"5892443224";"ffaannddii_"
"17884279959580106";"1780427543";"Soksokan nanggung. Kurban aja biayanya dari apbn trus kau tulis namamu";"5863376773";"aaimarr31"
"17909840016408413";"1780427548";"BUNAAA WKWKWKKWKW";"318579925";"witaaguistha"
"18607205122063067";"1780427578";"TIW ... TIW ... TIW ... 🐄";"3490076735";"rian.damai"
"17976888498042354";"1780427675";"";"7719743340";"dynnhndrii_"
"18082262333556488";"1780427731";"Transparansi nya pak?";"308269539";"mthidayat8"
"17961403073947452";"1780427820";"😂😂😂 era Prabowo penjilat terang terangan";"76975587188";"cuhasanah22_"
"18133559053570785";"1780427840";"Eh !!!
Maskoli akal yamafa alaka syududu";"5411459295";"sumantri.khonik"
"18105115013055833";"1780427935";"Bool gimana lancar";"2176887939";"dwi_wasabii06"
"18087967331439864";"1780428000";"Gmn mau percaya, lo qurban aja pake Apbn wkwkwkwk";"2126087503";"raharrr_23"
"18079107092246779";"1780428042";"Lu siapa si?";"67611456181";"_kebunmemori_"
"18396837496080057";"1780428112";"Org bisnis aja tau pak pengeluaran usaha gk bisa dicampur sama uang pribadi, repot auditnya 🫤";"8312737096";"shindy.lestarii"
"17926452930341504";"1780428150";"Sumpah pengen muntahhhh dengerin si Ibu ini nyocot";"1099959046";"fashion_district_london"
"18133423258562527";"1780423351";"";"4082404799";"ramses_erl"
"17941874601210575";"1780423359";"@rina.inggriyani 😂 aamiin aamiin";"1489724073";"latifahyulywt"
"18062914922474602";"1780423447";"Buntet, buna wkwk";"1301227506";"idrisbachtiar_"
"18184686634391850";"1780423458";"Buna teddy ❤ Praroro";"7176036460";"_intifadah_"
"18079531703227427";"1780423460";"MENANGGUNG BO'TY WOWO ASAL BAPAK SENANG Hey antek2 asing,,Negara Bangkrut krn MBG bukan krn perang rudal....Maling Berkedok Government,selamatkan uang pajak rakyat tdk ada yg gratis boss itu duit rakyat....kebijakan pemerintah yg salah membuat rakyat makin susah dan miskin😢😢🔥🔥";"3865334746";"wm.bhai"
"18047989706544747";"1780423505";"IYAAA IYAAAA POKONYA ADA UDAHHHH😝";"4269482996";"rizharsm_"
"17883385473595375";"1780423882";"Duta klarifikasi🤣";"207928632";"sitiintanck"
"18064432970465974";"1780423909";"ngambek weh";"1741224117";"uta.dwiputra"
"17926269120340328";"1780423918";"Kurban pake apbn, ke luar negeri pake duit pribadi wkwk";"7220447912";"muhamad_efendiii"
"18085502873415988";"1780423988";"Iya buk iyaa";"3462469119";"r__tnjg"
"18172369981411227";"1780423991";"goyang x kek stang becak pala pala x klarifikasi udh kek yutuber";"244747196";"savagerius"
"18101037452014322";"1780424007";"";"3665417129";"rndysirait"
"17870795376618694";"1780424083";"Beli sapi kurban sj pke APBN😂";"2867386340";"wulanky"
"18591949591035652";"1780424348";"😂😂😂 audit yuk...";"1929683272";"yusdiantopurnomo"
"18118127044758526";"1780424360";"Bubund marah iyaa";"1562842713";"cepoh77"
"18092738324223136";"1780424364";"Ya aampun rai buna @tedsky89";"1273016994";"bblag_"
"18099673361166248";"1780424383";"😂 kalo 3x lebih sering keluar negeri gmn?";"2235946766";"yusuf.saputra16"
"17901452673287531";"1780424443";"Nyawit ni orang";"7498033749";"ibnml.27"
"18130202398609604";"1780424512";"Preeettttt";"2113709084";"deafirly"
"18131163508580129";"1780424535";"TEDDY KUNYUKKKK";"8761919512";"tututata151"
"18329220385266028";"1780424568";"Pokoknya ada";"5528365944";"mev_lyzarrr"
"17947155564191265";"1780424659";"@rina.inggriyani Aamiin Ya Allah,, tolong kabulkan doa kk nya ya Allah,, tlong perkaya kita semua untuk hal rezeky, kesehatan dan keselamatan, kecuali 58% itu Ya Allah.. Aamiin";"16802144045";"jihankomalasari28"
"18085113848116501";"1780424665";"Mas Tiwiii";"65799949471";"13ndor_"
"18427209511120835";"1780424690";"";"353014402";"aangmels"
"18053391317757576";"1780424738";"😮😮😮";"50171801";"deni.kusuma271"
"18115823620828862";"1780424744";"Si "ajudan" ini mencoba mengerjakan sesuatu yg jauh diatas kapasitas nya";"4657698798";"isbproduction"
"17879711775600220";"1780424745";"Dr video ini sy tau kl angle dia kanan hehe";"1233267648";"mirdafs"
"18105323719957483";"1780424745";"Coba didengarkan, apa itu "yang pertamak" dan "kemudian yang keduak".";"1541897474";"te_ce_es"
"18081486857179270";"1780424783";"Bowty";"75973524002";"lordsigmagoo"
"17916145683183572";"1780424876";"najis boty playing victim";"203475553";"ilhamnomoo"
"17863343583587757";"1780424891";"ok boomer";"482983943";"linacahyanti"
"17949873183078179";"1780424928";"Pake dana pribadi lu kataa, mana akuntabilitas nya kocakkk, mana hasil audit anggaran nya, mana transparansi nya. DASAR BOWTY";"5994718267";"elvinaernestya"
"18131727985598793";"1780424953";"Nyapu terus, bukan kah ada Mensesneg ?";"1382639584";"resanurhf"
"18032355800671750";"1780424997";"anjay 🤣🤣🤣🔥🔥";"8525927659";"lis.susanty"
"17864507055627864";"1780425024";"Ini lah mengapa dari kecil kita diajarkan untuk MENDENGAR, MENCERNA (MEMAHAMI) & BERFIKIR KRITIS.";"13335687732";"wandri.bun"
"18105798481788610";"1780425057";"Bencong dipelihara, musnahkan penghancur dunia.";"4941273108";"r_iyan_10"
"18016337897692961";"1780425167";"Padahal nyindirnya halus banget, tapi kok masih aja pada baper, lagi PMS bang ??";"1175554021";"_askusss"
"17994887942957895";"1780425186";"Pelan2 mas 🤣🤣🤣🤣🤣🤣🤣🤣🤣🤣";"1936290128";"itsme_mustika"
"17982799859842449";"1780425190";"Halahhhhh pretttt";"3461724037";"ayulaziputri15"
"17913476997206012";"1780425211";"Omon omon😂";"5506180017";"hendkyw"
"18088614716074825";"1780425348";"Mongken";"55988295";"mixagir"
"18111893608902757";"1780425368";"aduhh boncos deh";"54051976";"rachelalmaz"
"17968727148098161";"1780425449";"Aura boty nya kuat banget? Ada yang sepemikiran dengan saya.setau saya sekelas TNI itu nada berbicara berwibawa banget dan strongest banget";"59522302051";"minchong61"
"18090243485051228";"1780425487";"Diam kau, jabatan seskab lu bukan karena lu kompeten tapi karena loyal. Which is bullshit. Biasa nyabutin rumput tiba2 disuruh menjalankan sebuah negara, hancur";"48796785311";"alin.ispunk"
"17979425108862437";"1780425553";"Kalo jalan2 pakai uang pribadi (lebih nya) kenapa kmrn qurban pakai apbn 😂 ah Wowo bisa aja nih ngeles nyaaa";"2217511560";"sitisarahalsyarif"
"18114540907870264";"1780421966";"Pokpok";"5618439057";"muhidinmoe"
"18150978457492456";"1780421968";"🗣💦🗿";"3456112554";"kur_niawan.dody"
"17861470818651301";"1780421998";"@thor_bar_bar WHWJAHAJAJAJA 😭😭😭😭";"54056981638";"skibudiyapyap"
"18127169755529394";"1780422033";"Masih ada yang percaya? Kenapa ga kalian buat aja si teddy mengulang kisah seperti prabowo muda?";"1642746633";"wannuratikafatma"
"17998315403958042";"1780422070";"Udahlah bunda Teddy. Nggak usah ngebacot gitu. Rakyat Indonezia tau nya kurban sapi pake APBN aja atas nama pribadi. Yg perjalanan ( dianggap dinas ) masak pake sebagian dana pribadi ?. Lu KOPLAK banget sich";"2714483438";"lana_lini"
"18139053607542582";"1780422094";"bun udah bun, cukuuuupppp";"1769288868";"widyasaripulko"
"18126548101729505";"1780422123";"😂😂😂";"358563786";"7oserizal"
"18114530872878832";"1780422190";"Is";"3300408087";"farahdiba_fadilah"
"18362557372233746";"1780422206";"";"8633334038";"arini5960"
"18075299063673982";"1780422242";"pick me ew";"2901416966";"adr.frxx"
"18105138658950489";"1780422311";"Dari statement "menggunakan uang pribadi" Aja udah melanggar UU.";"1005162088";"myahyaarnold"
"17890998594538660";"1780422319";"bloon";"49896035257";"piparovida"
"17891854467477139";"1780422391";"Hahaha parah sih🤣";"1521060952";"rahmaseptiyan"
"17890525266538271";"1780422399";"Rule 1. Perempuan selalu benar✅";"15284532344";"thisispram_"
"17932147413288547";"1780422433";"Narasinya bisaan banget biar pendukung nya ada bahan buat ngebela";"1577032731";"fbyaym"
"18331298323265325";"1780422434";"";"1627986348";"radjusyahputraa"
"17889687897517290";"1780422461";"Lagi ngebela suaminya";"51669449663";"maydenug"
"18087175322617912";"1780422538";"Masyarakat sudah pintar.. Jangan di kibul"kan..";"1378014908";"robifebrianto16"
"18136892341477283";"1780422543";"Transparansi nya kayak agak2 ini orang";"55479627581";"si.fermin_"
"18093496988339630";"1780422550";"Karbitan";"3523740311";"ap.simamora"
"18348192793244837";"1780422582";"";"37582949207";"xsjhs_"
"18074487215663126";"1780422593";"Beli sapi qurban aja pake APBN, yakali kunker pakek pribadi";"1160096682";"samaraannisa_"
"17952999405170996";"1780422686";"yapping doang, buka laporan keuangan ga berani";"197843990";"praadiiit"
"18008132741866731";"1780422696";"Berkurban pake APBN, kunker ke luar negeri pake uang pribadi. Ga masuk akal wkwk";"38511850555";"rifaldsaid"
"18104192585072366";"1780422702";"Emng leherny agak dekok gt ya?";"6223258702";"arhenpm"
"18107321077936722";"1780422707";"Pake duit pribadi itu sudah jelas "perencanaan yg GAGAL"... @teddy_hq @tedsky89";"2101524251";"ndahmistery"
"17930592297318154";"1780422714";"Serah lu bun";"2075081303";"nurulkr_"
"18111850312909431";"1780422719";"Emang ikhlas pke uang pribadi buat kepentingan negara😏.. Klo gtu sekalian dong hutang negara dilunasi pke gajinya";"23103564389";"rumah_afz"
"18109543237732127";"1780422748";"kok bisa melebihi anggaran? kok bisa uang pribadi sm negara dicampur-campur. aneh.";"2225696222";"moulveries"
"18163855390451909";"1780422773";"";"843673167";"whhakim"
"18105171296062481";"1780422781";"Cuma di Indo Letkol Rasanya setara sama Wapres😂";"61393924278";"godz1llaa"
"18114639823868199";"1780422791";"Aduh mirip.gufron";"8603293741";"nurdiansyah07_"
"17896533333462503";"1780422827";"Yaudah, kasih datanya, record transaksi, jangan omong doang.";"27494912437";"deerhehe"
"17928608019313503";"1780422881";"Mukanya bisa biasa aja gak cong???! Belagu banget ih geleuh";"1323652423";"febi.rfsnjn"
"18339745636220493";"1780422953";"🤮🤮🤮🤮🤮";"6261172483";"parliuden"
"18416619124176920";"1780422989";"Mukanya kaya keliatan "IYA" banget!! Tapi soal ilmunya "TIDAK" banget!!";"782547916";"syifapabdulrochman"
"17865170838573131";"1780423010";"🤣🤣🤣";"8448947331";"maryambahri16"
"17978961042041000";"1780423066";""segala kelebihan biaya".. jadi timbul pertanyaan kenapa harus bengkak/lebih biayanya kalo semua sudah dipersiapkan di awal utk akomodasi dan jadwal kunjungannya?";"628061811";"dasahohok"
"18081126650540788";"1780423095";"Soal kelebihan biaya ditanggung presiden, qurban aja pake dana APBN hingga curhat ke Mba Nana soal 20th gk berkuasa bikin bisnisnya mandek, yakin se-ROYAL itu ysb? Tidak ada makan siang gratis bung. Kedua, si bunted membandingkan jumlah rombongan era SBY dan era bosnya, karena mmg tujuannya buat defensif thd kritikan Pak Dino Pati Jallal yg membuat dia dan geng ajudan si Omo2 tersentil egonya, bolehlah jumlah rombongan si Omon2 kecil, tapi era SBY rata2 kunker ke LNnya dalam setahun cuma 8-9 perjalanan, bandingkan dgn rombongan anda yg melakukan perjalanan lebih dari 30x dalam setahun. Dan beberapa kunjungan kerja LN dilakukan saat ekonomi negara sedang tidak baik2 saja. Plus, yg pasti Pak SBY tidak pernah merayakan ulang tahun bawahannya sampai tiup lilin di kamar hotel dgn taruf permalamnya mencapai 3 digit, mentok2 Pak SBY ngerayain ultah Ibu Ani. Terakhir, Pak Dino PhD di Illinois dan rekam jejak pendidikannya pararel dgn profesi beliau saat ini, terus dinyinyirin sama maba doktoral ITB yg profesinya apa terus jabatannya apa, jelas beda jauhlah kualitasnya! #pejabatkarbitan";"2236957129";"bani_an21"
"18083388650390756";"1780423100";"Masa iyah 🤣";"77240892110";"barudak.minus"
"17870475918535399";"1780423145";"😢";"65194128406";"sella_s.kom"
"17953662675149623";"1780423150";"@habibie_moehammad _anj 🤣🤣🤣";"32107736116";"merrytriadi"
"17956778360963032";"1780423198";"1. Aturan Khusus Perjalanan Dinas Presiden
​Komponen biaya dan pertanggungjawaban dinas untuk kepala negara diatur dalam Peraturan Menteri Keuangan (PMK) Nomor 66/PMK.05/2020 tentang Besaran Komponen dan Pertanggungjawaban Biaya Pelaksanaan Perjalanan Dinas Presiden dan Wakil Presiden Republik Indonesia.
​Aturan ini menetapkan bahwa negara menyediakan anggaran resmi (melalui DIPA Sekretariat Negara) untuk menampung seluruh biaya protokoler, akomodasi, keamanan, dan transportasi rombongan Presiden.
​2. Aturan Umum Perjalanan Dinas Luar Negeri (PDLN)
​Secara makro, regulasi perjalanan internasional pejabat negara mengacu pada:
​Undang-Undang Nomor 1 Tahun 2004 tentang Perbendaharaan Negara.
​Peraturan Menteri Keuangan Nomor 164/PMK.05/2015 (beserta perubahannya di PMK 181/PMK.05/2019) tentang Tata Cara Pelaksanaan Perjalanan Dinas Luar Negeri.";"77459329625";"tafft05"
"18068215958679255";"1780423260";"@tafft05 jadi bingun....";"77459329625";"tafft05"
"18126444829540348";"1780423272";"Ganeng ahh..";"6270450806";"malikaphotowork"
"18091359746197641";"1780423274";"";"4541821234";"zakymslm311"
"18271445938289286";"1780423283";"Gw pastiin besok Nabi Isa turun kalo ucapan botie bener";"48153369404";"mdlptr888"
"17951139777170475";"1780423291";"@dominickevan_23 ibu rumah tangga soleh hah wajar ter";"7688497324";"kosmas_ab"
"18108837859736910";"1780420525";"@_whiteduke genjer Teh:(";"3922751705";"pajalooksgood"
"18105301241080889";"1780420560";"";"1443670249";"rozi_akmad"
"18106495504758055";"1780420577";"Hmmm begini amat 😢";"2028920456";"trisa_oktav"
"18322880686284513";"1780420582";"Trust issue sapi qurban kemarin";"47286460190";"diamaulana.ltf"
"18126881356627233";"1780420603";"istri bela suamii👏";"4711433744";"thessa.iswanto"
"18122187838656314";"1780420614";"Bentar gw mau kentut";"80517497447";"abralazaenal"
"18116730025839333";"1780420631";"Di kurangi tapi sering🤦🏻";"46649378925";"triliusdr"
"18313831291262917";"1780420648";"😮😮😮😮😮😮";"10483487464";"rohmaat.m"
"18068552954340949";"1780420682";"";"2098082820";"biiiiiiib22"
"17932378263271805";"1780420683";"Wkwkwkwkwkkw di recall recall sama pemerintah";"3222670289";"alip9517"
"18165623002446999";"1780420685";"Diem deh Teddd!!! Lo kira kita semua percaya?💅🏼";"33396887";"nadlarast"
"17939444781048868";"1780420801";"😂😂";"1645140452";"revindarya"
"18128592838609812";"1780420884";"😂😂😂";"1687744235";"dindhaokt_"
"18094595363594838";"1780420942";"Lagi dan lagi, yg dikritik apa, yg dibahas apa 🤣";"545661482";"zahraprabaningr"
"18191322580374705";"1780420959";"They got so much things to say cuih";"39204602397";"bbujurr"
"18075480899306550";"1780420980";"🤦🏽‍♀️🤦🏽‍♀️🤦🏽‍♀️🤦🏽‍♀️";"146081080";"detty.puspa"
"18067901495378442";"1780420990";"🤣🤣🤣";"1189109168";"serinaris"
"18471120613103722";"1780421009";"Gimana sih konsepnya dalam tata kelola keuangan negara, dana pribadi ikut membiayai tugas negara?";"1627629843";"imapurbasari"
"18172230604420140";"1780421011";"Eluh Percaya??? Kalo Gua Sih Kagak 😂";"1101879077";"ade_tarmawijaya"
"18092496050254110";"1780421012";"Penjelasan yg butuh penjelasan wkwk";"3532086821";"affrizal.berryl"
"18138312703479476";"1780421048";"🤣";"7265526644";"alvinalamsyah23"
"18221263387320800";"1780421077";"Syaat @smrfoodhunter 😂";"15749556";"yesstiwi"
"18106980013763040";"1780421082";"Hoookkk. Cuihhh";"526688896";"razif_al"
"18021489362842730";"1780421085";"Leher nya orang ini kemana sih sebener nya bingung gua";"16345712969";"carmpberriezz"
"18075436823287499";"1780421120";"kon lapo ngene iku ndenggg";"13790390958";"bntangfauzan"
"17946365025195191";"1780421141";"Di kritik kaga nerima kocak 😁 cemburu spt nya🤣";"5800021320";"tommyhiriawan"
"17977879862994021";"1780421150";"#Botty";"45965006219";"medrenovate99"
"18403417591153724";"1780421184";"Ng... Kok agak kurang nyambung. Ini aku yg salah inget isi reels pak dino apa gmn deh";"25113793410";"jawir_mieayam_hunter"
"17936156019067049";"1780421269";"Mbak tiwi mbak tiwi, ngaca lah, Anda nothing dibandingkan Pak Dino";"295989833";"vanfranss"
"17932584837272995";"1780421294";"NPD";"3521082607";"ruth.louisesinger10"
"17892993312353435";"1780421355";"SOK MANTEP BGTTT";"10801022332";"pathecoeur"
"18137824558490297";"1780421386";"kocak";"3163327147";"sezarif"
"18596748901031301";"1780421402";"Ya kpn aja bisa....nanti tinggal di reimburse aja 😂😂😂😂";"2722040107";"rendifahesti"
"18075119510438555";"1780421426";"Ahhhh nyang bener nihh😂😂";"5369115320";"mdedysanjaya"
"17932724649272132";"1780421481";"syududu";"1517710165";"muhammadiirfannn"
"18068581055362157";"1780421482";"meneng o ted";"637024846";"fifinlestari__"
"18171809554412206";"1780421514";"Aku gak percaya 😂";"971903155";"baryadi"
"18112463699499427";"1780421539";"Apa kabar bundaa....";"76118358395";"asry.jalil"
"17879202510454094";"1780421751";"Ibu negara lagi menjelaskan🤣";"4261293548";"m_t.aufiq"
"18067129802405188";"1780421783";"🤣";"1165367710";"parsaulian128"
"18114550747886134";"1780421793";"Lebih sedikit tapi lebih sering ya  sama aja Ted, pemborosan aja 😂";"3013529718";"anggoro.primeestate"
"18339786574217558";"1780421808";"@sidaurukhilda_7";"2109069308";"reeyuw"
"17989690631796253";"1780421823";"Ini dia siapa sih?";"1636020459";"kajoleee_"
"18102199612865263";"1780421848";"Sebagai seskab anda menjalankan pekerjaan dengan tolill.  @teddy_hq";"5674021487";"brandl93"
"18057835619713987";"1780421859";"Diem ganteng";"1424207936";"travelmoody"
"18100847489031384";"1780421871";"@rioariseno ssstt stt biarkan ibu negara bicara dahulu";"330884861";"putradityas"
"17929587240101591";"1780421893";"Kurban sapi aja pake dana APBN";"275077651";"reyhanikhsan"
"18428334883121285";"1780421894";"iya bunda";"60249658866";"__ghinasyifa"
"18148781212497704";"1780421933";"Tempo tetap independen ya karna dr video² bocor alus politik di yt yg gw tonton arah nya jelas klo dari tempo itu nge kritik rezim sekarang yg banyak sekali kejanggalan dan memunculkan data + fakta di setiap video nya (gw lebih suka yg begitu) . Kritik dalam arti keresahan masyarakat yg harus bisa di sampaikan, disuarakan dan sampai ke pemerintah. Keknya emang lebih plong konten kreator bersuara di yt sih ya dibanding ig, ig udah full di kontrol rezim biar berita yg di sampaikan berbanding jauh terbalik sama berita yg di yt . Masyarakat udah pinter kok sekarang, bisa bedain . Dari komen²an netijen udah banyak yg gak setuju mau berita apapun yg datang dari pemerintah, warga instagram banyak yg cerdas dan kritis gw suka";"4271016605";"hsnhzchaniago"
"18169561813422986";"1780419461";"Bisa nggak sih, ada kursus komunikasi publik untuk para pejabat? Biarlah ditanggung apbn kita rela";"2138616853";"rezadivebanda"
"18095614289181916";"1780419463";"semakin di klarifikasi maka semakin yakin itu adalah fakta yg tertunda😂✌️ @teddy_hq laporan perjalanan dong tranpasaran dilaporkan. hanya sekedar omongan semuanya bisa bicara 🤪";"61849119244";"metanviika"
"18103569373899629";"1780419467";"Tangggungnya APBN lahh.
Kementerian di cut tapi Presidennya plesiran 😂";"39264137419";"alllddy_gherald"
"18593455147032087";"1780419477";"Kurban aj pke apbn 💅";"2010723328";"koh_rby707"
"18082494773402483";"1780419494";"Kumaha bapak bae";"3627968216";"mulyadila_"
"18092092979205605";"1780419499";"💅💅💅💅Slaaayyy";"340044216";"rizkideejee"
"18112961087494893";"1780419516";"Indonesia kuuuuuhhhh 😢";"63186621423";"mantriracing9"
"17991786602978634";"1780419534";"";"57667279427";"raihandntr__"
"17913663063399852";"1780419562";"😂";"2221210687";"nandanggaza"
"18091325492022636";"1780419592";"Kurban aja pake APBN 😂";"2008485597";"nwarman"
"18104348495069916";"1780419638";"🤡🤡";"6221548605";"satukomaenamsatudelapan"
"17939010588245679";"1780419640";"";"6208406985";"just_rochmad_75"
"17925873987122252";"1780419648";"halah";"14287624453";"misafrn"
"17942177388035450";"1780419658";"Tedy tedy .. 💅";"2323203502";"ty0_93"
"17891197227511549";"1780419731";"🤣🤣🤣";"3599496643";"mhmmd_nrdn"
"17949786804178821";"1780419745";"bingung sama yang bilang dia ganteng 😂";"4921466842";"azrielfirdausss"
"18086239520267351";"1780419753";"💅💅💅@dennaudria";"32639358";"ijnap"
"18048010397550057";"1780419813";"";"4895294144";"rino_drain"
"18084425555417735";"1780419863";"😂";"8963989939";"arryrhmn"
"17956782899965927";"1780419869";"Bela terus sampe d arab ada mbg";"4473245914";"lutfhymaulana"
"18094559639522764";"1780419916";"😮";"12862881620";"afif.jamalullael"
"18216605203335770";"1780419935";"Jubir nya kemana?";"1530764071";"yogafebriansyah_"
"17909527338414591";"1780419941";"ted ted @tedy_13";"48276129263";"rizkekkk._"
"18053761469584595";"1780419978";"Mau percaya tapi Qurban aja pake APBN.. 😂🤣";"5625794514";"sihite.jr"
"18017181512891212";"1780420010";"Bowti";"1379443968";"aldyaaansf"
"18051001535749375";"1780420025";"Buna 🫦";"1455924520";"andri_budiman05"
"18352533907246472";"1780420054";"Bowtie";"35151353851";"aldidaeng_"
"18131810302517016";"1780420066";"💅 ☺️";"2215822636";"baaiidd"
"18110802466931999";"1780420128";"Makin hari makin  eneg w liat muka nya";"3240766613";"hadiputraa"
"18126628780545076";"1780420145";"Yang aku dengar "maskara, blush on, foundation, tas louis vuitton, tas dior lady large, four season hotel, happy birthday"";"1140096768";"aabaliya"
"17984868201006767";"1780420147";"Diam adalah emas buna, mending diem deh";"2324740503";"suthrema_sisca"
"18092430289988511";"1780420152";"MOSOKKKKK?😏";"1651883960";"adiimron"
"18455320768112996";"1780420203";"dajjal gak selalu bermata satu, bisa aja berbiji satu wkwk";"1759475391";"irwanstywnn"
"17891239173509422";"1780420211";"Dihhh";"4253670186";"fatim.nf10"
"18122840302577976";"1780420244";"Hrs dia yg mejlskan? 😂😂😂 tugas dia? Kaya ya presiden Indonesia menanggung biaya nya";"213929235";"resiregar"
"18052617527751140";"1780420290";"";"220265380";"mfirza"
"18146756677452689";"1780420314";"@teddy_hq ngibul";"5430786546";"agustsst"
"18074167139659362";"1780420325";"tangan kiri ya, mas itu ?";"681736262";"fathirsss"
"18066747278398108";"1780420328";"Hidup mbg🤣";"2162736969";"dei_corner"
"18109199651485775";"1780420350";"jgn melotot terus pls takut, aku sampe tutupin pake kolom komentar😢";"48867072251";"nahla._.07"
"17931387027282212";"1780420380";""pernyataan kamu usil💅" 😭🙏🏻";"1957095063";"naufalllra"
"17867985153684734";"1780420385";"@thor_bar_bar kak😭😭😭😭 ngakak😭😭😭😭";"210124037";"sgrrane"
"17943683181207458";"1780420424";"Harus di audit dong, jangan cuma klarifikasi sepihak... Koq kayak perusahaan milik pribadi.. INI NEGARA MILIK SELURUH RAKYAT INDONESIA...";"64765284181";"wahyudien707"
"18100772126033719";"1780420444";"Qurban aja kemaren pake APBN apalagi ini keluar negeri. Masa iya pake uang pribadi 👀";"1437097000";"febri_hata"
"17891695596522002";"1780420456";"Kerja yg bener, jangan liburan Mulu duit pajak buat traveling 😂";"75431270374";"ikhsan_9606"
"17884660800412645";"1780420490";"Nguawurrr";"752384241";"yodie7"
"18076649186657698";"1780420492";"";"5929690119";"iqbalnvr"
"18119020324741539";"1780418532";"Anjenggg 🤣🤣";"2284906026";"denoks__"
"18112252303870091";"1780418550";"seingatku, waktu berpasangan sm Sandiaga uno , biaya campaign dll yg banyak justru Sandiaga Uno..oh faham saya, skg kan udah menang yaa dl kan 20th ga bisa bisnis ya ga ada duit gt yaa? Paham2, tks ya";"56519446802";"fbo_hafidz10"
"18093559514213820";"1780418600";"kata gua mending lu diem deh tetd";"56583779080";"afi.fyro"
"18071535803336992";"1780418616";"Pirakuuu ah";"7902447232";"buboi279"
"18399903019152517";"1780418625";"@yadie_sirat nah logis tuh, kenapa cb ? Karena masak biaya hornymoon pake uang negara, mungkin itu yang dimaksud ehemmm";"56519446802";"fbo_hafidz10"
"18455696185118049";"1780418644";"💅";"3272618415";"valeriehouse155"
"18100792247036852";"1780418648";"@givaar_";"2016023262";"dimasajitamaa"
"17907199899421842";"1780418650";"Bawang merah udah 66k perkilo, anjir urusin negara jangan ttaveling mulu!!! Noh Aceh Sulawesi masih gelap!!";"5934211642";"meloveheandshe"
"18118785127785734";"1780418697";"SIBUUUUK MENJELASKAN";"2005443598";"ryanamukhlis"
"18370444948224244";"1780418727";"";"27213109219";"yth.aeri"
"18453849994119536";"1780418727";"Ditolak di Italy beneran gak si 😂";"1810919027";"ekas157"
"18046094450783094";"1780418822";"cuma bisa klarifikasi, tapi nihil data dan bukti transparansi 😂";"53286589647";"najwandotcom"
"18094986265954345";"1780418851";"Dikurangin orang nya KARENA ELU POSESIF CEMBURUAN";"239345871";"nanajohnct"
"17949187755078235";"1780418855";"QURBAN ajah pake APBN padahal QURBAN adalah dari Pribadi masing²";"3038917384";"desmotelalazhar"
"18361863271232056";"1780418861";"Pak Dino kasih kritik dan solusi yang jelas, udah terima aja ga usah malah ngejawab. Dikasih tau orang yang lebih tua dan berpengalaman malah ngelawan.";"38559727222";"pplparticle"
"17890790040513124";"1780418913";"Bacot";"3999151284";"obichipit"
"18112880177495329";"1780418935";"😭😭";"4820565665";"paperrcuttt"
"18133469665559941";"1780418941";"Ah bisa gak si gak lewat fyp gua, padahal tadi lagi agak santai, tapi jadi kesel lagi gua. Yang kayak gini tuh nurunin IQ gak sih? Atau ngilangin iman ya?";"67025801647";"bagustrtmj"
"18123513469567309";"1780418977";"Apa bedanya TIBOTY. DULU ORANG BANYAK TP GK SERING KUNJUNGAN. LAH PRABOWO UDAH 100 LEBIH KUNJUNGANN LUAR NEGERI";"4025605220";"ridwan_syaputraa"
"18120276094664145";"1780418989";"Paling pandai bicara";"255886035";"puza_ad"
"18104926546969457";"1780418993";"😂😂😂😂😂 kakakakakakak";"4151913221";"wong_crb_5warrior"
"18032641808824087";"1780418996";"Mensekneg gw berubah jd Jubir😂😂😂😂😂😂";"609258254";"ummadamarantik"
"17879260521453776";"1780419024";"Kelebihan biaya ditanggung presiden, wow. Dulu 120 orang tapi jarang, sekarang dipangkas 40-50orang tapi jauh lebih sering, iya aja dah";"2335164177";"billyjontaniko"
"18119305978784159";"1780419031";"Mana rakyat mau percaya klarifikasi ibu negara";"5620062593";"edwjn_ardhjansyaf"
"17929671780320136";"1780419061";"negara punya instrumen lengkap untuk merias citra.";"2001443640";"bimo_ohyeah"
"17882798745581264";"1780419081";"1 kata : LUCU 🤣🤣🤮💩";"329354840";"azz_iklima"
"18073106696659023";"1780419091";"@habibie_moehammad 🤣🤣🤣";"2224310118";"aldi4290"
"18074860721305323";"1780419091";"Pejabat wajib transparansi mutasi rekening koran kan ya?harusnya gtu kan? Kalau iya boleh lah😹";"50309249688";"alkindiavicenna"
"18073172300321784";"1780419106";"tinggal bilang mohon maaf malah buat perbandingan , huh rusak";"55977574115";"bonnskuyyy"
"17877894081657197";"1780419109";"";"397878773";"maulanawali"
"18055499270737942";"1780419123";""Ditanggung oleh pribadi pak prabowo"
Ah masa...";"3559275946";"kamiliaan15"
"18133133272523919";"1780419158";"Buna bela suami";"336758991";"brianothello"
"17891834364480536";"1780419164";"tenan pora su";"21482414093";"wahyuwibwo"
"18123066814710286";"1780419170";"Omongan lu ga bisa kami percaya kalau tidak disertai bukti..";"1471222334";"elsaafsa"
"18122040163675350";"1780419222";"Dapat jabatan dari cacat hukum si paling anti kritik... Bangsat";"49058242132";"do_nal1987"
"18173635138414197";"1780419236";"SAPI QURBAN AJA GA KEBELI !!! 🤣 MALAH PAKE APBN";"3622356210";"hidayat_elgibran"
"18439644223185871";"1780419242";"HALAH NYOCOTTTTTTTTT";"43855049309";"kecrotansirup"
"18083196149425854";"1780419281";"Si cebol nge bela 🤣,";"61606635590";"irenmufi2023"
"18134217487563026";"1780419291";"💅";"4816840648";"nurani_sayang"
"17935384680084801";"1780419327";"50 orang tp sering bgt perginya ya kan bun";"896494507";"chyntiacya"
"18053540648760521";"1780419358";"🤣🤣";"74304664923";"adrismuhammad22"
"17890319142536966";"1780419394";"Wapres";"74446488897";"yan_satoto"
"18165293092441721";"1780419414";"Syukur2 bener yaa ceu pakai duit pribadi, tp klo kita tanya perincian anggarannya awas klo jawab 'pokoknya ada' 💅";"2102640365";"shiellymaharani"
"18079136885201826";"1780419449";"Ny.teddy 🔥";"6316030492";"roti_gandum23"
"17862866934594217";"1780419461";"Botii ohh botii";"58202365074";"physicist_on_top"
"18101187512013526";"1780417765";"jilat terus tuh biji bun";"52830372784";"akseina_"
"18458605600104525";"1780417805";"Percaya kalian kalo “ditanggung sama biaya pribadi Prabowo”, kalo gini mau gua lebih percaya sama omongan gufron 😂";"6816924598";"ahmadfarhans_09"
"18119107789793648";"1780417817";"siap noted mbak 💅💅💅";"26253116850";"howareyoufajr"
"18142105753519518";"1780417825";"";"1640968575";"ahmadaniboy_"
"18098172281518352";"1780417834";"Sekelas seskab menjelaskan aja tanpa data yang detail? Berpa total biaya 1x kunjungan dan brp rupiah yang dtanggung pribadi presiden??";"2834764223";"prabowomada80"
"17974241892044157";"1780417880";"";"379946774";"bastianr89"
"17868491157546801";"1780417893";"Mirissss baca koment";"5662242622";"didikharyadiii"
"18113173600877317";"1780417915";"“SEPAKAT”";"606156254";"jeffkingd"
"17932081203270284";"1780417921";"Masak , kamu yakin pak🔥🔥🔥🔥";"1959429606";"wyudi_tri"
"17871279816654657";"1780417940";"@sahamdaily setuju, sudah lama enggak dengar pribahasa ini...👏👏";"1538255403";"denny_lukas"
"18126455875623584";"1780417972";"@thor_bar_bar iya lagi 😂";"3059774266";"ria_grooves"
"18442782637184117";"1780417978";"";"80686194806";"golum666_"
"18104721287075447";"1780417984";"Apaan sih ti";"1421036139";"hell._.othisiskez"
"18096632816332845";"1780417999";"@filuvfa tpi buna sayang ngomongnya pede bnget, berasa nyindirin anak yg baru magang kerja 😂";"77542753796";"endang.yumiati"
"18084386192437122";"1780418000";"stop buna teddy";"7689105504";"giees._"
"18587433901028619";"1780418001";"brisik bot";"71713097761";"starthewitch____"
"18203525944355861";"1780418009";"💅";"1704429533";"muslihaaamir"
"17948556714078477";"1780418013";"";"4555229387";"irhab_kh"
"18006619694867779";"1780418022";"gay";"72366097013";"moi.yoan"
"18073591760320200";"1780418056";"Jujur, buzzer nya mereka serem serem guys 😩";"3579317046";"haikalmuaz"
"18105300130993048";"1780418063";"Siap buna";"415445122";"cepiharyawan"
"18005384684744680";"1780418083";"Lebih percaya fans arsenal bilang saka lebih baik dari prime cr7 daripada omongan ini luwak, kurban aja pakek apbn tel";"563057542";"jejesetyawan"
"17916856233383660";"1780418103";"Qurban aja pake uang negara, apalagi ini";"4138200425";"fauzi_fernando19"
"18205496089353492";"1780418112";"💅💅💅💅";"64020552987";"searchforfahri"
"18082927142530539";"1780418132";"Pler";"1365664506";"lintang_azhari"
"18105188936473343";"1780418206";"Maaf pak sy gak percaya, beli sapi qurban aja pake dana APBN (gak mau rugi, padahal kaya raya loh) apalagi biayain perjalan dinas, ups..😂";"4608434514";"romdoni52"
"18033286181804830";"1780418212";"Hasil dari perjalanan ke luar negri nya apa mbak ?";"848793339";"isan_poison"
"17884877580581155";"1780418232";"";"6045047244";"ferry.boor"
"18105179876058990";"1780418234";"@rico_ap09 itu loh, utk beli kue ultah, kasih kado ultah, kasih bunga sma party rayain ultah itu, pakek uang pribadi. Masa gitu aja gak paham sehhh. BunTed...lu gw belain nih yaaa";"77542753796";"endang.yumiati"
"18069830918364456";"1780418244";"@teddy_hq 🤣🤣";"6628748735";"habiib_28"
"18098769050131113";"1780418251";"Baper yeeee.. 😂";"3654189573";"reza_audiwirya"
"17952145347160878";"1780418333";"Prett";"4289055173";"agussujepri"
"18065542598431534";"1780418335";"negara ammburadul.. karbitan gak ada gunanya untuk negara.. hanya di peliharaan di kabinet";"2263222567";"roeslie_zhavie"
"17978901690060908";"1780418348";"Diem lu bunda";"6189783945";"tenooktoo"
"17875306959610516";"1780418355";"😂😂😂";"576931727";"itsd.ah"
"18109568419904007";"1780418355";"Mutasi rekening";"1966966755";"dimas_atmdjh"
"17881492275437178";"1780418381";"ee ee ee ee ee ee ee ee ee ee ee ee";"5871134075";"imamguh_"
"18070358468691937";"1780418387";"Kutu loncat";"4703378117";"saipul.hadi1"
"17922316692359298";"1780418429";"Baru presiden yg ini, yg ngoceh ajudannya mulu, so eksis lu buntii";"5900041789";"danishawardah92"
"17889974709517392";"1780418440";"jumlah rombongan dipangkas tapi keluar negrinya 700 kali";"50801602310";"iniepilhellooww"
"18093494506999005";"1780418491";"@martakhen catett bg.. Yg dtanggug nya cm "klebihan bayar" Klo ndak blebih bayarnya ssuai bon yaa brrti kn negara yg nanggung😂😂🔥🔥";"1639700193";"aiichaa_iichaa1507"
"17916750741182631";"1780418498";"Perjalanan dinas pake dana pribadi. Qurban pake APBN. Tidak vantassss ~";"1543728109";"zahrinaazhar"
"17870158140619752";"1780418517";"@teddy_hq mencampuradukkan uang pribadi dan uang negara itu fatal. Masa hal sesederhana ini aja gak paham.. -_-";"80597919528";"vickykurniawan.id"
"17877603666666852";"1780418523";"";"1504154742";"cep_suwanda"
"17884385742578307";"1780418531";"Deymmm";"9545433811";"fauziillham__"
"18137841991479087";"1780417173";"Qurban pakai APBN, Perjalanan Dinas pakai uang pribadi. Yakin ga terbalik? 😒";"1499221319";"shanifah1110"
"18098546909133380";"1780417181";"`
Ketika Kedaulatan KONOHA Terjajah dalam Perjanjian Dagang..
Timbul pertanyaan..";"45756689244";"pejuangdanpengembara"
"17916038355390084";"1780417202";"Investor di KONOHA tidak nyaman lagi dan ingin keluar.. & beli dolar.. 
Katanya.. Katanya..🎼";"45756689244";"pejuangdanpengembara"
"18006838490872607";"1780417213";"💅";"55059631692";"brewok.steam"
"17902634271434382";"1780417229";"Hikayat 
Ibadah kurban tetapi bukan Ibadah kurban! tetapi kategorinya 
program bantuan/bansos, bukan ibadah kurban mandiri..
`
Ibadah kurban dengan hewan yang dibeli menggunakan uang Rakyat (dana APBN) tidak sah diakui sebagai kurban personal (ibadah mahdhah) yang menggugurkan kewajiban pribadi..
qurban >>> penyembelihan hewan ternak sebagai ibadah..
`
Masalahnya seharusnya bukan atas nama pribadi pejabat!
Seandainya memakai "Uang Rakyat/Negara untuk Rakyat" 
BEDA NIAT 
Harus wajib DINIATKAN  dan DINYATAKAN DI ATASNAMAKAN sebagai 
"Uang Rakyat/Negara untuk Rakyat" (bukan atas nama pribadi pejabat)..
Pengadaan Barang/Jasa (PBJ) Pemerintah
Semua pengadaan ribuan ekor sapi dengan “Anggaran Bantuan Presiden” wajib mematuhi mekanisme Pengadaan Barang/Jasa (PBJ) Pemerintah. 
Sifat dana tersebut adalah uang Rakyat/ negara (APBN/Baitul Mal), sehingga tidak boleh digunakan seperti dana pribadi. 
Uang negara = wajib taat Pengadaan Barang/Jasa (PBJ) Pemerintah. “Anggaran Bantuan Presiden” bukan dana pribadi, jadi semua sapi harus lewat aturan Pengadaan Barang/Jasa (PBJ) Pemerintah. Apakah sudah sesuai mekanisme Pengadaan Barang/Jasa (PBJ) Pemerintah..";"45756689244";"pejuangdanpengembara"
"18402041248159049";"1780417230";"";"31610243565";"hendrag86"
"18427178020193470";"1780417287";"50 orang x 54kali.... 🔥";"4481580101";"novisukamto"
"18079324802374457";"1780417311";"speak truth to power";"1670862209";"srihelusi_"
"17963323059065718";"1780417312";"Mau klarifikasi apa gimana sii ini?😂";"5460784413";"alan_moris8"
"17910597081224682";"1780417313";"Bunda bela papi";"23627979818";"hawawi.lad"
"18104739250790910";"1780417330";"Preeeet";"64160073729";"elsiyanti22"
"18594586462058632";"1780417353";"rombongan berkurang tpi frekuensi kunjungan bertambah. hadeeuuuh";"1670862209";"srihelusi_"
"17948808981168380";"1780417358";"Berisik";"1187717532";"ciptadir"
"17904463830430689";"1780417364";"pokoknya ada";"41945404373";"iamazrill"
"18110494999915715";"1780417365";"Nenna'";"4338439878";"anchamhrd"
"18104854963955254";"1780417373";""Kalian Orang desa gak pake dolar".. 🤣
Konon kabarnya yang suka jalan-jalan keluar negeri kan Presiden KONOHA, sekali jalan bisik-bisiknya Rp20 M kurs lama, makanya bisa bikin pesta gelap dong ? eh au ah.. glap..aw..aw..aw.. fufuf4f4 fufuf4f4 fufuf4f4 fufufafa fufufafa fufufafa fufufafa..";"45756689244";"pejuangdanpengembara"
"18361698031239349";"1780417375";"😂";"2288664791";"wiratama_sakti_a"
"17919212976371440";"1780417378";"";"8714274506";"starling_menteng"
"18270791941294311";"1780417385";"qurban dibayar negara menggunakan apbn, apa kamu percaya perjalanan dinas ditanggung pribadi diri itu";"2883420614";"efebeeri"
"18342517243173276";"1780417390";"Sst bunda bersabda..dengerin doonk...";"3119799031";"cro_cop2001"
"18085984853568699";"1780417396";"";"529313223";"gusbeam_"
"18057184265718758";"1780417401";"Geleuh";"14801794631";"ulanhee_"
"18121798777679440";"1780417412";"Bibirnya lentik";"12138253873";"ariss_saka"
"18393863857090341";"1780417440";"Kopettt ngerti ora kopet ?";"2003759743";"its.lmnz"
"17968133442076061";"1780417452";"Jelek bgt sumpah.";"53814927732";"lovelylinal"
"18152254258492313";"1780417456";"Berasa gak sih sejak bunted "berkuasa", si juragan kodok berita kasusnya selama 10 thn tenggelam aman dari sorotan publik??!";"1483573466";"kamilassegaf"
"18087483044527326";"1780417460";"Timbul pertanyaan..";"45756689244";"pejuangdanpengembara"
"18113481295846760";"1780417470";"Pokoknya ada";"45756689244";"pejuangdanpengembara"
"18165259870436241";"1780417476";"Gausah sok laki deh ibu negara🤣💅";"43207390859";"denyseptiannar"
"18111379996782184";"1780417482";"@afwilriadi banyak bual e";"3947513618";"_pkmde"
"17969834534908110";"1780417506";"Kayak lagi liat rumah tangga suami dibel istri😍";"16225599846";"hendra_trm25"
"18001614245945950";"1780417512";"💅💅💅 selalu slay💅💅💅";"4703378117";"saipul.hadi1"
"18165369085437303";"1780417527";"@syanaini wkwk berbelit² aja kak 🤣 gak dijelasin detail nominalnya🤭";"1503791254";"anggundwilestarii"
"18098706569323601";"1780417537";"Dibelain dong namanya juga yayang.. mau kayak mana n siapa yg kritik tetap diamggap benar adanya.";"39419570013";"tutiismail2020"
"18031492568804505";"1780417547";"Halah dobollll banci Sitok Iki nehh";"20646123904";"nng.w18"
"18123017971724468";"1780417547";"Pokoknya harus dari kanan anglenya 💅💅💅";"4703378117";"saipul.hadi1"
"18165965314429458";"1780417558";"aura cewek kang labraknya kenceng banget";"746501369";"putrimyng"
"18165424708435346";"1780417559";"😂";"1466417652";"oktavianrdh"
"18101951990025859";"1780417569";"Muakan tuh si Teddy , mana nih penggemar nya banci 1 ini";"20646123904";"nng.w18"
"17949683004176077";"1780417590";"Republik fufufafa..";"45756689244";"pejuangdanpengembara"
"18143120287518761";"1780417613";"Ini negara kayak seenaknya mainin aturan akuntabilitas publik. Sampai2 soal separation of funds dianggap sepele. Ngerusak konstitusional, reputasi politik, dan governance 😂";"5551384162";"3013juta"
"18102966242025851";"1780417638";"Waduk angsa blog ah";"1375692380";"dddeerryyy"
"18096811034263708";"1780417660";"";"1605615785";"m.akromudin"
"17891085018487700";"1780417673";"Udah males banget liat orang ini";"60825506819";"bylaa055"
"18599674258010288";"1780417705";"Rombongan dikurangin tp buna tetap ikut💅";"1016843196";"anggunfatmayanti"
"18039861887633441";"1780417718";"Bacot teddy";"1593985169";"haitinadewa"
"18119826214786358";"1780417741";"Buna 💅💅💅";"6441886094";"wigunamahesa"
"18123447754730662";"1780417744";"SILIT  KEBO";"68458689264";"junaedi1777"
"18076649114265432";"1780416706";"Makin takut investor Masuk ke Indonesia, Tata kelola keuangan negara saja gak jelas, gimana investor berani tanam uang di Indonesia";"4491059379";"fahmil_zory"
"17901300912448777";"1780416745";"Sakit bgts ini negara! Ehh tanggung jawab yg kemarin pd pilih gemoy joged2!!!👊👊👊";"1152867236";"revivewithpure"
"17869711956682616";"1780416755";""SEPAKAT..!" 😂🖕";"4519264536";"nelson_mnllg"
"18107047642844159";"1780416756";"Wajah nya kok kayak aura gelap gitu yaaa😮";"1538245756";"nampaw14"
"18093072353019757";"1780416766";"";"5681695255";"lutpiao"
"18111067810906940";"1780416771";"Ngga percaya dgn klarifikasi lo ted. Lebih percaya Billie lahir di Ngajuk 🙏";"305683221";"laila_rismawati"
"18422535940134334";"1780416773";"🤣";"1538245756";"nampaw14"
"18100348903888433";"1780416778";"@y🤣adie_sirat";"1538245756";"nampaw14"
"18621780886008135";"1780416798";"🤣🤣🤣";"471828122";"pinyusky"
"18425533162122796";"1780416804";"Botaiii eeemnn";"1538245756";"nampaw14"
"18093472646018004";"1780416812";"@lembuwiworojati jgn mancing2..";"2332174556";"uglybetsy"
"18010148192863701";"1780416816";"@yulianayuliana9045 HAM aja dilanggar gimana cuma UU kecil kecilan begini. Batas usia capres cawapres aja dilanggar, apalagi cuma UU duit yg bagi mereka recehan gini doang. Mau berharap apa bang?😂😂";"1184246774";"ahmad_higuita"
"18594577417041209";"1780416817";"mukanya kaya abis ngefly longsor";"68071502566";"yehe.23"
"17950147692180495";"1780416836";"@nabilasyfrr";"39153284";"sfr.aden"
"18102899962839803";"1780416871";"@aylaadanu 😂";"8301996767";"wrjuwitaa"
"17899666275451886";"1780416874";"Jauh dr jobdesk nih";"458622417";"airhrdjo"
"17902919658434650";"1780416874";"Jumlah rombongan berkurang tp intensitas kunjungan bertambah, plus kalian pilih menginap di hotel mewah dan bayar M-M an, ya sama aja kan sesuai dugaan, lebih parah, sini coba mana bukti pembukuan anggaran dan berapa yang dikluarin sma dompet pribadi?";"42340606631";"nyemas_awanda"
"18101668891858728";"1780416896";"🤣🤣🤣aku ngakak liat komenmu bang";"49162699415";"faihz_4"
"18025713815821435";"1780416905";"Apasih ted";"361438128";"mzainfachriensyah"
"18120104287664839";"1780416916";"@thor_bar_bar 🤣";"7475813521";"nafhanazka"
"18423600040133770";"1780416928";"Maneh Saha sih wkwkwk";"6403499453";"mayafauzz"
"17913529167203528";"1780416935";"107 orang juga jarang jarang ke luar negri . Prabowo 60 orang hampir tiap bulan";"48039589761";"rngky25"
"17864903031687872";"1780416948";"Serius gini komunkasi seorang seskab nyerang personal? Ini mah emak-emak beli sayur di tukang sayur, nyinyir @teddy_hq";"12261072731";"kongxkongxkong"
"18096983419932475";"1780416948";"bla bla bla, pak kok gapunya leher";"262924506";"rwidiwijaya"
"17943340554211434";"1780416982";"@koreandramanews badan jg itu buntek kaya lepet🤣";"7278110449";"ami_saja84"
"18088658294069562";"1780417009";"YA GITU YA.....";"538950107";"j_roosee"
"18465863398104540";"1780417010";"@teddy_hq";"75050227519";"misqul_firdaus"
"18270790576294982";"1780417020";"@teddy_hq";"75050227519";"misqul_firdaus"
"18082458737560789";"1780417038";"@teddy_hq";"75050227519";"misqul_firdaus"
"18010600478884893";"1780417046";"@teddy_hq";"75050227519";"misqul_firdaus"
"17975179467020933";"1780417064";"Apasih ted";"6081245331";"adtmarmdhn_"
"17891956533531521";"1780417070";"Alkisah tentang embargo bukan eMBeGe
Contoh Kisah Nyata 
EMBARGO IRAN 47 TAHUN
Tapi kok 47 tahun diembargo, masih tegak berdiri ? Kehidupan masih berjalan, bergulir, bahkan tambah sejahtera, damai dan tumbuh kembang... Chill. Santuyyy.
Di balik itu semua, ada strategi² yg mindblowing — yang justru berbalik jadi keunggulan Iran dibanding hampir semua negara di dunia.
TAKEAWAY: Iran mengajari sesuatu yang simpel..
KONOHA fufufafa..";"45756689244";"pejuangdanpengembara"
"18327830527251353";"1780417075";"Bohong! 
Bongkar bukti belanja presiden, bohong banget pake dana pribadi presiden.. 
bohong!";"62752639613";"amel_linds"
"18166202902439673";"1780417084";"";"7591628343";"widodotextile"
"17974678655886901";"1780417088";"Bohong";"3631179671";"navy_seal_team_six_"
"18101111171027031";"1780417089";"fufufafa (fur4-fur4 tidak tahu afa-afa).. fufufafa..fufufafa..fufufafa..";"45756689244";"pejuangdanpengembara"
"18395786917087926";"1780417097";"Pokoknya ada";"45756689244";"pejuangdanpengembara"
"18117446182690887";"1780417107";"Berawal dari gotong simpatisan pingsan waktu kampanye 😩";"3985095512";"markudzay"
"18104124401006709";"1780417109";"y";"37028880394";"grefaelzefano"
"18079120661236962";"1780417130";"Uang lebihnya cuma 10k, jdi kesimpulan siwowo cuma nalangin 10k doang😂";"2314798449";"riomaradollisiregar"
"18105284579076592";"1780417135";"Salah satu tujuan penting dalam menuntut ilmu adalah untuk menghilangkan kebodohan, baik kebodohan yang ada pada diri sendiri maupun yang ada pada orang  lain. Bahkan hal ini menunjukkan benarnya niat seseorang dalam menuntut ilmu.";"45756689244";"pejuangdanpengembara"
"17986112981827405";"1780417154";"`
HIKMAH KISAH/
CERITA ORANG-ORANG TERDAHULU 
---------------------------
Kekuasaan itu runtuh dari dalam, dihancurkan oleh ketidakadilan, dan kegagalan dari memahami rakyatnya sendiri. Negara yang kehilangan arah..
"Negara Gagal, Kegagalan sistemik"..
Pejabat publik/Pejabat tinggi/jenderal nya pada badan publik hanya menyelamatkan kepentingan pribadi..
"Negara Gagal"..";"45756689244";"pejuangdanpengembara"
"17869198899620161";"1780417172";"judeyz neeek💅🏼";"39838731";"prityas"
"18088264610068719";"1780416081";"ngibul aje lo kodok bangkong😂";"2532543756";"undrgx66"
"18053420501755211";"1780416095";"Bct";"46391665840";"dian_anugrahhh_"
"17968376844079461";"1780416114";"🤣🤣🤣🤣 seruuu, mana lg tanggapan pembenaran nya ayo.....";"7393075898";"framiagusti"
"17978695163859452";"1780416114";"Sapi kurban aja pakai anggaran APBN, apakah rakyat percaya omongan dia. Lagian jaman Presiden Prabowo itu yg paling banyak pergi ke luar negri sepanjang sejarah kepresideban RI";"2307789573";"ellyyulianti8222"
"18104875661064297";"1780416130";"Idiihh kenapa harus dek tiwi yg jawab...bukan dirimu harus nya yg jawab kritikan pa dino..mana melebar kmna2 dan ga sesuai substansi nya..😂";"47056696497";"istheman_thardja"
"18056888756718746";"1780416136";"@koreandramanews jgn ngasih ide kak... ntar dia jd pengen kunjungan ke korea pula";"42983794";"amelia_vgl"
"18138796816553055";"1780416139";"";"2160898920";"sandyahmad.1897"
"18437674705190673";"1780416139";"Buka2an data lah Ted, jangan BACOT doang";"1139510390";"ibnoe.hamzah"
"17883787161591594";"1780416164";"Owalah ted beted modal jadi seskab karbitan aja belagu banget ngatain pak dino pati jalal cuman wamen luar negri 3bln.. sebelum dia wamen dia udah jadi diplomat saat ente masih belum sunat";"80249376664";"handikajoda"
"18113360588306441";"1780416177";"@saint_iman tinnnnn";"20106562466";"penggemarestehdankopi"
"18083691851628451";"1780416187";"@thor_bar_bar 🤣🤣🤣🔥";"62611592998";"aulia_88268"
"17864081379630846";"1780416190";"Diem ga";"2018618720";"cha.niez"
"17987669822817627";"1780416209";"Dikasih masukan bagus dari Pak @dinopattidjalal malah ngamuk2 gak terima. Memang lu anti kritik. Tiba-tiba si Habib jadi pahlawan kesiangan biar terlihat sebagai pahlawan sang tuan. Konyol!";"71634887851";"nakarawaurina"
"18139336723469318";"1780416228";"Slay💅";"541096375";"_______varmind0"
"18173609311410641";"1780416234";"Kalian percaya???";"2095352885";"wifrotunnisa"
"17931957225272960";"1780416244";"@thor_bar_bar 😂🤣😂😂🤣🤣";"1584621295";"putraditiro"
"18010427816858275";"1780416269";"suami lu mana bund, kok elu yang klarifikasi";"53489748826";"aleafawr"
"18164435275446780";"1780416269";"GUA PERCAYA, KOK, PERCAYA 💅💅";"9874466605";"callmemars666"
"18086801693383870";"1780416274";"Gado gado enak di campur ini kurang asem";"63678717198";"ajunalpatah"
"18117692809685963";"1780416286";"Nyawit";"4939259612";"uzhokagain"
"18324432379283925";"1780416317";"Kelebihan biaya ? 😂 60 org yg brgkt biayanya berlebih 😂 dr pd 120 org";"541096375";"_______varmind0"
"17934143157268045";"1780416320";"cangkeman wae koe ted";"25763871202";"z1onis"
"18105708800296478";"1780416325";"New Pusat Dunia";"185940195";"galuhnastassja"
"17939665350257440";"1780416334";"Buna instruksinya jelas anak buah dilarang ke luar negeri situ menjabat baru 18 bulan tapi mengalahkan rekor kunjungan perjalanan presiden2 sebelumnya.Tiru tuh presiden Meksiko,negaranya tdk lagi baik2 sja dia mengurangi kunjungan ke luar negerinya agar fokus ke urusan domestiknya.Anda pikir Indonesia lagi baik2 aja,kita emak2 sudah teriak dengan harga-harga yg melambung tinggi,belum lagi pedang yg sdh banyak gulung tikar,kriminal di mana2 krna para abdi negara sibuk gantiin tugas tani.Jangan sibuk nyari pembenaran buna,terima itu dan lakukan perbaikan";"1075367035";"vina_ocsava"
"18125969608622796";"1780416334";"Kelas Anak magang  sebelum skripsi... Sementara jabatan nya tingkatan pasca sarjana... Mana bukti nya biaya pribadi... Orang bisa ngomong apa saja tanpa bukti...kasihan dan Ngeri Indonesia";"3915467582";"krislangga_"
"17932240470268362";"1780416342";"";"202374660";"syfahrina"
"18101909726109189";"1780416358";"katakan preeeetttt";"197978775";"angie_gita"
"18087385904232652";"1780416404";"Eeeee eeee emang boleh?";"1532951291";"nurynf__"
"18093167630245362";"1780416411";"Anj😭";"4783388299";"widiaputriii"
"18226699900315637";"1780416427";"bun teddd";"447043165";"raihaniqbl"
"18103737259821824";"1780416431";"😂😂😂😂";"1417524103";"sentrisdooms"
"18088235639578267";"1780416444";"Kurban aja lu pake APBN kamvret";"8500638600";"touchme1003_"
"18081594557410681";"1780416448";"";"208510922";"putrasangfajar"
"17927108532321479";"1780416464";"Reaktif menyerang itu tanda insecure";"46084388919";"reycantona"
"18123085858566383";"1780416530";"@amerioruci aku perempuan loh mas, nggak kaya gituuuu";"195139243";"renatavalenza"
"18076312892660206";"1780416534";"Bun";"1746175529";"yashintapradinaa"
"18203995258354290";"1780416550";"Eek";"1584432957";"farisee06"
"18456813328112593";"1780416563";"Terserah";"78096264679";"adisujana77"
"17917370787381479";"1780416591";"Gemoyyyyy";"1028036369";"_septiansyah.a"
"17929666926326637";"1780416610";"karir tedi melejit bukan karena bintang..tapi karena matahari";"47874267633";"gigitampunkaofficial"
"17885160816412819";"1780416611";"@thor_bar_bar Cilok 😂";"1553763656";"wsatriawati"
"18101058848026278";"1780416613";"🤮";"5471244939";"bglonee"
"18442321207191405";"1780416629";"😂😂😂😂😂😂😂 nge lucu aja terus";"26273680187";"strobistpalu"
"17921880381360089";"1780416632";"Slayyyyyyyy gurllllll 💅💅 i know ur hubby always wrong 🤣";"3151845980";"laraspttt"
"18154266667478982";"1780416632";"Lebih sering liat dia klarifikasi daripada gibran 🤣";"1690508421";"naftalenaaffizar"
"17928601047325945";"1780416664";"🐮: aink te percaya!";"4291479367";"yana_annay17"
"17899224858454550";"1780416683";"Bijimu ikuuu";"51733342672";"skinnyburny"
"18014599265893583";"1780415578";"Tae sekebon";"3208770567";"mohroshdq"
"18090463562458521";"1780415581";"@topglobalmiya__ bang ada temennya bang leher";"73535423537";"noticedicks"
"17893716285495819";"1780415595";"Atur aja teeddd~~ kami udh lelah ~~ nanti sm Allah aja urusannya yesss!";"1582014786";"ayu.amandaistiana"
"17892029961530968";"1780415607";"Tedtod";"326786611";"ya.prabawa"
"17915380224402585";"1780415620";"Nggak peduli sih gw ted";"28422162687";"russellized"
"18001981712938774";"1780415630";"Era 😂";"29984631";"panji_piano"
"18070311917690888";"1780415656";"LU PERCAYA??? NGGA😂";"3527741351";"triagung76"
"18103031351087401";"1780415666";"Kakk 🤣🤣🤣🤣🤣";"255110042";"m.shtg23"
"18146361196497270";"1780415668";"Pokoknya ada 💅";"31767114";"ramadreamer"
"18081790784171252";"1780415671";"sok cantik";"1454018790";"wong_kalem12"
"18364681222233111";"1780415675";"Pokonya ada😅";"2294350270";"sakmaddik"
"18422074183135105";"1780415675";"@thor_bar_bar ya ampun kak.. dr sekian banyak komen cuma komen ini yg epic 😂";"422925771";"ichabalf"
"17858626632643086";"1780415689";"Bohooooooong!!!";"53189497062";"bakancun"
"18066471032428245";"1780415695";"BUNA BOOOOOHHHOOOONNNGGGG.... !!😮";"1595238548";"mr.benmalin"
"18101592473033808";"1780415696";"Anak muda banyak kicau ... maaf y yg anda bicarakan itu kemampuan nya asli bukan karbitan 👏👏";"3274197599";"nongkhasyief"
"18110463425501062";"1780415714";"YA BERARTI REKAP BIAYA ITU TIDAK TRANSPARAN, HARUSNYA TIDAK DICAMPUR-CAMPUR SPT ITU";"48612105778";"andikahilmanpram"
"18103421350994037";"1780415725";"KOK BISA CAMPUR ADUK..LU KIRA NEGARA NGURUSNYA CAMPUR ADUK...";"3093698067";"davidsonkarokaro"
"18075454262433742";"1780415734";"yaudah sih makanya gausah bawa rombongan banyak, situ mau kunjungan apa pariwisata";"53460415816";"flowerscentt_"
"18101109328853916";"1780415738";"@arieandriyan kwkwkwkwkw bangeddddd";"1353267275";"lilissetianingrumm"
"18426944650121519";"1780415744";"@wahyu_nizarudin kalau pun di share, masih percaya?";"6995780704";"widhi.2133"
"18096683426225986";"1780415757";"Kok anda yg sibuk omonomon mamih mamih 💅💅";"280610833";"madyarizky"
"17916986565374929";"1780415810";"Sapi kurban kok pake dana APBN?  Kok yg ini cepet banget klarifikasinya.. Suss";"13867942631";"ssun_and_ri"
"18092922020262282";"1780415810";"@koreandramanews gw ketawa smpai kentut 🤣🤣🤣";"64282291209";"chaca_bandung"
"18070057859361260";"1780415811";"💅💅💅💅💅";"370851296";"bondanbn"
"17918984412166698";"1780415844";"😂. . . . 😂😂..";"1265430308";"melda_dg"
"18088513028375492";"1780415844";"elehhhh......";"4149518531";"erde_pak_udak"
"18104183806821625";"1780415852";"Ampun deh sekelas seskab gini amat komunikasinya, Indonesia kyk gk ada yg berkualitas aja";"1004815776";"er.hakims"
"18157172665460879";"1780415903";"😂";"8650384932";"lchs_chentfk"
"18100336214105277";"1780415930";"💅";"2178423169";"arioramadan"
"18086079803629154";"1780415932";"presiden aneh, rezim aneh, negara aneh";"9135620312";"esuteruuu"
"17866961694626436";"1780415933";"Manfaat tedi  bagi rakyat  apa y??";"6934937107";"siswanto_vdaa"
"18101782811518524";"1780415936";"@naqiahmadd_ percayaki? 🤣";"1600067653";"yu__tjo"
"18597315331047839";"1780415941";"Teddy ini sebagai apa sih bukan nya die TNI kok tiba tiba jadi jubirrrr pak gemoyyy";"5447591433";"zakiyah_libra"
"18377353282206258";"1780415972";"@teddy_hq anda sehat ????";"2183272642";"cc.neisa"
"17878943136459110";"1780415979";"Aamiin ya Allah";"4308720325";"dwikurnia91"
"18094784081337604";"1780415996";"Saya mau debat sama anda @teddy_hq .. izienn";"13687352169";"gustavvirzal"
"17919941616365461";"1780415999";"Rasional banget komennya";"1423087649";"egicgn"
"18155612134461551";"1780416013";"Buntiw sedang merajuukk💅";"1740786894";"eunji.eomma"
"18154160368424381";"1780416022";"💩💩💩💩💩!";"1539758798";"vifickbolang"
"18057171617733620";"1780416024";"Dia siapa ya? Bukannya kayak gni tugas jubir ya?";"76992641252";"sheiladw_"
"18077102414257501";"1780416038";"Beda kelas pejabat karbitan..";"77626733011";"nuraqsoaqsonur"
"18059380520723547";"1780416048";"💅💅💅";"9844137";"tkaxb"
"18125435602628741";"1780416062";"Ahh yang bener kamu 💅🤣";"69664270510";"m.khaylu_"
"18107111239748050";"1780416065";"kenapa yang di highlight harus pak Dino 🤣 kesentil ya kayanya";"146201103";"dnstnia"
"18101919721855228";"1780416071";"semalam baca di X, jokowi 2 periode (10th) total 58x kunjungan. prabowo sampe saat ini udah sekitar 49x kunjungan. belum ada 1 periode loh.. mau dikurangin berapa orang pun tetep ngabisin anggaran kalo world tour nya diterusin.";"4008982999";"yeukafi"
"18207336691344033";"1780415129";"@lembuwiworojati 😂😂";"1412553122";"adenurahmans"
"18086726654084308";"1780415132";"Percaya?? Qurban Apbn aja ditulis nama dia";"7941311240";"teukuiqbal1412"
"18078750515220047";"1780415135";"Hoam";"1490471509";"alittio_fy"
"17860656165637126";"1780415136";"@yadie_sirat beli sapi aja pake apbn, MASAK IYA perjalanan dinas dari kantong sendiri";"54824153";"adityaregar"
"18330178345265456";"1780415141";"@thor_bar_bar bangke 😭😭🤣";"1818282698";"vousmevoyez.k"
"18107730617297721";"1780415157";"Katakan pret katakan pret";"1818282698";"vousmevoyez.k"
"18107859452304541";"1780415167";"Pemerintahan prabowo andai pak Harto msh hidup & tau kondisinya spt skrg ini sy yakin pak Harto tersenyum & dia akan bilang isih enak jamanku to 😂";"44953248932";"agushermawan714"
"18103322269939657";"1780415172";"Goblooook";"2625052999";"fhatoni05"
"17892319860489104";"1780415187";"Kasihanilah diri sendiri kak🤣";"1818282698";"vousmevoyez.k"
"17884856208568838";"1780415192";"Yaudah, tinggal tunjukkan semua Nota pengeluarannya aja";"2213602638";"didihermanto.gtr"
"18395929069083898";"1780415192";"hufftt 💅";"44554234039";"ly_natall"
"17925486816344407";"1780415200";": Bun, coba kamu bikin video klarifikasi";"4346844999";"rachmanwp"
"18067048703403709";"1780415211";"Lah emang iyaa yaaaakk";"5749014583";"androsapulette"
"17891989134507103";"1780415215";"Mau dong bukti kuitansi aslinya…. *akuntingmodeON😂😂😂";"194609209";"estiutami"
"18100810171874871";"1780415231";"saya lebih percaya messi lahir di Garut";"2078326686";"oong_khoerudinnn"
"18043966886578734";"1780415243";"🙊";"61421021952";"ayaleyas"
"18117039433695726";"1780415243";"Eweuh ka eraaa";"1703522468";"andria_munandar"
"17933681415267491";"1780415279";"Repot emang kalo negara dimenej rezim bow tea 💅💅";"411344256";"endahnips"
"17928682065321309";"1780415309";"@teddy_hq seskab kok nyapuin mulu kerjaannya";"8894845326";"fachrizki_"
"18050273489685359";"1780415309";"lu sebelah2an sama pak dino aja kagak bakalan nyampe ilmu luu tedi";"1503004975";"meiditte"
"18106385752941428";"1780415310";"cie belain suaminya";"4135595004";"______stttttt"
"18084380435296832";"1780415313";"Penjelasan yg ga menjelaskan";"4300047073";"tutik_fadhilah"
"17989608105003959";"1780415314";"@thor_bar_bar goks 💅💅";"411344256";"endahnips"
"18177902653398351";"1780415325";"Menjaga marwah ya besttt";"4974081674";"__etji"
"17865761394567199";"1780415337";"@habibie_moehammad syududu 👋👋";"1695095765";"nyoenmakeup_"
"18410170555197207";"1780415338";"mana laporan anggaranya tedddd? @teddy_hq";"1799555945";"willyghailan"
"18058237952505573";"1780415344";"Lahhhh qurban wae make duit negara ... Naon anu bisa di percaya 💅";"1560455029";"hasanzazisz"
"18065548223415366";"1780415357";"Diem, udah diem.";"1745069000";"happyly.everafter"
"18117905431702289";"1780415365";"Yakin pake uang pribadi ah semoga cuman fikiran ku saja😂😂😂";"72103199675";"mamii_avrvinnn"
"18111069025902004";"1780415369";"Bunda teddy jangan lupa minum kiranti dulu yah☺️";"48545259969";"mazsenja"
"17939278506233143";"1780415372";"@yadie_sirat iya lagi";"1745069000";"happyly.everafter"
"18068759531349270";"1780415375";"Lehernya mana? #ehhmaap";"4848851660";"jhe.ahmad"
"17889195075544114";"1780415376";"Jadi si Buna ini wapresnya atau si gibran?😂";"54040293327";"hanun.folk"
"18052118168769691";"1780415377";"Bunda selalu membela ayah";"2070402169";"wanwidi"
"17986145957825315";"1780415393";"Duhh, saya lebih percaya ada UFO muter-muter di kota tadi malem";"305422611";"aprianagoeng"
"17982803966841359";"1780415400";"@thor_bar_bar 🤣🤣🤣";"585751127";"sbrin.p__21"
"17898715458455051";"1780415421";"Pokoknya ada dechhhh";"73590219243";"muriaantikjepara"
"17884372650590113";"1780415422";"Kalian percaya,saya mah kaga 😂😂";"63291175825";"nangning85"
"18078203213231694";"1780415444";"Emg beneran Engel kanan😍";"68987691618";"teh_celup77uququ"
"18091467737358611";"1780415469";"Makanya Kali2 jadi vendor kementerian bro. Itu ada namanya BPK yg bulan ke 4 yg jagain itu harga sesuai engga transkasinya. Klo ga sesuai di panggil di vendornya. Suruh balik duit ke negara😂😂";"3533060244";"alwan_jkt"
"17919440916367667";"1780415488";"-..-";"6502912449";"aneimaa2"
"18130930477579790";"1780415508";"@thor_bar_bar don't disrespect my tungtung 😇😇😇";"58226563274";"1landonorris"
"18103525639955983";"1780415515";"bulol ta iki";"10408270219";"nirmaloll"
"18107201236765561";"1780415520";"Telinga cukup tajam untuk melakukan klarifikasi 👏";"3095216451";"ebenezerprimsa"
"18137002408552611";"1780415528";"😂";"3876032132";"waarnst"
"18078592157238906";"1780415545";"Maksud si Tedtod itu zaman Jokowi lebih boros euy";"326786611";"ya.prabawa"
"18169517407424390";"1780415572";"We're so cooked guys😢 run for ur life";"1553607173";"nanrenjana"
"18005776472873816";"1780414609";"Kata gue lo diem yaaa tiwi . Berisik ah 💅";"46587810";"aruniwd"
"18122947402633654";"1780414611";"Sok iyeh";"263317737";"cici_adhe"
"18005719823924203";"1780414614";"Astaga ngakak🤣 udh dpt nama baru dari netizen namanya jadi tiwi😂";"3157572136";"itsmejumii__"
"18160086031457128";"1780414615";"Sibuk banget gw lihat-lihat.";"4787876634";"auliadnial"
"18147304342447819";"1780414627";"Pembodohan macam apalagi ini??";"60661653431";"sifatimah0"
"18119130538706873";"1780414653";"ah yang benul pak bun???";"7105460353";"dianmiranti"
"18131579155593992";"1780414656";"Kayak selebriti aja apa2 klarifikasi kalian itu pejabat negara tolong  kita butuh kerja nyata bukan omon2";"3958052487";"lixamadys"
"18165729310433004";"1780414658";"M";"59071139079";"rikigirsang12"
"18600148372009219";"1780414658";"";"5645317453";"rzkycaturraga"
"17858826576642019";"1780414667";"Teddy lu diam aja.. gw lg pusing 😢";"1477617254";"fannysage"
"18156627877463852";"1780414669";"Buktinya mana? Tunjukin dong mutasi nya";"7395277255";"alihaidarbaqir"
"17939992335236492";"1780414671";"Pengen muntah liat komuk nih orang 🤮";"1590201006";"a.revian"
"18092371766204382";"1780414691";"Nepal ?";"71701649412";"betaryanbustomi"
"18091498049605056";"1780414702";"Ngeriiii";"10658923957";"ezraputraregi"
"18115011559876721";"1780414728";"@gnwhy_ muak bngt liat mukanya";"29658933138";"avii_explorer"
"18096070172183361";"1780414732";"";"907885995";"donibrit"
"18066498806409461";"1780414738";"Kalo pergi tapi nombok kan berarti ga bisa budgeting ya gas sik ges? 🫠 ga normal org kerja tapi hepi nombok. Bingung bingung ku memikirnya~";"25439077";"tariigarotee"
"18101059673017125";"1780414748";"@marwahpuspitasarii aduh aduh 😅";"1563107547";"fitriah_fadhilah"
"18074727185303917";"1780414751";"Terserah";"6522792050";"aldy_rnh"
"18214249240335651";"1780414760";"nah istri lagi bela suami tu🤣";"62938570069";"tw00sc"
"18123900358561707";"1780414776";"@thor_bar_bar kak😭😭😭";"62938570069";"tw00sc"
"18108380069476181";"1780414778";"";"4065086331";"zaynmu19"
"18590730928031789";"1780414811";"Ga ada yg demen sama lo ted! Muak banget klarifikasi";"221159126";"chaerunissaicha"
"17977988481039900";"1780414817";"iyah bun";"37323909516";"soul.flower._"
"17996487677781956";"1780414834";"Apa yang bisa diharapkan dari monokotil satu ini";"39849220093";"ollie_24handmade"
"18270266485293232";"1780414845";"Uang pribadi dijadiin perjalanan dinas kocak bgt, yakin gw si ngga";"3161491042";"rifkaafrn"
"18108448411820691";"1780414846";"";"5106985167";"desyylisma"
"18113563696869631";"1780414867";"😂😂😂😂";"52181389865";"vveebyy"
"18328543768268272";"1780414879";"Bo";"1590004098";"krsztn.adicandra"
"18001041629943333";"1780414880";"Hausss sekali sepertinyaaaa";"6377599686";"wahyutetott"
"18105963577784237";"1780414887";"😂😂😂😂";"2134089529";"sayyidf11"
"18083238926130440";"1780414889";"Dulu dia dielu2kan bnyk yg blng ganteng, dmn letak gantengnya, gw sampai hr ini msh mencari2, matanya aj melotot mulu";"7193764149";"desma.haruka"
"18123670024725061";"1780414910";"🤣💅";"4294707073";"__shynina"
"18123859675629946";"1780414951";"";"1240460209";"adji_nurcahyo"
"18100286828113935";"1780414954";"";"2035158071";"rizafadri"
"18106341526947537";"1780414954";"Kok ga punya leher yah?";"6798128815";"nuni_chicchic"
"18026996225820215";"1780414979";"bini tercerewet th 2026";"53104572300";"iartteaa"
"18076203446418251";"1780414987";"tiboti";"69492499814";"oong90s_"
"18152796130468974";"1780415016";"B";"14907769070";"mdkrisnawidyakusuma"
"18106854344477656";"1780415019";"COWOK TOMBOY alias IBU NEGARA";"1994323108";"adtfzrn"
"18109965325814167";"1780415039";"Saya lebih percaya klo gibran itu anaknya prabowo";"5834498638";"azzuradan"
"18075731816282885";"1780415063";"Iya tapi kan habis itu diremburse ga sih?? 😂";"64649125636";"aqu.a.rin"
"18135107503565598";"1780415101";"@thor_bar_bar @pramitadyahk mek, liat ini mek😭😭😭";"1832312452";"_i.m_fine__"
"18351890113209562";"1780415118";"Iya...terus duit dia datangnya dari mana bun?";"5694745226";"sabbathlestari1"
"18091403609360137";"1780414177";"kapan si m4ti nya org kya gini";"55361052483";"wakawakaeesamenamena"
"18066050939695715";"1780414185";"Penggiringan opini publik untuk menutup perampokan uang negara. Luar biasa jahat nya rezim ini sudah mencapai titik nadir dalam merugikan keuangan negara. Alibi yang disampaikan pun sangat dangkal, cacat akal, dan minus moral. Masih ada buzzer yang dibayar pake uang negara untuk memoles citra pemerintah zalim rezim PraKowi?";"2072226930";"ichwanmoehammad"
"18066622127391383";"1780414187";"Mo--et";"50120153759";"veniva2021"
"18046764734783088";"1780414230";"Halah tae";"47559829755";"bims_maliki"
"18127680316538326";"1780414244";"Ibu negara";"2036771142";"rahma_adjikinasih"
"18109157620737707";"1780414246";"@karinadeviana sebell beb💅💅";"1270098113";"aboutnji"
"18113825350676365";"1780414256";"jujur musiknya distracting bgt";"605052821";"rrayurianti"
"18089678195372805";"1780414271";"Yang dia bilang kelebihan biaya,, ati2 ngomongnya suka, di belok2in. Hadehh.";"869888385";"kosasihc"
"18070020044680713";"1780414273";"Seskab itu urusan dapur, membantu kerja kerja menteri, menko, presiden, tidak punya kapasitas muncul menjadi perwakilan apalagi soal isu diplomasi";"1515444175";"insanradit"
"17858574753648798";"1780414283";"Wani-wanine ngece jam terbang mantan dubes RI di AS 😂";"1292064868";"hutomosatrio"
"17988204317816760";"1780414288";"Yuk buka data biaya apa aja yg pribadi Ted?? (Rancu pokoknya ADA? )😂🔥 . 120 orang/ 2 bulan sekali, 50 orang/ 2 hari sekali, yuk belajar MATEMATIKA 🔥😂";"2033671671";"chazchuz8"
"18101199709842685";"1780414291";"Yo tapi baru setahun sudah berapa puluh kali ke luar negeri bosss";"6734172822";"abudiyansa01"
"18116192782885968";"1780414297";"Pick me 💅";"17663466660";"santosofyan93"
"18340262602247826";"1780414312";"@fuad_hamzah @radmahardika @nndgntng";"422365658";"itsmeidiana"
"18124701448631607";"1780414313";"ni orang nyawit keknya";"188578944";"blijondani"
"17879013474459220";"1780414328";"";"434359484";"dykaa7_"
"17894650101469996";"1780414339";"😂";"4951294151";"syaiful_monica"
"18091037534021253";"1780414347";"";"408673554";"_tegam"
"17858832639643437";"1780414376";"@luthfisutedi ted? is that you?";"1547501572";"fiqihazriyani"
"18444805951137425";"1780414382";"Bunaa pick me 💅💅";"333066683";"_shitaaaa"
"17901859488442752";"1780414394";"malewife ini lagi";"8967517839";"axnxious"
"18132893548602900";"1780414403";"betina mana mau kalah";"71793622238";"tonny_budiman"
"18121185352663115";"1780414407";"@ulfaamnf nah itu, kenapa y kak";"49277515036";"tgg_ger"
"18409198945148384";"1780414410";"Kalo presiden sampe pake uang pribadi, artinya para pembantunya ga becus ngurus pos pengeluaran uang negara. Logika se-simple itu pun apa ga bisa dicerna sekelas letkol? Kocak sih ini";"13276805869";"era_purike"
"18083116583315159";"1780414437";"";"1753590203";"londobob"
"17901595077283213";"1780414440";"Pasal 1 : perempuan selalu benar!!! Camkan itu anak muda 😢";"3289836110";"last_man03"
"18003802952928612";"1780414447";"Gue lebih percaya gosip ring 1 yang bilang Prabowo di tolak kunjungan ke Roma krna g sesuai dengan protokol resmi dibanding dengan omongan si tedi ini";"37238505295";"adhi._.fatih"
"17967463617076807";"1780414452";"jilat trs ted";"5802374840";"michitard"
"18352343839241193";"1780414459";"Yang serius, apa perlunya sampai ngajak banyak orang, nggak masuk akal klu ditanggung pribadi.";"48267780501";"ro.ne3578"
"17876647443479108";"1780414478";"";"1218799831";"closertothedeath_"
"17964180474089885";"1780414480";"";"54567614169";"afrieliane_"
"17974830450019445";"1780414481";"😂😂😂";"185111246";"annisa_muaz"
"17858391399647738";"1780414495";"Keluarkan bukti2 penggunaan uang pribadi disetiap perjalanan  ke LN  jangan hanya  bicara ... buat kurban aja pakai APBN !!";"711997821";"deni_r0s"
"18066592175401721";"1780414503";"Bukannya mawas diri malah Membela diiri😂 kpn pemerintah konoha terimakasih kritik , saran, ataupun masukannya, atau mohon maaf kami akan evaluasi";"5666400410";"hadihasan12"
"18084872489400635";"1780414511";"";"6258498670";"oct_danuwirya19"
"18131225419600128";"1780414514";"Effisiensi Ya, ada zoom dan banyak Hal kalau hanya video call aja bisa";"48267780501";"ro.ne3578"
"18430129408123514";"1780414515";"lah wkwk";"2068077501";"igustiketut.dap"
"18101511626113631";"1780414523";"BCT";"3997128846";"danidistira"
"18015540305853594";"1780414528";"Enak y dia";"1953268083";"mailandeszaika"
"17957943119962588";"1780414551";"";"4492390619";"uddin.ca"
"18124511419633139";"1780414569";"@fiqihazriyani pantesan kuping panasss";"2769707993";"luthfisutedi"
"17891121831502010";"1780414581";"PALING DI REIMBURS TU SETAHUN LAGI WKWKWKWKWK";"4008325248";"yogagodet"
"18117789037840307";"1780414587";"Hahahhahahhahahhahahhaha muak x aku lihat kau";"3267377719";"faisal_september"
"17873952417611544";"1780414590";"@oktarinataindra fresh bgt ini kak wkakak";"295738659";"ichannisantoso"
"17872560993615618";"1780414594";"🤣🤣🤣🤣";"40358846094";"rxyan.hlgn"
"18119432803668466";"1780414601";"Car bee thon tuh gini... jangan ditiru ya adek adeek...";"1564628736";"elisaifkar535"
"18100576985034514";"1780413644";"😂😂😂😂";"58173861324";"hermansyah.listianto"
"18110861999491355";"1780413655";"Capek yah bundaa ngehandel semua pekerjaan 😢😢";"36028206780";"leleskizo"
"17914001181396943";"1780413660";"Data lengkap mana? Kami berhak tahu karena itu duit rakyat juga,,jangan jawab pokokny ada lho...";"8429056243";"vivin_indriani3"
"18074369723454543";"1780413660";"0";"8940861717";"jj_jualginjal"
"18090162950041155";"1780413687";"beli sapi aja pake APBN";"2378771875";"dndptsy"
"17982067476007155";"1780413697";"💅💅💅";"821108149";"annitasramdhani"
"17943146424028898";"1780413698";"@hkyfnd opp opp bung";"8356166130";"risqianturioifandi"
"18183983149390499";"1780413700";"MUNGKIEEENN";"3494195764";"rizkyyfadlii"
"18090797879374501";"1780413706";"Udah bun , gausa yapping. Kami muak";"2113076121";"indahsulistiow_"
"18122871991727599";"1780413728";"Wkwkkwkwk";"654874139";"rinaaling"
"18183907582387847";"1780413728";"Caduk ah boty";"1221063456";"besoksenin.5"
"17978603675859769";"1780413752";"Yahh kurban aja pake apbn, masih percaya?";"2363491046";"oziii779"
"18439374523185992";"1780413770";"";"13107816599";"__fchrdn"
"17889093324540560";"1780413779";"Iya sist, atur aja";"1814649293";"hyudtamaaa"
"17975870777878105";"1780413795";"🌈";"4153411366";"wellsartz"
"17883088164579423";"1780413796";"Kiamat maju 1 hari😂";"51439165045";"ahmad23adam"
"17953606104167989";"1780413808";"Angle kanan 💅";"1227570312";"deayuning"
"18082532777150848";"1780413825";"Koq bisa kaum 58 tergila-gila sama manusia bentukan begini ya. Ganteng enggak, macho enggak. Bentukannya kayak bolu bantet gini";"35271655";"galuhpandan"
"18566518840065877";"1780413840";"Kenceng amat mur nya";"65202487639";"itsinitinil"
"18037046885648467";"1780413842";"Gosip angle kiri nya bener ya ternyata 😭😭";"19739438720";"fortunefae_"
"18095652995590525";"1780413854";"Blas argumenny gk masuk akal buat agenda kenegaraan. 😂 Dah buka aja anggarannya ke publik,";"856583176";"_bimasaputra10"
"18120835438662852";"1780413854";"@thor_bar_bar 😂";"4110643077";"yasinidris_"
"18120058786752491";"1780413878";": Kleripikesyen cyiin";"399325441";"hur_boy"
"18424294438131770";"1780413884";"Uang APBN klo udh ditangan Wowo ya JD milik Wowo..🤣🤣";"51259241393";"ozahnaila"
"17969029218098990";"1780413901";"Somebody or anak HI please kindly explain, 120 orang itu siapa aja njir?? Emang normalnya perdin ke LN sebanyak itu kah??";"5628727216";"andyusan"
"18395786995091614";"1780413910";"Ya ampun, coba pause dan liat aja di judul, jumlah hari, tempat kunjungan, dan catatan kaki jumlah rombongan. Sama sekali ga apple to apple. Mohon maaf, jelek sekali counter issuenya.";"292460802";"cecephendar"
"18085791383431608";"1780413937";"";"7394929761";"progresiveheaven"
"18051683507757027";"1780413938";"Rawrrrr 🦖";"46501473930";"hy__itsds"
"18093385829090231";"1780413944";"Ngomongnya yg enak bisa ga";"367572883";"hgraph_"
"17858455914643269";"1780413946";"@trend_asia tulsssss";"1221063456";"besoksenin.5"
"18098809154176021";"1780413952";"";"55747411911";"rayyanhalimm"
"17884293390418524";"1780413984";"";"45762626000";"njb_9999"
"18406356832151840";"1780413992";"🤣";"1423547611";"dwimiftahulhuda"
"18149894545495922";"1780414023";"iya cantik, atur💅";"48980532517";"emangbil"
"18039676931636113";"1780414044";"Ssst...💅 udah cantikk";"1460302446";"ritaamaliia"
"18105462073971410";"1780414046";"";"7394929761";"progresiveheaven"
"18133499719604643";"1780414048";"🤣🤣mntp";"6226288504";"srimulyani119_"
"17871516765526637";"1780414051";"Halahhh... Berkurban aja masih pakai APBN kok 🤣🤣";"4048658503";"marisyeagustin"
"18094178954582187";"1780414077";"apa iyaaa? 🤣🤣🤣 gak percaya ah";"1162551180";"dondonsill"
"17880008850456723";"1780414082";"B*ngsat lu bang 😂 komentar paling watdezigghhh 😂😂😂";"6309282389";"black_rainbow696"
"18120832333679327";"1780414104";"Anggaran aja smp lebihhh ya ampyunn udh dianggarin ceritanya ditalangin pk dana sendiri.. bs jd anggarannya kecil. Tp kok sering bgt sih ke LN demen apa suka.. pengen bgt ngabisin anggaran😢";"6020144686";"nova.astria.16"
"18110180296927231";"1780414124";"aneh tau kalo pakek duit pribadi, ini kan urusan negara. sumpa pusing";"1765851249";"devikahhhhh"
"18114377101846651";"1780414125";"USU";"7921823947";"andianugrhh"
"17859237900642323";"1780414135";"@ichannisantoso 🙏🏻";"630092450";"oktarinataindra"
"18093747412973170";"1780414149";"sebenarnya dia gak paham substansinya, bahwa perjalanan ke LN nya tidak urgent dan nirempati atas keadaan rakyat yg sedang prihatin.";"6003811912";"syaiful.fatah"
"17972052624062657";"1780414159";"@amir.retax 🤣😂🤣😂";"537944156";"shopie_an"
"18142730266458804";"1780414168";"Berarti... klo sampe ditanggung.... mending jangan ke luar negri dulu ga si bunda.... kan lagi episienzi cenah,,😙😬";"3943819753";"nuradiila"
"18014416961900789";"1780413245";"kurban aja pake biaya APBN, gimana mau percaya yg gini"🙂";"1548820348";"salsaabilaaaa.b"
"18177307432363193";"1780413248";"Berusaha LAKIK tpi gesture gak bsa bohong 💅";"16876991572";"roniiiswa"
"18099459941125779";"1780413250";"Ih klarifikasi wkwkwk";"1496691422";"louisabimanyu_"
"17876933145656596";"1780413258";"percaya?";"2373940892";"fajaraadhi"
"18026612561819546";"1780413267";"Udah sampai mana wakk? Aman jalan pulang? Info kami wak 😂";"56033810007";"ircaads"
"18111547915705776";"1780413269";"KAGAK PERCAYA!, BELI KAOS KAKI AJA DI REUMBURSE. YAKALI PAKE DANA PRIBADI!! CUIHHH!!!!";"1304964058";"kiflirasyid"
"18377659141207915";"1780413294";"Nyinyir bgt sist. Eh ses 💅";"266707786";"ffiktilifeny"
"17921857164145567";"1780413302";"Dia siapa sih";"4200178303";"mdhika.yuda"
"18094762946333627";"1780413307";"Percaya aja deh qurban aja pake APBN";"7309858721";"dn_koto"
"18007055798872727";"1780413314";"@syiarchivefa 🤣";"10509782425";"mhmmd_khamal"
"18101639461855488";"1780413339";"menengo ted";"78176997410";"dipaadaine"
"18074851778303393";"1780413368";"ya kan";"52028993343";"jeyvonherhardt"
"18098925758019022";"1780413369";"wow we feel so much better now 🙂";"236349373";"featuz"
"18094397419957061";"1780413374";"@mhmmd_khamal 🤣hanimun";"3423954257";"syiarchivefa"
"18005100560921796";"1780413386";"💅💅💅💅💅";"39127036270";"ayuwulandarimks"
"18016717838692975";"1780413387";"Keluar negeri duit pribadi. Kurban sapi buat masyarakat APBN";"845439425";"rahadianmunawir"
"18082042046449075";"1780413389";"Nu bongkok meongeun kie mah biasana sangean";"26098367499";"ajoesholl"
"18064608734446584";"1780413394";"😂😂😂 kelebihan di tanggung sendiri";"21173058392";"12tiyo"
"18020512091679691";"1780413432";"Mawar @penggemarestehdankopi ?!";"521915080";"saint_iman"
"17858957961643164";"1780413433";"Qurban aja pake apbn 🤣🤣🤣";"41183324693";"meizayolandaa"
"18178956628401400";"1780413433";"@koreandramanews 😂😂";"52631809966";"saramarley599"
"18353525110211442";"1780413434";"seharusnya gak usah lebih dari anggaran lah. berarti manajemen keuangannya gak bagus. aduhh begini sekelas presiden";"210126920";"tsyardl"
"18085365179103877";"1780413451";"biaya dipotong 50%, tapi perjalanan lebih banyak, bukan kah sama saja?";"78422220878";"angtomz"
"18082769618147772";"1780413453";"Hidung nya melorot bun";"52631809966";"saramarley599"
"18132024541508434";"1780413454";"Skg tau knp biaya sosmed smpe 800juta🤣";"3279759561";"wonder.wita"
"18082277402440780";"1780413458";"hadehh TIWIIIIII 💅💅💅💅 @ludhfii @faeryan1";"246374183";"putriramadhn"
"17883010893426706";"1780413468";"Gw juga bisa bilang kalo prabowo ngga perlu pesawat kalo mau kunjungan soalnya dia bisa terbang, sesimple itu kalo mau ngarang cerita tanpa data sih 💅";"1602255581";"armu_22"
"18051407897524871";"1780413468";"Salty bgt lo ted😂";"394676317";"_anggakusuma"
"17991831467976258";"1780413475";"Masalahnya kan bukan lebihannya, masalahnya Quantitynya. Dan logika merasa benar dengan mengeluarkan biaya pribadi itu salah bgt. Klo dia percaya menlunya kenapa harus Dia";"1576015013";"keritinggede_id"
"18210304285338785";"1780413491";"Lagi menormalisasi dan membenarkan yg tidak benar....klo sudah pake uang pribadi...memang terus menjadi paling jujur....?😂😂😂";"13455157072";"timsang868"
"17892539109480366";"1780413495";". Klarifikasi";"3556437341";"ymlazmi25"
"17895652542467197";"1780413510";"Kerja kocak @bakom.ri cebokin lagi nih";"6293946151";"nickitankian"
"18102781085041063";"1780413514";"emg eak?";"4523129646";"hhholysyif"
"18117587347743007";"1780413514";"Kelebihan biaya ya memang ditanggung pribadi, Pak. Sudah lumrah. Lantas mengapa kurban menggunakan APBN? Kalo pakai alasan presiden sebelumnya juga begitu, maka kesalahan kok jadi tradisi. Lama-lama korupsi juga jadi budaya Pak kalo begini mah.";"33955748844";"flaurencias"
"18230917156314805";"1780413519";"Mengeluarkan omong kosong itu mudah,,,yg sulit mengeluarkan data secara transparan";"1925911864";"alehandro_alvend"
"17916436671180757";"1780413525";"Hilihhhhh kintil";"669248029";"vibiansky_"
"18041607311795175";"1780413525";"Bener ga sich istrinya ngomong ,sapi kurban aja apbn ngaku nya atas nama dia😂";"647030520";"sani_sugiarti"
"18078125825253920";"1780413533";"@didiihadiid  @immkmldrjt  komen na😂";"360280807";"dali_agan"
"18209628835341356";"1780413533";"angle kanan yah";"576072030";"bngmhrn"
"17891457480484586";"1780413538";"Wkkkwkwkw cukup macaan komen weh hiburan";"3188942947";"fahmisubagjaa"
"18597223555019730";"1780413547";"CUMA ORANG T*LOL YG PERCAYA. NAH TERMUL, BUZZERRPP DAN WARGA 58 TUH YG PERCAYA 😂";"73347648765";"oggy.oh83"
"18104523151796849";"1780413561";"";"14946571862";"jkt48.yandek"
"17886592413397895";"1780413588";"Preet lah";"1975719852";"ariefrochman888"
"17865249879573002";"1780413590";"Kurban aja pake APBN, belaga pake duit sendiri, keluar negri hasilnya dolar begini, cuma jalan2 aja, sok hebat banget Seskab karbit, kaya lebih pinter aja lu";"11081400338";"masiihluqman"
"17886418728398868";"1780413595";"";"9605219924";"djuanchuk_ardian"
"17900724258444917";"1780413610";"😂😂😂";"2024084164";"nadia_ulfah_uphe"
"18442818145138850";"1780413618";"halahhh giliran kurban aja pakenya apbn";"183246384";"nisfm"
"18104466428060836";"1780413637";"hah huh huha huhuh hahahahahahha";"7660831175";"pandu.shaa"
"18089490083382259";"1780412872";"Seskab = Humas Kepresidenan??";"46204952751";"aidareborn"
"17912962320406134";"1780412880";"Lebih percaya makam adolf hitler di garut";"241032895";"gilangrahadi"
"17890589754514151";"1780412882";"Gak usah di dengar..seluruh Indonesia muak lihat mukanya";"58598069468";"tikar5126"
"18194786221371795";"1780412886";"kalo buat honeymoon mah wajar kalo pake biaya sendiri 🤣";"60084733960";"dipieeeee"
"18411394642198354";"1780412888";"Kaya bumil bgt bunda😍";"485062151";"diananrml"
"18117586774768832";"1780412891";"dipikir rakyat percaya kali ah pak 😮";"1467406144";"ghofaralhajiz"
"18225215881319845";"1780412893";"pret";"1209801274";"its.jessiecaa"
"17938734261249526";"1780412895";"Lw percayaaaa???";"4329748887";"six_opick_six"
"18589885942007500";"1780412900";"Sok sok an kunjungan keluar negeri pakai duit pribadi, kurban aja lu pake dana APBN 😂🤣 Bacot lu Ted..";"7341664263";"cep.halim"
"18152828572482779";"1780412912";"@thor_bar_bar @jeannechrispiani comment ini 🤭";"1601333329";"yellowjacketandreddoorhouse"
"18122653195586382";"1780412915";"@thor_bar_bar 😂😂😂";"67584430724";"_ban.aanaa"
"18180786214401718";"1780412924";"Bundaaaaaaa 😂";"4172808565";"a.fauzi___"
"18002294594933894";"1780412925";"BOTeeeee BOTeee";"3972805579";"ajisafraji"
"18136240252559571";"1780412931";"Lebihannya paling gocap Sis... Eh, Sir 🫡😂";"183540337";"abaiquni"
"18123926692712015";"1780412933";"Kelebihan biaya artinya loe gak bisa ngtur...dah itu aj";"1756112374";"cucaethancool"
"17899980900451203";"1780412935";"Hmmmm sama aja versi kecilnya biaya perjalanan dinas pns lah🤣🤣🤣🤣";"67652092621";"drcrazzie"
"18379564981200183";"1780412960";"😢";"2527399924";"luqman_asyari"
"18096241562334831";"1780412962";"istri yg solehah yg bisa jaga nama baik suaminya";"78147430532";"fhlefiiiii"
"18057856520502125";"1780412964";"Dia ini Aspri atau juru bicara sih";"5963885298";"dechayasyah.f"
"17901935715439668";"1780412999";"GAWENG wae Ted Ted, omon omon";"1937869048";"know_lid"
"18101942699019648";"1780412999";"Ngurus negara kayak ngurus warung kelontong";"6855923289";"s_pisan"
"18116191771696527";"1780413000";"Apakah kalian percaya?";"3923519285";"alparizi_thea"
"18362183380235441";"1780413002";"percaya...";"176678160";"rasuardie"
"17913793758402698";"1780413004";"1. Biaya yg mana?";"48339661109";"subkhigumelar"
"18135061006572550";"1780413041";"Bun";"30076754";"nygoo_"
"18109207816825055";"1780413059";"Teddy bisa diem GK lo, gue tabok ya";"2248554226";"ainun2204"
"18068978864358242";"1780413060";"@koreandramanews janganlah ntar pake APBN lagi ..ngrepotin😂";"1572978878";"eka.d.pratama"
"18106346804291683";"1780413077";"Yakin ditanggung pribadi? Lha, kurban aja pakai APBN!!!";"57125861404";"7831nisa"
"18016945013849036";"1780413097";"prettt";"1197516251";"trotski.zakharov"
"17981352017847458";"1780413115";"Berarti bener request angle kanan itu. Wkkk";"565192808";"hanafi_sn"
"17989585643809363";"1780413120";"cape ah denger dia ngomong, mending liat naruto";"72529831078";"amongpiness"
"17942424075208199";"1780413121";"Jidat lu tuh botox";"1284716414";"rachelithya"
"18095363921617334";"1780413124";"🤣";"36371221788";"_raldhofantoni"
"17966168565120324";"1780413129";"Mana bukti transfer bayar nya dari rekening prabowo??????";"1519088444";"_uttu1218"
"18060626390711667";"1780413143";"@id.print_workshop nahhh 🤣";"34664767036";"aaa.a1502"
"18340286638222128";"1780413146";"Kok ada ya dulu tercipta hastag terteddyteddy padahal bentukannya begini 🤮";"70237848723";"cg_renjana"
"18582414445060129";"1780413146";"Klarifikasi";"1035347245";"farahwara.j_diamond"
"18585997369020670";"1780413150";"Bodo amaaat tetep aja rupiah anjlok🤣";"635904002";"nurulhihi"
"17898669012305653";"1780413155";"😏";"6620319959";"muzeer___"
"18378652699203213";"1780413160";"Sarkas karna egonya kesenggol ya sist?😂";"7681417699";"indaatyani"
"17923289124357462";"1780413168";"@ryanmadya89 😂😂😂";"2983688277";"arry_leonardo"
"18331038349264818";"1780413189";"Ngebacot";"6750883032";"tahyudin_firdaus"
"17886569475559300";"1780413209";"@thor_bar_bar 🤣";"78917470151";"miuliaw___"
"18051291527773911";"1780413217";"💃💃";"2159808330";"amwaldeo71"
"17969289774070121";"1780413223";"";"1084479872";"indra_ramona"
"18079255424641804";"1780413226";"Sampai akhirnya nanti tinggal mereka berdua yang bulan madu keluar negri";"3246997803";"muhammad.indra17"
"18113840680894915";"1780413232";"Taekk";"1109607287";"mustofawbb"
"18378451165161838";"1780413236";"@thor_bar_bar masih cakepan tung tung sahur kak";"78917470151";"miuliaw___"
"18361552903233946";"1780413241";"Qurban aja pake APBN masa ini untuk keperluan dinas pake uang pribadi 🫢";"1368126831";"itharuaitanadzifah"
"18081561320180097";"1780412437";"@id.print_workshop khan tholol cara berpikir si buna sama si wowo";"49802994640";"exia_0488"
"17974296303048173";"1780412442";"Urgensinya apa sih bolak balik mulu ke lugi. Sampai ke Perancis pun 3X. Itu kunjungan apa liburan yak😂😂";"60487343512";"titiannoor_ramadhan"
"18102587429031801";"1780412480";"Hahaha...hompimpang dong😂😂😂";"5474309847";"panda_sth"
"18122049244733451";"1780412494";"romantis bener bun";"1815263392";"ikhsanix"
"18083777729124165";"1780412498";"😂";"3892176795";"asniatul_ania"
"17894960022468985";"1780412536";"Berkurban saja masih pakai APBN😂";"70348900269";"polhuk.id"
"18092799065351000";"1780412536";"Botty botty botty @tedsky89";"77072610785";"handykiswanto69"
"18027115664822083";"1780412539";"Mbok ya biaya MBG juga ditanggung pak prabs";"1518618997";"fajarwiguno"
"18596556946017719";"1780412556";"Capek sama ini orang. Kemelete";"1466689004";"naufalfirdauzi"
"18138763693542205";"1780412560";"@hugetter 🤣🤣🤣";"228739232";"anindythas_"
"17969118786112871";"1780412574";"GOKIL";"1491566730";"aritriad"
"18067254104386215";"1780412595";"Rombongan tiap keluar negeri 50an orang????😂";"4384010";"abaihaki"
"18058597760709038";"1780412600";"iya ga ada lehernya";"361305402";"asripamungkass"
"18089214314369047";"1780412602";"Omon OMON doanx 🤦selalu klarifikasi GK ad evaluasi";"28086606223";"lily.sofi11"
"18069564545694376";"1780412604";"Emang Rakyat PERCAYA..???? Ibadah QURBAN SAPI aja pakai dana RAKYAT, apa lagi  jalan2 keluar negeri... 😂🤣😂😂🤣🤣😂😂😂😂😂😂🤣🤣🤣";"7463395450";"joper_ra"
"17970354774104527";"1780412626";"Omong kosong....tong kosong nyaring bunyinya.";"2305649968";"ipeermas"
"18167083099436907";"1780412633";"Angle nya harus kanan yah? Kalo kiri pasti tantrum 🤣";"6770856890";"cahyafiii"
"18588090898031946";"1780412635";"";"16329211360";"ch404u957__"
"17922564066360054";"1780412653";"@thor_bar_bar kak 😂";"1083991983";"oliviyani22"
"18084545252531067";"1780412655";"Yang pasti ngomong";"47866764114";"hendra_anti21"
"18103844153062283";"1780412667";"Inflasi pejabat begini hasilnya";"730642477";"fannddy"
"18014540996885940";"1780412676";"niatnya klarifikasi, malah makin di caci maki dongg bunaa tediii🗿";"5834291152";"suryarrrr01"
"18123522898640732";"1780412680";"@thor_bar_bar 😂";"1468529616";"aroena15"
"17884114731577575";"1780412700";"Ada yang percaya.kurban aja pakai APBN apa lagi jalan ke luar negeri.😂";"58285052119";"dodihermant0"
"18196892767368000";"1780412705";"Ini siapa si?";"1031243356";"fachruulreza"
"18099692900111594";"1780412706";"Pokonya adaaaa";"10604129196";"adikurnia30"
"18100732267868319";"1780412710";"bilang 'maaf, akan kami perbaiki ' kayaknya berat banget";"69607905539";"randivitora_"
"18008434889730009";"1780412719";"😂😂😂😂😂😂😂😂";"1721940983";"uwonofri"
"18459487849107901";"1780412733";"Iya oke,  tapi buat apa banyak kunjungan ke luar negeri kalo hasilnya,  cuman nyuruh belajar bahasa Perancis? 😢😢 agendanya jelaskan,  hasilnya tunjukan";"3246403471";"ikhsan_aaa"
"18122363515579811";"1780412735";"😂";"1165036892";"amir_fatah82"
"18125689897713201";"1780412749";"kurban aja pun pake APBN";"55047872041";"aullhsbn_"
"18092366690579646";"1780412754";"Bacot";"1523616084";"surienitha"
"18118453585701268";"1780412755";"atur aja bundaaa";"12988087864";"_dhen__"
"18379481293165464";"1780412771";"Pertanyaannya..., Kalo ke luar negeri bisa pakai dana pribadi. Terus kenapa kurban pakai apbn?";"8435750386";"alfajeri89_"
"17874136893612721";"1780412775";"@teddy_hq saat banyak cewek memuja anda, jujurly saya gak ada terpesona-pesonanya. Sampai saya sebel banget ada teman cewek yg bilang mayor teddy ganteng terus dia kaya menganggap semua cewek juga ngefans sama mayted. Bilang selera kita mah spek mayted. Saya jawab kita? Elu doang kali ah gw enggak. Seperti pas jaman jokowi dulu dielu2kan banyak orang tapi dulu smp sekarang gw kagak ngefans.";"60487343512";"titiannoor_ramadhan"
"18022212347829942";"1780412781";"😂";"1778980703";"naufal_ir"
"18054816551737186";"1780412796";"🤢🤢🤢🤢🤢🤮🤮🤮🤮🤮🤮";"359751104";"leonyssp"
"18587288794034815";"1780412798";"🤣musyrik kalow percaya";"5861591573";"payandibi"
"18019007120684515";"1780412809";"@id.print_workshop 60 personil tetap aja rame mah";"2046403870";"newtonschoice"
"18409910329195873";"1780412809";"Rakyat udah banyak yg gak percaya omongan mu cong,omong doang gak ada bukti ,";"2310432259";"rahmawan_deny"
"17919095577163226";"1780412810";"Sesalah apapun namanya istri tetap membela";"50449866580";"bomber_kecilku"
"18086377274576058";"1780412823";"Gelllaaayyyyy";"2503085080";"sriwahyuni3109"
"18032563268806895";"1780412838";"Bacot";"1523616084";"surienitha"
"18105037175076758";"1780412846";"Tapi aku gak percaya 😂😂😂";"366133180";"zulfaanis"
"18081839072547625";"1780412867";"Logika aja kalau memang biaya ditanggung presiden masa qurban doang aja pake APBN😂";"209788156";"androwpm"
"18204148684355829";"1780412019";"Skip";"40772681186";"cutwildani16"
"17876305536611003";"1780412022";"Gak usah sok keras kalau aslinya lembek!";"219811727";"prasastiwicaksono"
"17930320992325856";"1780412026";"Ah masa sih? Beli sapi aja pake APBN masa dinas pake uang pribadi 🙈";"1538732378";"ristyoctavia"
"18101719043118692";"1780412054";"@tjahjo_pnt 😹😹";"6328583893";"adityadrmwnn"
"18354459151214173";"1780412059";"Ini negara bukan perusahaan keluarga, masa iya kurang ditombokin🤦🏻‍♀️";"781621191";"itsrita_p"
"17966983622916951";"1780412071";"@kebabburgerkayra16 ilang kenapa? paling akun gw diserbu judol bentar lagi";"53086910581";"agamkupie"
"18123070369574667";"1780412078";"Ya kalo dananya ga cukup, ga usah maksa gak sieeeeeehhhhh";"3999113200";"rxmalia"
"18090721553339944";"1780412084";"sok cantik banget";"73717107902";"journalicst"
"18122010199661305";"1780412096";"😂😂😂😂😂";"3568007862";"azharbaihaqi08"
"18084645392549774";"1780412101";"🤣🤣🤣🤣🤣 membual truss sapu² trusss😂";"2334813295";"aa__arc25999"
"18105311236954561";"1780412110";"Blunder teros yaahhh";"405306030";"citradky"
"18092092043017000";"1780412114";"";"68616999708";"sewamobilbandung_"
"18096077903522871";"1780412116";"Lambe bunted yang bantet";"41073523002";"ccaelia_stella"
"18048752741785389";"1780412123";"botiii uhuy";"59399977402";"hongdaewasssup"
"18032671832812480";"1780412124";"Tidak percaya sepenuhnya.";"13714791433";"agungsamudro097"
"18034215725663702";"1780412137";"Terserahlah!";"1086834391";"surya12_merah"
"18067007033397882";"1780412146";"";"8889295394";"el.fathz"
"18095497057911797";"1780412151";"bersih bersih, sapu sapu";"5361420964";"wahyu_aditya551"
"18380581057164072";"1780412154";"*Kelebihan biaya yang telah dianggarkan oleh negara di tanggung oleh pribadi Prabowo?* Narasi macam apa ini";"5867584721";"habibubbb"
"17870056587534257";"1780412160";"eh buna!! bohong dosa tau 🤗";"2022150010";"nataliadwic"
"18102199298024422";"1780412188";"OMONG KOSONG!";"3236481978";"bagjabatok"
"18592728052004059";"1780412197";"🤣 ini apasih. Pejabat model nya gini";"2690443912";"jayeng_94"
"18202206940350989";"1780412216";"";"1913029028";"randiananda17"
"18343472740174222";"1780412218";"Bacot only...no data...no proof";"41294377109";"dendkang"
"18134690386493919";"1780412220";"leherlu gaada ted";"10656999640";"rzkimauls"
"17919190500162234";"1780412231";"@yans_ride KURBAN SAPI AJA PAKE APBN . GIMANAMAU PERCAYA 😂😂 . APA ITU DANA PRIBADI 😂😂😂";"5397556478";"vebrishrytn06"
"18230170699313877";"1780412233";"gaji mantri dapet, gaji dari tentara dapet. keren ted";"2316752608";"agifalrsyd"
"17924536026351282";"1780412245";"Ya Allah Prabowo segitunya 😢👏🔥🔥🔥🔥";"8619777728";"irman_alghaffar"
"18144530437511370";"1780412274";"";"3259839223";"urfav.hanif"
"18166844590426681";"1780412278";"@factual.id yang ada: kedepannya kami ulangi";"1204688692";"therockskulls"
"17884398942420921";"1780412279";"Anti kritik";"8444483901";"rachyunita_dk"
"18330120589271872";"1780412303";"ADA YG PERCAYA BACOT BELIAU KAH?";"11067209052";"guppicake"
"18102573415859780";"1780412304";"pesta gay ya emang paling enak diluar negri dong, kalo didalem negri cepet ketahuan";"1645551037";"brianka.h.f"
"18380403865205303";"1780412305";"Ini siapa si";"4512818115";"azahro_keeya"
"18106291855954175";"1780412311";"@lembuwiworojati bang udahh bangg🤣";"70759966522";"rini_suprapti3"
"17939968107211296";"1780412318";"Halaaah pret. Gak profesional amat perjalanan dinas pakai uang pribadi. Urgensinya apa juga bolak balik ke luar negeri🤣🤣🤣";"60487343512";"titiannoor_ramadhan"
"18136098370484530";"1780412327";"ayo dong kasi bukti yg mendukung kalo mmng benar yg Pak Tedi ucapkan benar";"2282514844";"riskifds_"
"18109601060479149";"1780412333";"Iyalah yg diajak yg doyan sama doyan 🤣";"56880190622";"creaturesfromouterspace"
"17950687188160233";"1780412351";"Kirain ibadah seumur hidup itu menikah eh ternyata jadi WNI juga😂";"1566533852";"fennynielwan"
"18113371582906251";"1780412355";"Angel kanan banget bun";"3103444354";"undi___"
"17940077310229033";"1780412363";"Kurban aja pake APBN";"2011062328";"andiawal77"
"17952705744154945";"1780412366";"😮😮";"2066665054";"foodie_travellovers"
"18092035889203904";"1780412371";"S1L1T..!!";"9046172355";"arifcaesar"
"18320342665258602";"1780412377";"Gimana yaa nyatet akuntansinya";"1717825207";"si_anaaa"
"18092743310249937";"1780412394";"😹😹😹";"51244740361";"skibiditoiretto88"
"17943585885206633";"1780412413";"Ted tod.... 

Menggunakan uang negara untuk kepentingan pribadi dan memakai uang pribadi untuk keperluan kenegaraan itu tidak boleh Ted!! 
Segala sesuatu tentang penggunaan APBN dan Kegiatan Kenegaraan itu ada protokoler yg diatur oleh undang-undang. 

Bocah kok gak paham!!! 😂😂";"47640715572";"wandiplays"
"17863898826630888";"1780412428";"";"1535478044";"yudinurmansyah_"
"18590387803051501";"1780412433";"muka dia kenapa ngeselin banget si 😭";"78330190593";"88.greya"
"18001721645944729";"1780412437";"🤣🤣";"1438609281";"dessydnr"
"18376911835162163";"1780411640";"mata nya kaya jengkol tuas";"54438758827";"syah_riyan02"
"18109897510779197";"1780411641";"Syududu";"71040862016";"nastitialishawardh"
"17957696307129091";"1780411645";"Shombong amat gaja n cara jelasinnya ya Allah 😂😂";"8209628283";"rtherizia"
"18062476304477143";"1780411646";"Kata kata tanpa bukti biasa y hanya omdo utk ngeles hrs y ada data dan bukti TF dll";"72755157454";"waed.e2001"
"18113439076868263";"1780411651";"Tengil bnget bjirrr";"10094104211";"jtombey"
"18076741484386176";"1780411653";"Tumben ngga jawab adalah pokoknya😂";"1511157021";"wahyucepor"
"18100926106855556";"1780411655";"Bukan masalah uang dan masalah rombongannya Bambang..... Tapi masalah hari kerja 6 di indo 1 di LN... Paham Bambang gentolet";"3296493511";"anjo_id"
"18100324012994594";"1780411656";"Banyak yaa..";"1482000437";"m_alfianda"
"18057768779503667";"1780411673";"🧴";"59367999392";"yugo_chelz"
"17865913182628422";"1780411674";"Qurban kok pake apbn?";"250740287";"alipiliang"
"18048830825775371";"1780411683";"Adalah pokoknyaa ..😌";"79504349116";"fanisfahrn"
"18108551402486142";"1780411687";"@id.print_workshop hahaha target 5tahun keliling dunia";"1482000437";"m_alfianda"
"18132218299508982";"1780411693";"Apa gunanya presiden ke luar negri? Sok jawab atuh";"5904399382";"nurnurjannahnurjannah"
"18072459929475323";"1780411709";"Kelebihan biaya ke luar negeri katanya
ditanggung sendiri, giliran qurban pake APBN.";"497348728";"ichamdani"
"18592615249022679";"1780411711";"😂";"594960898";"amydafff"
"17865956196626460";"1780411717";"Kurban sapi aja pake apbn, sejak kapan pula kunjungan negara pake dana pribadi , stop membodohi masyarakat 😢";"1944632034";"abdi_nappppp"
"18078540197650338";"1780411722";"boty sinting";"33232733807";"feelingbluee.e"
"18105667252771293";"1780411722";"Kata gw sih oplas ya bun, udh turun banget mukanya";"4156578451";"kangenkamuselalu"
"17892461895474163";"1780411724";"mana percaya, Qurban aja peke APBN.... 🤣🤣🤣";"7289263517";"konveksisurabaya_qampuzshop"
"18066731144399718";"1780411739";"Lebih percaya @cindyyozalita bisa terbang";"4215492427";"riavens"
"18007488458935498";"1780411770";"Ngawaduk";"1424918955";"shantyanggra"
"18022721138666175";"1780411781";"";"74063470730";"kaylasigmaa"
"17877074922656517";"1780411783";"";"4634779796";"itsfnday________"
"18090325346367073";"1780411784";"Semakin klarifikasi, semakin membesar masalah 😂 kadang-kadang kasihan lihat orang bego mimpin.";"25048291198";"ayah_omera"
"18044908322580985";"1780411795";"Tedddddd capek rakyat teddddd. Lihat tingkah kalian";"3027289397";"arlukman"
"17885873049571180";"1780411804";"INI MANUSIA HASIL NEPOTISME KEKUASAAN PRABOWO YA?";"3533937401";"ayah_nufail"
"17964331722109517";"1780411807";"@thor_bar_bar 😭";"373484634";"tzbwjsb"
"18083567864141130";"1780411815";"Jangan judes judes mpok 😂😂😂😂";"59852338894";"pakmister5758"
"18593409697029242";"1780411835";"Kyk nya org ini yg jd cikal bakal praboro dpt selalu informasi manis pdhl di bawah masyarakat lg menjerit";"2125231304";"abdul_shalam"
"17868487653549182";"1780411836";"";"4277482063";"fahlevi_227"
"18086203274624059";"1780411848";"@official.kpk 😂 berani ngk di audit";"1927071432";"lya_priadi23"
"18141313780523701";"1780411848";"Cape amat jadi lo ted, tiap junjungan ngawur buru² bkin video pembelaan";"6280711102";"zehan28_"
"18130668622593624";"1780411861";"paling kompor gas ini sih🤣🤣🔥🔥";"959472855";"habib_maulanasyarif.cmsh"
"17879037042458720";"1780411872";"Ted Ted lu liat vidio lu yg ini kaga malu apa 🤣🤣🤣🤣 gua sih malu bgt asli dah";"1752451465";"rizkimaulagi"
"18105645973983545";"1780411875";"Padahal Pak Dino hanya memberi masukan dan solusi,  malah sensi.";"1621860642";"desma_f3"
"18064216478455576";"1780411901";"Sama beli pengaman wkwk";"1418532651";"giovannichliser"
"18116988247808592";"1780411929";"pretttt qurban aja pake apbn";"38777988391";"aaini.nr"
"17883400566589637";"1780411933";"B. A. C. O. T";"4144499178";"nukiwari.channels"
"18091913081607763";"1780411939";"Kurban sapi aja pake APBN ☺";"38799780567";"muhammad3905710"
"17916976602380683";"1780411942";"Lagi datang bulan kayanya...😂";"2292966187";"rians.lim"
"18596656744038490";"1780411949";"Sapeee luuu";"1487271729";"linggaandina"
"18142463896518677";"1780411971";"Baby Ted sedang jd jubir?";"1418532651";"giovannichliser"
"18077858342558830";"1780412004";"Alamakk";"8202267023";"iifcahya"
"18599383528014167";"1780412004";"";"8425869276";"aldo_aldx"
"18105100873978065";"1780411226";"@lilissetianingrumm eeemes ya 😅";"476083060";"arieandriyan"
"18082585010150734";"1780411228";"Bang jangan kenceng kenceng 🤣";"3054985030";"iqsall_n"
"18318776611261680";"1780411231";"Ya jelas lah dia bela suami nya😂";"70213888022";"arbyeetat_____"
"18104051378054009";"1780411234";"Bagaimana mau percaya perjadin pakai tambahan biaya pribadi, kalau kurban sapi aja pakai apbn";"614734507";"denrezr"
"18053588387512633";"1780411239";"Iy udah iya seusss !! Pokoknya ada 💅🏻";"204379483";"hananaseftina"
"18099407233881844";"1780411250";"@agamkupie siap2 ilang bg 😂";"76871047370";"kebabburgerkayra16"
"18109929352922861";"1780411251";"@jonoseduhkopi aaaaaaa";"1982555320";"muflik_"
"17970024489112198";"1780411259";"Ko dipotong yg dia ngejek dubes?";"393071679";"hendra.suripto"
"17965282656087154";"1780411268";"🤣🤣🤣🤣";"68912103444";"mamolaaa_r"
"18101990159035711";"1780411280";"Emg masih ada yg percaya?";"229161018";"irziqamdiken"
"18123227230565476";"1780411284";"Yah tinggal dicek saja semua transparansi kan yah Pakkkkkk tinggal cek yg bener tidak kelebihan biaya di tanggung sendiri, tinggal cek visa check in di negara tujuan ada berapa orang...Ayo monggo abang abang yang pada jago cari data🔥🔥🔥";"5954828511";"mina.eramira"
"18082084100400008";"1780411292";"Orang ngomong kog gak pakai data gimna 🤣";"5892228193";"didit9763"
"17879151399455976";"1780411333";"Asbun lu @teddy_hq .. Lu layak di reshuffell";"65236496300";"dpandawagroup"
"18118159816703728";"1780411344";"@gasdar.arch gila gila klarifikasi kaya nikmir anjir. Padahala ada jubir presiden buat apa";"6766617288";"hafizhsyafrial"
"18118120684794283";"1780411354";"Qurban msh ambil dr APBN";"2032479858";"yusi_radita"
"17914279389393597";"1780411359";"Kapasitasnya dia ngomong itu apa ya";"65068799092";"iwaan.jpg"
"18069509417354122";"1780411359";"Bagaimana mau percaya, kurban saja pakai APBN :)";"1949654642";"arinahidhayatika"
"18101255647858402";"1780411367";"😭😭😭";"8701705108";"aprillvrgn"
"18195455635366140";"1780411404";"Qurban aja pake uang apbn 🤣";"72755157454";"waed.e2001"
"17916148572388055";"1780411413";"Sorry saya trust issue, apalagi anda yang ngomong!";"1495881455";"ika_dwijeee"
"17965323585085293";"1780411414";"🥱🥱🥱🥱🥱🥱🥱";"318497837";"indradicky04"
"18424936738193136";"1780411417";"Syadudu sudada syaadudu";"2179043099";"mickael_kolay"
"18066720398389754";"1780411428";"beli sapi pake APBN dan kalian hrs msh percaya kelebihan biaya di tanggung pribadi???";"8314847748";"___ikin___"
"17894242845470649";"1780411439";"pejabat" unfaedah";"5878712202";"dindara_____00"
"18081617930167219";"1780411442";"Repot bgt bun";"50746493095";"reelss0926"
"18083857442142077";"1780411466";"Bullshit";"1497383553";"taufik_ranggahidayat"
"18116121985804678";"1780411467";"Siap nyonya teddy prabowo subianto";"1683689964";"prima_nq"
"17882610138595111";"1780411478";"@exca_maya Krn pingin jadi presiden agar bisa Plesiran gratis dan d hormati and honeymoon gratis juga d biayain negara";"72755157454";"waed.e2001"
"18094579223241718";"1780411478";"Muak";"5917565280";"afiifahrasya"
"18466221604106376";"1780411480";"😂😂😂";"2095921963";"rommel.edw"
"18102560074834849";"1780411481";"😂😂😂@lembuwiworojati";"2234160756";"monabocii"
"17890836657517696";"1780411485";"Lihat tak ada yang percaya 💩";"804103868";"adiendp10"
"17931544872297459";"1780411487";"Iya kah? 😂";"50659913543";"diah.r.wahyuni.1"
"18375504763166053";"1780411494";"Blunder lagikan🤣🤣🤣";"5594984149";"mansyahsician"
"18452611387112951";"1780411494";"Sapi aja nebeng 🙌";"1835067326";"rontistia_oktafiando"
"18116634940770186";"1780411501";"Biar lebih privat";"72755157454";"waed.e2001"
"18153474445479780";"1780411514";"😮";"66110974797";"stepanus.adi"
"18013891310897531";"1780411522";"😂😂😂";"8756460984";"riannovendi4"
"17863393071585117";"1780411523";"Dosa apa ya alloh bangsa ini..";"9265450130";"erwinsuhendraa"
"18118675993812622";"1780411531";"Bakso mas. 🤣";"1644298825";"nanda.perdana_"
"18097602656165592";"1780411537";"@agamkupie 🤣🤣🤣🤣";"4849584126";"_clemyraarravela"
"17996259017956463";"1780411570";"“Wrong man at the wrong place”";"6784473606";"risyesarinastiti"
"18374880373167253";"1780411589";"@agamkupie yah beda lah klo pake ordal skr di indo di utamakan ordal anak jkwi blm cukup umur aja bisa jadi wapres...tinggal rubah saja uu y";"72755157454";"waed.e2001"
"17926047219344329";"1780411600";"Oh";"21273094168";"ayudungcit"
"18101264170844103";"1780411602";"Kurban ajh pake APBN spa yg percaya dia ke luar negeri pake uang pribadi 😂";"56236098478";"fikry1175"
"18470879986096003";"1780411607";"@yadie_sirat nah!";"2713854542";"dewitjakrawinata"
"18093066332581653";"1780411608";"taek, kurban pake apbn aje klaim nya bantuan wowok 🤣";"1530291374";"indramauuu"
"18091743320198855";"1780411615";"Muak bgt liat mukanya";"4459467472";"lena.permata"
"18104623313473555";"1780410845";"@almashyra_cantik masuk surga bsk kita kak, jalur wni";"492137472";"iranitaanjo"
"18211790926330789";"1780410849";"Berarti harus kaya biar bisa deket pejabat dan ikut dalam pemerintahan terus dimana harga diri negara kalo pelesir nggak jelas dijadikan agenda negara";"239992718";"zammifthlrhm"
"18094257248597207";"1780410853";"Hadeuh. Anak kemarin yg baru dikarbit menjawab ttg geo politik. Nggak paham maksud Dino Pati Djalal. What ashame. Maybe education can help you.";"19467923667";"de.ni2708"
"18015470600850150";"1780410861";"Wtf is this😂😂😂";"1215751682";"ekaarditaaaa"
"18081079196191721";"1780410866";"Emang aku percaya kata2 mu itu? 😊😊😊";"1531739240";"adiffama"
"18104989708792689";"1780410867";"siapa suruh duit pribadi dicampur-campur? bikin bingung aja";"2176229918";"indriannaegita"
"18202432828352532";"1780410870";"@habibie_moehammad syududududuudu";"239992718";"zammifthlrhm"
"18001701620929801";"1780410897";"🤣🤣";"3015758526";"hasimsanawi"
"18406921681150926";"1780410905";"😂😂😂😂 ngok";"3574116599";"arifpra21"
"17938769055248434";"1780410911";"Yang ini nggak sekalian dicopot?";"183218377";"tough_dee_"
"18061700972709052";"1780410918";"Apakah memang tupoksi seskab?? 😵‍💫😵‍💫 setiap ada yang viral, beliau selalu klarifikasi";"1170996992";"desy_arfini"
"17909886648410361";"1780410925";"";"10812745055";"cibimaruko_chan_"
"18085030085622840";"1780410940";"@habibie_moehammad hei skali inna skalaive 👋🏻";"3442028744";"ekihadiprayogo"
"18597453367007957";"1780410940";"Tante, mending diem aja. Makin jelas blundernya";"33227092821";"dendy_marsono"
"18079559597647387";"1780410945";"Kosong..";"3163514058";"henqie_well"
"18084931436427299";"1780410950";"LGBT sedang datang bulan..";"73657504520";"yudhieprwnt_"
"18110331227507504";"1780410951";"Cicing ah";"1971297331";"apalohsam"
"18086067689083792";"1780410952";"Yg bener? Qurban az kmrn minta APBN.";"468740919";"linanajaibrahim"
"18105034132811513";"1780410965";"Qurban sj pke apbn msh mengatas namakan dirinya,masa percaya ini??🤣";"16088084939";"marwahpuspitasarii"
"18102741950021112";"1780410970";"@asri802";"1913442918";"septianmau"
"18139518859546447";"1780410971";"@dominickevan_23 istrinya ter 🤣";"3322972950";"febrywj"
"18154231741485921";"1780410990";"qurban aja pake apbn .... yakin !?";"635939770";"kaelaniahmad"
"18151752232469178";"1780411001";"😂";"3720883649";"dezan.hardi"
"18070141901672405";"1780411032";"bullshit";"2053972004";"is.deacy13"
"17931586623294825";"1780411043";"Childish 😂";"4239329652";"adel_friana"
"18003529505928684";"1780411048";"Apaan sihhh akun sekretariat loh ini sampe bkin klarifikasi begini butuh validasi dan pembenaran bgt 😮";"11886831646";"yenny.hmdh"
"18065246027436085";"1780411074";"@habibie_moehammad ya ampun 🤣🤣🤣";"6107326433";"dessy8143"
"18117871327790471";"1780411102";"konsepnya split bill apa gimana nih ted";"817692844";"irwanmaulana_"
"18411399622195280";"1780411103";"Kosong";"1365922100";"jerry_yoland"
"18050866025769659";"1780411109";"Ah uang pribadi gimana, qurban juga pakai uang APBN";"8244950140";"doyilham"
"18102767801024503";"1780411109";"Pak, spill skincare betisnya dong. Biar glowing ky bapak";"63461813687";"lanaaudrey4"
"18008186051730486";"1780411115";"Harmoko abad 21";"31260825";"raditmahindro"
"17973786809892319";"1780411121";"Seng percoyo omonganmu iku sopo to ted, ted ?";"6453948238";"wiwisusilo"
"17930343045295325";"1780411130";"Bener ya.. teddy selalu bagian kanan view nya wkwkk";"78539374936";"koala.5659975"
"18131914321520767";"1780411133";"@thor_bar_bar anj 😂";"817692844";"irwanmaulana_"
"17987843043040437";"1780411137";"Jumlah rombongan kok dibandingin sama jaman SBY? Knp bukan bandinginnya sm jaman presiden Jokowi? Pertanyaan utama kenapa anggaran dinas bisa kurang? Seberapa besar kelebihan biayanya itu? Apa penyebabnya? Booking hotel super mahal? Fine dining setiap saat kah? Sekelas rombongan presiden gabisa atur anggaran dinas luar negeri? Akomodasi dan fasilitas dinas luar negeri hrsnya menyesuaikan anggaran kan?";"14887241579";"diahhhho_"
"18099398743890891";"1780411141";"Apabila amanat disia-siakan, maka tunggulah kiamat (kehancurannya). Sahabat bertanya, 'Bagaimana menyia-nyiakan amanat itu wahai Rasulullah?' Beliau menjawab, 'Apabila suatu urusan diserahkan kepada bukan ahlinya, maka tunggulah kehancuran itu.' (HR Bukhari).";"303878682";"hadianihamami"
"18399424105157458";"1780411150";"Iye iye";"36067134819";"fjoha.na"
"18079007798242467";"1780411153";"botiiii";"5961367163";"virdavm"
"18082467329440261";"1780411163";"ok gass pilihan kalian 😂";"1539010140";"aff_0fficial"
"18127985560716830";"1780411164";"";"2131943335";"t_ak135"
"17923151061348071";"1780411173";"@trend_asia Lalu?";"2027781179";"nimasalifi"
"18154396357487132";"1780411178";"@adityadrmwnn";"1807525994";"tjahjo_pnt"
"18069115496347660";"1780411190";"Rajet ajik lah😂";"2241276294";"dikiiisme"
"18006100586918830";"1780411197";"Biasaa istri bela suami, padahal tinggal diterima aja loh kritiknya, masih Denial aja ni buna wkwk";"2908271203";"_zdnnfh"
"17957805582007548";"1780411201";"Pret dah";"3455245289";"herysuhery22"
"17910688545223884";"1780411224";"Urg masih keneh percaya mama gufron bisa leumpang di jero laut trus bisa ngelehkeun Poseidon tibatan percaya pribiwi jeng jajaran na sanajan si eta ngabahas nimu duit 500 perak di angkot😂😂";"41356527774";"ro.mmed"
"18089495333190348";"1780410432";"Wait! Kalau perjalanan kepala negara dibiayai oleh dana pribadi bagaimana memastikan tidak ada vested interest?";"173963701";"gintingski"
"18091674095347086";"1780410465";"inkompetensi";"1074575395";"ibewijaya"
"18060530033708472";"1780410469";"Berkurban aja pake dana negara masak itu dana pribadi🤣🤣";"38979405778";"farid.f.a24"
"17969854452065896";"1780410488";"😂";"3535948062";"yovanfandipratama"
"17952423150178599";"1780410529";"Seru nih";"5594984149";"mansyahsician"
"18065451419425299";"1780410569";"Eneg gw liat muka ni orang";"1455434456";"sayanuary"
"17865030900630718";"1780410571";"Lagian mana mau pake dana pribadi ga bakalan";"596682333";"anggrainj"
"17958291378129703";"1780410573";"Gak pernah semuak ini sama makhluk. Tiwiiikkk. Tiwiiikkk. Tobatmu kapan.";"2123140075";"mrsprabowo"
"18093837407262262";"1780410575";"";"55999139";"537d03d"
"17989485974988324";"1780410593";"1. Siapa yang akan verifikasi perkataan beliau?
2. Apakah akan ada audit?
3. Atau kasih bukti setoran uang kenegara sebagai bentuk kompensasi atas kelebihan perjalanan dinas?
Sebetulnya rakyat gak peduli mau pelesiran kemana aja, asal ada hasil yg jelas dan rakyat sudah sejahtera.
Toh kita juga gak bisa tuntut balikin duitnya.
Mau kunjungan 10x ke bulan juga ok aja asal negara udah bener, korupsi hilang, kemiskinan nyaris 0.
Dah gtu aja.";"590184466";"bagus_ginanjar"
"18085435976562867";"1780410602";"Ah maca cihhh 😂";"1984500024";"mdhncha"
"18167579632426209";"1780410607";"Tampang sombong dan aroggan nggak mau salah. Belagu jadi orang";"1561977148";"rajrahma29"
"18466434892105337";"1780410632";"Buktikan kalo pake uang presiden, kalo cuma ngomong sama aja lu Ted kaya Ema Ema ngerumpi";"4179031077";"bayu1516"
"18105729859950274";"1780410635";"Ted tot";"1501965823";"arifwahyuprabowo"
"18138386911471828";"1780410642";"Pret";"9932343231";"rbeee17"
"18095692538583607";"1780410652";"@kasnarian.adinata makkkkkkkk🤣🤣🤣🤣 lantang kali bang";"3304703284";"jaavu_de"
"17876572536479173";"1780410654";"Ted,udah jaman online loe udah gak bisa bohongin rakyat lagi.rakyat udah pinter mikir 5x deh buat bohongin rakyat";"246043229";"noeronehid"
"18590811748000892";"1780410658";"Sepakat";"728318439";"rcfauzi"
"18086803898244298";"1780410670";"Sergio ramos lo?? Defensif banget";"322333485";"aguzfaizun"
"18102942868835021";"1780410672";"Dari tadi nyari yg bela ini orang tp gak ad... MALU YAAAA";"6328055647";"mymaaimar"
"17894570175469089";"1780410690";"@thor_bar_bar 😭😭😭😭😭😭";"2285582522";"anjani.ryeo"
"18213413842328011";"1780410691";"@rina.inggriyani aamiin allahumma aamiin";"595481119";"jumaitanu"
"18094498172223131";"1780410693";"Dia siapa sih?";"53102046712";"syaflinaa.c"
"18104304398282777";"1780410693";"😂😂";"2357690216";"adam_firdaus26"
"18105579982983045";"1780410693";"Iya iya yg pake dana pribadi percaya aja, tp abis itu narik pajak 22% , UMKM omset 6jt kena pajak 😂";"596682333";"anggrainj"
"18122724565727606";"1780410699";"Anak bau kencur ngajarin pak dino. 🔥🔥🔥 👏👏👏";"4920640917";"dhe_supriadi12"
"18271019443292887";"1780410700";"🤣🤣🤣";"2286061805";"ummi_salim_"
"17940825468231438";"1780410703";"@juliansihotang___ buktinya di narasi narasi yg menyenangkan 😢";"5791771427";"setia_darmanto"
"18092329079028022";"1780410707";"Yaqin uang pribadi untuk dinas, biasanya pejabat itu selain menjabat y memperkaya diri kan,,masa iya malah d pake dinas😂😂😂 yaqin";"3304703284";"jaavu_de"
"18461710342107266";"1780410708";"Ajg 😂";"2313257862";"raynaldybagaskara"
"18084908657114350";"1780410710";"Jelasin hasilnya coba";"227858375";"st_chska"
"17914850949392793";"1780410713";"MASA SIH,,, WONG HEWAN QURBAN SAJA GAK MAU PAKAI UANG PRIBADI,, PADAHAL ADA HUKUMNYA,,, APALAGI INI,, ORANGNYA YG DI TANGGUNG BANYAK,, MASA IYA,,,????";"18138062150";"he.ri7514"
"18117581206815405";"1780410716";"iya deh iya, pokoknya ada, atur aja.";"35586645162";"clooudshawn"
"18602538049055741";"1780410719";"Si paling klarifikasi bun bun";"370050051";"adiiperdana"
"17886558255398332";"1780410721";"Tata kelola negara ko bisa kaya gini ???? Faaaaklah . Kapan turun ke jalan iniii";"59672873460";"mangopikltd"
"18078764180234709";"1780410727";"Halah sapi qurban aja APBN tpi namnaya PRABOWO🤣";"4221948172";"mawaldi_01"
"17865543390687091";"1780410730";"ADA LAH..";"20753438471";"mughitsw_"
"17938715196250444";"1780410731";"Usuttt! @official.kpk @bpkriofficial";"74795506756";"zul.loe"
"18027355118818076";"1780410737";"Kurban aja pake APBN";"4365755023";"mhdagung20"
"18322622839265666";"1780410741";"";"720833030";"iyalapriis"
"18106442437948020";"1780410759";"Bang qurban aja pake APBN....";"5681565805";"a_salim8"
"18106994116763486";"1780410761";"Wajar kalo cinta mati dibela habis habisan..";"2313257862";"raynaldybagaskara"
"17988386928004910";"1780410781";"Klarifikasi mulu ni";"65013472838";"roh_andi57"
"18059937026709141";"1780410782";"Ijlik ke LN bikin dollar kuatt rupiahmu sekarat!!!! Gak ada guna buat rakyat";"1475365224";"murgmur"
"18107978812778437";"1780410804";"Buna sensitif banget 🤏";"3204292017";"sigialia"
"17880849837598440";"1780410807";"";"3512079823";"rezky_fesa"
"17899622355449517";"1780410807";"Gini amat dahhhh😮😮😂";"9615605900";"saskinasyamlatul"
"17895868944466400";"1780410820";"Nikmati saja, tp jgn harap bisa 2 periode.";"331636318";"rusnita_sone"
"17886500253399455";"1780410845";"Halah .. beli sapi aja pake apbn .. kalian2 percaya? 😂";"633789268";"jhndhsym_"
"18155866369411976";"1780410120";"Kenapa lu yang jelasin kocan? @teddy_hq";"52775391035";"abangilham05"
"18103362952993207";"1780410121";"@yadie_sirat 😂😂😂😂";"7306046264";"retno.damayanti.568"
"18329990377248963";"1780410121";"preet";"1681860068";"dprdn._"
"18084146465421388";"1780410131";"Ibu negara pagi mej";"5971776412";"snixonsimatupang84"
"18425254681130510";"1780410145";"Kenapa mentionnya pak dino bukan pak joko? Masa menlu vs presiden";"265783365";"saddamhaviez"
"18146878090498329";"1780410147";"Qurban aja pakai APBN apalagi jalan-jalan ke luar negeri buna mah bisa aja ih ngeles nya 😂😂";"5620083193";"riyanslvj"
"17983168620010656";"1780410162";"tiwi marah-marah";"200045691";"abceqy"
"17976620589044215";"1780410166";"HAHHHHH";"40228382693";"ananda_shid30"
"18443865535141772";"1780410168";"Syududu";"56103986565";"umirosmiati10"
"18022328804847520";"1780410170";"Dikit dikit dana pribadi mulu nih eikkk";"310754361";"ravikavikaaa"
"18156600247412504";"1780410175";"Iya buna";"4092939222";"baeooo00"
"18410543257146488";"1780410179";"Semakin Buna klarifikasi semakin rakyat gak percaya, qurban aja pake APBD, apalagi ini masa pake uang pribadi, suka ngaco nih buna😂😂😂";"1399807279";"ariansyahd"
"18594084160024680";"1780410180";"😂";"4440089";"ibamkamil"
"17884888329565397";"1780410195";"Gini nih klo bodyguard jd mentri... Belagu komuknya!";"1529203471";"ricktdewant0"
"17891026314487676";"1780410197";"Pret";"1683544750";"vindri_hb"
"18164595430434547";"1780410208";"Gpp, duitnya banyak ada 2T kata warga 58.";"1699595279";"nailyardian"
"17858720382644185";"1780410217";"Ted syududu";"2920883856";"dikharaaa"
"18321086539282282";"1780410217";"Kurban pake APBN tapi yhhhh";"1361703389";"itsdinaamalia"
"18126907195542367";"1780410220";"🤣🤣🤣";"2296474894";"_biillaaa0_"
"18439079065191901";"1780410223";"Dongeng mulu 😂😂";"53355028429";"wisnu_pratama_46"
"18124409704629365";"1780410235";"Emang sudah sepantasnya istri nemenin suami kunjungan LN. dia kan ibu negara. mana ada foto selfienya berdua sama suami waktu di paris.";"785877595";"endah_nr"
"17890333149537277";"1780410240";"istri backup suami";"1981292369";"raisaa.siregar"
"17884644519570131";"1780410250";"Mulutnya miring,.iya kyk nya sering kena biji satu mulut itu.";"64577769458";"jezensky"
"17886572673560856";"1780410268";"Masih percaya jokowi ijazahnya asli drpd tedi😂";"11803394372";"muh.arham1"
"18143184541524166";"1780410273";"perjalanan negara tapi pkai dana pribadi. trus pertanggungjawabannya gimana tuh? klarifikasi lagi ayo ted";"1431754704";"swaranimustika_"
"17993771969968753";"1780410276";"Kalau punya anak jangan kasih nama teddy pasti nanti kayak gitu angellllll angellll";"599074524";"ruddisetiawan"
"18106408282960108";"1780410278";"Hidup Jokkk";"3118488265";"4zhri"
"18118893409666724";"1780410278";"Elu mulu yg speak up bun, bini u gabisa ngomong?";"1620390996";"sherenacarol"
"18117260380754745";"1780410281";"";"47785982207";"adnrfqh"
"18062715419467532";"1780410282";"Ooooooo";"207592992";"junirajni"
"17898471582309911";"1780410294";"Pretttt";"3666101357";"d14h__71"
"18022737581668173";"1780410300";"Tapi ujungnya APBN 😂😂😢";"179985690";"saepuloh_epul"
"17925131715346798";"1780410309";"Cebokin terus 🔥";"2118464663";"kojek_amstrong"
"18159731089460378";"1780410313";"Tolong dipisah yaaa, urusan kenegaraan sama urusan rumah tangga. Beda itu regulasinya.";"4751384902";"dianptrhm"
"18037782026608694";"1780410318";"Luar biasa jawabanmu pak seskab, luar biasa tidak solutif 🙌";"1246908103";"hernidarwanti"
"18126733258621056";"1780410318";"Audit";"3945259966";"arham_hisyam"
"18395186569081907";"1780410340";"Si paling berkorban";"1184522829";"vckyasdf"
"18074165561668276";"1780410341";"Ngapusi doso lho pak 😮";"2330753494";"ria_nur_widodo"
"18107652805747076";"1780410342";"@sahamdaily tenang.. masih banyak orang-orang hipokrit yang mau nyebokin si Ani-ani";"3685733277";"cipta_arum"
"18065117795448353";"1780410346";"";"987444179";"restuuw"
"18104860357961793";"1780410354";"Ini Manusia sok sekali,Kau Mau counter pak dino, Beliau sdh Jadi Diplomat luar Anda belum lahir Tedy modal Istri ke dua Sombong sekali kau🤣🙌";"39519763329";"fitrawansyahdn"
"18218111410326380";"1780410357";"Mending dengerin mankoli";"1471708290";"wahyu_supr"
"17881761087435555";"1780410369";"Tombol ludah >>>>>>>>";"62734863695";"vandycastelo"
"18084856838118345";"1780410428";"@habibie_moehammad sdudu";"12793343285";"baitsulikhsan"
"18589363963015410";"1780410429";"Cebokin terus";"1334603839";"onehundreds.id"
"18099520415154929";"1780410430";"Percaya? Helikopter pribadi aja boong waktu bencana banjir Sumatra 😏 bunda jawab aja, pokonya ada aja dananya. 😁";"598048193";"iqbalrifqi777"
"18053078966770285";"1780409741";"Orang gak punya kapabilitas malah ngebacot 🫵😹";"1474871532";"marhadiyanto"
"18163753399432667";"1780409752";"Ada yg percaya?? Wong Qurban aja pakai dana APBN 😢";"41945050";"ch0c0_chiz"
"18419906821178491";"1780409756";"prettt";"3985843076";"irfand_1010"
"18397077907080898";"1780409768";"jgn lupa angle kanan";"378163477";"aqiva"
"17938555620055786";"1780409771";"Halahhh halahh preketekkkkkk";"74074389456";"yaku_zajowo"
"18098937413143710";"1780409786";"🤣";"53695688520";"m.uswtnhsnhh"
"17873644827503820";"1780409796";"@rina.inggriyani sama yg 58% juga dalam hati kecilnya nyesel kalo tau bakal gini mah🤣";"49463509284";"zhenk_21"
"17975006859028321";"1780409814";"Tegang bgt 😂";"330470750";"zidatiara"
"17895765159329736";"1780409831";"Pokoknya ada :v";"18041513694";"user.anonymous404"
"17970913868903859";"1780409845";"";"17807078985";"plumpytomato"
"17927091633313274";"1780409856";"Itu belum dikali berapa kali kunjungan, kocak lu @teddy_hq";"6386497315";"gusraider.id"
"18110081105488656";"1780409856";"Kata gua mah udh aja diem, kan kebanyakan jalan2 pusing. Apa aja mao dibelanjain, tahun depan masih qurban loh, masa apbn lagi yang turun. Takut bgt pahalanya bapak kebagi2";"2353804956";"hepimpiw"
"17996210939960501";"1780409892";"Ditunggu laporan anggarannya 🫢";"8185879260";"nisabnz"
"18165558949440389";"1780409902";"Pergi ke 7 negara 12 hari ditahun 2014, pergi ke 1 negara 2 hari ditahun 2025. Yang jelas beda harganya juga beda 🤣";"298641256";"mrizky_gunawan"
"18104441782825605";"1780409906";"Wong qurban aja pakek apbn apalagi kunjungan keluar negeri😂";"569934339";"shemar_hm"
"18083661851437317";"1780409907";"Mundur lah anda sekolah lagi";"9212014819";"edisonridoys"
"18400981405156158";"1780409907";"Boohooonngg...qurban aja pake duit kitaaa";"2208272861";"bayu_ir1689"
"18023692706662199";"1780409908";"Tedi ini seskab atau jubir presiden sih? Atau gmn?";"5330380143";"dominickevan_23"
"18015069803850006";"1780409939";"Bunted lgi mens 😂";"1553121518";"piter_simbolon"
"18079017038216769";"1780409956";"Buuuuutttttttt";"3635249451";"elvinovita_"
"18441613225191161";"1780409957";"@anindythas_ ngeliatin si Gay inihhh...cuuuiiiihhhh 🤮";"7894129";"hugetter"
"18053282852512144";"1780409968";"😘😘😘😘💦💦💦";"79027148616";"abdulsikurman"
"18090099620169298";"1780409970";"Orang ngasih saran baik dan jelas. Eeh. Malah panas😂";"1664091045";"renam_putra"
"18586775161020076";"1780409981";"@aboutnji apeeee sikk yaa klarifikasi lu 😂😂";"233439449";"karinadeviana"
"18117629962703235";"1780409985";"Tunjukin buktinya. Jangan cuma omong 🙏🏽";"6213870243";"dr.sherren"
"17989787624808386";"1780409987";"🤣";"45481157726";"umihana89"
"18115676323868307";"1780409987";"Lemes banget nih mulut bunda corla";"2081684311";"angelnadya.nl"
"17940536454219309";"1780409991";"Katakanlah ini sebuah pembelaan dan kenyataannya memang seperti itu. Tapi, etiskah seorang pejabat negara, apalagi pemimpinnya bolak balik kunjungan negara, tpi rakyatnya dan kondisi negara sedang sangat tdk baik. Apalagi hasilnya ke luar apa? Ini blm kami rasakan. (Bertanya dgn nada lembut ramah dan penuh senyuman ya ini ☺️)";"277665946";"aatwn_"
"17949303170999056";"1780410006";"Saya No words words. PCO yg harusnya menyampaikan bgini. Overlapingnya udh Overkredit klo ini 🫣";"78263087048";"mr.coffeemix"
"18003475286926088";"1780410017";"🗿";"246644100";"rharamoo"
"18104461087949803";"1780410019";"Qurban aja pake uang rakyat, masa iya jalan2 ke luar negeri pake uang pribadi? 😂😂😂😂😂😂😂😂😂😂😂😂😂😂😂😂😂😂😂😂😂😂";"2016903881";"rama_elfath"
"18012505919885724";"1780410025";"Gerinkkkkkkkkkkk👏👏👏";"289420576";"nadyaruni"
"18120924571672145";"1780410035";"Semakin menjelaskan semakin rakyat tidak percaya😤";"41135223460";"putra.pantaifc"
"17925153132126488";"1780410061";"";"1228260851";"achmad_amrozy"
"17947489980190550";"1780410070";"🤣🤣@yadie_sirat";"50677560340";"ratnafay"
"18127924918528947";"1780410071";"Wowwww emang boleh yaaa disuntik dana pribadi ?? Ooo pantes negaraaa dimainin untuk bisnis sendiri . Kan keuntungannya masuk kantong sendiri upziee 🫢🔥 sehat2 yaa pak prabowo";"8185879260";"nisabnz"
"17935260417070600";"1780410074";"Astagfirullah, semoga lekas sehat. Aman, tentram, nyaman indonesiaku";"2152704676";"berimpit"
"18121944685726756";"1780410079";"Tapi beli sapi  kok pake APBN ya?";"38322318670";"adiba4099"
"18081529955637022";"1780410086";"😂😂";"2291665654";"ncangeray_"
"18097332751898281";"1780410090";"Kurban pake apbn perjalanan dinas pake duit pribadi 😂";"13830723847";"game_bandung"
"18092865905613064";"1780410093";"Anggarannye aje brape🗿pokoknya ada";"8526847931";"justis_9"
"18081783791446992";"1780410096";"Personilnya dikurangin kan karna niatnya mau staycation bukan kunjungan negara resmi, stop ya, Ted, staycation bukan budaya kita";"314702185";"lungayukr"
"18594469534043695";"1780410096";"jijik banget";"6797136066";"assabita_"
"18153703672481060";"1780410109";"Katakan preeettttt";"1553908655";"moms_abyan.ghaisan"
"17886223386395096";"1780410112";"";"1534242282";"megaariefw"
"17972848266024580";"1780410112";"Percaya tuh 😆";"15467079159";"wennydiap"
"18114141721863652";"1780409419";"Tidak percaya lagi😮";"2990044230";"pehaye_bakul_tahu"
"18130961449588502";"1780409433";"oke gas";"1212229564";"faajar__"
"18315056416302364";"1780409433";"HOK CUH";"456499838";"thaluladewi"
"18393889756094427";"1780409440";"@iranitaanjo istigfar teruss";"1395726453";"almashyra_cantik"
"17871705420523090";"1780409441";"berapa ya lebihnya";"2032483760";"tedygazali"
"18082776134533481";"1780409441";"Muak banget sok cantik, you think you flower @tedsky89";"314702185";"lungayukr"
"18108485234314538";"1780409476";"Kocakk..";"42315089";"putrabadila"
"18066144599425377";"1780409482";"Dia dibayar pakai duit negara cuma buat ngebact doang?";"5795456305";"minhsoe81"
"18339766984219146";"1780409485";"Setaun sebelum berangkat, Sering ikut antri travel fair tengah malem ya?🤣";"55965728";"ranndiy"
"18082817837531458";"1780409492";"Teet teet.. tetooot ah";"9884217438";"nutmanut_"
"17885533614560692";"1780409494";"Jangan salahin pak prabowo gaes, dia gatau apa-apa. Mana gemoy🥹🫶🏻";"39150924421";"firdausaa_"
"18101266262279173";"1780409498";"Kalian percaya ?";"3214056987";"nico.adam"
"18099446894031887";"1780409502";"🔥";"20795526039";"wahyudharma3"
"17921952054143538";"1780409507";"Gak usah mending mundur aja dari pejabat publik";"3034031856";"rezaround"
"18397145608154647";"1780409513";"@id.print_workshop 😂";"20795526039";"wahyudharma3"
"18091373837525931";"1780409520";"pokokknya ada 😘";"1430648016";"panjaitanrisky"
"17929074420315923";"1780409526";"muak liatnya";"6364021949";"zucrownzazuli"
"18166019608442076";"1780409536";"@klasloki Anis punya salah. Prabowo punya salah. Yang dikritisi itu idenya bukan sosoknya😂. Yang salah itu kalau Anis 100% benar, prabowo juga 100% benar";"2083871377";"miftahul_f62"
"18266521354295558";"1780409546";"Nyinyir terus 😂";"20795526039";"wahyudharma3"
"17900370246451915";"1780409562";"Yg bener? Kurban pake apbn km bilang pribadi";"7461142756";"danangtaruno"
"17919335562166900";"1780409572";"Teddy t nya apa?";"1375217663";"shddgr"
"18105874924786643";"1780409573";"";"1561146716";"anggaprasta"
"17926018932340997";"1780409579";"bener bener samawa";"2231721782";"w.arnold__"
"18123639679632797";"1780409586";"kyk begini Tata kelola keuangan Negara, kacau balauuu😂";"4356752133";"akbar.zias"
"18096044537061461";"1780409601";"Boleh ngeludah gak sih ?";"7421141292";"achmadfauzi93_"
"18376389163204333";"1780409615";"TAPI..BELI HEWAN QURBAN PAKAI APBN ?";"5612135842";"syahrezalfadil"
"17954256207073936";"1780409626";"Ava iyahhh??😂";"5346072654";"____umbrella_"
"18083370269630833";"1780409627";"Mending uang pribadi nya buat orang miskin";"77951202641";"yio_one_buyu"
"18091504067020056";"1780409636";"🤣🤣🤣";"1567431980";"wachyutriw"
"17956030875149229";"1780409639";"Defensif banget jawabannya. Apa coba esensi ngomong jabatan 3 bulan?? Trus pake dana pribadi? Wong kurban aja pake apbn, apalagi perjadin🤣";"52838098";"digithao"
"18014332724899267";"1780409644";"AGAK AGAK";"61811430059";"rdoneamr1990p"
"18048365177787416";"1780409647";"@thor_bar_bar ah bikin buyar 🤣 fokus mas fokus substansi. 🤣🤣";"905906905";"annisashere"
"17884356738568881";"1780409653";"Pake uang pribadi nanti di rembes 😂";"3263675846";"rayan_gesit"
"17887346448555465";"1780409653";"So cantik";"14299154715";"wildhaaaaan"
"17950732254029540";"1780409655";"Personil di kurangi, tp jumlah kunjungannya di tambah, kan sama aja bahkan lebih banyak lagi pengeluaran nya";"3647181786";"ipmawanibrahim"
"18340494697220350";"1780409661";"bener ah, angel kanan rupanya 🤣";"1561451156";"nathanael_pa"
"18118477957741833";"1780409671";"buna udah istirahat aja";"38579007183";"p_nararia"
"17925482889128234";"1780409678";"MANA TRANSPARANSINYA";"51491966643";"hidupjokowi_6"
"18028442417643027";"1780409678";"....";"4726431547";"dlwnrya"
"18086175608096168";"1780409684";"Sampe biaya yang ngawal dtanggung wowo ? @teddy_hq yakin ? Bukan cuma excess aja ? Itu juga kalo beneran ditanggung wowo, buka data aja";"510391545";"kriwilisme"
"18043088081583936";"1780409699";"Atur aja..... negara ini punya keluarga lo.......😂😂😂";"47568564584";"djawad_abdul"
"17932455501272443";"1780409705";"@ han_achir kasian sama prabowo bg..? Ntar di ketawain Bobby bg..";"1525703359";"aulia.muhammad19"
"17995195115956978";"1780409715";"😂😂😂😂";"41229748376";"sentotriawan"
"18014810750702884";"1780409728";"Percaya?";"80104687403";"adev112892"
"18089637554366378";"1780409731";"Sya juga fokus dgerin smpe akhir, cuman risih aja liat mukanya 😢";"3919093421";"thor_bar_bar"
"18591894133059039";"1780409731";"Jgn salah ya, kalau di akunnya mamang ted, fans wanita²nya pada ngebela dan nyinyirin si bpk dino";"1631498667";"nhy1981"
"18088603790369211";"1780409734";"lehermu mana bun";"3243755136";"amaliaadita_"
"18394524724088429";"1780409071";"😂😂😂";"3404195127";"_ramadhanfajar"
"18108827252311728";"1780409074";"Iya iya dahhh suka suka lu aee dah";"58469892744";"atehtanah_"
"18065214473435210";"1780409076";"kemprosh";"1766659809";"azrawkwk"
"17958458664137332";"1780409077";"Sapi kurban 100 miliar aja pake apbn masa ini";"1653191480";"anti_senja"
"18092101994204643";"1780409080";"";"2238412696";"toufanatic"
"17858557092648748";"1780409084";"Lagian pak Dino ngapain sih nasehatin org lg jatuh cinta";"1683364119";"zorayapr"
"18012802376850588";"1780409097";"Kl mau lihat laporan perjalanan dinas presiden bisakah secara transparan, sesudah d audit?";"3971557542";"ayuwulan750"
"17892565293499403";"1780409107";"Hasil kunjungannya apa?";"331877363";"raissaelsakina"
"17915567604391296";"1780409107";"wkwkwk";"1962896728";"hfshl_"
"17927914881327066";"1780409152";"Aneg, pembelaan macam apa ini";"4267041429";"sagiitariusmarbun"
"17989034771813713";"1780409154";"PEMBOHONG !!!!";"52429572994";"rizal.yas2424"
"18028365653811351";"1780409158";"🤣🤣🤣kasar lu mah bang, kasarin lagi dah 🤣";"13389207782";"alidarmis"
"18342327547175191";"1780409159";"Aturan yang mana ? Atau ada UU nya ? Sertakan sumber yang akurat dan Valid🙌 gua tunggu";"5756397663";"zulqiramm_"
"17886169467560115";"1780409170";"Masih inget kan kemarin dia kurban pakai duit rakyat. Masa iya dia mau pakai uang sendiri😂";"4765122169";"adi_g_wicaksono"
"18029163914817323";"1780409176";"Ya goroh bae pake duit pribadi😂";"75583153309";"abangizhar3"
"17886333459395885";"1780409181";"plenger final boss";"37089079428";"sure__gift"
"17967010605099485";"1780409188";"apaa iyaa buna";"5712802004";"ozzacandraf"
"17878845789657346";"1780409192";"Kerja itu paling enak memindahkan barang dari 2 tempat ke 3 tempat, tapi jangan lupa tempat ‘Asal pertama yaitu barang dari tempat pertama. Karena tempat ke2 itu sudah beda nama/pemilik";"1190557239";"aditya.h.g"
"18122871802634757";"1780409194";"ADA PELANGI DIMATANYA. 😂";"611137741";"rnald_ard"
"17968490478098876";"1780409204";"Ada dana investasi sekian triliun masuk, tpinya koq ga ada statment resmi dri mentri keuangan...? Jgn2 kampanye lg.";"2124331242";"son_of_crypton88"
"18188468527340114";"1780409208";"Ibu negara menjelaskan pengeluaran negara";"5537784320";"fuadafdhal"
"18094688060211453";"1780409213";"Laah kita yg karyawan aja yg lagi dinas klo pakai duit pribadi biarpun 100rb ya kita rembes ke kantor.. laah ini, presiden dinas ke luar negeri dgn cost miliaran trus ngaku nya pakai duit pribadi presiden??? Mikir kids 👎👎🫵";"221659447";"aulia.rahman81"
"18320766247287898";"1780409214";"Makin ngaco... kalo belibet sama uang pribadi";"8051189396";"moroseneng18"
"17868651297547398";"1780409226";"Iyain aja guys, dr pd nnti di omelin kya pak dino.";"1961631869";"rzkmalik_"
"18001530089936864";"1780409231";"Untung ga lagi bunting liatnyaa 😹 @hugetter nyinyir bgt kek emak” mulutnya 😜";"228739232";"anindythas_"
"18267258463293117";"1780409235";"@bimaptra__ aneh ya, padahal tinggal tunjukin laporan keuangannya aja 😂";"2095426444";"fathurifki"
"17932424094291588";"1780409247";"Dia yg ngomong, gw yang malu 🙃";"229067635";"rifatunissasm"
"17929027806314978";"1780409261";"Peler";"1090838092";"papa_fidel"
"18063923369460815";"1780409267";"Pokonya ada 🤣";"40841826009";"adityaanggaraputraaa"
"18098419946167730";"1780409271";"";"4147298504";"hlmifshl"
"18129838930607734";"1780409275";"Kebalik ted .. kalo mau kurban pake duit pribadi, kalo jalan dinas pake duit negara, gitu harusnya ted , jgn kebalik lg ya🤣 btw ad yg percaya jalan dinas luar negri pake duit pribadi?";"1919467406";"tiiinns"
"18113481730855784";"1780409281";"@thor_bar_bar 🤣mending Tuntung sahur ketimbang buna..kesel bnget lihat si buna";"8972869451";"ibnu_arfa_assyfa"
"18143631058511953";"1780409281";"Kalo budgetnya gaada yaudah stop, gausah soksokan bilang pake duit pribadi, kaya kita percaya aja";"314702185";"lungayukr"
"18319584433279911";"1780409284";"Makin usaha bikin klarifikasi soal pakai biaya sendiri justru makin aneh. Kalau benar tugas negara dan jelas manfaatnya ya tidak apa2 pakai uang negara.";"1506145141";"andang_89"
"18084716765116526";"1780409286";"@thor_bar_bar 🤣😭";"1978119444";"indra_893"
"18020548517673227";"1780409295";"sebenernya bukan masalah nanggung perjadinnya atau ngga sih, lebih kaya seluruh asn k/l dan pemda sedang diminta efisiensi dan warganya juga sedang sulit apakah harus menghabiskan seluruh uang perjadinnya sampai batas sbm (standar biaya masukan) bahkan lebih yg mana jd ditanggung pribadi? kan bisa berhemat juga hehe, as a leader harusnya walk the talk dong hehe. no offense ya tapi";"4327102609";"zantedeschia14"
"18601505686020343";"1780409296";"Bacerit loe.";"2067404937";"ganbatte_kudasai"
"18082961972431407";"1780409297";"mikir kocak";"45195066892";"d.h.i.n.d.a"
"18063860945478585";"1780409298";"Bubaar bubarr";"62065037375";"mafutozil26"
"17875959654669554";"1780409324";"Cot";"5488879916";"andri_dwiko"
"18356655253213802";"1780409325";"";"2282755381";"syyifafa"
"18101926460078082";"1780409345";"@zauviikhsan Hidup J****iiiii..";"1567728006";"ikko.maldini"
"18095740913221224";"1780409348";"";"2206866706";"yudaenp"
"17940668631232417";"1780409365";"Emng rakyat masi percaya dng rezim ini? 😢";"1544645319";"arbieardasya71"
"17916332196388751";"1780409404";"Itu ngapain banyak banget hey, rombongan lenong?";"383978260";"digitalykha"
"18140138071541043";"1780409405";"Kelebihan biaya perjalanan ditanggung oleh presiden Prabowo, iya percaya akan tetapi nota struk perjalanan dirembes ke kantor dan uangnya kembali lagi ke presiden, istilahnya DITALANGIN DULU PAKE UANG PRIBADI";"3321062673";"ramdhan.sapta"
"17984390438833852";"1780408759";"50 orang tp sebulan ud brapa kali cobaa itung,, cobaa klo pake uang pribadi cobaa tunjukin jgn bacot doang lu ted";"497116404";"nitamalaa"
"18106052009050973";"1780408760";"";"1520967210";"ahmad.ferdian"
"18056245997736832";"1780408766";"@mammaecaaa kan dia perempuan 😂";"80748177775";"azharnur392"
"18135709456561168";"1780408780";"Ciyeeee... Ciyeee... Ngebelain...";"39444409775";"emil__chan"
"18104662751318777";"1780408789";"Maacaaaaa cihhhhh???";"61898524083";"apriyamayunus"
"18294792898304869";"1780408789";"Boro2 mke uang pribadi , wong buat kurban aja pake APBN KAN KOCAK";"254807704";"muhammad_doel"
"18132850915512303";"1780408800";"Dalam aturan yang mana dana pribadi boleh di gunakan untuk kepentingan negara ? Sumber yang akurat dong 🙌";"5756397663";"zulqiramm_"
"17935548636074602";"1780408802";"Bukan cuma komunikasi publik, tapi juga ttg penyelenggaraan keuangan negara. Bagaimana bisa ni orng campuradukkan uang negara dg uang pribadi?";"1629054054";"aigoo_watashi"
"18085063124104977";"1780408808";"Qurban aja pake APBN, gaya2an pake dana pribadi.😂😂";"48816820";"kekebach"
"18122372536735459";"1780408813";"Pokoknya adaaa💅";"2053541297";"arhattafandi"
"17911877409407325";"1780408823";"";"1514195015";"rezamui"
"17971564437063598";"1780408829";"Kureng";"1408454340";"mnlsrnha"
"17863624515631682";"1780408834";"Ogah rugi kurban aja pake duit rakyat";"203165545";"arganh"
"18095899148246977";"1780408840";"Yg jalan2 sama ayang yg bayar sendiri mah";"80748177775";"azharnur392"
"18096627934916033";"1780408842";"Coba denger lagi pas dia bilang kata "oleh" , simak dengan seksama...";"1575396952";"dwishandy_"
"17869024509622357";"1780408845";"Udah yapingnya?";"1228282898";"gugumilarifaldhi"
"18326701105249568";"1780408852";"😍";"3182554360";"ridhopams21"
"17967671895118047";"1780408854";"Kau pembohong kau pembohong 🐮 🐄";"453150848";"oranggdallam"
"18165562144377248";"1780408863";"😂";"14440009563";"reihanfnsrgh"
"17909388228410871";"1780408865";"@thor_bar_bar 🤣🤣🤣🤣";"66262297677";"rahmina.2511"
"18599717905058557";"1780408869";"Makin kesini makin kesana😂😂😂";"1990273725";"erizhal_btr"
"18152745769473061";"1780408873";"Lebih percaya gufron itu kiper neraka";"1563208904";"aryadoni_"
"18169509169435804";"1780408881";"";"473874083";"zettaayang"
"17989076897996354";"1780408896";"WAHAHAHA ga semua orang bisa ngomong gitu";"3718742307";"masssjooo__"
"17986124825824913";"1780408898";"@yadie_sirat masa ia kerja nyari duit buat di pake kerja 😂";"453150848";"oranggdallam"
"18105147619811493";"1780408905";"@religionarab brief dari talent";"41144340";"dhindaperwita"
"18101955902041316";"1780408926";"";"10271484388";"diavolomm"
"17919221103166419";"1780408927";"Frekuensi per bln ke LN dulu dg skrng bnyk mana Ted???";"32480317965";"yoyonaz26"
"18598566835006177";"1780408930";"jangan lah keras’ abangku 🤣";"3718742307";"masssjooo__"
"18103097699045549";"1780408935";"Klarifikasi kayak gini jg anak sd kalau di dikte bisa… isinya kosooong sorry to say";"1545860259";"ayuhp41"
"18064721906454326";"1780408936";"Tembelek!!!";"259117777";"gunawanlie"
"18443833063137237";"1780408946";"Pak dino  menjabat modalnya otak yang cerdas,  lu ngomong modalnya pakai pantat ted";"4950430742";"nurismail247"
"18317086633278901";"1780408949";"Ibu negara nyinyis banget😂";"66502619892";"iramikunursi"
"18013387496886268";"1780408952";"@id.print_workshop hahaha pelan pelan pak supir";"1246908103";"hernidarwanti"
"17925305274128617";"1780408976";"Bentar bentar ngambil popcorn dulu sama kacamata 4D biar berasa real nontonnya😎";"1801595730";"nadnanadnad"
"17968665495078480";"1780408977";"Bunda teddy tantruman";"5959012110";"slp_aq"
"18132877384576618";"1780408986";"pak orang mah istrinya suruh botox tuh jidatnya udah kerut bgt";"207439837";"kikiriziky"
"17978706849047906";"1780409008";"Boleh om. Itu dia beli barang itu over pagu. Dia harus bayar sendiri selisihnya.";"3533060244";"alwan_jkt"
"18124789639650169";"1780409011";"PREEETTTTTTTT…..TAAAAIIIIIII….!!!!";"2953730321";"edosurg03"
"17891536485507145";"1780409017";"Harusnya klarifikasi kaya gini pantasnya di pagi pagi ambyar trans tv bukan di channel lembaga negara data yg ditampilkan amat sangat menyorot ke satu orang yg mengkritik pdhl kan kita juga mengkritik cm bunted ga pernh mau denger mangkanya skrg dikritik oleh orang yg mempunyai kapabilitas utk mengkritik tp sayang dibalesnya nyinyiran";"3223278155";"koeko11"
"18115687480835514";"1780409017";"@thor_bar_bar @thedancingexplorer 🤣🤣🤣";"1801595730";"nadnanadnad"
"18136566244481421";"1780409020";"Judul drama : what What's Wrong with Secretary TEDDY😬";"48304442595";"irfan.na31"
"17900399952446180";"1780409028";"BOTY berbicara,ibu negara.";"21770433056";"farihin747"
"17922468993359632";"1780409039";"Sudah dijelaskan beberapa kali??? KAPAN??";"8383906974";"erdeha0605"
"18087598880071682";"1780409042";"Yang jubir siapa yg ngomong mulu siapa 🫩";"1650565986";"angga16putra"
"18057244688554056";"1780409064";"Qurban aja pake APBN, siapa yg percaya pake uang pribadi";"78998641777";"etysumiaty290373"
"18164840869443821";"1780409067";"Siapakah Teddy Bear ini❓️❓️❓️ Babby Sitter kah ❓️❓️❓️ Ajudan kah ❓️❓️❓️ Satpam kah ❓️❓️❓️Setkab kah ❓️❓️❓️ Perawat kah ❓️❓️❓️Paspanpres kah ❓️❓️❓️ Rakyat birtinyi-tinyi 🤔🤔🤔";"58781909115";"djogja1440"
"18136416763536686";"1780409070";"zaman pak dino 110 orang untuk 3 negara, laah kemarin ke sydney 60 orang, masih ga efisiensi lah";"2208524520";"ariefwicks"
"18106864840763012";"1780408454";"Modol sekebon";"6187206361";"pusarakayuapi"
"18460806742128040";"1780408457";"Dobol si tedi, kurban ajh pke APBN 😂😂😮";"6658977857";"fadhilah8940"
"17966913045088785";"1780408461";"Tiwi 🙌";"606138260";"bondanwicak"
"18083851256149615";"1780408465";"Lah kurban aja pake APBN.. Dikira kita percaya kale";"1510716186";"agus.wahyudiagus"
"18107638690940705";"1780408465";"Berarti ada over budget nih ceritany🤣🤣🤣. Ya disesuaikan aja lah,ngapain pake nombokin pake dana pribadi. Tapi darimana lah pula kami bakal tw itu dri dana pribadi atw gak...cuma kalian² aja nya yg tw itu.";"1076552723";"nesyaputri02"
"18100737182111566";"1780408468";"Kemliti tenan iki wong....";"69447046658";"mochputrayusuf_"
"18122586001578287";"1780408471";"Liat beginian sakit pala 🫨😵‍💫";"37634835607";"xxabzhdnn"
"18082389698641925";"1780408472";"@thor_bar_bar 😂😂😂";"2274938037";"erwin_prasetyo_art"
"18093299456192505";"1780408474";"😂😂😂😂😂";"6902190812";"henny2453"
"18066039851695715";"1780408480";"Lebih percaya malaikat maut WEDI sama gufron";"4364353507";"alifbintangputra"
"18031918199816138";"1780408484";"Apa sii Ted,, jadi gini y mas kita tuh rakyat lagi susah mending gak usah ke LN yg gak urgent² bgt...apalagi ngerayain ultah lu di LN.. Mending buat bangun sekolah,, recovery aceh, Sumatra, dll";"40405003049";"hikmah_nur_izzah"
"17956849148964237";"1780408492";"Bohong datanya";"2219974413";"firman.imanulhaq"
"18074764790308159";"1780408497";"@eva.eksperimenipa_ iya lagiii, bingung banget, sepasang badan gitu. Kayak lagi nonton ftv";"33109994";"asdnsap"
"18129321802613013";"1780408508";"@factual.id berattttt 🔥😂";"660770232";"rafalegy"
"18141381826522950";"1780408532";"😂😂😂😂😂";"25122583030";"momshopzie"
"18014546759699890";"1780408536";"Wah dibela😂😂😂😂😂";"7178139040";"hermantorudi31"
"18051897782753623";"1780408538";"Mana breakdown nya sat";"296322422";"addoski"
"18171761980413791";"1780408546";"Cebokin terusss";"208320069";"paramprasetyo"
"17890225959540646";"1780408549";"Emang gak ngotak sih klarifikasinya.... Mikir Ted... O tak dipake.";"2827128613";"dedy.purnawan"
"17891849244488567";"1780408552";"";"73723173594";"yahha608"
"18122261728647508";"1780408558";"Lah pedut, qurban aja aja pake apbn";"2956570289";"run.ars"
"18103539083286680";"1780408563";"sang istri ngebelain suami";"1171737888";"yashntprl"
"18051199838527236";"1780408566";"Aku Ga percaya Sm Tesy..
Aku lebih percaya sm Tedy..";"39413366506";"zazzali_akram"
"18132015367594753";"1780408566";"Gak percaya gue. Qurban aja pake dana APBN.";"58721703860";"aldy_fiman"
"18396913096087309";"1780408582";"nambahin biaya ke LN bisa giliran qurban pake APBN😂";"288506558";"restireress"
"17971405182027109";"1780408586";"Tedi Tedi bati minimal kasih keluar dulu lehernya baru ngomong 😂";"68600482199";"roimuna92024"
"18062757497651366";"1780408588";"Pokoknya.... " ada dechhh,,,"";"2030152368";"saefulr88"
"18075166406299403";"1780408593";"";"58721703860";"aldy_fiman"
"18082696817637806";"1780408593";"🤢🤮";"1785162641";"ayu_sn20"
"17915980239184018";"1780408600";"???";"9240590996";"rinaksm_"
"18168128758430032";"1780408604";"😂😂😂";"5671095692";"ariieprnm"
"17904123792431506";"1780408605";"Rakyat udah nggak pada percaya cong😂";"8434326408";"sugengtriyonotriyono"
"18126662965542389";"1780408609";"banyak rombongan dikali sedikit kunjungan vs sedikit rombongan dikali banyak kunjungan";"1465051100";"aizeindra"
"18119827987707985";"1780408620";"🧐";"381277277";"eninurcahyati"
"17853942708678070";"1780408629";"@lennykartikas biar kamu bisa memandanginya dengan puas Ce 🤣";"53282296";"galuhnp"
"18083535845140674";"1780408632";"🤣🤣🤣🤣qurban aja pakai APBN apalagi ini🤣🤣🤣";"2107657673";"jasman_cool"
"18098214743159299";"1780408642";"Percaya?";"63869501612";"adorable.__.filter"
"18403869919152908";"1780408659";"Baru kali ini seorang istri sibuk bnget ngejelasin kegiatan sang suami 😂😂";"3244236123";"rahim.twin"
"18068109632702023";"1780408660";"@thor_bar_bar @farahfauziau";"2040479307";"amanullahrayen"
"18084677303449856";"1780408673";"Tp qurbannua aja pake. Apbn";"2040479307";"amanullahrayen"
"17953015581156452";"1780408691";"ewwww njs";"308433424";"nununeno"
"18099522713180262";"1780408693";"";"1575468961";"radhityaindra"
"17859764958639689";"1780408695";"Wkwkwkwk @afiqqqa";"22452557462";"rifkyhardian__"
"18074104001663536";"1780408709";"@rina.inggriyani Aamiinin jangan bun @popsukdew 😂";"224635850";"_estuning"
"18050376458772621";"1780408711";"Mana buktinya kalau pakai dana pribadi?";"10131108400";"_ubai_1897"
"18105919313319371";"1780408725";"@mytha_pyf";"1486986419";"iiez.zz"
"18092618312001543";"1780408750";"Macaaa ciiihhh";"33011412017";"juliusdaluas"
"18092219141350409";"1780408751";"@_estuning aamiin yra dooooonk ya Allah… 😢";"20381394";"popsukdew"
"18375786955165440";"1780408752";"Uang negara dg uang pribadi kok bisa nyampur??? Belajar dari mana ni orang ttg pengelolaan keuangan negara? Sesat kali ku liat kau @teddy_hq congormu layaknya buzzer ketimbang pejabat publik.";"1629054054";"aigoo_watashi"
"18104926252950500";"1780408138";"😂😂😂";"1631893132";"addin_cf"
"18162147490446571";"1780408142";"iya iya deh";"63683329302";"zainhya_"
"17956158678133821";"1780408144";"Percaya diri tanpa kompetensi itu berisik";"3923786337";"ameliavena.a"
"18595329613015293";"1780408145";"Ditanggung pribadi tapi diem minta reimbursement ya sama aja 😂";"1463874239";"dihan_alifia"
"17979055854002080";"1780408159";"@et_reks hahahha🤣😂😂";"17477776";"ides.deswanto"
"18047843189787617";"1780408162";"";"76588435386";"kim84805"
"18104248715057526";"1780408165";"Kerah lo noh nyentuh kuping";"299712164";"amelsept_"
"18096378278269333";"1780408169";"Pakai biaya apbn ngk pa2 pak…santai tar ad pertanggung jawabannya 👏👏👏👏";"52381600291";"teguhtedibudiyanto"
"18163067035450034";"1780408176";"Trus kita bakal percaya gitu???😂";"3217767466";"windha147"
"17925573549128393";"1780408179";"😮";"1340330836";"fuadi_ubaidillah"
"18022791632832927";"1780408181";"Alah-alah! Malaj jadi pertanyaan. 

Lah elu kunkernya ngapain aja kok sampai nombok? Kunker kan ada aturannya. 

😂😂😂😂";"1378110021";"dtgm_"
"18027251711648302";"1780408196";"Ini nggak tahu tata kelola keuangan pemerintahan atau gimana sih?";"1792123911";"fauziafif31"
"18027190526648010";"1780408201";"Jembutt";"39337179592";"primaahndra._"
"18137025076491876";"1780408212";"Dasar dobol";"1607016222";"helldrosephalus"
"18091683971020492";"1780408215";"@id.print_workshop itu dia 🙌🙌🙌 dikit tp sering";"632135718";"lanismd"
"18092122907249623";"1780408218";"Dia pikir kita setolol itu apah, satunya nge bela lakik nya";"580614914";"mooninlove16"
"17913341034199305";"1780408220";"Kalau gitu kita patut mendengar dong bagaimana mekanisme keterbukaan informasi kepada kita semua sebagai masyarakat terkait biaya yang berasal dari APBN dan biaya yang ditanggung Pribadi?

Supaya kita sebagai masyarakat tahu secara jelas pembagian tanggung jawab pembiayaan, serta memahami komponen mana yang ditanggung oleh APBN dan mana yang menjadi tanggungan pribadi. Kalau emang “DITANGGUNG PRIBADI”";"4933319252";"dwisandawisnu27"
"18089418641630556";"1780408220";"Pffftttt";"215690340";"wennywnnd"
"18054780944736530";"1780408247";"Diemm diemmmm";"2229008295";"aisumi08"
"18101334389120915";"1780408265";"💅🏻💄💩";"293636090";"rhaydwiza"
"18112526953686936";"1780408271";"Kalian aja yg wakilin dah netizen, aing  nitip sendal weh🤣";"1369573617";"noor_utami"
"17888165763555179";"1780408282";"Menjadi istri yang baik adalah membela suaminya";"18739614236";"sbrni.leon"
"18100252199177822";"1780408283";"";"8500227295";"dol.hakim"
"18070138763491046";"1780408287";"bebek ngajarin elang terbang";"191506876";"arie_ilkur"
"17890372767371045";"1780408298";"transparansi pak berapa biaya anggaran setiap keluar negeri trus bagian mana yang pakai biaya pribadi presiden? klarifikasi terus..kalo di kasih masukan, dipahami,dicermati dan diperbaikin pak..seberapa urgent sich lawatan keluar negeri pak...😔";"422068667";"dwiastutinia"
"18087209780614136";"1780408300";"@dwisandawisnu27 intinya bagaimana sih bentuk transparansi publik tentang komponen apa saja yang dibayarkan APBN dan pribadi? Kalau emang mereka membayar secara pribadi";"4933319252";"dwisandawisnu27"
"17953098897174573";"1780408311";"🤣😆😆😆😆😆😆";"77427587354";"momsnaura76"
"18160238737454957";"1780408315";"NPD akut...";"1604937276";"wahyuadi_arief"
"18598057597058299";"1780408315";"@thor_bar_bar efek sering nganu";"1379729264";"penegak_keadilan_682"
"18593458285057879";"1780408322";"Kurban aja pakai apbn";"642129463";"ad1pradana"
"18116268259696832";"1780408325";"@dipurwantoo junjungannya cah Iki @azizfirmansah";"3149774598";"fajarruli20"
"17924172300346238";"1780408327";"Bunaaaa....";"1819298594";"adit_erlangga"
"18081137084191761";"1780408329";"Jadi periode presiden jokowi boros sangat ya";"3207908604";"alinurrahmat"
"17958499593133425";"1780408346";"kalian ada waktu utk klarif?";"54666190432";"putripake.h"
"18103133866965804";"1780408350";"Makin kocak klo ini bener 🤣";"676017448";"msbmr___"
"17863129395635605";"1780408351";"Datang bulan mas";"21407277587";"tatangsup1"
"18103441868088862";"1780408358";"contoh istri yg baik membela sang suami";"7567385281";"nrnurull_"
"18132740887602197";"1780408381";"Yg dulu eluu eluhin gemoy mana? Yang eluh eluhin teddy mana? Suaranya masih sama?? 😂😂😂";"78082826623";"arean.ricky"
"18153243583483958";"1780408394";"";"67084910206";"michaeldika4"
"18099454502325600";"1780408395";"Ngomong doang gampang, keluarin dong datanya berapa nilai yang benar2 ditanggung pribadi, dan berapa total nilai yang di tanggung rakyat.";"52028477";"debby_dbby"
"18130435435591224";"1780408396";"Sabar bund,netizen emang suka begitu ,jangan dianggap bercanda😢";"2269390521";"ayahcila203"
"18114114088846742";"1780408405";"Penipu pasti bela penipu, mikir.";"2827128613";"dedy.purnawan"
"18081329648645127";"1780408411";"Hallah qurban aja pake APBN, QURBAN lho.. yang urusan ya untuk akherat!!!! Apa lagi ini yang untuk honeymoon";"59003766766";"okat_okat"
"18439796647138713";"1780408412";"@ikko.maldini ga percaya ko 🤣";"2065155332";"zauviikhsan"
"18130552918578745";"1780408431";"Justru buka MASALAH baru 🤣 kelebihan biaya gimana sih";"3150242486";"sumedang_banget"
"18069920099365281";"1780408437";"Atur aja kan kekayaan pada naik";"6974809695";"bek_abek94"
"18072139664480754";"1780408452";"🤣🤣🤣";"606138260";"bondanwicak"
"18091678103596712";"1780407876";"Tedy idolaque... pujaan hatiq.... ikan sepat ikan hiu, i reallyyy love yoUuuuu.. ikan  hiu mulutnya doerr, i love you suerrr....";"36873125263";"emijuitaa"
"17956883607136346";"1780407877";"@amaliaaokta centil banget, ngeselin :”";"5748075702";"tmytuvwxyz"
"17946105678197935";"1780407884";"Iye iye";"417910731";"silmifaiza"
"18412826497181603";"1780407887";"Jujur jungle..";"3123086963";"zakiyafni"
"18114597928725766";"1780407897";"";"1734345788";"_irvanmarasabessy"
"18122714914659604";"1780407898";"Depan rumah tiba2 ada gerobak bakso gak bang";"46907813";"iswandi_utama"
"18228154981315079";"1780407907";"";"1545387987";"amrullah_f"
"18117148729788800";"1780407928";"Titipan pinokowi botyguardnya  utk si lansia memang maknyus";"52419885408";"vendetta_0611"
"18094085081461627";"1780407934";"Ekspresi nya gitu amat";"1214896373";"maulfa_25"
"17995750046973881";"1780407940";"info event pidato terdekat";"5768866201";"guntsa_"
"18047740610782563";"1780407946";"BACOT !!!";"1612217383";"achmad_hidayat89"
"18071549492690523";"1780407955";"";"3125658351";"asharianugrahazis"
"18083459273410659";"1780407961";"@dinopattidjalal ijin pak ...udah di bales tuh sama buna 😂";"6199979886";"densur_76"
"17871734877674934";"1780407969";"TUMBANGKAN REZIM BOTIII 🔥🔥🔥";"6329519885";"erdians189"
"18092280866612516";"1780407971";"Suka banget nyampurin uang pribadi sama uang negara. 😹😹😹";"6571685613";"aan_akml"
"18086067941634461";"1780407979";"@thor_bar_bar mana hidungny gede ya kak, maaf.";"44689017649";"keladiijooo"
"17894201736497496";"1780407980";"";"6427464893";"gilangstry"
"18344182249170205";"1780407982";"@lembuwiworojati dese dari tengah malem udah gelar tiker";"214913081";"puputayu_n"
"18326935102255987";"1780407985";"asal bapak senang";"77591270235";"syams6223"
"17972001930024502";"1780407986";"🥱🥱";"1500022241";"ntiz_shantuning"
"18050352488753450";"1780407986";"kurban aja pake APBN, gmn mau percaya🙏🏻";"582456713";"rxxhxnm"
"18066421787424308";"1780408002";"Dayang Dayang tdk terima";"7157604320";"mr.getzke"
"17895855069533644";"1780408004";"";"1650550833";"vikiprananda"
"17978927324861220";"1780408004";"Heh itu sapi kmren aja pke APBN 🤣 ngarang mulu tiap hari";"487235940";"rin_fyn"
"18117702394703344";"1780408005";"urusin negara malah jalan2 mulu";"7679879526";"rapli.rightnow"
"17953536110984885";"1780408011";"Maklum, cewek kalau lagi PMS suka tantrum 🤣";"715544072";"rafniasriani"
"18085316951545889";"1780408011";"😂😂😂";"472147713";"sellafianaa"
"18014938358696454";"1780408017";"Mukanya mirip kak gem";"8205482065";"mrdas9820"
"17880116274447317";"1780408021";"Waduh kok bisa urusan negara dicampur aduk dengan keuangan pribadi";"1820305864";"66reggy"
"18083862401529902";"1780408032";"Anti kritik tante";"43980370";"nhwid"
"18006151685943432";"1780408036";"Kliataan banget botinya";"31710126559";"adiputra_id"
"17903083482439282";"1780408037";"Pokoknya ada";"6275681027";"safar_tb_"
"17935275405074012";"1780408053";"Negara rusak";"1650550833";"vikiprananda"
"18167424427437902";"1780408060";"Pejabat Karbitan Belagu @teddy_hq";"58352365294";"bangdien20"
"17884809894578327";"1780408064";"Menjijikan";"7000822895";"_imanosaurus"
"18102882820907153";"1780408066";"dari poin 1 udah blunder, makin belakang makin blunder";"2353527010";"marlinhna"
"18100992170031104";"1780408081";"@pramudyaaldi offside woi 🤣";"3919093421";"thor_bar_bar"
"17970557291905403";"1780408083";"Kok nggak percaya ya, karna qurban kmrn yg nanggung……";"1383887869";"dian_septianingrum"
"17893153473349013";"1780408092";"Kalian duluan deh gaess yang jawab gw udah ga bisa ber word word";"585406945";"tmutiamuti"
"18003528239925081";"1780408100";"@keladiijooo jgn personal mba 😂";"3919093421";"thor_bar_bar"
"18113948977894063";"1780408103";"editannya bagus, tapi lebih bagus tampilin data rinci anggaran dinasnya";"1111839136";"agustitsa"
"18053804081754486";"1780408107";"Astaghfirullah seskab seskab knp situ yg sibuk klarifikasi, cara ngomongnya kyk emak2 tukang nyinyir";"1252491948";"munazzah_azza"
"18111865219849604";"1780408108";"Lah";"504586672";"kikyarnita"
"17888751090548377";"1780408111";"Pemerintah zaman sekarang gak nyambung. Kritik ini jawabnya kesana";"59503704274";"baiqpenkase"
"18070375439672794";"1780408116";"Bunted dan wowo";"20959103151";"vorckkkk_"
"18083419523395221";"1780408125";"Hmm lebih percaya coldplay mau konser di ciamis";"72183515708";"yoga.martin_"
"17926659321127994";"1780407424";"Kon sopo ajg 😂";"1398573647";"umihdt._"
"18011717759857582";"1780407430";"Terserah elu";"36596093271";"ryan.frayogi.1"
"17982653463007247";"1780407445";"@id.print_workshop TP ANGGARAN ITU ADA PER VISIT KAN?? HARUSNYA SISA BANYAK DONG.";"242282181";"hutrisaysukau"
"17928213921322991";"1780407458";""Kelebihan" Sudah seharusnya bayar sendiri....Zaman Pak Dino dibandingkan dengan Zaman Pak Prabowo?Pak Dino itu Bukan Presiden";"3970769069";"st.fatiha"
"18099505861896172";"1780407459";"";"1514236285";"adipandi7a"
"18318812191257863";"1780407461";"bu RT recet nih pak RT diomongin warga komplek 🤣";"1391815266";"shamomile"
"18591577798037241";"1780407462";"Muka lo menua banget ted, kusut. Salfok.";"4911916";"lievekathy"
"18204426547352165";"1780407474";"IYUH";"37536451854";"renjanasouls"
"17881589595437771";"1780407481";"Sok-sok meyakinkan. Cuih. Apalah public speaking tanpa ada ilmu dan kontribusi yang berArti 😏";"52194814033";"silentcatt0"
"18073210850320538";"1780407490";"(Hampir) setiap dikritik nggak pernah diterima. Padahal kritik sejatinya bisa membangun dan menjadikan yg dikritik jauh lebih baik.";"247541725";"nuzeldaa"
"17931393669092742";"1780407491";"Bowty bowty..";"3144727491";"andispgkt"
"18083744051413315";"1780407491";"Lebih enakan dengerin gufron ngebacot sih";"5872867703";"muhammad.arief.afandi"
"18599999692028473";"1780407502";"Jaman dlu ga sesering skrg. Outcomenya zero. Yg nyata Dollar naik trus 😂";"1663459168";"gixpnx"
"18097701551125051";"1780407518";"Sangat berbeda melihat kolom komentar disimi dengan akun ybs";"364085217";"monicasadevy"
"18203915617347276";"1780407555";"Analogi nya saja tidak logis, dan ga pas, bandingkan pengeluaran skrg dg kondisi skrg, jgn yg berlalu, jelas beda,";"2291333762";"liawldr_id"
"18202958998353993";"1780407557";"Kata gue ma pretttt pak mayor teddi 🤣 mending diem jelah";"5702015986";"vlknvgr"
"17913204261403510";"1780407578";"Kebanggaan kalian dulu😢";"7001523219";"rendyanggara2"
"17879569827606171";"1780407584";"Meneng ae Ted. Males. Urusan negara digabung urusan pribadi. Kacau";"3075522025";"adhiwouke"
"18014510381696280";"1780407592";"@fransiskus.haryanto logikanya kacau pun";"3155882";"agung207"
"18084275975637767";"1780407652";"mbud";"3167669772";"daffayudhistir.a"
"18094107980246278";"1780407661";"Banyak banget isi kepala ini, bgung mau menyampaikannya dari yang mana dulu🙌";"1507515919";"agungheruyatmo"
"18116557090758954";"1780407667";"Masa prabowo nombok 😂";"1914520743";"bannyach"
"18116976844699485";"1780407705";"Ada ga disini yg berani duel head to head diatas ring secara sportif sama si Teddy.. kalo gw brani banget duel sama di teddy ini . 😂😂😂😂";"50280073980";"raffel_diecast"
"17871304500525991";"1780407709";"@annisadwicahy siap letkol";"1380767969";"fatfapermata"
"18361007467234267";"1780407722";"Pokoknya ada cwin💅";"1317587773";"vinsdemox"
"18103080017472072";"1780407723";"KALO BISA GAUSAH. HEMAT AJA TU DUIT. MESKIPUN DUIT PRIBADI";"6677798114";"dennisrt.nana"
"18559653994064754";"1780407726";"";"5915652";"abangjangkrik"
"18063011573467564";"1780407727";"Bunda Bhayangkari 🥰";"4072377317";"fachrikw"
"17918077317378307";"1780407752";"brisik";"30619936012";"dilacknat"
"17886083127565565";"1780407753";"😂😂😂😂";"1773091887";"rusni_hashim"
"17943204090034834";"1780407765";"@thor_bar_bar woiii wkwkwk🤣";"1910432370";"pramudyaaldi"
"18103604839976590";"1780407789";"@el_allice iyain aja sih... 😂, pokonya suka2 mereka aja.. 😤";"3656182440";"muzda_88"
"18106709821952057";"1780407791";"";"5709121162";"rsap.rsvp"
"18094731395598420";"1780407792";"@rina.inggriyani Aamiin ya Allah🤲";"1263246337";"rin_arini_fourlina"
"17863700475686433";"1780407793";"Orang lagi honeymoon ada yg julid, ya sensi lah 😂";"547953708";"luki_dy"
"18047794511784283";"1780407793";"Pe rusak NKRI";"71688653787";"wibawa2582"
"17930310639312005";"1780407812";"Mana coba sertain buktinya?? Yukkk lebih transparan yukkk jangan cuma ngomong doang";"818600327";"nikecen"
"17897587530461146";"1780407814";"Mau percaya tapi aku sudah punya agama😂😂😂";"46521087299";"kusmazie92"
"18050097653537238";"1780407826";"Teddy 💩";"1981347254";"zaa_mahesa"
"18138752803538765";"1780407829";"POKONYA ADA.. CROT";"6199979886";"densur_76"
"18100229653891037";"1780407835";"😂";"22830833102";"imel.rizal77"
"17890175922536455";"1780407839";"Kalian percaya presiden membiayai sendiri???? Ngasi kurban saja pkai dana apbn";"69733548942";"yasa02532"
"18110220859910405";"1780407846";"Bravo Seskab Tedi!!! Selalu sukses!!! 
Sangat adem penyampaiannya daripada Pak Dino Djalal. 
Diliat dr rekam jejak karir Pak Dino dan Seskab Tedi, jujur lebih unggul seskab Tedi dibandingkan pak Dino, terutama jika dibandingkan+diukur pencapaian karir dari usianya.
Krn di usia muda dia telah berhasil menjadi salah satu orang berpengaruh dan menjadi kepercayaan langsung oleh presiden.
Dan tidak dipungkiri pak Dino tidak mungkin bisa seperti Seskab Tedi krn pak Dino sudah tua, sedangkan Tedi lebih unggul di usia muda yang bisa dicapai lewat jalur dubur.";"492854012";"_idrhoo"
"18093567781986482";"1780407850";"😂😂😂";"556801449";"byvianz"
"17961841326105143";"1780407851";"Mana LPJ nya anjenk🤣🤣🤣🤣";"2458624883";"jojowrix"
"18105206276077696";"1780407869";"";"72070362303";"gila_ng6375"
"18046220213787902";"1780407870";"Yang pasti yang dianggarkan lebih besar ketimbang kelebihannya";"39433319734";"karlinur05"
"18410226847196945";"1780407870";"Ga ada audit?";"2294436196";"sa_yah14"
"18075310973291315";"1780407032";"pret pret pret";"11710651560";"selv_y08"
"18087297782566638";"1780407032";"Pejabat karbit ya gini SES";"58296712739";"ibnu.salass"
"17969798478119632";"1780407033";"Oh ia???AUDIT!!! PUBLIKASIKAN RINCIANNYA KE MASYARAKAT!!";"431089574";"lukman_ms_tohir"
"17976281450874558";"1780407048";"";"48536461529";"suhartimamin"
"18018888116837914";"1780407049";"si centil";"1824263215";"cybpk"
"18113428804879580";"1780407049";"React videonya pak Amien Rais juga boleh dong pak Seskab";"63279990363";"isti.kathin"
"18100207910032042";"1780407056";"Untuk beli sapi korban aja dia pake APBN, apa lagi jalan jalan luar negeri pake APBN lah masak uang pribadi dia sih,bisa saja anda membela induk semang anda ted.";"68558522543";"el_vinaa07"
"18118533385754027";"1780407059";"urgensi?";"51887396968";"nd.erinne"
"18098242262167273";"1780407073";"ingat, wanita selalu benar";"2225028393";"ranianye"
"18110063716788693";"1780407076";"💩";"222065838";"hanan_bachfie"
"18316336567272986";"1780407096";"Wkwkwkwkwk malu ih denger nya";"1164489235";"haivitril"
"18342931942172394";"1780407097";"3 bulan wamen ya karena berakhirnya pemerintahan SBY.
Kalo mau compare Resume antara mereka berdua…. Jauh Langit dari Bumi.
Yang satu Diplomat karir puluhan tahun, yang satu…. ?@&$#€";"5832502300";"dinoimbar"
"18202356466357306";"1780407098";"Pemb0h0ng";"2050513695";"muhammad_hafidz_miswar"
"17887580757558355";"1780407115";"Lagian orang lagi honeymoon kalian nyinyirin, yah marah lah bininya";"2053383697";"ifachric"
"17986254138004429";"1780407118";"😂😂😂";"565618280";"zakariachmad"
"18061338125650812";"1780407118";"@heri.hariyadi enggakk.. kan anggarannya dr buat 100 orang  d pake buat 50 orang. Harusnya sisa, bukan malah kurang😂";"242282181";"hutrisaysukau"
"18001444208932189";"1780407127";"Tugas TRETAN MUSLIM lumayan berat";"78129259287";"arif.garcia"
"18098514158145735";"1780407132";"Tempekkk";"1456104321";"alanwibawa"
"18137898961555636";"1780407140";"Klarifikasi Mulu aunty 😍";"3067891420";"rizqy_machtezar"
"18106786928077232";"1780407151";"Nakcoyo";"1353291830";"dian.fika.35"
"17985412472829352";"1780407153";"Jangan jadi kaum munafik kalian semua.. @gerindra @teddy_hq @prabowo tunjukkan rincian biaya tour ke LN yang di tanggung @prabowo ,";"1457981400";"oney3"
"18103958081004904";"1780407163";"Susah kalau Ibu Negara sudah berbicara. Curhat jadinya😔 jgn manyun bu";"3106359";"cicagelasia"
"18091337120128223";"1780407171";"Kok bisa anggaran negara over budget?";"1984468143";"sellinnrrrr"
"18094110710188928";"1780407171";"Tapi tapi tapi... kenapa beli sapi qurban pake apbn😓";"7277899439";"usiifw"
"17944778019203226";"1780407181";"Kalah emak" lgi mrepet pake bahas" cuma 3bln segala 😩";"1646970468";"wulanazzharaa"
"18005434568872129";"1780407198";"Pake zoom aja";"676178348";"awanside01"
"18199454554361033";"1780407217";"Ted najis sih ted @teddy_hq lu gak Apple to Apple dengan pak Dino";"3108483439";"rimatts411"
"18408113842149775";"1780407225";"Mama belain papa mulu 😢";"8058135278";"sarmedinax"
"18022513133836823";"1780407231";"Klarifikasi yaa, tp rakyat sudah cerdas 🤣";"57202671261";"ilhamwifijidin"
"18092938010594667";"1780407237";"Siaapp buuund";"1182355000";"febtianadsnjy"
"18105072790994638";"1780407239";"Wkwk nyebokin terus";"7198991162";"leavitanov"
"17957561087961087";"1780407242";"Mendongeng aja ikam 😂😂";"10026252145";"revin_f08"
"18104751221050966";"1780407249";"@noviia.anggraeni idola qm beb 😂";"66486434828";"icharisaaja"
"17903605089273488";"1780407257";"Qurban sapi aja pakai dana APBN Bunted pembohong 😂";"2267538871";"adinata83"
"18102962303010944";"1780407266";"Ra kompeten🤣";"1989402756";"faauzzi__"
"18398950060157146";"1780407276";"POKOKNYA ADA 🤌🏻";"966828293";"dadanrmd"
"17894884656470147";"1780407285";"YANG D ANGGARKAN UNTUK 100 ORANG TP PADA PRAKTEKNYA YANG BERKUNJUNG DIKURANGI MENJADI 50 ORANG.. HARUSN ANGGARANNYA SISA DONG..😂😂";"242282181";"hutrisaysukau"
"18102312710082160";"1780407305";"Cok";"1532893768";"diodovanaf"
"17910899742409007";"1780407310";"Ah yg benerrr";"53174345";"zamr0ni"
"18203514478351853";"1780407319";"Mungkin maksudnya presiden ikut patungan ke luar negeri kah? 🤣🤣🤣";"1129156128";"gitateha"
"18359350645235107";"1780407331";"Bacot lu ted songong amat";"3210533957";"riski8899"
"18093278243193579";"1780407355";"@rakabagaskaraa";"1318862004";"fiamrsh"
"18001508906937741";"1780407376";"utk poin ke2, yg diomongin Pak DPJ itu soal "frekuensi"/tingkat keseringan keluar negri bkn soal jumlah rombongan/dayang2 presiden, emg selalu suka melenceng dr substansi ini org";"1743329259";"indahndr"
"18093545801234828";"1780407377";"Kualitas pemimpin tergantung pada kualitas pemilihnya 🔥";"3243519394";"masnanknank"
"18185146897381681";"1780407379";"Gak usah ngomong bisa gak, gelaayy  liat nyaa";"2833148187";"jiahrachma"
"18106487125766430";"1780407384";"Kata temen gw "Gmn mau percaya, kurban aja pake dana APBN" ditulis nama sendiri,";"1450247198";"bayu_rizkians"
"17906206488253689";"1780407409";"@thor_bar_bar ia komen juga disitu klau brani 🤣, soalny komen disana pemuja buna smua 🤣";"6128732436";"musa_mnullng"
"17875677807487040";"1780406745";"tolong siapapun disini yg ahli bs mbaca gesture seseorang,apakah dia terdeteksi brbohong atau tidak? seriusan pengen tau";"3523792188";"anarezani07"
"17910623319225355";"1780406755";"";"1640702037";"aditiagram"
"18105715315981133";"1780406759";"🤣 Capek banget nge like in komen kalian semua";"705597503";"rridap9209"
"18110932201924394";"1780406766";"Coba umumkan berapa anggaran biaya yg dipake keluar negeri, dan berapa  biaya yg ditanggung Prabowo pribadi, kalo g' berani umumkan hal itu maka bantahan Teddy hanya omong kosong";"55031788236";"mochharis784"
"18359572504239342";"1780406773";"Sang istri masang badan gais 😂";"7873221831";"ilhmwhyd11"
"18088979405615045";"1780406789";"dia ini sebenernya jabatannya apa sih";"14240805856";"mferdy69"
"18086956139621410";"1780406804";"Omdu buktikan kl bener";"5335538451";"lingkar_putih"
"17853958074678458";"1780406814";"🤣";"18055709419";"denz_jdm"
"17941895817228642";"1780406821";"Aneh banget, kurban pake APBN, kunjungan negara pake dana pribadi, eh kalian tuh kunjungan negara apa honeymoon ?????😂";"705597503";"rridap9209"
"18117613339691310";"1780406829";"KASIH  BUKTI TRANSAKSI DAN RIWAYAT KEUANGAN NYA KALO BERANI... MEMANG DI TANGGUNG NEGARA ATAU PRIBADI... KALO CUMAN OMON-OMON  TANPABUKTI YAA SEMUA BISA BILANG  APAPUN 😂😂😂.. TIBOTI";"1018224056";"gio_flat"
"17893066833531105";"1780406832";"ngerti konteksnya ga sih ? menghemat anggaran, dulu berapa kali keluar negerinya? bisa diitung jari. prabowo keseringan keluar negeri, teddy";"19377389441";"anginaa92"
"17961200127102407";"1780406835";"Lebih percaya Hitler lahir di garut";"48006575580";"arie.rayyan"
"18091233623607863";"1780406839";"Diem deh lu ted, pusing gw dengernya";"25134625189";"whatgitsee"
"18337768753216308";"1780406843";"🤮🤮🤮🤮";"218610272";"ucaagusla"
"17862151716596883";"1780406844";"Mau gmana pun sebagai cwk pasti bakal speak up kalo cwk nya di jelek2in,, iyaa kan yaak?";"2311920726";"rzkymhmmd8"
"18321849049258717";"1780406850";"";"12274442917";"ssandysatrya"
"18114904156844352";"1780406851";"Kenapa harus ada kelebihan biaya?";"3953155006";"marondolan_pakpahan"
"18126853516527488";"1780406852";"gini amat punya pejabat";"3835416868";"dani_set17ono"
"18087370118227391";"1780406853";"negoro kakean klarifikasi cok taek";"1677507648";"helloradd"
"17863424598586218";"1780406861";"Lol buka kartu sendiri, padahal rakyat gak tau loh kalau biaya study tour ini bisa kelebihan dan ditombokin sama pak pres. Kok bisa melebihi anggaran sih ngapain aja emanggg~";"6324659877";"indriyanssr"
"17942011104210096";"1780406863";"Kelebihan biaya ditanggung pribadi? Sapi kurban aja pakai APBN. Bahas hotel dong. Dan investasi angan2 yg ga ada wujudnya. Duit pajak gw tuh, bukan bapak lu.";"8932134598";"frans0819"
"18065419136703561";"1780406864";"Jubir kmna";"9528432255";"yogaendra93"
"17912149614404855";"1780406866";"@hafizhsyafrial ajg, gak? 🤣";"1518277675";"gasdar.arch"
"18107488525755965";"1780406867";"gedeg, muak, kesel, tapi ga ada yg mulai gerak";"39658008900";"kesambet.diecast"
"18082547609535527";"1780406879";"@syanaini Prabowo nanggung bagian "konsumsi nya sendiri" selama di Prancis mungkin 🗿.";"53142872894";"faizun_karim"
"17907360603245711";"1780406890";"kayak buci jir";"4263871354";"nadasalma52"
"18134615443504965";"1780406909";"Berakkkk, si Wowo qurban aja pake duit negara";"2157298808";"alfatman"
"17993163176987188";"1780406915";"";"660255554";"tenri12_12"
"18403786561159890";"1780406918";"Orang sapi aja APBN tapi dibilang banpres😪";"7005912007";"yas_filla"
"18101419774848725";"1780406921";"😁😄😅";"1666348289";"saldiiii26"
"18213573913327703";"1780406923";"Mana lah paten pakai uang pribadi,untung banyak ini mah😂";"6306395227";"rom__eofficial"
"17901308925287923";"1780406933";"";"2070713776";"lanangfauziladhim"
"18441772807191633";"1780406933";"";"3149921994";"yanuar_syam"
"17931051996278217";"1780406936";"Gede wadul siamah tedi";"2099891164";"mf_naw"
"18104531756051020";"1780406936";"Bacot";"274637309";"dunia2kaka"
"18083761133428314";"1780406955";"Pokoknya ada";"6734385747";"izzudsb"
"18138400939533078";"1780406964";"Angle kanan dong";"1065194231";"ariniwahyuutami"
"17943608316207114";"1780406967";"Tapi, mrngapa qurban pakai uang APBN?";"176739682";"irfan_mhdd"
"17867540805685702";"1780406978";"Dlu 160 skrng 50-60. Tapi anggaran sama gk itu";"51259022119";"agus_togar99"
"18126209422618618";"1780406990";"@rina.inggriyani yang golput macam mana ? 😂";"76101896972";"seonras"
"18253687780306237";"1780406994";"Boleh ga dirincikan biaya apa yg ditanggung apbn n biaya yg tidak";"1609986163";"chaniago_solution"
"17896304877466933";"1780407001";"belajar berenang bagus dimana ya?";"53985448";"anjasnugr"
"18374839894205454";"1780407001";"@ed_aulia wkwk😂";"1506695335";"awill.dann"
"18080838893541932";"1780407002";"Intinya apa yaa";"1429634222";"adistsuu"
"18428540275125338";"1780407006";"Ga caya.. 😂🤣";"29675307408";"_alix_ian_"
"17925430122345978";"1780407008";"@hasan_asyari1 nah ini, bang tiap hari gw naik pitam liat berita gmn ya caranya lengserin mereka ini";"44617249302";"syahdu_family"
"18049238021538742";"1780407010";"Sapu bersih";"5456978650";"hapie_04"
"17861069481601900";"1780407021";"Presiden gay pertama di negara yang bangsanya super homophobic. Sangat revolusioner 👏 👏 👏";"867311832";"dusprichstabergutdeutsch"
"18087696068628784";"1780407028";"Muka nya jadi aneh ya sekarang";"58528662904";"olla.diah"
"17868642318684065";"1780406397";"Kerja berprestasi ❌ kerja klarifikasi ✅";"2135433447";"wahyudinkat"
"18105934303979306";"1780406401";"@thor_bar_bar 😅😅";"173624733";"paradise_andromeda"
"18118603165742688";"1780406408";"";"199308501";"muhirfanumar"
"18426187501123503";"1780406418";"Padahal pak @dinopattidjalal ini sifatnya “memberi saran”, tapi malah di counter respon dg narasi seperti ini. 😢";"2982731210";"r_adenovit"
"18179932726396342";"1780406426";"pake data buna jangan pake bacot";"2890070944";"asihsugiharti"
"17971159692026859";"1780406431";"Bengeut ah";"46256462758";"andifauzan383"
"18009638039871628";"1780406443";"coba pak dibuka, anggarannya brp, yg ditanggung pribadi brp 😊";"536169267";"julioabraham_"
"18098185808175811";"1780406460";"@habibie_moehammad omongan Gufron lebih terasa masuk akal daripada omongan pemerintah 😂";"33491520706";"fachriys23"
"18060315149499809";"1780406465";"Kenapa harus bicaranya 'jamannya pak dino'";"50789585569";"dbray_stamp"
"18077091344400800";"1780406474";"Maaf, anda beda kelas dengan pak Dino..🙏";"7857417606";"fhikar3191"
"18406855756151938";"1780406479";"naudzubillah himindzalik yaaa rabbbb😢";"314598118";"raisyael"
"18395406418085893";"1780406485";"Negara serasa milik berdua 😍";"2963279527";"azkia_alhadid"
"17895204114468118";"1780406488";"Sengaja pakai uang pribadi, supaya kalo dianggap plesiran dan tidak menghasilkan apapun masih merasa termaklumi dan ada narasi para BuzzeRp untuk pembelaan. 🤡🤣";"535344243";"permanareza_"
"18019269008681612";"1780406495";"Beli sapi aja pake APBN .. masa "kunjungan kenegaraan" pake duit pribadi";"3213401836";"agustin.erlin"
"18132727960603582";"1780406501";"Kurban sapi yg ibadah aja lu pake APBN, Apalagi cuma honeymoon, ya pasti pake uang negara lah Ted Ted sa ae lu";"6336288165";"naughtycinderella"
"17879843448599693";"1780406503";"@thor_bar_bar 🤣🙌";"5576703009";"riskiiyy_"
"18166292548428668";"1780406505";"qur'ban pake dana apbn ?";"77431746181";"cr0codile3yes"
"17907998355241850";"1780406510";"";"49271552520";"tomkarsianto"
"18100409818869292";"1780406511";"Priiiit 😂";"255122229";"vrprma"
"17916763776182170";"1780406513";"Yg wajib aja bagi muslim yg mampu qurban..malah pakai uang rakyat😢😢";"53247131213";"bundaibrahim5"
"18074910176660158";"1780406521";"@teddy_hq @tedsky89 coba pak komenan rakyat dibacain, sapa tau bapak dapet hidayah 🤲🏻";"478412932";"eatsdiaryfam"
"17916670821183115";"1780406533";"sapi lho yang nanggung negara, masih bisa ngaku perjalanan luar negeri pake uang pribadi? istipar lu";"458645703";"irsyadhabib"
"18180127666400234";"1780406536";"Mana Buktinya @teddy_hq";"1487671053";"erson_mm"
"17866047624568029";"1780406540";"Cinta buta";"10383220";"f__dimas"
"17886371277398389";"1780406544";"";"48915385174";"_.rifkiii._"
"18103933541006905";"1780406546";"Sok paten";"53932144241";"wahduit"
"18024108584660265";"1780406562";"Hug cu";"5760056708";"karmelfrly_p"
"18130413181608749";"1780406566";"@tmytuvwxyz 😭😭😭";"1441064072";"amaliaaokta"
"18140834077475592";"1780406568";"Jadi apa intinya klarifikasi ini? "Pokoknya ada aja" 😂";"1636336293";"am_soesetyo"
"17992782260967211";"1780406591";"Asbun gak ?";"6841397208";"adhi.68"
"18007080371876093";"1780406597";"@rina.inggriyani amiiiiiiinnnnnnn paling kenceng";"4264778438";"apiz_lakik"
"18074126630304476";"1780406598";"😂😂😂😂";"7258321389";"inn_herlina"
"18122182081590591";"1780406604";"Sejak boty menguasai istana 💅💅";"61730890605";"nnurmaawt"
"17937656148257417";"1780406615";"Bohong ih";"1338775058";"scrpio_txc"
"18017012045693256";"1780406615";"Semakin dijelaskan semakin kelihatan salahnya";"63795156115";"yonabee99"
"18147858823441845";"1780406645";"58% gua do'ain tenggelam krna air bah. Kesel banget 😢";"4264778438";"apiz_lakik"
"18067826786501173";"1780406651";"🤣🤣";"12006467004";"rizkyrahmdn"
"17995326026950107";"1780406662";"asal jeplak, malah kebablasan.. 😂";"7057581063";"bhe.indra"
"18394856626089664";"1780406662";"Ndasmu😂";"67138289368";"kulongeten_niki"
"17950522554154036";"1780406670";"Laah kurban aja pake APBN. Masa iya perjalanan dinas pake uang pribadi. Ga masuk akal🤣";"16753953059";"asep_asmil"
"17876736027477366";"1780406690";"Apa kalian percaya???😢😢";"290937978";"ramaraka"
"17950023966171630";"1780406693";"Gakuat buat ga komen, zzzzzzzzzzzzz ga jelas pointnya , sok pinter kezell";"1399839679";"aurorramadani"
"18094841066221862";"1780406713";"Dikira kita gampang dikibulin kali ya";"53064966719";"lvnmput"
"18121117987673784";"1780406732";"Kapan donk klarifikasi yg Amien rais?";"1922573519";"putrameidi"
"18082262489395956";"1780406733";"@nasyaulia kek missed poinnya ga dapet bgt ya huhu";"2265254692";"_strdgrn"
"18099397033892407";"1780406738";"Doi pikir bisa jadi pahlawan karena pake uang sendiri😢 padahal kan....";"50347167";"sabrinkha"
"18592522210014687";"1780406141";"Pretttt";"47404665523";"_scribble.scrabble_"
"18120684739709038";"1780406144";"🤣🤭";"1314288129";"noegrahaalvaro"
"18062202533687768";"1780406146";"Boong..emangnya rombongan dibayarin.. rugi bandar";"60495380202";"reni.soeprapto"
"17927876997319964";"1780406154";"njs";"603895924";"_nadyaasn"
"18154358188419754";"1780406162";"MANA BUKTINYA,  ADA BUKTINYA NGGAK @tedsky.89 @teddy_hq @teddsky_89 @sekretariat.kabinet ❓️❓️❓️‼️";"1513358268";"its_reza"
"18100906985146810";"1780406166";"Paspampres gajinya dr mna? Dan keamanan lain2";"845216605";"kurniawan.endy_"
"18086344370426593";"1780406173";"Bukan perkara pakai duit pribadi, tapi kok bisa melebihi anggaran? Bagaimana perhitungan dan pengelolaannya?";"505899863";"fahrulrizk_"
"17935076178075586";"1780406175";"BUSET PEDE BGT BLG PAKE UANG PRIBADI, EMG ITU YG NGAWAL GA DI GAJI PAKE UANG NEGARA";"174941446";"humabahr"
"18220338061319879";"1780406178";"Wajah dia lama² gue liat kayak kodok buffalo";"45441586175";"brucheland"
"18106556474067701";"1780406180";"@lisanrhz yg pada kepo pagu perjadin presiden berapa, cek aja di google, atau download aja pdf pmk kemenkeu 2025.";"995121213";"lisanrhz"
"18134348962566262";"1780406181";"I'll😮";"1798871610";"octadn"
"17945857704018152";"1780406191";"Hahahhaha 🤣🤣 angkat buna Ted jadi jendral selagi berkuasa😂";"2067295418";"yusufcb10"
"18097280921240259";"1780406191";"Kalian digaji rakyat jangan sombong loh ted";"2325696334";"amalah.ch"
"17868390123626019";"1780406204";"Kelebihann biaya?? Berarti over dong bukannya dikurangi separohhj";"3238319855";"rikhakartika40"
"17936065431258655";"1780406213";"Pesimis dgn sisa waktu periode ini. Banyak2 berdoa untuk keluarga masing masing.";"224504762";"indyarmareza"
"18110137448309595";"1780406228";"🤣";"8405836781";"adammustawan"
"17935178169254610";"1780406232";"@robbany_11 minimal jangan omon2";"1634935409";"septevansurya"
"18033804281803827";"1780406241";"Situ percaya dia nalangin biaya perjalanan? Kurban aja pake APBN 😂";"79719952937";"die.dantemust"
"18087809423201907";"1780406244";"@thor_bar_bar Astaga bener ini 🤣🤣";"498185553";"sarifah_zein"
"17889296403542968";"1780406249";"Tata kelola negara + tata kelola keuangan negara rusak kabeh.";"506377992";"dimspm"
"18193652200371021";"1780406257";"Nanggung biaya keluar negeri ditanggung sendiri, giliran qurban pake duit APBN, gimana ceritanya????🤣";"1421463113";"andien_qido"
"17897817531460443";"1780406260";"😢";"14175824050";"rara.nurfa"
"17965272162085686";"1780406276";"";"36427958598";"cakraagengs"
"18099006263138068";"1780406279";"Ngmg apesi";"6836216684";"ailaanidua"
"17859186738637438";"1780406287";"justru itu tidak professional";"5773056574";"aqsa_jimmy"
"17853971982677890";"1780406299";"@thor_bar_bar ngakak🤣";"4610096722";"nuy_amaliasa"
"17996432318955530";"1780406299";"Sensi bgt 🤣🤣🤣🤣";"1634860806";"adi_obito"
"18062786558713318";"1780406300";"Hemm";"1178161232";"raafki"
"18119960335818524";"1780406300";"Keliatan banget kualitas nya 😂😂😂";"3558981294";"zlatan_adamovic"
"18122372788660294";"1780406301";"Pokoknya ada";"1222538155";"jeffryrhmn_"
"17890732779510568";"1780406312";"Pecah bgt ketawa guee🤣";"5553253008";"yuliaiy"
"18078947624201178";"1780406313";"Ngomong doang mah bisa ted🤣";"5361258093";"fckkk_404"
"18081967127159901";"1780406323";"Segala kelebihan biaya yang telah DIANGGARKAN. Artinya yang dianggarkan digunakan SEMUA. Terus apa arti efisiensi?";"275505383";"shsitompul"
"18082151849448467";"1780406340";"Istri solehah, menutup aib suami";"4183326104";"anggraenineniii"
"18113015380846222";"1780406340";"@rina.inggriyani aamiin";"3212034866";"miakhoirunnissa"
"18084668069148819";"1780406351";"Klarifikasi buat di klarifikasi lagi ini mah.. hahahahah😂";"29342363618";"madurasabites"
"18065319767686612";"1780406353";"Gak heran sebagian besar pendukung Prabowo Teddy ini emang LGBTQ. Mereka seneng liat romantisme presiden dan teddy ini. Dianggap unyu sama mereka. Yok normalisasi panggil LGBT ke org yg masih gilaa ngedukung prabowo. Termasuk para Buzzer";"80613996445";"dinkrn00"
"17885644407560893";"1780406356";"Audit aja kan beres, pakai lembaga auditor indepndent";"1375095971";"r.afif"
"18093033899213610";"1780406356";"Semua pasti ada aja 🤣alesannya😂";"2093539809";"m.bastyanno"
"18007868054736169";"1780406361";"Beda ya aura laki2 nya sama pak Dino. Yang ini laki2 tapi nyinyir. Ilfil bed🤮🤮";"37502807704";"agh._.nia"
"18009303050865588";"1780406361";"Cewe emang selalu ngebela cowonya gais 🤣";"195376994";"diaannty_suw"
"17876741556478540";"1780406363";"@teukuandisyp sama sama saling menjaga barisan dok😂";"3874956563";"khairul_tripa"
"18007921940874013";"1780406378";"@thor_bar_bar agreed 👍🏻";"195376994";"diaannty_suw"
"17884124712566615";"1780406384";"@id.print_workshop iyain aja..🤣🤣🤣";"29342363618";"madurasabites"
"18084386027160567";"1780406384";"keluarin aja berapa habisnya";"1431402365";"cutsaviranblh"
"18053601968770233";"1780406387";"kalau memang menanggung biaya nya boleh laah Spil bukti nyaa";"1751860896";"dontominionz"
"17915001735394815";"1780405927";"Apaan sih Pak Teddy, please lah koreksi diri jangan defensif mulu Pak ya ampun. Seenggaknya Pak Dino lbh dulu ada di pemerintahan gitu lo mbok ya jangan sensitif banget heran deh ah 😩";"55207670745";"donabudoyo2"
"17964831113932661";"1780405944";"@prayogo__waluyo apa yg bisa diharapkan dari pejabat karbitan? Dpt jabatan karena dekat penguasa";"73291771258";"dibulankentut7"
"17878264680604610";"1780405947";"😂😂😂😂";"54182895693";"wildanonsu"
"18113487301867161";"1780405947";"kecampur campur gitu dananya ya sis. LPJ nya gimana tu nanti";"503506806";"fantasiy_"
"17931684384089573";"1780405957";"@asdnsap herman bgt herman mau dibilang apee siii sis 😮‍💨";"1618294039";"eva.eksperimenipa_"
"18093689603260295";"1780405957";"Iku jenenge ga profesional ted ted @teddy_hq";"1286100756";"mursyidul_ibad"
"17905027767264033";"1780405961";"@rina.inggriyani kak tapi katanya yg 58 itu udah banyak yg taubat loh";"265640073";"miminanoya"
"17861262105636246";"1780405966";"😂";"964357557";"naufalfirzaf"
"18101372987034090";"1780405967";"";"14845877";"radintanandaru"
"17866449309561182";"1780405975";"";"46901982696";"itsmeysmptr8"
"18117398374776906";"1780405985";"Kata kuncinya "kelebihan"";"4789827313";"_m.rizal.sirojudin"
"17898318081459760";"1780405987";"terserah lu aja dah BUNTED";"323092431";"rizalumami"
"17879145396665739";"1780405991";"ondel ondel";"287827416";"s.i.a.b.a.n.g"
"18083960789437824";"1780406001";"Bocah bau dubur";"61306853225";"ngescroll_aja"
"17967547419099694";"1780406002";"@dhyftrn mbaaa😭😭😭😫😫";"17942388272";"etheremilx"
"17916495525182176";"1780406004";"Apa si bun ah";"565514858";"aajengagustina"
"18100686569032400";"1780406005";"Emang boleh om Teddy presiden pake duit sendri";"76651181037";"irza.susil"
"17987328798003455";"1780406009";"konflik pribadi dong";"7821840942";"yumasirgk"
"18008530238866036";"1780406017";"😂😂";"8219619899";"dvfnvibe"
"18138404488552314";"1780406025";"lebih percaya arsenal juara UCL tahun depan 🤣";"1519800425";"rio.ansori"
"18078624599210465";"1780406027";"Kok diblur ya rombongan yg ikut☺️";"653109653";"rozzyanr"
"18589618345036237";"1780406045";"Mau pribadi atau uang negara ga ada masalah. Sekarang dolar bisa turun ga ?";"9521785586";"sipenbella"
"18095575493230851";"1780406051";"Percaya kok sama Prabowo, Kantor DPC GERINDRA aja bisa "disulap" jadi SPPG 😂 masa iya biaya sendiri 😂😂";"57477800595";"pareparera"
"18082839290152179";"1780406057";"Syududu";"2116429980";"argialhanif"
"18000708968763646";"1780406063";"Jijik bgt ngmonh kaya gitu,udh jelas bgt anti kritik najib bencong";"2375962617";"rafikamelati20"
"18090962270369741";"1780406064";"Ada yg percaya?? Urusan pribadi aja(kurban) pake apbn, lah moso urusan negara mau pake fulus pribadi..aaa coba pikirkan secara logika coba master logika bantu";"9034804548";"martakhen"
"18122840020729150";"1780406065";"Qurban pake APBN aja menkeu gak tau apalgi ini... Gini amat hidup di Konoha";"3173516286";"hendri_juragan_empang"
"17976178119047673";"1780406066";"Gak masuk akal sihhh 😂😂😂😂😂. Ga percaya juga 😂😂😂😂😂";"2085953085";"petruskhane"
"18011463113910483";"1780406066";"Ngomong apa bun?";"5636637349";"lailifaiiqoh_"
"18086404628379950";"1780406068";"Yee dikira rekreasi anak sekolahan talangin duit sendiri dulu 😂";"3207156255";"heyrazni"
"18121588171594936";"1780406074";"🤣🤣🤣🤣";"1475723554";"riskayuzaa"
"18084056594168972";"1780406076";"Istrinya emang baik banget";"1048355134";"um_djarot"
"18101962204866862";"1780406076";"Teddy_hq itu hq nya apa sih?";"265640073";"miminanoya"
"18106352620785562";"1780406081";"Emang seharusnya istri membela sang suami!";"28564872092";"alawi_mn"
"18119273950707783";"1780406085";"🤣🤣";"1368988694";"ernilaerfa"
"18103644521101706";"1780406095";"Stress";"1483222191";"taenggosh"
"17902127658281567";"1780406097";"Semakin berusaha dijelaskan semakin membuat publik tidak percaya, lagipula urgensinya ke luar itu apa disaat keadaan negara seperti ini";"3566168722";"prasetyawan_ardhi"
"18124163194632266";"1780406102";"Cuih";"48277844";"afetoamoros"
"18165124843439058";"1780406108";"60 orang juga ngapainn";"8065033420";"leeviicii"
"18162911344450457";"1780406112";"Bla bla bla , fak kata gua teh….";"676571241";"didit.sb"
"18076392737292725";"1780406114";"Sepertinya dia disuruh Mulyono..Gibran di simpen dulu biar Prabowo yg di serang";"9034804548";"martakhen"
"18153237226485778";"1780406114";"😂😂😂😂";"1950965737";"spada_asmorodono"
"17892045897474399";"1780406118";"@sandrakusuma13_ tiw banget san🤣🤣🤣";"1249710142";"selviamaw"
"18599803684031104";"1780406128";"🤣🤣🤣";"1249710142";"selviamaw"
"17858552007647861";"1780406131";"Sesuai, bukan kurang ditambahin, ko pemimpin";"62011802560";"tidurajasih"
"18061818482522053";"1780406131";"kelebihan biaya perjadin (perjalanan dinas) itu paling berapa sih? apalagi posisinya presiden, pagu perjadinnya paling tinggi, dan jelas pake apbn. Sependek pengetahuan saya, kalo ada perjadin gini wajib bikin laporan narasi perjalanan atau ya minimal undangan dari pihak luar harus ada karena tujuannya harus jelas. coba buka aja ke publik laporannya apa.";"995121213";"lisanrhz"
"18084060008132328";"1780406137";"Iye bun iyeee";"1249710142";"selviamaw"
"18101328190967468";"1780406138";"@kangsohib17 ie keong balong😂";"2281007499";"bambang_saeful_alam"
"18103247411074441";"1780406141";""Penjelasan bunda ngeselin"";"70684959586";"mountforest_88"
"17989810559993529";"1780405672";"Kok jaman pak dino? Sebut presiden nya lah,";"70610182880";"endirhao"
"17971064928103635";"1780405686";"Emang bakal percaya Prabowo ikut menanggung?";"334497156";"heri.hariyadi"
"17988561527812190";"1780405690";"Pejabat karbitan tdk jelas lagi belain majikannya👏👏";"8398556994";"rohym_ayah_abdi"
"17924183046351327";"1780405692";"50-60 orang tapi 50 kali dalam setahun 😂";"1492215247";"efsatya"
"18066542858388216";"1780405696";"@asdnsap alah alah prit";"1618294039";"eva.eksperimenipa_"
"18099648629275524";"1780405702";"Mana buktinya pakai uang pribadi? Mustahil lah 😅😅";"1441530170";"mrifai86"
"18110510803785886";"1780405704";"Stresss. Karepmu ted";"6817221005";"nathanfrndd"
"17890211517539487";"1780405714";"@thor_bar_bar kakkkk 😂😂😂";"2127975380";"andi_fetrawaty"
"18324357688283277";"1780405719";"pokoknya ada💋";"1738517650";"alfiantopan"
"18591319540019358";"1780405724";"Jaga image pasangan itu penting";"2232996820";"rzywan"
"17991730358984390";"1780405735";"@sahamdaily mending diam aja, atau jwab, terima ksih kritik sarannnya, akan jadi bahan evaluasi (terlepas bener / gak dipakai sarannya wkwk) beres. Bosnya kmrin lolos gak asbun, eh.. anak buahnya asbun 🤣";"73291771258";"dibulankentut7"
"17871683796616588";"1780405746";"Diam semuanya. Calon wakil presiden 2029 lagi kampanye membela calon presiden 2029";"40068602";"ariefrahmansyah"
"18119709994816652";"1780405750";"Apa yg bisa kita harapkan dari pejabat oplosan & karbitan macam si tiwi🙌";"8398556994";"rohym_ayah_abdi"
"17951250981174926";"1780405758";"tapi beli sapi kurban kok pake APBN?🫢🫢";"496723791";"idazuhri"
"18098150102155378";"1780405760";"Sipaling pulen😂";"2291897432";"hans_p97"
"18094681079243775";"1780405761";"Cewe emang ngerasa selalu bener.. dahla";"5554938110";"luqi009"
"18153344179486364";"1780405762";"Avaaaa iyaahh???";"457578127";"miniyaaax"
"18163779706447186";"1780405762";"idihhh gemes";"62237809334";"ronny__xyz"
"18081102671197837";"1780405764";"Qurban yg atas nama kan Prabowo aja pake apbn🤣";"6790884675";"rifsetiawans"
"18131003221590038";"1780405766";"Kalau kelebihan ditanggung Pak prabowo tunjukin system pembayaran jika memang menggunakan dana pribadi...spill Pak Seskab";"4396996463";"fadionita"
"18582730777053746";"1780405777";"Terima kasih penjelasannya pak seskab.
Tapi kami sudah tidak percaya sedikitpun !!! 😂";"1258229033";"iqbalharish"
"18063076046474853";"1780405779";"Trus BOL KEBO UDA DIONGSENG BLOM";"1476524967";"papa_hau"
"18007924286914347";"1780405783";"Kunjungan kenegaraan ditanggung pribadi 😂😂";"7192728290";"candri906"
"18095305135956996";"1780405794";"Kurban aja pake APBN";"8258433909";"tegarmktw"
"17905402857424329";"1780405802";"Buat yang percaya aja 😂";"5764937338";"khasyief"
"18236769169309000";"1780405802";"?????";"11295444";"yurikameisy"
"17972510037063318";"1780405809";"Cewo dimana2 engga mau salah";"641857187";"solihin_cans"
"18080404928339161";"1780405809";"Gw lebih percaya Hitler meninggal di Depok dr pada pihak mereka bicara 💩🤡";"276571926";"liunardy"
"18099792740327951";"1780405813";"Orgilllll sok pinterrr";"62027452019";"lansoprazole.oyee"
"17890549224502045";"1780405819";"OMONG KOSONG";"40901051907";"mita_arina99"
"18142730353519617";"1780405823";"Pelayan yang menjadi pejabat karbitan VS real diplomat 🤣";"8455042073";"muhammad_rizky_ibnabdaziz"
"18082092200446302";"1780405824";"Teddy sedang melindungin sang kekasih 😂";"3294302358";"abdulakbar17_"
"18146364571452691";"1780405825";"Negara gila-gila klarifikasi";"2247563182";"_tantomaulana"
"18102919381947031";"1780405836";"@rina.inggriyani kaum 58% gak usah dibully, banyak juga yg nyesel karena kegocek, dirangkul aja";"4992061894";"nishiki_aqua_project"
"18095113769595141";"1780405845";"Halah ke Perancis ngejual negara, maksudnya tuh dalam beberapa bulan kenapa bolak-balik ke Perancis yg dibahas hal yg sama";"5359179089";"_hxrynxr.x"
"18583473748058740";"1780405847";"bang jangan bikin gw makin jijik deh😢";"2014841402";"almunary_"
"17949220574999765";"1780405870";"Istrinya panas kuping..jawaban macam mamak2😂.. 3 bulan dibawa2... Ga Apple to Apple 😂";"31570865190";"srie_jasmine"
"18113883607869908";"1780405870";"Gak percaya w, qurban aja pake duit APBN";"7205097164";"ramarinda"
"18044355926622965";"1780405886";"";"73972574683";"r3v457"
"18043516310795025";"1780405889";"Ngopo to ted @teddy_hq rasah klarifikasi ngeneki rapenting nggo negoro nyuk, bantu lunasi janji janji pacarmu gendut kae lak uwees kakean bacot aee weki";"3297657341";"real.fijay"
"17973779126891755";"1780405894";"@fiqifq WKKWKWKWKKWKWWKK HARUSNYA SEKALIAN YA BUN";"1406669696";"titahaw"
"18107702758938093";"1780405894";"";"71303985338";"2ndmurphy_"
"18321933733257450";"1780405900";"Gile gile";"223836184";"mario.c.w"
"18104018108067065";"1780405907";"Dudududu";"327528450";"rosasuhaeni"
"17900422902449865";"1780405909";"@aryo_andrian";"8205805753";"gatotsatria_"
"18103245923074250";"1780405910";"T4I";"2326426583";"rizki_prasetyo_al_fatih"
"18068796386344366";"1780405912";"@eva.eksperimenipa_ capek banget buna";"33109994";"asdnsap"
"17945802612193916";"1780405925";"Istrinya support sistem";"36024035519";"adis_hanifia"
"17877703740665569";"1780405418";"Pokoknya ada lah.";"5748075702";"tmytuvwxyz"
"17942413053217717";"1780405418";"Prabowo mah gw percaya krna dri orok dia udh kaga 😂😂,coba kalo anis ga akan mungkin deh utang aja blm lunas😭😭";"9123564777";"ayunda_nas"
"18075318224305252";"1780405421";"@zikarazaki dia sbg sekretaris pernah bikin lpj-an gak ya? anak osis anak sekolah aja yg masih muda² paham tiap kegiatan pasti diminta LPJ nya. apalagi ini sekelas urusan negara.";"6101649718";"dee_poetri"
"18128268592608795";"1780405425";"😭😭😭😭😭";"44520459953";"ditrvly"
"17890191741482237";"1780405426";"Personil berkurang tpi sering, ya boncos juga pea";"1987307253";"tera_1313"
"17935953681258195";"1780405428";"Keliatan banget inkompetensinya nih pak seskab";"61926550160";"partianitian"
"17994789437974491";"1780405429";"Akar masalahnya bisa di potong gak ni ?";"3675044704";"ekon_rezekoni"
"18108543635295793";"1780405431";"Ingat kata tukang listrik : "Sisanya kalian jelaskan di akhirat" 🔥🔥🔥";"576201985";"candrarosialda"
"17969416092073406";"1780405435";"Ngomong gaa nunjukin data mana lengkap … ngomong doang mah jadinya wkwkw";"3597458944";"prastabagus"
"18105048430950223";"1780405436";"@anovina 🤪🤪🤪";"39111737";"nyonyo99"
"18124277023628882";"1780405447";"klarifikasi ❎, emosi ✅";"4173177220";"adesuryachiara"
"17953387655984233";"1780405452";"Pake duit pribadi? Apa Omongan yang keluar dari orang yang hartanya naek drastis selama jadi pejabat bisa dipercaya? @tedsky89 @teddy_hq";"11668720282";"musclehunter212"
"17896508802464682";"1780405461";"Eh bunted... mending lu diem,,, tugas lu cuma catat2 & bwa map. Elu bawahan menteri, sadar lu... mimpi ketinggian, klo jatuh sakit !";"73291771258";"dibulankentut7"
"17881363653598010";"1780405463";"@id.print_workshop 🤣";"17400894330";"ikirinaldii"
"17934967920255919";"1780405470";"Ibu cerewet banget 😢";"2037510800";"maria_dewi28"
"18077593379281386";"1780405474";"Qurban apbn, perjalanan dinas pribadi..diwolak walik";"2025452111";"bagusyudhayuswara"
"17864198580629996";"1780405477";"@yadie_sirat hahahahahahahahaa";"63012268435";"apt.zarah"
"17965149915120420";"1780405487";"";"6428374580";"jun0tics"
"17947850127187696";"1780405488";"";"1338004064";"mhdlukmannh"
"18093218393187233";"1780405490";"🤣🤣🤣";"2014204662";"_baguss"
"17973321711026591";"1780405494";"Iyaa deh bun iya 🤣😂🤣";"2257180415";"angeknasution"
"17999540903768665";"1780405496";"Istri sholehah itu selalu membela suami";"267441321";"budi_bsa"
"18137673796527908";"1780405501";"Botol aqua dikasih nyawa";"559922580";"elbepe_"
"18081944726402320";"1780405503";"pembohong, kamu pembohong - patrick";"5835824250";"heristamavialno"
"18062510666687806";"1780405507";"ganda campuran 🤣🤣🤣🤣";"498484805";"tedy.ardyan"
"18207960619339691";"1780405509";"Kok bisa kepikiran smpai ke situ @thor_bar_bar 😄";"2148399687";"firmansyahkursani"
"17861143566601952";"1780405516";"Semakin lu cuap2 semakin banyak blunder";"320329367";"isfariani"
"17965493811118727";"1780405518";"Bini nya baik bgt mau jadi tameng laki nya";"2090374970";"irwah_"
"18117102574763638";"1780405521";"Gak percaya aaahhh";"2202007314";"nurc604"
"17876508450479412";"1780405533";"1. Kenapa kok bisa ada uang tambal?, berindikasi ada kelebihan pembelanjaan atau emang tambah orang yang tidak sesuai RAB?";"8670867382";"y.andyr"
"18098336408147696";"1780405552";"Seharusnya, gak boleh kelebihan anggaran. Harus disiplin";"7752907624";"shafarifkia_"
"18036300149804570";"1780405559";"bun, kami tidak akan percaya orang yg qurban pake apbn bun…";"1697882947";"bismaprd"
"18093534539519267";"1780405572";"qurban aja pake duit negara m2an dan atas nama pribadi; pdhl sumber apbn itu kan ....😔";"2074377818";"dehoukiboshi"
"17953754457150975";"1780405574";"@factual.id padahal cukup dijawab spt ini. Beres. Nnti juga beritanya ilang ketimpa berita lain.. 🤣🤣.";"73291771258";"dibulankentut7"
"18001726676925431";"1780405576";"Lah... lu emg siape ted???? Kek yang punya negeri... ini negara, miik masyarakat bukan milik kalian.. rakyat minta lu layanin";"58463299213";"uchihakarjan"
"17901491583288339";"1780405577";"Makin klarifikasi makin blunder 😂😂😂";"5835519005";"bang_chevy"
"18092842469215488";"1780405581";"@firmansyahkursani gatau om. Tiba2 pas melotot keinget aja kya apa gitu 😂";"3919093421";"thor_bar_bar"
"17891860476531948";"1780405583";"🤣🤣";"608657040";"anang_p"
"17964620891931704";"1780405590";"Emang gaboleh dikritik?";"53195579835";"raditidar___"
"18103572578514228";"1780405590";"Boong🤣";"2714469031";"toontje.george"
"18011853398859743";"1780405601";"Auditttt";"2175476317";"ridwankrisna_"
"18111475636879781";"1780405605";"Guys, aku nanya serius jgn dibully. Apakah seskab itu salah satu jobdesknya jadi jubir presiden? Atau apasih namanyaaa?";"27742952368";"jungalda"
"18082006682532956";"1780405609";"Mending percaya iblis daripada cangkeme Prabowo dan Teddy";"60820096151";"santoswinarso"
"18051962726775020";"1780405613";"Saya lebih percaya Gufron ngomong sama semut, ina ma a syududu";"48293191228";"mas_yogzz"
"18063736916463581";"1780405616";"Ancur ni negara. ....banci dipelihara buat ngelindungi pembohong besar. ...";"17789900794";"ruangan_sehat"
"17869376559622657";"1780405636";"Minimal spill anggarannya lah";"450410385";"sandi.gp"
"17915511186384663";"1780405646";"";"55609966395";"rasyid_ashari96"
"17938341927055112";"1780405651";"mama tedy lgi menjalaskan😂";"2160144603";"muhh_fadilsaputra"
"17953251530982704";"1780405660";"😂😂😂";"41124679773";"mskoo212"
"17926908129312067";"1780405074";"Sekretaris peciden gemoy. Kedok aja sekretaris kabinet.";"568889261";"mila.sumardi"
"17884267665575358";"1780405075";"Speak by data aja klo bener. Mana yg di bayar pribadi?";"71199693551";"yogo_srabu"
"18092052686342950";"1780405092";"@teukuzuma saya bantu jawab om, ndak boleh itu.";"1984137679";"songalleries"
"18113956711871110";"1780405093";"Tung tung sahur 😂";"61951888178";"hy_hudh"
"18132052828515107";"1780405107";"@nyonyo99 dengan pd klarifikasi begini. Dikira keren padahal blunder semua isinya yo kak😮😮😮😢";"1626742083";"anovina"
"18062788124709402";"1780405113";"";"1608354520";"zuhdilwahdi"
"18010332473912772";"1780405115";"Top komen sih inih😂🤣🤣";"368478605";"ismikirana"
"18094581377602841";"1780405128";"💩";"1693731940";"enggarbudiyuwana"
"17916299709184078";"1780405135";"sewajarnya sekretaris kabinet aja lah pak";"1411267818";"trenndeira"
"18254330218306341";"1780405140";"Jilat terus";"1555952163";"fadhlan_ahmad"
"18096680954233776";"1780405143";"Qurban aja pake apbn. Apalagi dinas luar. Ckckck dikira semua orang mental yes boss kali 😂";"526470256";"tasdirach"
"18122041231676542";"1780405148";"@musa_mnullng lah gw liat pertamanya disni, kan gw ga polow";"3919093421";"thor_bar_bar"
"17955161832136279";"1780405154";"Woy🤣";"1682917501";"jabatun_"
"18130769806592550";"1780405154";"suami bela suami";"27376063500";"anispekkaart"
"18092686769256441";"1780405155";"Lu juga kalau suami ada yg nyerang pasti di belain istri nya kan , wkwk";"2366998932";"taufiq_deris"
"18395955649092011";"1780405162";"@anovina nampak julid dan kosong😂";"39111737";"nyonyo99"
"18111077576498653";"1780405163";"Yg menyampaikan adalah seseorang yg rekam jejaknya mumpuni. Bahasa yg digunakan Pak Dino udah santun, yg dikritisi juga kebijakannya bukan soal fisik, orientasi atau apapun. Beliau juga ga asal kritik, ada kasih solusi. Tapi tetep di under estimate. Wah pantes aja rakyat ga pernah dianggap ya keluhannya selama ini 😄";"1407177509";"rizkyrosiana_"
"18590065078039764";"1780405186";"Mukanya sombong beut";"2139080513";"putriannisams"
"18411513238198464";"1780405188";"Bcd";"348818368";"isnmarliana"
"17989698881805763";"1780405206";"@rina.inggriyani aamiin yaAllah";"6368836731";"zenii______"
"18092332004597860";"1780405206";"Banyak juga ya uang Presiden kita ini";"6087058532";"mithaprameswari16"
"18132031753597027";"1780405210";"Iya bunda Teddy, semoga bunda semakin romantis sama ayang Wowo ya";"80670274076";"zebra.7917348"
"18361558981237938";"1780405214";"Cieeee ted";"8315024605";"zanzabk"
"17989986953974207";"1780405227";"Apa sih looooo 🤣";"3263313582";"mugiiii_rahayu"
"18138788206550212";"1780405228";"";"1929876897";"prtma.randi"
"18061012505488430";"1780405263";"Titit";"1747251430";"bagasikrar_"
"18030240068683899";"1780405264";"Qurban aja pake apbn, mana bisa percaya ke LN over budget nya dr saku pribadi dia 😂";"45032087826";"yanitsuraya"
"18588832075050922";"1780405265";"Plenger final boss";"4233897074";"sftridinaa"
"18111608419918645";"1780405267";"😂";"6079353429";"abednegomumpuni"
"17888451483387583";"1780405268";"Bicara gak pakai data ya begini";"12786377722";"novan_arianto25"
"17908946376419982";"1780405293";"Waduh pelanggaran ini pke dana pribadi";"1645239716";"afiefoncom"
"17859959052639332";"1780405301";"uang pribadi untuk perjalanan dinas negara, uang negara nanti bisa untuk urusan pribadi. karena sekat dan batas-batas jadi samar bahkan tidak ada. sudah diatur semua pak Teddy. urusan pemerintahan semua ada hitungannya biar bisa dipertanggungjawabkan, diaudit. apakah sekretaris bapak pernah bikin LPJ? anak osis aja habis kegiatan pasti diminta LPJ nya 😢";"6101649718";"dee_poetri"
"17940932550230009";"1780405312";"😂";"323987989";"fenufe"
"18153830881481774";"1780405333";"@kikyswyght 🤢🤢🤢";"1504411976";"elrofic"
"18094812578236198";"1780405356";"@nyonyo99 ternyata presiden kita sebenarnya adalah Teddy🤣😮😢";"1626742083";"anovina"
"18161866891447511";"1780405357";"Gak ada bukti gak percaya yaa buna";"211674173";"dvidbchdm"
"18020538329838186";"1780405360";"Diem lu";"1452337005";"m.ilhaaamz"
"18364410646239649";"1780405362";"Seskab Teddy Indra Wijaya .
Letkol Kopassus, mantan ajudan Prabowo, nol pengalaman diplomasi ,
merespons Dino Patti Djalal dengan sindiran: "diplomat hebat, walau cuma 3 bulan jadi Wamenlu."
Oke, Pak Letkol. Kita bedah satu-satu.
Soal biaya: Lo bilang kelebihan biaya ditanggung "pribadi Presiden." Tapi pesawat kepresidenan, pengamanan TNI-Polri, hotel protokol, tim advance, logistik 50-60 orang , itu semua tetap APBN. 
Yang "pribadi" cuma excess-nya. 
Dan Prabowo sendiri yang tanda tangan Inpres No. 1/2025 yang perintahkan seluruh K/L pangkas perjalanan dinas 50%. 
Guru nyuruh murid hemat, gurunya keliling dunia.
Soal rombongan: Lo bangga rombongan turun dari 120 jadi 50-60 orang. 
Dino tidak pernah bicara soal ukuran rombongan. Dia bicara soal frekuensi , 1 dari 6 hari Presiden ada di luar negeri. 
Lo jawab pertanyaan yang tidak ditanyakan.
Soal investasi Rp 2.430 triliun: Ini total realisasi investasi PMDN + PMA tahunan , tren jangka panjang yang sudah berjalan sebelum Prabowo menjabat, dipengaruhi hilirisasi, regulasi, dan iklim global. 
Lo tidak bisa buktikan berapa dari angka itu kausal dari kunker. 
Berdiri di bawah hujan lalu ngaku bisa mendatangkan air.
Soal sindiran "3 bulan": 
Dino punya PhD dari London School of Economics, 26 tahun karier diplomatik, 3 tahun Dubes untuk Amerika Serikat. 
Yang nyindir dia adalah seorang Letkol yang jabatan Seskab-nya lahir dari loyalitas, bukan keahlian tata negara.
Di negara yang sehat, Seskab dijabat teknokrat. 
Di sini, dijabat ajudan yang merangkak naik karena setia , lalu nyindir diplomat doktoral soal pengalaman.
"Speak truth to power," kata Dino. 
Yang menjawab justru orang yang hidupnya melayani power
https://x.com/dimarsasongko98/status/2061626888267940032/photo/1";"3457903803";"djoko3160"
"17971474239059459";"1780405374";"iyaaah sayang";"2692182621";"leonnrdsm"
"18104761408989072";"1780405380";"Bang, mau pake uang pribadi ke mau uang patungan, ttp aja rakyat liatnya pake uang negara. Karna presiden k luar negri pake Pesawat negara dan masih menjabat negara, otomatis rakyat pasti itu pake uang negara. Yg kita tau pejabat kmna2 pake uang negara karana di gaji pake uang rakyat";"1983309151";"alwi_mhd.03"
"18079134320642820";"1780405381";"@sonofatik khusnuzhon";"1567728006";"ikko.maldini"
"17879109522665980";"1780405383";"@teddy_hq bocah karbitan belagak klarifikasi malah jadi emak emak rumpi";"5977579891";"moms_al_and_dzikr"
"17863273674584314";"1780405384";"Halah bohong";"45915290524";"nablrhn"
"18118941337668387";"1780405390";"kok badut jalanan masuk istana. ya jd begini dah negara. CAPEEEEEEEEEEK. kita mikirrin pemimpin. Bukan pemimpin mikirin rakyat.";"61418463360";"mochadib54"
"18591002206040912";"1780405390";"Taeeeek.. Anggaran Qurban pribadi saja pakek APBN.";"8037970759";"sastri_diksanty"
"18106135465781844";"1780405396";"Dinas apa bulan madu wok";"45915290524";"nablrhn"
"18084182204148517";"1780405400";"@teddy_hq bocah ingusan kmrn sore, apa mksd "cuma 3bln"??! Nyinyir?? Merendahkan??! Pak Dino itu kapasitas dan kompetensinya jauh diatas loe,.belajar lg komunikasi politiknya deh";"45032087826";"yanitsuraya"
"18104695289064445";"1780405403";"Percaya lu pada? Kurban aja pake nama dia tapi duitnya ambil dari APBN";"54786771768";"dipurwantoo"
"17905917219428336";"1780404732";"Si bunted sensi klo soal nyenggol si wwo";"7384743234";"az.iz2483"
"18117574069693250";"1780404732";"Cebok dan jilatin teross..";"497984509";"ige_thedreamer"
"17966772311915786";"1780404733";"pret";"2544536450";"nusantarawisnu"
"17925930699343784";"1780404740";"Tp kurban APBN";"1904858257";"fx_galang"
"17945847624018006";"1780404748";"😂";"36879735586";"rosyidadiwidodo24_"
"18081508898165817";"1780404751";"Yang karbitan itu yang naik jabatan dengan mengubah undang undang. @teddy_hq";"3549264168";"m_h_lutfi"
"18123428173712009";"1780404753";"🤣🤣🤣🤣🤣🤣";"972904652";"lolapalmita"
"18047156210782834";"1780404755";"🤣";"474758541";"nugrahaastario"
"18120552073781218";"1780404756";"Qurban aja pake APBN, jadi sulit percaya.";"559778041";"fikriulwan"
"18103973261004878";"1780404760";"lebih percaya bili elis wong Nganjuk";"6657893730";"mizandakara"
"18096877294928324";"1780404762";"gausah dimacho machoin napa";"9256642482";"rqfizalboom"
"18102746840103413";"1780404774";"😂😂😂 bener kos lutung";"58260771135";"andrie_sw"
"17921702382358168";"1780404775";"Halah lah lahhhhhhh lagakmu kisanak 😂";"210153994";"dewiwow"
"18537963391074356";"1780404786";"klarifikasi dengan bilang presiden nombok, berarti dia ngasih tau kalau perencanaan APBN bobrok, gak efisien. Dia kira, rakyat mikir itu tindakan heroik :D WKWKWKWKWKW";"3431406316";"farahdinsaal"
"18019119587683253";"1780404788";"Prett";"2136408955";"arfinatr_"
"17992771452005128";"1780404806";"Botox Napa ted";"57260119744";"_syarahh__"
"18096288410519643";"1780404831";"Yach dibully🤣";"12766169242";"_peng1140"
"18112114699700292";"1780404842";"@thor_bar_bar bener kos lutung😂😂😂";"58260771135";"andrie_sw"
"18594427897062225";"1780404847";"Masuk akal tuh pake duit pribadi😂";"1504961698";"wahyusprint"
"18105884201065309";"1780404854";"??????????????????????";"183952691";"mty.r"
"18110800765913954";"1780404870";"";"712240833";"mas_har"
"18103713155072983";"1780404892";"😂😂";"2050743087";"irmansusanto01"
"17893475337494071";"1780404902";"Periode sebelumnya keluar negeri bawa seratus orang, tapi kunjungannya ga terlalu banyak, dari data yang saya peroleh, kunjungan pak Prabowo selama setahun lebih ini hampir mengalahkan kunjungan pak Jokowi selama 10 tahun";"39454174371";"pahmi.ofc"
"18108196250293040";"1780404903";"Beda kelas";"4364352102";"junnie.arisanti"
"18065257517457758";"1780404916";"Geuleuh";"35369706";"cynthiard"
"18014619341699315";"1780404917";"jiji";"75434109466";"chayangiee"
"17863465350689548";"1780404922";"DATA OI DATA NYA MANA?";"4039781058";"ibnujamal13"
"17950123281190952";"1780404926";"@id.print_workshop tapi hotelnya mewah";"64761305992";"byeyou_1168"
"18117028492693119";"1780404933";"🤣🤣🤣🤣🤣🤣";"57727576070";"yonnn007"
"17953331876979701";"1780404946";"HADEEHH";"1515487086";"ainulmardliyah"
"18047091710780100";"1780404957";"😂😂😂";"4364432025";"aldy_yngwieadam"
"18085046525573641";"1780404960";"@thor_bar_bar komen di ig seskab ny langsung lah 😂😂";"6128732436";"musa_mnullng"
"18072301445666758";"1780404966";"Kok @teddy_hq ngerti uang pribadi Prabowo, apa benar2 dia.....😂";"7220166607";"mas_qunawi"
"18090930452033754";"1780404973";"Gila, membalas saran dari tokoh sebesar Pak Dino Patti Djalal, dengan cara seperti ini, istimewa sekali pendamping setia presiden Indonesia 😢";"75331580327";"adhit.aw_"
"17897027601459133";"1780404987";"hasil kunjungan prabowo impor semua";"3242488686";"houtmannayevibrahim"
"18040188701795887";"1780405003";"😂😂😂";"719258921";"darmanjie_"
"18072014405324459";"1780405018";"woman always right";"26258725198";"anandarraffii_"
"17935815744067805";"1780405021";"Mana kupercaya😂";"6014730804";"nandajunglo"
"18137734705547402";"1780405026";"Iya iyaa bunaa";"70091474497";"miisaaannn"
"17966582042916083";"1780405032";"Jumlah rombongan berkurang nyampe 50% kok bs ttp over budget pak..trs pake dana pribadi buktiinnya gimana nih,kan hrs transparan, pliss banget jangan jawab pokoknya ada lah, ada 😭";"1446195377";"zakiah_insani"
"18070013429692286";"1780405032";"𝐈𝐬𝐭𝐫𝐢 𝐛𝐞𝐥𝐚 𝐬𝐮𝐚𝐦𝐢 𝐬𝐚𝐥𝐚𝐡 𝐧𝐲𝐚 𝐝𝐢𝐦𝐚𝐧𝐚 ??";"7523262272";"ryan_myana"
"18014140985704810";"1780405039";"aduh, it's give sub bela n dukung top nya 🥺";"48533876899";"peynapllys"
"18084170171435969";"1780405055";"Oh ini pejabat karbitan yang Koar koar tanpa menyebutkan total anggaran kunjungan ke luar negeri 👏";"4766643184";"rikkyzulkarnain"
"18217297525323870";"1780405056";"Semangat banget belain suaminya, ihhh gelayyyy 😂😂😂😂";"2366998932";"taufiq_deris"
"18123293128652980";"1780405058";"Apaciiiiiii bunaaa";"205762411";"thyoul"
"18132659551603082";"1780405058";"Iya bunda iya";"1065900843";"liznamuthia"
"18109961405489778";"1780405062";"Jgn cuma cerita aja buka la data nya 😂";"66263672630";"kliwondotcom"
"18104041570923479";"1780404474";"@dionsaurus__ kasi paham pa dion";"4906127867";"wikanfahmi"
"17868010077553334";"1780404475";"Blunderr aje teruss....";"1389970776";"pkalegam"
"18117877450622456";"1780404475";"😮😮😮😮😮😮😮😮😮😮😮😮😮😮😮😮😮";"4130606347";"agusiwanputu"
"18121663231657693";"1780404478";"Serasa yg punya negara yaa rezim sekarang 🤣 dikritik bukannya berpikir.. malah nyerang balik secara personal wkwk";"1418508632";"iraz_ode"
"17883334836592017";"1780404487";"Suami  lgi klarifikasi kegiatan suaminya";"8968732511";"pinlabrador"
"18053600264584591";"1780404510";"Kentut lu tuh keluar kangkung";"180167100";"adifoooodtra"
"18053827184727610";"1780404517";"Ibu Negara lagi beri Klarifikasi yg mengada-ada 😂";"51513558175";"b46l036"
"17922855459347857";"1780404528";"😂😂😂😂🤣🤣";"8105065598";"ahyaani2_"
"18090879059028025";"1780404528";"🤣🤣🤣";"51513558175";"b46l036"
"18186366478379604";"1780404530";"🤣🤣🤣🤣";"8105065598";"ahyaani2_"
"18029461400641601";"1780404532";"Ibu negara lagi ngejelasin perjalanan Dinas.  Ojo dibanding, kerja aja ngak bener.";"6568813649";"maimunfikri"
"18089467016624015";"1780404533";"Nyenengin BINI juga harus totalitas ya tedddd😂";"6052477622";"rizalar06"
"18112080166895501";"1780404539";"Diem ga lu bunted 🫵🏻 gedek bgt gw";"6963910125";"vvianite"
"18095517725230332";"1780404544";"Takut banget ih buna mel0t0t";"5376266653";"dinnakomalawati"
"18094304593994515";"1780404551";"@teddy_hq ejakulasinya terlalu cepat kurangi poin 5";"8744494477";"prakoso674"
"18158964919456634";"1780404555";"Mosoooooookkkkk .";"496309624";"fadli_ulik"
"18170829544423568";"1780404561";"Si kecil ini memang so mantep😂";"64587741038";"indrsnjyxgeppe"
"18118667779776131";"1780404562";"Terlllekkk beli sapi kurban aj pake APBN msa bulan madu bolak balik k Perancis pake dana pribadi, ngowoh tok, 😂😂😂😂";"1707164768";"ketty.yk"
"18092977409460022";"1780404563";"Bacotttttttt";"1527130159";"indrps"
"18220024561320446";"1780404566";"💩";"6582199097";"mas_reno10"
"18111208096904622";"1780404568";"Lol🤣😂 banted";"5917495";"arya_adhitya"
"17927957862339431";"1780404569";"Teddy mutia 11 12 👏";"2089621074";"dvaprilia"
"18086534915236275";"1780404574";"HUTAN PAPUA AJA KLEAN BABAT 2,5 JUTA HEKTAR DEMI KUMPULKAN CUAN BUAT PILPRES 2029 KOK PERJALANAN DINAS PULA MAU PAKE DANA PRIBADI.";"50228043231";"metha_ayue"
"18120876874678910";"1780404578";"DIH";"73383246610";"meitttitri"
"17893628127491886";"1780404580";"apasi bunn";"1199517567";"dennaudria"
"18076032425287001";"1780404581";"😂😂😂";"436382761";"iqbaldii"
"18098736290127340";"1780404597";"Cuihhhhh najisss";"12613058320";"ibnu_masbok1"
"18036661841801843";"1780404606";"dihhhhhhhhhhhhh";"189316440";"sariemint"
"18132223336502514";"1780404606";"";"210558229";"yudi_durham"
"17931697287277911";"1780404607";"Lebih percaya gufrom bisa ngomong sama semut😂";"4795611639";"bayuaji_png"
"17978808071861383";"1780404607";"adduh paak bapak, maaf bapak salah. Sekalipun ya di perusahaan swasta, kalau urusan pekerjaan (apalagi dinas resmi negara), biayanya wajib pakai dana perusahaan/APBN. Pakai uang pribadi untuk urusan resmi justru melanggar aturan bapaak, karena mencampur keuangan dan menyulitkan audit.";"2156298119";"reizza_"
"17900066496298312";"1780404614";"QURBAN aja pake APBN ,,keluar negeri sok sokkan ngaku pakai duit pribadi...... RAKYAT  mau kau KIBULiN  terus ,, ATURAN Darimana kepentingan DINAS  pake duit pribadi @teddy_hq ?????";"47556242502";"sgtista22"
"18024995915823860";"1780404624";"";"45327517204";"therzaq"
"17888353203552795";"1780404631";"🤣🤣";"65679662463";"close179098"
"18396923344153037";"1780404638";"Waduk munding bushiat soang koplok";"56415142941";"mrifkirizqullah"
"17992428737971665";"1780404641";"Itu kan kata bininya😂aku sih ga percaya";"5810195826";"ysfirianto"
"18088456682377464";"1780404643";"🤣🤣";"1807414026";"kumbanggss"
"18102761480071405";"1780404648";"@yuanitarohali 💯";"2088478755";"dani_sugandi47"
"18079526660354850";"1780404659";"😂😂😂😂";"3968438543";"toepankdentri"
"18084709499454255";"1780404660";"Negara perusahaan pribadi";"4917817759";"ardomedome"
"17883695322571147";"1780404661";"Ngibul terus😂";"1577542980";"hieu_fais"
"18095169392269969";"1780404671";"🤣";"3968438543";"toepankdentri"
"18397454998155126";"1780404684";"Kenapa makin ga percaya sama pemerintah";"1652426047";"ghoziz_bytes"
"18028633382819020";"1780404688";"❗️ “Tanda orang munafik ada tiga:  1. Jika berbicara ia berdusta 2. Jika berjanji ia ingkar 3. Jika dipercaya ia khianat” (HR. Bukhari dan Muslim)";"183237454";"dewopakde"
"18112063591898086";"1780404695";"🤮🤮🤮";"255114344";"theroyalhighneses"
"18113611498881545";"1780404699";"seringai - omong kosong";"6886986867";"abcdezarrrl"
"18052457825756691";"1780404707";"Management keuangan anehh";"487290288";"amirafauza"
"18066365936696984";"1780404713";"Pokoknya Ada🫢🤣🤣";"4545780211";"my_tasikmalaya"
"17992623122986017";"1780404194";"Preeet";"39287726663";"aldevarodhafir"
"18100008842112066";"1780404195";"Berarti memang murni jalan jalan dong";"1583428509";"futihazaza"
"18272970136288819";"1780404199";"";"53305505671";"itsstypht"
"18117951790704040";"1780404203";"@abdullahchoiri gur gaco omng tanpa data tak ada transparansi";"1527944137";"wawan_setyadii"
"18126658702624848";"1780404204";"";"3411652723";"blazeasfuck"
"18139728565542972";"1780404217";"Apakah di rombongan ada ceweknya";"3516206990";"bolywings"
"17887321719557909";"1780404219";"🤣🤣";"2206496971";"agung.kurnia198"
"18394260322084300";"1780404223";"duh duh duh 🙃";"1984347598";"dz_fahreza"
"18148643209498261";"1780404235";"Hmmm";"1470391701";"lenteraamerta"
"18117891367747891";"1780404239";"Istri tau bgt ya segala pengeluaran pribadi 🤣";"1286459146";"oris_0"
"17907068925426573";"1780404249";"RIP Harapan";"1486937458";"pranandadodi"
"18146404177506631";"1780404251";"Stop lah plesiran kan kalo susah kita ga dibantu negara lain kata mr president 🔥";"281289310";"chindeeps"
"18563738443065742";"1780404256";"Percaya ga sih pakai uang pribadi...lah sapi qurban aja pakai apbn.";"5608390035";"dewi.suyatmi.7"
"18346888012168947";"1780404266";"Menanggung apaan kurban sapi aja masih pake uang negara 😢";"12174507460";"putraserpara_"
"18082364204564713";"1780404271";"Duit dari mana??gaji kalian itu yg bayar rakyat ..";"357141745";"ibra_lincholyn"
"18424811701124903";"1780404290";"🤭🤭";"4145194085";"su_henrii"
"18079623311208108";"1780404291";"Ibu Negara ☺️";"2034670103";"deesxmr"
"18089084003172191";"1780404303";"Tumben bini yg klarifikasi";"243631917";"rizkikurniawan"
"18094523183520652";"1780404304";"@wawan_setyadii pokoknya adaaaa";"5357696286";"abdullahchoiri"
"18127629205539007";"1780404309";"Emang uang pribadinya prabowo dpt dr mana mas TIW, dia kan digaji rakyat!! Lagi aneh bgt tata kelolanya, kenapa nggak sekalian MBG dibiayain sm uang pribadinya dia juga????";"53161815645";"rk.nadirani"
"18080366873406393";"1780404316";"Apapun untuk istri";"23102023542";"ceyly"
"18010039085880641";"1780404318";"sarebel ah";"1019337777";"kyd.svzy_"
"18064428881437968";"1780404319";"proyek MBG aja yg di tanggung pribadi sama Prabowo bisa gak ?";"2157522909";"ihsn.am_"
"18101223301866831";"1780404331";"Percaya ???? Nggak sama sekali sorryyy yeeeeee";"3034915819";"ezas.id"
"17973592908045028";"1780404335";"Cara bernegara ugal-ugalan 😝";"3857070229";"yunusisnain_"
"18111480442716445";"1780404338";"Angle kanan ya dia ?";"1464398190";"xxilyyz"
"18368106709227701";"1780404345";"Aaaah masak iyaa...🤣🤣🤣🤣";"58745546036";"apachetrojans"
"18105760292055507";"1780404346";"😂😂😂😂😂😂🤣🤣";"1502648204";"eky_setiana"
"17978313914993847";"1780404356";"Dtg bulan?";"3241624204";"susiesagan"
"18195949807323386";"1780404361";"Lawong qurban aja pakai anggaran apbn🤣🤣";"4455154784";"ana_ustupianaaa"
"18010007360913916";"1780404368";"iya iya deh iya in aja nanti marah lagi baper";"4455247003";"giribayupurnama"
"18059705153707097";"1780404383";"Kenapa sih dia harus pake 2 camera? Angle kanan lagi?";"3918039279";"sinatryadewi"
"17875594218486157";"1780404393";"Masa siyyy 😂😂😂😂";"185585982";"leida_ridwan"
"17891648175478133";"1780404401";"ini presiden apa buronan sih. kok sukanya nomaden 😮";"1833472737";"rheysam_"
"18063747284514720";"1780404404";"";"10838255732";"andy_prajogo"
"18016689266693257";"1780404418";"Kok bisa ada kelebihan biaya dari anggaran? Budgetingnya gimana? Bukannya diusahakan berhemat atau kalo bisa lebih murah daripada yg dianggarkan??";"3520621006";"cepe18_"
"18401887570145205";"1780404421";"Mamfus kta gua teh jd makin ribet kn jelasinnya wkwk";"33831848";"firdsyafr"
"17891706732525720";"1780404427";"Halaaah pea";"44995414160";"lexireboona"
"18151781461488902";"1780404444";"Kelebihan uang dinas masuk ke kantong, itu sudah biasa.";"25804661691";"muslimahqueennur"
"18082051628167309";"1780404446";"Jumlah orang yg berangkat dikurangi tapi intensitas dan durasinya diperbanyak 🫣🤣";"3520621006";"cepe18_"
"18342051412168115";"1780404452";"MUNGKEEENNNNNNN";"3952003305";"ilhamalkhoir"
"18413006911176422";"1780404457";"Muak bgt";"4128995611";"zxxqtia_alpio"
"17891967696532243";"1780404459";"Mashookkk 😂";"1602378314";"hilda_wtt"
"17892824925529219";"1780404464";"@agung207 🤣🤣 betull. Gesture bohongnya aja keliatan";"65694157736";"fransiskus.haryanto"
"17900482095450626";"1780404467";"Berarti banyak gerakan tambahan di Paris";"4836788973";"zarkasih_tanjung"
"18209127244338273";"1780404467";"@anovina emang ga nyampe kelasnya kak 😂 selevel diplomat karir bangun karir dari nol dengan ilmu dan pengakuan vs pukpuk bawang jalur nepo 🤧🤒";"39111737";"nyonyo99"
"17930357886315509";"1780404473";"Kelebihan Perjalanan Dinas pakai Dana pribadi? Tapi Qurban pakai APBN? Masuk akal? @teddy_hq @gerindra";"2233121259";"hasan_asyari1"
"18052113134776999";"1780403966";"dulu ada yang komen:
- jangan cuma bisa kritik doang, kasih dong solusinya!!! (dengan nada tinggi)

Pak @dinopattidjalal kasih feedback + alternatif solusinya, masih dirujak juga... 🤔";"5546502716";"_priapunyaselera_"
"18112753708913800";"1780403970";"👏 Ooooooooooooooooooooo...";"9425551508";"sparklefairy30"
"18113922490895141";"1780403970";"";"4361286666";"dodiirawan23d"
"18094679774337352";"1780403971";"Biar apa?";"1978325705";"mzkyzn"
"18096272749915956";"1780403975";"dih";"3039761883";"_baristy"
"18179397466399220";"1780403977";"MBG tolong pake uang pak presiden aja, rakyat gak ridho lahir batin pak";"222473502";"larasatidw"
"18091580948201194";"1780403982";"@trend_asia nunggu audit uang pribadi dan negara...hahhahhah kayak nunggu buah semangka berdaun sirih...";"598880845";"penih"
"18117556513685948";"1780403983";"aaah masaaaaa... kl bohong, ntar matinya mulutnya penuh dgn dildo loh, mau emang... 😏";"12627000320";"lovely_halimah"
"18054863960744483";"1780403986";"";"1259415637";"sams_mayers"
"17957335800128661";"1780403994";"wangun tenan ditomboki loh";"1766894532";"agung_bp99"
"18121356010677712";"1780404003";"Mantan suaminya ini kak @elrofic @naufalizzlhq";"1188518854";"kikyswyght"
"17883755496583280";"1780404006";"Perlukah🤣";"425958050";"ridhadwiutami"
"18119101666707249";"1780404012";"SEETTTYOOOOOPPPPPPPP BELICIKKKKKKKKKK";"299659712";"bagjajojo"
"18126730480621357";"1780404014";"Eh percayakah";"425958050";"ridhadwiutami"
"18066372965433234";"1780404017";"Gak lah";"425958050";"ridhadwiutami"
"18112100668718603";"1780404018";"🤣🔥";"425958050";"ridhadwiutami"
"18107243017984001";"1780404020";"Program celingak celinguk negara😢";"1796750435";"ahmadhanifutomo"
"17963719347108700";"1780404022";"Omon² 11 12 dg jokowi";"59768624327";"eza_yz71"
"18092484617209719";"1780404024";"@rina.inggriyani آمِّيْنَ يَا رَبَّ الْعَالَمِيْنَ";"1594320493";"vina_aura"
"18111818488918372";"1780404030";"🤣🤣🤣";"1712007454";"dwrsmn"
"18103477187096254";"1780404037";"Berarti gamblang menyatakan over budget dwoonggg alias tidak efisien 😂🤏";"7426614174";"ceuceu.opi"
"18411977638183420";"1780404050";"Logika aja . Kurban atas nama presiden pake apbn, lah masa iya biaya perjalanan keluar negeri pake duit pribadi..ya rugi dong 😂";"3650532854";"egi_firdausfamily"
"18101436941024447";"1780404051";"iya ibu negara";"1443483982";"aledasuha"
"17998195898952691";"1780404058";"";"71557366149";"theoppositionofgoverment"
"18393079864089007";"1780404059";"tegang  amat mukanya";"6471226868";"yydd03"
"17915339565392960";"1780404067";"@rina.inggriyani ya Allah.. Sehat2 kan kami,. Tiap liat pidato presiden... Nyerii dada terus..";"356495681";"sitiannisanabillachaira"
"17886435690398318";"1780404074";"TEDY,pengalamanmu belum apa2 sama beliau,,kamu baru netas,beliau sdh jd pejabat😂😂😂";"34567626928";"s4tr14_black"
"18118541944751403";"1780404075";"Itu namanya tidak profesional mas eh mbak.";"1614926676";"stefanusbay"
"18044333198716792";"1780404081";"kelar tedi karbit";"31403106";"ikra_basayevz"
"18104643941083302";"1780404083";"Lha lapo";"1111804793";"arialfani_"
"18088677821061925";"1780404090";"Kurban aja msih pkai dana APBN 🤣🤣trus kita dsruh pksa prcya omongan mrka?";"7071728058";"itha6950"
"18407024896148825";"1780404098";"dih";"983488377";"pstv.b"
"17971072799898886";"1780404104";"@leovvuu";"4356374525";"mtfdh_"
"18165273544445913";"1780404104";"😂";"57734903826";"gasss.bagasss"
"17898527631311128";"1780404107";"Yang masih ngefans sih gws ya";"226951618";"ranni___syn"
"17909144400413266";"1780404109";"";"1583362645";"madatidar"
"18392754358081679";"1780404122";"Bikin riweh laporan nya aja";"3798544246";"hallotina025"
"18001197524943336";"1780404127";"";"80141520586";"meyuururu"
"18117205144802028";"1780404127";"Bro should have install couple of plugins called: acceptance, empathy, and self-awareness.";"257373215";"irsyachuelita"
"18118035982662750";"1780404130";"Ko jd nombokin neng? Bangkrut dong kalo gtu mah😢";"3218952212";"aromzi93"
"18015447272890058";"1780404136";"Ngakak bangeet sihh kakk";"80141520586";"meyuururu"
"18102496705959031";"1780404154";"Keliatan bodo nya masss malahan…";"445352008";"younarsatya"
"18082236635161953";"1780404162";"Angle kanan garis keras 🙂‍↔️";"5948075282";"jihannilnaa"
"17954048511151251";"1780404171";"Yaa terus kita Percaya gt aja? 😂emang negarawan sekarang ada yg bisa di percaya?";"510204967";"m_aziezi"
"18098903345337578";"1780404174";"Malah jadi tukang sapu ya ted? Haduh";"50821577623";"peachxevil"
"17895834987334212";"1780404175";"mana buktinya";"3411652723";"blazeasfuck"
"17942678649036655";"1780404177";"Judes amat bro";"2204746531";"bataraja_harahap"
"18070944668682325";"1780404186";"";"5518089358";"tian_aqilah"
"18092310779206794";"1780404191";"Ya ya ya... Anggap aja kami percaya.";"13190264";"hepusa"
"18206596123344035";"1780403631";"Kebutuhan pribadi di ambil dari apbn kali 😂";"1155205455";"antm97_"
"18596740300032816";"1780403634";"@m_uwel trus yg model karbitan gini sok2an ngajarin soal diplomasi hadeuuuh.. kaca mana kacaaaa.. pliss deh";"186694661";"filuvfa"
"18589831822017222";"1780403635";"ternyata ada yg kesenggol dgn sarannya Pak Dino 😂";"3525423306";"sakinasaptyaningsih"
"18027436586645318";"1780403637";"Itu mekanismenya dana pribadi untuk dinas gimana bos,disitu aja udh keliataan kalian bohong,lagian ini seskab ngarangnya gak mikir,dikira semua rakyat peak kayak prajurit yg langsung percaya dan nurut.";"55078960498";"rozsikin"
"18598426741030513";"1780403645";"Kelebihan Negara ? Orang Kurban aja Pake APBN yg di cap pake Nama PRIBADI  padahal pake DUIT RAKYAT 🙌";"4203282262";"vdiansyah1"
"17930806410277989";"1780403654";"Sok pinter";"2653629481";"yogapratama10000"
"18108969974485151";"1780403665";"Istri sholehah";"4351717184";"dzunee23"
"17904653436263995";"1780403683";"Gak masuk akal njirr😂";"39637069186";"herusuteja16"
"18139818427529869";"1780403685";"Apa sih video klarifikasi🫥";"3574766698";"tifa.writer"
"18115868734654207";"1780403687";"Preeetttt";"1471379315";"fadamulya"
"18058349195717660";"1780403691";"Wanita selalu benar🤣";"4246653525";"nur_amanah90"
"18082334285547520";"1780403692";"Contoh istri yg baik ya ibu², kalo suami dighibah atau diomongin harus dibela😂";"3102935877";"royyan_andikap"
"18120227242668326";"1780403701";"Wkwkwkwkwkwk";"3277639838";"afriansyahfaizal"
"18117138292841042";"1780403704";"@ikhsnydhaaa merdeka....!!!! Merdeka....!!! Merdeka.....!!!";"5538519317";"prayoga_de_enjinia_desu"
"18082267520409933";"1780403718";"@thor_bar_bar bangsat";"5344578495";"zfkrs"
"18021034040838185";"1780403725";"Ngomong pake data bot tunjukin bukti anggarannya jgn ngawang2 doang";"1518208569";"fadjar.pahlawan"
"17951506686172723";"1780403726";"Plissss terima aja sih nasihatnya👏 jgn malah klarifikasi klarifikasi ... toh kita sama sama mmbangun indonesia";"1616819792";"rossy_fitriani"
"17889453852542840";"1780403734";"Lah kan jalan jalan bedua ya gaakan banyak la wkwk";"1900645230";"adimasrvnd"
"18077148986403043";"1780403742";"Blunder🤣";"5428803610";"putri_t_hc"
"18112491814736904";"1780403751";"@zfkrs santay santay, awas awas";"3919093421";"thor_bar_bar"
"18097101361908419";"1780403755";"@wawan_setyadii konsepe rakyat di apusi mas...";"5357696286";"abdullahchoiri"
"17930367216291915";"1780403776";"Cebokin terus ted..";"5357696286";"abdullahchoiri"
"17925645351345901";"1780403778";"@dhindaperwita kanan terus ya";"363883803";"religionarab"
"18395857345086761";"1780403783";"Dasar 🤡";"1655159323";"catya_vanda"
"18320699248286279";"1780403786";"Ketahuan org ini adalah orang paling sombong dan NPD FINAL BOSS";"50296998";"figure_baik"
"18077089142670343";"1780403788";"😂😂😂😂😂😂";"16142132822";"muhimanulloh"
"18100522469149170";"1780403792";"@yuanitarohali Cerdasss🔥🔥👍👍";"3961573537";"susihandayani80"
"17913423342204215";"1780403794";"Siapa yg tahu?😂😂😂";"7791006188";"ucrit_tea"
"17925938967347308";"1780403794";"Mungkin";"1444803059";"dwikypradiptaa"
"18114577330865331";"1780403839";"Qurban aja pake APBN😂.. Ngimpi";"5478127417";"gungde_07"
"18068329043364544";"1780403844";"Kakkkk ngakakkk brutal";"1445898356";"anggunsulisw"
"18014409677704110";"1780403855";"jelas banget lagi badmood dan merasa jengkel udah kena kritik 😭🙏🏼";"486954766";"ichafredie"
"18121302598593864";"1780403856";"Yg disarankan dinopattijalal itu penghematan. Kalo duit kurban dialokasi ke biaya perjalanan kan bisaaaa, gak perlu nambahin duit pribadi ke acara kunjungan luar negeri 😏";"8704813993";"arifwahh"
"18105209146788357";"1780403862";"😂😮🤣";"361758367";"fikryramadhan"
"18341460379175274";"1780403863";"Lha?";"3134367916";"okky.yupp"
"18107269648979986";"1780403883";"Coba spill apa yg udah dihasilkan dr ke luar negri molo";"44698229461";"lialea11"
"18079552376207561";"1780403915";"Kalo pake uang pribadi ya di lepas title presiden nya *oops";"37889136";"dinafera"
"18586098433013181";"1780403922";"Istri bela Suami.. OMON OMON";"963408981";"afif_aja_86"
"17898546429309477";"1780403931";"😂😂😂😂😂😂😂😂😂😂😂😂😂😂";"48688598442";"mokouww"
"18138363838527382";"1780403938";"Idih whanita";"4049039290";"mazeru27"
"18139454047534724";"1780403942";"Iisshh jangan gitu pakk..saya p rempuan emang harus slalu benar dehhh...iihhhhh.";"598880845";"penih"
"18103358638915648";"1780403945";"Mata belel ketularan siapa??? 🗿🗿🗿🗿";"3251985873";"kobra_d_yudda"
"17969566425110520";"1780403949";"jembut";"80367344390";"krit_ings"
"18296013406304911";"1780403958";"Soalnya sama buna loh yah😹💅";"39005200393";"rustandiute96"
"18593185021031373";"1780403961";"😂";"45868407204";"riskyyanda.16"
"17931103803091952";"1780403963";"Syududuu";"1921849058";"_zainalarifinn_"
"18205722586347161";"1780403338";"Ina asykala syududu";"4011416108";"explorevespabiak"
"18590713285059667";"1780403341";"Iya2 pokok nya ada..";"8723571542";"haris_lisman_saputra"
"18129560683533005";"1780403346";"dipikir presiden"an kali, padahal prabowo itu kerja😭😭";"48800962645";"dinarsafitrii"
"18002359652942089";"1780403351";"Terserah ah..";"58686186239";"rekky765"
"17928315342313504";"1780403361";"Lagi mual"nya dan posesif 😂😂😂";"64752265831";"abdulloh.fahrizal"
"17934176622266991";"1780403371";"Omongan teddy ini suka ngibul juga!! Sok cantikk!";"7322993535";"khresnadoddy"
"18341872228222383";"1780403372";"kosong kayak wapres konoha";"62164370675";"ohlipeli"
"18137866546477099";"1780403392";"Negara seperti raja dan ratu,disaat raja diserang maka ratu akan membela nya.";"72825318380";"kamaddiziel_"
"18134712313563670";"1780403393";"@id.print_workshop wkwkwk";"2586004885";"liawidiaaa"
"17886445719560511";"1780403403";"💩";"5438358565";"papabear_restoration"
"17916542628182178";"1780403405";"Hehehe lucu neh😂😂";"3678074734";"zakyalaydrus29"
"18071421386675246";"1780403409";"Gaya bicaranya kayak orang songong.. Anak kemaren sore di pemerintahan dah belaguu";"2141947234";"tommy_putraofficial"
"18377991574162825";"1780403425";"";"6919484503";"zulkarnain2688"
"17939061453227263";"1780403427";"Iyain aja deh MBG nya kan untung banyak wkwkwkwkwkwkw";"1941702630";"rizkaanw"
"18118266982703419";"1780403427";"Boong nya tuh boong banget";"5775814700";"angelia_wrdn"
"18129747682613246";"1780403430";"Semakin dijelaskan semakin kacau 😂😂😂";"3155882";"agung207"
"18084864800418324";"1780403432";"Yuk buka2an,,transparan kalo emang bener pake uang pribadi...🔥🔥😂😂";"3117159883";"kurniawansakty"
"18081822071553383";"1780403438";"Bisa dong, saya pernah nombokin biaya perjadin karena lebih dari SBU selisihnya bayar sendiri 🤣🤣";"207539103";"stevenaritonang44"
"18059879915721024";"1780403453";"Eneg bgt baru liat jambulnya doang";"215758921";"annisasiti"
"18090556547252677";"1780403455";"Bacot lah bunted w lagi puyeng";"6049991657";"speculuff"
"18083835698434715";"1780403456";"Yakin ditanggung pak browo...qurban saja pakai APBN😂";"49241957099";"dita301021"
"18127351921547640";"1780403461";"Beli sapi atas nama pribadi aja pakai APBN, apalagi ke luar negeri wkwkwk";"2271415514";"indra_kodok94"
"18104558653969468";"1780403462";"Kentutt, SAPI aja pake APBN.. apalagi ini jalan².. Baru menjabat 2 tahun jadi Presiden Uda overload jalan2, hadeuh gemoy2";"3483201393";"ebom__shelka"
"18084742754413704";"1780403469";"Segala Kelebihan biaya ya gaes, inget jangan kegocek Tedy. Paham kan maksudnya?";"1708709690";"krisyaranggaa"
"17890928073506295";"1780403478";"Omong Kosong siapa yg Percaya Presiden mau nanggung biaya.";"45331172014";"sidikprw68"
"17867496630555028";"1780403481";"@factual.id 🙌";"47905309432";"ggukiehanniehaohao"
"18122234530640574";"1780403488";"Qurban aja pake apbn, mana ada ke luar negeri pake dana pribadi";"2634337342";"rabkailann"
"18116579131832136";"1780403496";"Ngomong apa si";"33424603739";"azhartmahardika"
"18094099844600808";"1780403501";"Halah bacot, kurban aja pake APBN 👊🏻👊🏻👊🏻";"429024205";"nyimasrayna"
"17853933495680419";"1780403503";"Gak ada yg nyuruh wowo pake duit pribadi, yang ada itu masyarakat nyuruh wowo mikir kalo make duit masyarakat indonesia, bukan seenak udel si dadan!";"5858379628";"ygprmn_id"
"18105679855786122";"1780403517";"Ehh...roti ehh ..botiii..ehh eGi...ehh";"2285571017";"skurz_shinoda"
"17880206994605029";"1780403518";"suami takut suami";"74706213053";"nekrodaemon"
"18198725836318543";"1780403520";"ya ya ya 😑";"1906354491";"sakinbsd"
"18101869337158324";"1780403531";"Doi berperan Squealer yang di Animal Farm😂";"40168505257";"basagitaanjani"
"17910501777225687";"1780403537";"POKONYA ADA";"57698142153";"akulahpeluru__"
"18093410876353445";"1780403549";"@thor_bar_bar 😭😭😭 wkwkwk";"1553986045";"alexandra.intan"
"17887640346557476";"1780403555";"afah iyah teddd";"48577973133";"iarsyzr"
"17921940201145502";"1780403564";"Buka datanya dong ted @dhimasbrilyandi @septevansurya";"1550656379";"robbany_11"
"18120059305679900";"1780403564";"Wess hop rasah Melu omong. Podo2 ga mutu ne";"3215021533";"snyksni"
"18152886904484318";"1780403564";"istrinya ngamok";"4136915798";"milyaswijaya"
"18253385236306458";"1780403566";"Afa iya?";"1553292649";"wii_the_art"
"18109550380737372";"1780403578";"Harus nya ditanggung semua lol";"1826934524";"belionlinejujur"
"18591579046049907";"1780403589";"Percaya? Gue lebih percaya si ghufron penjaga gawang neraka njirr";"1284346968";"h.naaap"
"17907862002244107";"1780403598";"Kenapa bisa kelebihan biaya,? Kenapa prabowo yg nombokin.  Ngatur anggatan dinas aja gk bisa, ini lagibmau ngurus anggaran negara 😂😂";"1532235966";"yaman.absor"
"17989004216814049";"1780403600";"@koreandramanews 😂";"497787115";"elyn_djumidi"
"18132359506600455";"1780403603";"Kalo Teddy udah klarifikasi berarti 😮😮😮";"4226118911";"herrys011"
"18092842934108056";"1780403629";"@rina.inggriyani Aamiin 🤲🏼";"2586004885";"liawidiaaa"
"18269837245294677";"1780403011";"Terlihat ketidak matangan nya 😂";"225039252";"amedionoveriyus"
"17934095532268135";"1780403014";"Seriuss????";"1932472124";"putra_agus_sanjaya"
"17927611221299466";"1780403030";"Punten, dia siapa sih? 😒😒😒😒";"38693964376";"sallyyell_ow"
"18058480370549901";"1780403032";"Hai boty";"64328082529";"queenza3926"
"18186269026378890";"1780403036";"BOHONG KEBANGETAN";"1280078831";"iirawan17"
"17929779687101553";"1780403038";"@leokamajaya hahhahaha";"6974364790";"zoyaa.r_"
"18126346423720146";"1780403039";"plenger";"353192916";"arvar08"
"18145447426506754";"1780403046";"Makin dijelasin makin gk percaya 😂";"2296738640";"rosmawatiputri_239"
"18137709874479085";"1780403047";"Belum tentu prabowo tau ini. Emang parah emang kalo ngarang 😂";"46750566012";"m4rt1_n"
"18083925374134041";"1780403053";"🎀🍵";"2121825535";"istismynt6"
"18002129534941176";"1780403055";"1 orang klarifikasi, 250juta orang pengen nonjok tu muka";"2303677870";"yabai_gurl"
"17923958625354564";"1780403057";"";"35386266217";"chriastianhandy"
"17969724642099539";"1780403070";"Konsepe pie to ndes? Mett i ak malahan 😂😂";"1527944137";"wawan_setyadii"
"18092118605249224";"1780403070";"😂";"542904110";"rifkyfachruddin"
"18119890294776598";"1780403071";"@rwidodo99 mati gaya";"14400826689";"prasetiyoaw"
"17882565354588769";"1780403073";"how come....";"54617092593";"eefghijkia"
"18401447776158960";"1780403075";"Lagi berusaha bela suaminya";"1677503984";"ghfrn18"
"18604811485003256";"1780403075";"Search google arti “ kasim”

Kasim ko jd presiden .";"773879844";"bakti13"
"18105995065887668";"1780403078";"Sok cantik";"3104836482";"dianpujipertiwi"
"18212317354332874";"1780403086";""Pokoknya ada"";"75504003821";"devano_danendra9931"
"18594630034057988";"1780403111";"Jangan terlalu di asbun asbunin ginilah buna @teddy_hq . Mingkem kemayu aja kamutu";"1348906430";"dyahaninditasetyani"
"18114620500851248";"1780403118";"Istri bela suami";"4362257246";"aaarte__"
"17992659026976825";"1780403119";"Kalo bersih kenapa risih";"1629367060";"wiyan_ahmad"
"17892984081471658";"1780403134";"";"1248908256";"andikaranda"
"18081165953552494";"1780403136";"🤦🏽‍♂️🤦🏽‍♂️🤦🏽‍♂️";"49699139704";"nelseusnere"
"18065535083702588";"1780403146";"@agamkupie emang dia punya muka??";"1348906430";"dyahaninditasetyani"
"18001627112948222";"1780403148";"Menyepelakan Wakil Menteri Luar Negeri yg hanya 3 bulan ya 😌";"3296231312";"mhdrezamr_"
"18140512054523547";"1780403157";"@trend_asia mau dijelasin kekmanapun namanya udah kontra mah gak bisa dijelasin😂😂";"3076230061";"satriafauzana88"
"18092544128198300";"1780403165";"Gimana kalau ikut menanggung penderitaan seluruh rakyat Indonesia aja?";"1330471850";"rizqi.dev"
"17899749096449416";"1780403173";"Sejak kapan uang pribadi masuk di biaya perjalanan dinas , gmn nyatatnya tuh 😂";"5935985642";"shenjianakami"
"17938149165055354";"1780403183";"Pak Prabowo memang beda. Terima kasih pak presiden yang peduli dengan memakai uang pribadi untuk dinas jika TDK cukup. Semoga bapak selalu sehat dan terus mengabdi untuk negeri. Memang manusia yg telah mewaqapkan dirinya untuk Indonesia raya...❤️❤️❤️❤️🔥";"36654806576";"zuhdiasad"
"17889141432549716";"1780403185";"Berdasarkan Undang-Undang Nomor 17 Tahun 2003 tentang Keuangan Negara, seluruh pengeluaran negara dalam rangka pelaksanaan fungsi pemerintahan wajib dikelola melalui mekanisme Anggaran Pendapatan dan Belanja Negara (APBN). tidak boleh dicampur adukan dengan uang pribadi, karena akan mengaburkan dan membuat ragu pengeluaran yg dilakukan...hrs kelas dong pak Tedi. Jangan dicampur adukan...";"50594914872";"vivi_hendrita"
"17993772875953674";"1780403192";"";"2016156762";"derisweed"
"18183282082347947";"1780403200";"Kayak AI 😂";"1103162689";"triwan_to"
"18104243156054940";"1780403215";"Begini amat nasib jd wni";"492137472";"iranitaanjo"
"18422500987135637";"1780403218";"Jadi petinju ok ni,leher beton";"29115755368";"oemelsyson"
"18047664779772779";"1780403220";"Perjalanan nya dpt sponsor dr MBG kalii yaa 😂😂";"1450655371";"ccharrytoo"
"17884052841578710";"1780403225";"Amin";"3495247316";"zuljihady"
"17910671793223171";"1780403251";"😂😂😂";"1500890772";"jizooo85"
"18227966338314275";"1780403267";"😂😂😂😂😂😂😂😂😂😂😂😂😂😂😂😂😂😂😂😂😂😂😂😂😂😂😂😂😂😂😂😂😂😂😂";"1696905697";"barack_maulana"
"18117784390794306";"1780403268";"Prett @teddy_hq";"551264177";"herusamosir"
"18101858927015115";"1780403269";"boong ni buna, kalo boong nanti ga dikasi uang belanja lhoo 😆";"3025759666";"khalilnezaa"
"18103854667918847";"1780403272";"The audacity…😒";"292582052";"deayrk"
"18117541858692399";"1780403273";"Sepakat";"314106516";"fariqshad"
"18080638760184424";"1780403290";"Anggaran kn suka 2 rezim";"3060123291";"muhammadhasanmh"
"18422869792134851";"1780403299";"beli kurban pake apbn, perjalanan dinas pake uang pribadi:)";"3268017397";"femiluna_oct"
"17913315321200304";"1780403327";"Ke Prancis lebihnya dana pribadi tapi kurban dana APBN??? Sewajarnya istri membela suami aja Ted";"26277467127";"ardhanwardhani"
"18082087538640489";"1780402735";"Iya bunaaaa 😏😏😏bisa diem aja gagg sich";"3187242981";"fitrr0_"
"17910963294219956";"1780402738";"Letkol karbitan ngatain Diplomat yang matang & sudah malang melintang di dunia hubungan internasional puluhan tahun";"3244624755";"yuliantoro.raharjo"
"18088611005366337";"1780402739";"Kurban aja pake apbn😂😂😂😂😂";"3406240546";"rony_markun"
"18138838510471848";"1780402746";"Dia ini siapanya siapa sih?";"31568578";"qpiddd"
"18108739543932625";"1780402759";"Jaman Pak Dino penjabat nya Kompeten tidak karbitan ... Jaman nya yg sekarang penjabat nya Karbitan inkompeten suka nyindir lagi";"2656202446";"drg.novianita"
"18113434225846040";"1780402771";"Oke... Liat pas doi bilang oke😂😂😂";"7269306860";"kaumpinggiran97"
"18131336548600707";"1780402779";"masa sih oba";"4606695929";"abtaaa_"
"18119696482673604";"1780402780";"Makin klarifikasi makin keliatan blunder😂😂";"321069769";"black_eren988"
"17946708297193547";"1780402785";"@kasnarian.adinata hey";"2189718281";"sabai_ighfirlanafaqih"
"18137858896557890";"1780402788";"Ah nasib… nasib 🤡";"6841637978";"amwicaksono"
"17990658575993868";"1780402789";"Asal ada kamu kan yang penting.";"1325980443";"rinaldi_995"
"18066228962700150";"1780402790";"Bentarr";"5840714874";"teofgultom"
"17899260171451772";"1780402796";"@irmarizki34 sebelah2, sebelah cwk, sebelahnya lagi cwk";"1291205135";"myevaks"
"18131681014598842";"1780402810";"Emang boleh ya uang pribadi? Mungkin pengen heroic. Tapi ini negara ada aturan. Sangat rentan, jika keluar negeri keperluan negara, ditambah pakai uang pribadi.";"446601071";"fahmihakimofficial"
"18407246263149000";"1780402810";"Gw lebih percaya picollo lahir di planet namek";"1006322166";"idungrizky"
"17863695342585328";"1780402811";"Ada urusan pribadi berkedok kunjungan kenegaraan";"307385560";"abgrid_photoholic"
"18113395768847984";"1780402823";"Yang jadi pertanyaan selama ini, mereka itu tau ga si caranya bernegara dan jadi pemimpin??? @gerindra";"48503209594";"ferryygood"
"18408330856147008";"1780402834";"Maladministrasi nggak sih, tapi qurban pakai APBN, ah sudahlah saya bukan ahli tata negara 😢";"444645022";"as.budiman"
"17955822099157591";"1780402841";"Lah buat ibadah aja pakek APBN Apalagi buat bercinta yg haram,,,, ah masa gt aja gk paham😂😂😂";"1105488178";"ingah_pit"
"18000964679931468";"1780402854";"Ishhhh 🤏";"2211009190";"mdpratiwi"
"18084798695631526";"1780402865";"Yoi";"3735332020";"bukandikaa"
"18123802927639798";"1780402867";"Ini ya yang dulu pas kampanye bikin emak-emak histeris.";"1697154030";"nur.hasanah_physic"
"17881687032433962";"1780402875";"Mencampurkan kepentingan pribadi dengan kepentingan negara, wow";"5993250173";"yyandzero"
"18109906645909720";"1780402876";"Kaya ani2 yg songong";"1453984149";"baihaqi_budiman"
"17964418107089136";"1780402881";"emak2 komplek kalah julid sama bunted";"2175483243";"fadli.ach"
"17907454989245301";"1780402885";"Kita ini bangsa apaan sih";"2980734912";"reglowlamongan.jatim"
"18102604664116220";"1780402891";"Semakin klarifikasi semakin membuka kecurigaan satu per satu";"2189718281";"sabai_ighfirlanafaqih"
"18045484937784477";"1780402895";"Ada yg percayaa ????";"1300763199";"stwn_arie"
"18117726197506996";"1780402896";"TiW..";"47016252133";"yetty_afri"
"17867587107554594";"1780402903";"@thor_bar_bar 😂";"1316947464";"kharisma_tika"
"17887092192559710";"1780402904";"Saya lebih percaya kalo gufron bilang syududu";"3672569020";"aknasananda"
"17925262545342665";"1780402918";"Muka nya pengen banget gw tempeleng";"4157953315";"k.drmawan"
"17970782367061175";"1780402919";"semangat buna😍";"40614342835";"mhmdfauzannn_30"
"18185895370379685";"1780402922";"Wowww, menyerang personal. Hebat sekali pemerintah ini";"1379480093";"fvkztzu"
"17898611418311232";"1780402928";"";"58502508525";"dinasti.sontoloyo_08"
"17913413592203055";"1780402933";"Meemang susah menasehati b000tiiee";"5982541781";"dodit82"
"18076203650298548";"1780402940";"@diana__puteri_pertiwi 😂😂😂";"58502508525";"dinasti.sontoloyo_08"
"18314452987272900";"1780402945";"Gini amat cara ngurus negara, aneh bgt.. rakyat berasa dibodo2in 😢";"6821261358";"zukazuku"
"17890968465537847";"1780402946";"Seskab rangkap ibu negara";"485982935";"memet_ahmadrivai"
"17891808348482069";"1780402947";"COT!";"1124970292";"renyhayu"
"18323882128284808";"1780402949";"Iya Buna";"3168235403";"iamearly_"
"18438719821185704";"1780402951";"Ibu ini dimat matke rupane koyok bulus";"43822013845";"bambangwijaya702"
"18083546231562640";"1780402952";"Leher lu bisa tegak ga sih, Ted?";"1170640848";"titagustinandry"
"18044309513797088";"1780402958";"Prabowo "Napoleon" x Teddy Squealer memang klop banget macam dibukunya";"7186786019";"asrolsidiq"
"18108799856482144";"1780402959";"Astaghfirullah,";"1591405455";"ahyar.mielz"
"18212642134336608";"1780402961";"Percuma berkurang tapi kalo bolak-balek sama aja bot bot";"1316947464";"kharisma_tika"
"18205187251352479";"1780402969";"Angle cantiknya sebelah kanan dia guyssss 🤪🤪🤪";"1207359957";"albertaagustina"
"17901331851286862";"1780402970";"Ujung2nya tdk transparan";"1230181517";"ismpf__"
"18112745044686748";"1780402972";"@id.print_workshop biar kelebihannya bayar sendiri tetep aja budget utamanya APBN yg bayar per kunjungan";"2189718281";"sabai_ighfirlanafaqih"
"18141280879516921";"1780402987";"Ada yang percaya?
Terus aja defensif dan klarifikasi.
#TERBURUK sepanjang sejarah.";"10697505";"ferdi_007"
"18113469740497878";"1780402350";"Naudzubillah";"1233507691";"nunisazizah"
"18121435729671938";"1780402352";"Kurban aja pake apbn atas nama prabowo, ini kunker pake dana pribadi gak mungkin kan dana probadinya prabowo udah buat nafkahin buda teddy";"2620357869";"fajarikafitriansyahh"
"18103580875932089";"1780402359";"ODGJ";"5501679767";"adamollay"
"18105824992947294";"1780402363";"Komunikasi nya BAD BGTTTT";"5432761376";"yevinavin"
"18010138808921716";"1780402368";"Kurban aja pake apbn atas nama prabowo, ini kunker pake dana pribadi gak mungkin kan dana pribadinya prabowo udah buat nafkahin buda teddy";"2620357869";"fajarikafitriansyahh"
"17890575426510603";"1780402375";"Mbot";"37588670028";"faiqhd"
"18154959010417853";"1780402384";"Muasaaa siiihh";"3650298228";"miss_yatienoordin"
"18070111019688742";"1780402385";"Cewe emang begitu, kesinggung dikit langsung nyindir 😂😂😂";"1561487875";"ardanikey_"
"17916485265179750";"1780402389";"@_whiteduke ah itu dia wkwk";"225392478";"nicos669"
"18201422653352510";"1780402411";"Umume istri belain suami";"225392478";"nicos669"
"18409588642198721";"1780402417";"bunaaaaaaa";"1562866504";"dmsyakina"
"17892940596353632";"1780402423";"@agusskun pokoknya ada😂😂😂😂";"2234864677";"adeleny20"
"18129581905539030";"1780402436";"bela”in amat demi honeymoon";"57455903332";"adam_thegreat"
"18010846832714424";"1780402437";"Siapa yg percaya? 😂";"209158270";"aylaadanu"
"18102171533016939";"1780402452";"😮😮😮😮😮";"48197296378";"abinnyaaq_"
"17902326354442187";"1780402454";"Kok macem nyindir ngomongnya dia. Muak kali";"759947101";"febianawulandari"
"18090863390177910";"1780402458";"Oh";"243753400";"putri_rdewi"
"17969854029075156";"1780402479";"Mending belajar lg deh tuan.. Anda masih muda, perbanyak waktu utk belajar & belajar.. Negri ini biar diurus sama orang² cerdas, profesional &  amanah.. Gestur tubuh mu super ANGKUH, apa mau coba dilengserkan secara paksa oleh yg punya negri ini (Rakyat Indonesia) 🔥🔥🔥🔥";"60909986378";"ulan_soen"
"17966361110924925";"1780402487";"Angle kanan 😝";"2519182745";"mfajrinalfikri"
"18095561963520702";"1780402489";"justru strange sih ted uang pribadi malah dianggarkan untuk kepentingan negara…. & you dont get the point of the critics tho…";"1186630888";"rumarpuspita"
"18013428152894963";"1780402492";"hadeuhhhhh";"232572019";"mutiafad"
"18120635197670736";"1780402492";"Berarti perjalanannya dipaksakan? Tanpa rencana? Orang aja mau liburan itinerary nya jelas lho. Tujuannya jelas. Ya udah kalau emang pakai uang pribadi plus ada klaim bawa investasi sekian T dari perjalanan terdebut, tinggal buktikan aja.";"70714174984";"ganeshandra2"
"18134367490566798";"1780402492";"Untung ga lg hamil 🥲 banyak² istighfar..";"401689911";"heisayaamalia"
"18080841368559611";"1780402497";"Ini persis mamak² ngebelain lakinya.. tegas, cepet ngomongnya tapi isinya ngawurrrr...😂😂😂";"2103011545";"sarah.sw"
"18078269615258174";"1780402503";"Sok cantik x";"2036691128";"hadyisme"
"17950578282171243";"1780402525";"@hey_denny why angry sir";"390271363";"diasrizaldianto"
"18172985587417231";"1780402527";"Preeeeeeet..nyonyah ngomel2";"1661775225";"vivien.lie"
"17944095759195774";"1780402542";"sengaja di pas pasin anggaranlah,kalo kurang nombokin omong kosong,nyatanya ga pernah kurang tinggal hubungi purbaya kalo kurang😂😂";"1952988646";"jornabaesi"
"18130669216596515";"1780402551";"Taekkk wekeke tedd tedi. Lawong qurban wae gawe duet APBN di atas namakan pribadi kog. Iki meneh jare nanggung uang pribadi. Jelas eman lah. Taek wee taekk";"583737588";"danangmuhammad99"
"18010216193861939";"1780402553";"giliran kurban pake apbn?";"10919736606";"ssevahv"
"17851794489693153";"1780402560";"Niat bener pak Dino sampe sewain kamera berapa biji sampe lupa print proposalnya";"1187549586";"balakatiktik.id"
"18085382213630272";"1780402562";"Pajak naik kok ga ad klarifikasi kaya gini y..";"3030150154";"ios_lin"
"18104672708070758";"1780402563";"Njirr aura botinya menyala🔥";"5927779915";"titik_rinduku"
"18586331638063809";"1780402569";"😂😂😂😂";"3187242981";"fitrr0_"
"17877256845666900";"1780402584";"";"3579192247";"ummuu.kholsum"
"18058053326721453";"1780402586";"Niat membersihkan nama baik, malah tambah kotorr 😂😂😂 udah si ted mundur anjir u sapa sepak terbang u zero.";"487062078";"fernandawindaw"
"17942228229227341";"1780402596";"@lennykartikas nanti diserang buzzer loh mb 😂";"8524447092";"sidhilaksono"
"18088167689376597";"1780402607";"Hahahhaa";"1920677067";"itaalqudsi"
"18104862494047814";"1780402624";"@bambangoetoyo wkwkwkwkwk";"349797197";"gatuttt"
"18079432178538678";"1780402632";"Ketika merit sistem berhenti bekerja, yang naik panggung bukan kualitas, melainkan atraksi sirkus. 
Ramai, riuh, tapi kosong makna😌";"1633209869";"bellinda.deee"
"18095090738222591";"1780402660";"Jd itu perjalanan dinas sekalian healing?";"3921290054";"ranisumarniii"
"17928336714335186";"1780402666";"jgn terlalu di istri istrikan";"46148487254";"sushirestourant"
"18104730203075890";"1780402677";"";"25307521142";"endroaribowo53"
"18105826102947689";"1780402682";"Bacot keluarin data nya";"3492009375";"ionzdion"
"17854019925676885";"1780402693";"alahhh... bunted";"3192040725";"adeirawansaputralbs"
"18133672708572708";"1780402707";"@salhar15 matur suwun pak🤣";"595271793";"baraddd"
"18585838303037717";"1780402726";"Datanya mana ?";"33283234974";"55_tauf"
"18096462332599857";"1780402044";"Teddy ngambek an";"3544456075";"anggamaliqh"
"18104579951284537";"1780402069";"@factual.id orde baru ❌
orde batu ✅";"5762484579";"achienx"
"17899361262448570";"1780402078";"Yg percaya cm Gerindra doank";"5896766211";"hadziq_ridho"
"18103581238840341";"1780402093";"@lennykartikas 😂";"6348665948";"aboe_ig"
"18104628874798473";"1780402122";"Ok bun";"1364317576";"rickyaindrawan"
"18100405495869173";"1780402131";"Saya lebih percaya si syududu aja deh😂";"2026633518";"isnaeni__isn"
"18008200205733110";"1780402132";"1 orang klarifikasi 250 juta WNI emosi 😮‍💨";"6951743179";"yuunimaharani"
"18072782702679332";"1780402147";"@thor_bar_bar anjjjjjjg🤣🤣🤣";"72326330229";"younggriils"
"17853992172677159";"1780402151";"Pokoknya adaa~~";"1290954405";"mroisivnd"
"17966619449915118";"1780402153";"Why do you travel so much in the first place when the lobby (always) failed? This government lacks sanity.";"5545344862";"choiwkwk"
"17864961240573657";"1780402154";"patungan gitu yah bun😂";"811323300";"fifitsari"
"18079427180644415";"1780402163";"Apa ciih? Kan baru tunangan kemarin..";"1284392037";"freddy_dinata"
"17870770653618307";"1780402165";"Fungsi @dpr_ri apa??";"1290954405";"mroisivnd"
"18124985461654355";"1780402166";"@ridwanpermana28  Aamiin  kun  fayakun";"12043856206";"nyonya__sunaryo"
"18408361642149723";"1780402170";"Gini nih kalau peyempuan ke sindir langsung klarif";"1943694484";"muhamadtahirr"
"18090285353365628";"1780402173";"Sejak badut tua jadi presiden";"1595577979";"haryono1952"
"18139242484530136";"1780402189";"😂😂😂😂😂";"539079901";"heru_gunawan7"
"17863918878582631";"1780402202";"@agamkupie 😂😂😂";"539079901";"heru_gunawan7"
"18082032374544570";"1780402210";"@ully.safitri Heyyyy... ant tech ant tech unsing!! 😤😤😤";"2431634386";"n.shinnosuke88"
"18111645737493155";"1780402214";"Cebokin terussss";"1781509426";"volta.irwan"
"18108918950511379";"1780402215";"Qurban aja pakai APBN";"7714344023";"dani_azkyasirta5"
"17940834621218096";"1780402217";"@thor_bar_bar 😂😂😂😂";"77889582309";"quelddcy"
"18101352533019389";"1780402217";"Iyain aja, 😂";"21693340777";"rais.msholeh"
"17910600012221225";"1780402226";"";"22687212017";"toha.rudin.06"
"18100769716868988";"1780402239";"@yadie_sirat misleading bgt penjelasannya, di saat org² nanya, ngapain sholat sampe ke perancis, ngurban pake anggaran sapa...malah jelasin ky gini ...., klo di cerdas cermat dah  dianggap "SALAH", gk relevan";"340879944";"santivuih"
"18100502227872783";"1780402250";"@lindameganita 🔥🔥";"324075139";"arya_al_ghifary"
"17866022598686817";"1780402251";"Kok orng pikiran bgini jadi pejabat jelas" tdk tahu cara bernegara";"54390571692";"muhammad_110798"
"18118568758756968";"1780402251";"Blunder bun";"48992757393";"jepardnsyh"
"18530826799077640";"1780402253";"";"7328883411";"wudy_tan"
"18120661672675209";"1780402254";"Helehhh... Iyalah EFESIENSI Dimana²";"1685197076";"anna_qwertz"
"18085285214415919";"1780402259";"klarifikasi mulu. KERJAAA!!!";"1353944303";"restidwinovian"
"18178304917392194";"1780402261";"Qurban aje pake APBN lo,gaya" an healing mau pake uang pribadi,cuiihh!!!kalo mau bohong yg masuk akal bot bot 🤣🤣";"2061851372";"gatot1986_id"
"18152989684430759";"1780402270";"😂😂😂😂 ada yg percaya??";"5027372053";"r__fadly"
"18102325244037122";"1780402277";"Kata gua mah diem ga usah dibahas yg ada tambah rame hadeuh";"1388470364";"ismantoyondri"
"17898642903309581";"1780402279";"";"34852228036";"mhmmdjafar___"
"17896539921464128";"1780402285";"Pret";"2133798832";"destiana_ns"
"18071665244690729";"1780402285";"Kurban sapi utk masyarakat aja pakai uang APBN loh bunda";"31453383896";"ferri_g_"
"18093776798213511";"1780402288";"ada sendal ga sih";"52419285392";"cahayaekasputri"
"18118008847687129";"1780402292";"Ckck";"2133798832";"destiana_ns"
"18590478310012486";"1780402295";"wkwkwk kocak";"3707747111";"10dosabesarprabowski"
"18073932431649579";"1780402306";"@yadie_sirat 😢";"2133798832";"destiana_ns"
"18106079992785118";"1780402318";"Abis dr LN ada ajaaa kehebohannya ya shhaaaayyy";"2262515819";"heramustikasari"
"18117338053774206";"1780402318";"Pejabat karbitan menuduh Pak Dino karbitan. 😂";"197424643";"hafizanbarry"
"18003882305923961";"1780402327";"wo malu wo";"72773454858";"mylavier"
"18138891319535603";"1780402330";"Ampas";"1412983906";"renosiskasari"
"17978672667035271";"1780402339";"😂😂";"1585587300";"imam.mustofa24"
"18230907178315683";"1780402346";"Ow gitu, berusaha utk percaya😢";"7945859559";"syafedrianda"
"17927095311304105";"1780402347";"Iya udah tunjukin aja bonnya tet";"552845955";"wahid_sulistiyono"
"18131184628597896";"1780401761";"Lub tays lah";"7803272847";"mawlana_sheina_ahmad"
"18090620360338275";"1780401768";"Pret.";"299639981";"siscatahitu"
"17898710544308840";"1780401769";"@rina.inggriyani ini judulnya suami ngadu ke istri😂";"77876183909";"gungun79521"
"18025471655826646";"1780401769";"Kurang simpati kondisi rakyat";"312644108";"suhendaryosep"
"18268364521288415";"1780401781";"kami percaya? Oh tentu, tidak";"2234567577";"imammustafa16"
"18407743330146656";"1780401781";"😭😭😭";"2691757177";"nurjanahputryrsmun"
"17982805328840208";"1780401782";"Sudah diklarifikisai";"64125715581";"kritikku24"
"18079035137207223";"1780401787";"Uang pribadi? Dari hasil jualan sapi ya Pak? 🤔";"19310277189";"adillah_andikanasir"
"18110058376932595";"1780401790";"@m_uwel jangan kan sama si letkol , bahkan menlu sekarang aja levelnya masih jauh dibawah pak dino";"57561615385";"vika.azza15"
"17967520428083729";"1780401797";"Kita butuh data bukan omongan 🙌";"2360627396";"dhita_sela_"
"18133086625514760";"1780401797";"";"3593237824";"rizkimaulana__f__"
"17974997267881662";"1780401801";"NDASMU Tedd!!!";"1447081311";"jjwartakusumah"
"18165021307427676";"1780401805";"Ter dahulu? Jadi nyalahin presiden yg mana ndan ijinnnnn.";"4280754606";"arifcahyo86"
"18002734589929703";"1780401826";"@alw.sptr aneh abisnya";"44182915567";"moumonica03"
"18123284974646565";"1780401826";"Kenapa harus tumpang tindih.. Semua mau tampil.. Kapan beresin problem negrinya.. Kan komunikasi da bagiannya";"637588887";"prasetyoobagus"
"18599517595035290";"1780401828";"Muke Lu Tedd...";"3478259045";"miqbal_alkopoli"
"17871436299525078";"1780401836";"Boleh minta buktinya alias auditnya 🫴";"4468917165";"dewikusumaningsih123"
"18172015231412585";"1780401845";"HALAHHHHHH BENSYONK BACOT, KURBAN AJA PAKAI APBN!";"556569070";"fadhilacahyanii"
"17948610504174960";"1780401852";"";"349200211";"julyandhika"
"18119657008783637";"1780401853";"Ciyee istrinya ga terima 😂😂😂";"51440982227";"ayasdwiky"
"17964105878934152";"1780401856";"";"192731561";"inayasanad"
"18154454005461357";"1780401863";"Cape banget jadi buna semuanya harus diurusin huft. Buna mending masak air dulu gih sediain kopi dulu buat bapak 💪🏻";"200963926";"atinaelfirahmah"
"18138802321540403";"1780401879";"Tugas @kabakom.ri juga sudah di ambil alih oleh @teddy_hq 😂";"485970229";"arialdyk"
"18102964265047083";"1780401883";"Nah ini nih, mulai pembodohan dengan menggunakan uang pribadi trus kesannya tidak apa2. Justru klo pakai dana pribadi nggak bisa diaudit, yang tentunya tidak bisa diukur kebermanfaatan serta kerugiannya. Hadeh 😌";"63887088782";"delimsdela"
"18051351722756499";"1780401885";"istri yang baik";"214778241";"bayuadya"
"17878362807664665";"1780401919";"Dia kenapa klarifikasi?";"3874585473";"desmutiara"
"18426448507127377";"1780401924";"Siapa yg percaya? Qurban aja pake apbn";"4546129864";"rr_rizky22"
"18066850682395602";"1780401928";"dia juga jadi jubir presiden ya .😂😂";"32546051896";"anifahmasbaim"
"18103417978832940";"1780401933";"🌈🌈🌈🌈💅💅🧸";"6322150831";"ariesmnr"
"18591953662036483";"1780401933";"Semakin aneh kalau dicampur dwit pribadi, Buowtie";"1973374213";"yli_teguh"
"18109626409901387";"1780401949";"Pendusta...😂";"22448331769";"pewpew411"
"17976412530042888";"1780401957";"Berqurban aja pake apbn terus pakai nama pribadi. Apalagi ini jelas jelas 😂";"5829316714";"alpian1181"
"18594695818045227";"1780401974";"Mungkin waktu bayar parkir";"5715808011";"luckyra_sp"
"18094552367255681";"1780401976";"Emang boyeh 🥹?";"7660290046";"adinnj2"
"18438225991187363";"1780401976";"Gk ikhlas woy gua bayar pajak 😢";"11186523216";"ekashaputra.jaya"
"17893893957471215";"1780401993";"Oh ya? Ooh gitu ... Ya ya ya.";"4540450170";"angela.krisnasari"
"17929609107294614";"1780401996";"Iyalah dikurangi jumlah rombongannya, krn kan mau bulan maduan mana mungkin rame2 😂";"2986101848";"qorii_aq"
"17891594817490304";"1780402000";"Pasti belain ayang mbeb nya. 😂😂😂😂";"70752174660";"al.en9382"
"17941246926223614";"1780402002";"🤣🤣🤣🤣🤣🤣";"3422170543";"tian.dp"
"18045629006791644";"1780402009";"Bgni klo pejabat karbitan aplgi jdi seskab,, beda sm pak dino jelas rekam jejaknya...";"78259172419";"mariana198823"
"18195611044369230";"1780402015";"@ssarira_ istri yang baik 🥰";"1362231414";"haularzky_"
"17967258741089211";"1780402016";"Pokoknya ada";"1497515116";"ini_silvia"
"18119956537602601";"1780402017";"😂";"14787388461";"octobersundayyy"
"17934698595256868";"1780402021";"@bimbimsom10";"306453706";"fianneline"
"17966645409073274";"1780402028";"😂😂😂";"14787388461";"octobersundayyy"
"18204997141343067";"1780402041";"Negara miskin apa sampe presiden rogoh uang pribadi 😂";"4624049920";"danang.argyds"
"18179909575394456";"1780402042";"Skin care situ di tanggung nya ga ted?";"2057235883";"rzki_poer"
"18397369516087207";"1780401497";"Gak ada dampak signifikan buat rakyat 🙌";"7606366494";"diki_kristiawan"
"18081327278556258";"1780401503";"@ledytarizki koment paling jauh 😂";"45905545";"riza_sas"
"17871751542618553";"1780401505";"Sebelum ini semua bubar, saya senang satu negara dengan kalian ❤️🙌";"369851025";"adamsey7_"
"17888930475541983";"1780401517";"2 kata lucu. Presiden Nombok.";"1655952823";"tamanbaca3surau"
"18098400665137896";"1780401518";"elo kok bisa jadi seskab?";"1603292554";"dputrantyo"
"17902042134435136";"1780401525";"@factual.id 🤣🤣🤣🤣🤣🤣🤣🤣🤣🤣🤣🤣🤣🤣🤣🤣🤣🤣";"56032760172";"__aeju__"
"18114740293832166";"1780401534";"@lailatlfauziah";"2214824750";"cecepsupriadi__"
"18564338767067403";"1780401547";"MBAK TIW BANYAK BACOT";"1585859049";"aldi_idlanir"
"18100030544151601";"1780401550";"Kamu kapasitasnya sebagai apa bun? Seskab kok mewakili omongan presiden segala macem?";"4204044132";"sajidin08"
"18111380612311390";"1780401556";"gue lebih percaya billie elish dari nganjuk";"26760385683";"hihomeredith"
"18122924533734703";"1780401562";"Sapi qurban aja pake APBN 😢";"45740104693";"aksyalathar2711"
"18091982891611030";"1780401564";"Cangkeman gladraaahh";"9371795165";"dhika_amipradhana"
"18093941867463987";"1780401570";"dr cara penyampaiannya beda kelas sm pak dino, jauh bngt";"45905545";"riza_sas"
"18076923179257157";"1780401571";"First Lady of konoha";"33920473058";"jadid_albidaya"
"18117916009795079";"1780401577";"Istri biasanya yg megang duit suami jd merasa paling ngerti soal pengeluaran kluar negeri wkwk";"67104860489";"bupati_tokyo11"
"18117677269704854";"1780401580";"Yang pertama masalah angle yang berikutnya emang angel 👏";"1484564688";"arbye_crowk"
"17877276735470572";"1780401597";"Saya lebih percaya alien turun di Monas";"6228438030";"abu_aisyah33"
"17892514866474961";"1780401598";"";"9702518190";"dewantara_ginanjar"
"18084948878117002";"1780401602";"Ada yg percaya??";"4101179909";"bapanasiembun"
"18057887573718222";"1780401606";"@yadimafata ngakak 🤣";"1814123803";"endkumalaaa"
"17923385640352899";"1780401610";"Simpel dan tak bermutu";"1976893844";"majey_07"
"18067643993703700";"1780401615";"Preeeet";"76782787385";"isnaniisnana"
"18096224947944869";"1780401624";"crootttt😂😂";"10587742";"adhi_ipnk"
"18318637645277607";"1780401631";"Rakyat tidak bodo Ted, perjalanan dinas presiden dan para pejabat negara 100% dibiayai negara dengan Uang Pajak rakyat Indonesia";"16666824888";"aikotatsumaki"
"17898773985304428";"1780401636";"Sibuk klarifikasi makin keliatan kualitasnya. Wkwk";"477538505";"dwiagustinarahayu"
"18153775024467093";"1780401640";"Klarifikasi trs nah bebeb @haularzky_, @gesyfahrna";"2066077475";"ssarira_"
"18087336587625772";"1780401642";"oQ2";"533964046";"davespell"
"18091407230198556";"1780401658";"Nyenyenyenye";"2234182708";"villyyulianandika"
"17910221853417768";"1780401663";"Pejabat kasih alasan Mulu tapi ga ada hasilnya?";"5864253822";"ersatriantoro13"
"17892867423493995";"1780401671";"Yang bisa nyantet tolong satet dia dulu ih, 10 orang aja, ada yg may volunteer gak?";"19455264244";"danielmunadi"
"17929008384316228";"1780401671";"Data nya mana ???";"6295696373";"dolken_atmojo"
"18134220178570260";"1780401675";"@rina.inggriyani 5 tahun ?? Wkwkw udh dri 2014";"408063297";"ezahaikall"
"18095808398227654";"1780401678";"Gara² embege harga² bahan pangan kenaikannya ga ketulungan!!!";"3169432085";"nda_riy"
"18095550662201607";"1780401680";"Bikin riweh laporan nya aja";"3798544246";"hallotina025"
"18132671737576453";"1780401689";"Ciee belain Ayank dia eee 😂😂";"2021076615";"joe.richardo.1"
"18316697329274174";"1780401694";"Pret sekali. Kurban aja pake apbn. Sangat sulit percaya kalo pakai uang pribadi. Ya iyalah biaya dikurangi orang personil juga berkurang. Coba mana spill laporan pengeluaran kemarin hayo. Bisa bisanya pejabat publik ngomongnya begitu.";"35347479254";"agwjnrko"
"18101659088107272";"1780401695";"Seskab merangkap JUBIR @teddy_hq pantesan harta kekayaannya naik drastis 😂";"3488505451";"denny_ardians"
"17876067690669326";"1780401708";"MENDING B00L LU DIMASUKIN RUCIKQ";"34429953740";"anggaraaliifww"
"18068678837356215";"1780401719";"Pertanyaan gua... emang boleh ya uang pribadi dipakai untuk urusan negara? Pertanggung jawabannya gimana ya? Emang BPK ngga audit? Masuk jadi gratifikasi ngga sih buat pejabat2 yang ikut? Serius gua ngga paham";"5572559005";"ipramuditho"
"18082312013176054";"1780401722";"Syududu";"7164692642";"aaguz.nur"
"18161761093452313";"1780401736";"bacot ted tedy";"1288187901";"ainun_najib25"
"17966014308094521";"1780401740";"Nye nye nye nye";"6318013040";"fati.een"
"18416072308181260";"1780401742";"Sok cantik lu ted";"7912113235";"alwi_hidayatullah7"
"17888826630550622";"1780401749";"Qurban aja dari apbn, masa iya lawatan kenegaraan pake uang pribadi?😂";"1503858293";"laila_resmi"
"18102843479079721";"1780401757";"Lebih percaya ijazah jokowi dari pada cangkemmu ted";"18026844117";"mohammad_rikza"
"17860337493638074";"1780401155";"Minta maaf aja gak ada loh. Uang rakyat kan ?";"8061385167";"_ppapad"
"17989627052989629";"1780401175";"Urusan negara katanya pribadi ikut bayar tapi giliran urusan pribadi pakai duit negara😂😂😂😂... Trus di suruh percaya gitu 😂😂😂😂😂😂";"77441331910";"engkloh"
"18366526813225811";"1780401178";"Lalalalala😂";"4189526032";"zulfialiansyah"
"18099513878149075";"1780401195";"Emang tau biaya kelebihannya berapa?...ada kembaliannya kaga , lu kira kita peduli ama kelebihannya ditanggung...yg dibayarin negara aja udah pemborosan hey, sadar kenapa ngok";"185109208";"endyecho"
"18112426504849273";"1780401198";"Ya elah peler lo ted";"3173002088";"andriyfaisal"
"18099826982125607";"1780401217";"Oke noted, Bunaa";"1740150343";"aileenfelicia_"
"18116822299826963";"1780401221";"Cuman";"815199833";"anangnr"
"18139657243536593";"1780401233";"Kurban aj pake APBN ted teddddd";"2969419421";"dear_vina"
"17989878062806865";"1780401255";"Maaf ada yg percaya tidak presiden ikut nanggung biaya,lawong kurban aja pake APBN";"6513027766";"ali_alfatihin"
"18131744797599897";"1780401271";"DPJ adalah diplomat🇲🇨 tulen👍👍👍";"40967140069";"brachmat.88"
"18397189816085556";"1780401287";"Kurban aja pakai APBN apa lagi Biyaya keluar negeri.... 😂😂😂😂😂😂";"69547839477";"herukocok"
"18147994534500495";"1780401292";"Pribadi siapa coba audit rekening nya bener gak yg dia omongin";"45446399048";"cahyadeden391"
"17975745279031725";"1780401299";"@factual.id lah itu bisa 😮😂✌";"4036696175";"uddinmz"
"17894259090471784";"1780401301";"😂😂😂😂😂";"1445852186";"dynamatondang"
"17958062690960605";"1780401307";"taek taek";"3014288765";"itsndreee"
"18083516846452482";"1780401310";"Adalah pokoknya";"1772585927";"oviardiana"
"18123544309636274";"1780401330";"";"8343120891";"3pratamap"
"18044968475716562";"1780401338";"Pake uang pribadi jatohnya mah jalan jalan 😂";"58414654774";"masdddiim"
"18094530299191001";"1780401345";"Diem lu ted";"280735229";"selv.ian.a"
"18095413166239199";"1780401350";"Atur ajalah sesuka kalian";"8623430400";"octdevy"
"17878597419607724";"1780401357";"Ni laki mulutnya kayak perempuan, nyinyir banget ya Allah";"16686440866";"bailee_store"
"18100460692878274";"1780401360";"@id.print_workshop  selain sircle nya d larang ikutan karena ini kunjungan kunjungin";"1422987174";"jevry.pranata"
"18151439650492882";"1780401361";"😂😂😂😂😂😂😂😂😂😂😂😂😂😂😂😂😂😂😂😂😂😂😂😂😂😂😂😂😂😂😂😂😂";"3107562156";"nata_win"
"17944070001207518";"1780401363";"Dia bicara panjang lebar, tapi hati bilang halaaaaah😂😂";"4332845087";"nurhopipah06"
"17946507933192383";"1780401367";"kelebihan nya berapa si btw hmm";"5683982568";"m8iiiiiiiih"
"17975167464026282";"1780401368";"bibir lu berbusa bun 👄";"17553671206";"adaammee_"
"18139722529532738";"1780401378";"Bacot";"33309183627";"tmnknarchve"
"18066005366704095";"1780401386";"terus kita harus percaya omongan bunda??💅
maksudny jumlah personil dikurangi, tp yang terpenting bunda tetap disampingnya begitukah?";"1689130144";"el_allice"
"18075947423302779";"1780401405";"pesta jg akan ada akhirnya nak.. kalo tuan mu mati, km ngga akan terus2an bisa pesta..";"7849619700";"zee_initial_"
"18132958762569898";"1780401408";"Terus kenapa kemarin qurban pake APBN.";"50610898459";"heru_ward"
"18107257874314606";"1780401412";"Beli sapi kurban dr dana pribadi dunk, bukannya abis buat jalan2 😂😂😂 tetep aja lo salah, rakyat susah, lo boros, pake APBN lagi!!!";"256938555";"ully.safitri"
"18038513819795769";"1780401428";"Syududu";"9848949347";"ra.ananta.m"
"18043625027585660";"1780401431";"😂😂😂😂";"2278596498";"alan.mlna"
"18164713954439741";"1780401431";"Hmmm";"5372828957";"_banksyt"
"18086088926625628";"1780401432";"Dikira orang Indonesia goblok2 semua kali ya @sekretariat.kabinet";"8174681095";"dhtygryd"
"18088745366578530";"1780401441";"Percaya???";"1417624549";"mmisbaqul_ulum"
"18112257887499610";"1780401448";"50 sd 60 sudah termasuk protokol dan TNi?";"1587676776";"fakhryhiz"
"18123641191637245";"1780401454";"@yuanitarohali 🔥🔥🔥";"200594125";"hayyu.a_s"
"17890445811371080";"1780401455";"@rina.inggriyani saya bukan kaum 58 , semoga di angkat derajat nya kecuali kaum 58";"58104921872";"dr_ridwan19"
"18126804478552351";"1780401479";"Ga usah melotot biasa aja...";"1789707246";"mustawa_zr"
"17925480372346488";"1780401480";"menanggung penbiayaan alias paling beli aqua";"1521933542";"_chaeruladi"
"17948870475193710";"1780401482";"maren di acak acak raja jawa sekarang di acak acak orang npd sama bowti";"6829095049";"rizqiamarulloh"
"17904978924427809";"1780401488";"Qurban yanh harusnya dri pribadi aja pake APBN, moso ini pake uang pribadi. Ah gurau";"1905397314";"najmulmuniroh"
"17925516468126378";"1780401488";"Gawat kalo udah campur antara keuangan pribadi dan negara, apakah karena terbiasa menggunakan uang negara untuk kepentingan pribadi?";"1921452608";"dimasgp8877"
"18095191310220984";"1780401488";"💩";"5372859725";"milsa_shaheen"
"17884324608413460";"1780401489";"Yg dikritik frekuensi ke LN. Dijawab dengan "presiden tanggung sendiri kalau kelebihan". Lha poinnya kan sebelum sampai overbudget sudah pemborosan? 😵";"1187644213";"stefanopramono"
"17990220524799053";"1780400872";"anggaran nya pokoknya ada💅💃";"55111028894";"rahmadi_rhmn"
"18103763956911971";"1780400872";"Qurban aje make APBN, padahal udah jelas hukum Qurban itu make duit pribadi. Ini mau nyebokin buat perjalanan luar negeri nya make duit pribadi😂";"29383202012";"bakoeldoeit"
"17935533105270290";"1780400873";"Siapa yg dulu ter Tedi Tedi??????";"215038728";"newairacollection"
"18103469068819082";"1780400873";"Katakan preeeeet katakan preeeeeet katakan preeeetttt";"4000712035";"mickey_jasmine05"
"17861190615601775";"1780400875";"pokoknya ada ya ted";"6679663291";"stnbdrt"
"17952495369140092";"1780400890";"Si doi nganggap kalo doi jadi presiden negara dan isi ini punya doi kali ya";"3272174334";"donnypermana"
"18395849407081386";"1780400891";"🤮";"301017056";"bayugerygardian"
"17965291908110071";"1780400897";"Pake segala ganti-ganti angle 🤣";"1728808527";"erwin_andre"
"18138730393550717";"1780400910";"malah conflict of interest goblokkkkk, ah se-ga ngotak iku rupanya";"3079010521";"radityadeep"
"17922723018357753";"1780400914";"";"2317774421";"arieffnr"
"18099809450128690";"1780400921";"Serius Tolong,,, dong";"37882852392";"wahlulibadi"
"18124132660632866";"1780400927";"Buat beli kondom";"70169736522";"yayangsijabat"
"17986209092826411";"1780400942";"Sapi kurban kemaren katanya juga dari duit pribadi padahal faktanya dari APBN";"5993886921";"tompel2141"
"17871318156528229";"1780400963";"manaaaaaaa LPJ nya keluarkan dong rincian anggarannya hehee";"3314005766";"wnldhaldo"
"18077862620540414";"1780400967";"Hhhmm gk masuk logika berpikirnya heran gw 🙄";"78454541436";"surfer_cook"
"18436298182141608";"1780400972";"Afh iyh";"27505461066";"rada.minus"
"18106667452987845";"1780400977";"Pak Dino nya yg salah, perempuan selalu benar";"4558143020";"amerioruci"
"17929591521295688";"1780400988";"Keluarga yg saling support 🍆";"246730406";"tokoh_fiksi_buatan_yaduhi"
"18104128526072598";"1780400999";"Hadeh";"1276646687";"farradilazp"
"17978533121860702";"1780401001";"Beliau sungguh sangat beliau sekali";"2211760170";"_khoirulnr"
"18108058303936274";"1780401010";"Pfffftttttt 🤭";"25566963";"millagustd"
"17960415888103357";"1780401016";"pak mencampurkan uang pribadi dengan uang negara itu ngga boleh loh, ini hal dasar masa bapak nggak paham?";"53183539174";"blueberriescheesecakey"
"18057779069505619";"1780401027";"pager ayu-nya banyak bgt 40-50 orang 🔥🙌";"2321572877";"ayi.sola"
"18002339357928514";"1780401034";"Kelebihan budget ya.. andai uang makan per hari 150 rb.  Tp dia makan 200 rb. Maka over 50 rb nya ditanggung sendiri 😂. Jadi bukan sepenuhnya pake duit pribadi.  Tetap APBN yang menanggung mereka.";"258497427";"winarta_akz"
"18154331353473344";"1780401035";"kayanya hitler keturunan kebumen lebih masuk akal deh.";"4188635464";"pupuspurwanto"
"18047961617786847";"1780401036";"";"417875741";"azariamanalu"
"18108401996298209";"1780401042";"“PRIBADI” WKWKWKWKW";"23083907672";"syymiiee"
"18001209413760308";"1780401046";"Yakin ?? Kurban sapi aja make dana APBN .. ups 🤭";"7569237485";"rina_rina_ajja"
"18132354844602473";"1780401048";"Tailasomu teddy";"7275785267";"alfyrmdhn"
"18083824733430932";"1780401049";"Bisa ga sih, jubirnya yg lebih kompeten, ngga nyinyir gini";"2116306575";"hambruger_"
"17892424899499982";"1780401065";"Pnglmn bpk dino wlwpun 3 bln lbih bnyk dri pd lu ....!!! Jngn suka ngerendhin orng lu ..posisi lu saat ni cma titipan...!!";"71190315523";"k4n9_k0m3nt"
"17869033695620033";"1780401071";"😂😂😂😂";"2943316946";"rikaokt1109"
"18104179093965442";"1780401076";"Artone saking pundi mbak?? Bayare saking sinten?? Terus agendane nopo mbak? Pun intine mawon";"565010931";"ridhoodp"
"18082124375175052";"1780401083";"Percaya kok ses !!";"980978289";"adiiisuzan"
"18107423200987280";"1780401084";"Omon omon sih bisa wae,,, kita ini udah kenyang tuan,,, kita laper akan data.. keluarin kuitansi aja susahnya kek disuruh tunjukkin ijazah..😢";"57473914563";"justmomy3"
"18105992119891456";"1780401087";"Pake data dong soal biaya ted @teddy_hq brpa yg dibiayai apbn brpa yg dr kantong prabowo";"60870565387";"mo.za6308"
"18166226410437861";"1780401091";"Cerewetnya dapet bngt bun";"1543603481";"vxyzdmwegha_"
"18010969964900736";"1780401095";"Memang ada menteri penerangan kayak Harmoko ya";"68081101681";"agus.tuasamu.5"
"18093227792214448";"1780401108";"sok cantik";"26760385683";"hihomeredith"
"18079636394200437";"1780401112";"Qurban aja pake uang negara boss 😂";"1464492211";"tinarandaa"
"18429248869133857";"1780401117";"@zikarazaki up";"1543603481";"vxyzdmwegha_"
"18099832199272785";"1780401130";"Klarif terus";"483793835";"riaretnaasari"
"17861648268611235";"1780401132";"😂😂";"487825124";"ahimsa09"
"18102058163076613";"1780401149";"Lalu uang qurban dari apbn?";"49656784062";"pesonaikanhias1"
"18149678173438567";"1780400559";"Ingat bro roda itu berputar....suatu saat ketika kau berada di bawah akan merasakan betapa kejamnya politik....jejak digital akan tersimpan dg rapi,oleh karena itu jaga lisan";"34689920887";"pheghe_69"
"18109732532307553";"1780400560";"Ohhh gitu ya";"2525704942";"sam_rajiemin54"
"18025652186822494";"1780400566";"Aturan itu TDK boleh di tanggung pribadi, susah yah , kalau ngk tahu aturan yah";"1427355419";"nnanaaaasliiiim"
"18049525034775534";"1780400567";"@rina.inggriyani amiiin";"4985242988";"northernlights_rainbow"
"18358852606239279";"1780400574";"Siap moms";"58642482436";"ariateguh98"
"17965531053094664";"1780400577";"kok gak sekalian ditanggung biaya mbg nya";"418180682";"fiqifq"
"18074660363288390";"1780400578";"HEH!! 😂";"3626129256";"_risriserisss"
"17927565180339442";"1780400580";"Masih percaya kah, wong qurban aja pakai APBN";"46581222";"bodyprotector"
"17934031653292672";"1780400580";"";"3251912206";"niiiicckyyyy"
"17865714585628623";"1780400588";"Dalam 1 minggu berulang kali ke Prancis dengan alasan undangan. Yakin kesana untuk kepentingan rakyat?";"2072851055";"fadlimardanii"
"17884118769578605";"1780400588";"Iyaa bunaa";"49109217122";"imrealnrindh"
"18103094180094885";"1780400595";"Klo jln" dtanggung pribadi sendiri 😂😂😂 giliran qurban pake apbn aneh gw sih 😂😂😂";"75212884441";"destrodedi9"
"17939280822238168";"1780400599";"@dpr_ri ayo audit donk.... Tugas kalian mengawasi ini";"2525704942";"sam_rajiemin54"
"18117915721624525";"1780400607";"Pokoknya ada";"3097309290";"rijlni_yours"
"18131184127601396";"1780400618";"😂😂";"243090314";"tyan13th"
"18111694778501012";"1780400620";"Kendor bgt tu muka";"17424764646";"dipahgogon"
"18095038336952216";"1780400622";"Tetep aja banyak pak Trus ngapain sebanyak itu….apa manfaatnya buat nguatin rupiah sama masalah pengangguran di negara ini mas….";"194249037";"rurioktovira_"
"17946356472193046";"1780400634";"🙄🙄";"766434974";"meidynarahma"
"18131345014579134";"1780400634";"Ni boty modal jilat doank miris🔥😢";"7784091660";"heriheri769"
"18112065766920346";"1780400644";"Spill dong biaya bayi tabung abis berapa sis";"568572988";"dianlucya"
"18185362267379938";"1780400660";"annneeeeehhhhh";"23090110429";"bitterparsley"
"18171554503421943";"1780400675";"ngejawab teroooosss";"1545195809";"paujiiee"
"18592237711021929";"1780400679";"QURBAN AJA MASIH PAKE APBN So  soan keluar duit sendiri buat keluar negeri. Orang stres juga merenung dulu";"3549568433";"wahyu_alfazri"
"18108458657489509";"1780400683";"uang pribadi dipakai untuk kepentingan negara. uang negara dipakai untuk kepentingan individu (kurban). gws guys";"4846407428";"geffaaa"
"18087807551628033";"1780400685";"TIW 🫦";"58897535706";"dioramasutria.17"
"18070304843682775";"1780400693";"Bro pikir orang akan mikir "wah hebat. Nanggung kelebihan pakai dana pribadi." Sesunggunya orang mikir, "Klean gobl*k gak bisa ngelola!!!1!!!1!!!"";"1462930204";"novasandromanik"
"18129910987607549";"1780400708";"Berarti bener melebihi anggaran dari APBN.. tp masa sih mau tanggung pake duit sendiri, kurban aja pake APBN tp mengatasnamakan pribadi.. klo pun iya kelebihannya ditanggung pribadi, ini negara apa warung? Gmn cara memisahkannya";"4148298993";"sitihardiyanti1993"
"18117034750806564";"1780400709";"Ada reumbest dari uang pribadi 😂";"6173656443";"erdi_dogol98"
"18102417083087772";"1780400711";"biased ya kalo sm suami";"2897811863";"mediteranya"
"17929468905325328";"1780400715";"Ng*m*ng apa";"1384441382";"sudiyonodion_sukma_67"
"17932524729270132";"1780400726";"Kurban aja pake APBN....mana ada yg tau....😂😂";"4467990867";"romzidantan"
"18097091732241317";"1780400727";"Transparansi dongg 🙌";"213991685";"ritanovita"
"17992244819987845";"1780400741";"Ko w gk percaya sih";"27546582098";"setiawan_desti"
"18008733800877263";"1780400742";"@katherinehutajulu ada bae kerja ampe nombok🤣";"41144340";"dhindaperwita"
"17994581177972455";"1780400743";"Aspaan si Teddddddd";"14770854";"nufuszahra"
"18067507691382992";"1780400748";"Jumlah rombongan 50-60 maksimal, biar lebih sedikit YTTA, jadi rahasia lebih aman";"962694366";"amazing_infotv"
"18080379335559535";"1780400749";"😂";"1700885360";"m_wallid"
"18340570492219478";"1780400751";"Tuh kerah baju deket amat sama kuping 😅";"1549113848";"saras_oo1"
"17878221465665150";"1780400767";"kok PERCAYA pake biaya pribadi. Kurban aja pake APBN 🤣🤣🤣";"500798726";"akhmadfikri1995"
"18064488506439538";"1780400767";"Iyain";"5632620600";"fikri.msnd"
"17939931090216476";"1780400780";"Boty pembawa sial";"52487574533";"hnd1e"
"17895469437468596";"1780400788";"Bunaa..cucian udah diangkat blm? Jangan ngomong aja. Loe aja ditanya anggaran jawabnya “pokoknya ada”, gimana rakyat bisa percaya bun @teddy_hq";"1687640652";"malikhuladil"
"18048963251549602";"1780400804";"Lagi PMS @teddy_hq";"740851179";"aldrienroyke"
"18163412014444647";"1780400811";"gw ga peduli";"3013011759";"gerimispetang"
"18364860520227104";"1780400813";"@yadie_sirat iya bener";"3122235527";"raymond_property"
"17930636874289666";"1780400824";"Validasi terus ini wak @saya_siapalagi";"2086980878";"m.hardiyansyah09"
"18051706772770183";"1780400838";"Lawak.. memuji padahal niat menjatuhkan dia gatau berapa lama pak dino berkecimpung puluhan tahun.. tii ti";"7220660872";"marendh_08"
"18088488911529041";"1780400861";"Priiiiiitt 😢😂";"2028232448";"wawanmoah17"
"17970319107065983";"1780400263";"semakin dijelaskan semakin keliatan aneh ternyata kebijakan pemerintah selama ini 😂";"547672666";"kurniawandwiaditya"
"18134665570563447";"1780400266";"OMON-OMON";"6889876261";"frozi17"
"18104413526059019";"1780400268";"Kagak percaya cuy... 😂";"181700106";"ant_onfourthysix"
"17883614496594899";"1780400270";"";"36623285826";"satriajnugroho"
"17956833608962868";"1780400275";"Tombol gak percaya ---->>>>";"1027384557";"fajri.rk"
"18084292082400554";"1780400275";"@myevaks emang ada apa si bagian kirinya🫨";"722804009";"irmarizki34"
"17891356014480025";"1780400281";"PEMBOHONGGGGGGG";"1330456553";"mughny03_"
"17902604364434426";"1780400283";"Akwkwk ngono terus rek";"1733753597";"reynalditt"
"18019194290845892";"1780400288";"Pertanyaannya lagi kenapa bisa kelebihan biaya, dan menggunakan uang pribadi untuk dinas.";"1048547753";"azkafikrii"
"17883259689577085";"1780400290";"😂😂😂😂😂";"4246678040";"ebenrnth8"
"18064960937433681";"1780400293";"💩💩💩";"24757476769";"nikitadmtri"
"17869992948619058";"1780400296";"Qurban pake apbn, kunjungan negara pake uang pribadi, waw meriahnya 🥳🥳";"252325349";"kusharjanti"
"18266837899291497";"1780400296";"BOONG MANDUL YA LU TEDY🫵🏼";"42024159596";"fariis.arn"
"18101012315125073";"1780400336";"";"52167719162";"syahidhamdallah"
"18140900878525695";"1780400338";"tolong dijelaskan apa memberikan tanggapan seperti ini masuk dalam tupoksi Seskab? Di sini tidak ada. https://setkab.go.id/tentang-setkab/. Atau mungkin masuk kategori no. 13 ya";"7975226670";"dimas.hanand"
"18075159770658825";"1780400344";"";"4533818492";"aulsometimes"
"18116649751840434";"1780400353";"Bukan pejabat karbitan sih kalo kata pak anis😁";"54595434146";"rainsorsnow"
"18157095292468589";"1780400353";"Apa itu disebut prestasi 😂😂... maaf ya hewan korban aja dr APBN gitu 🤭🤭.. jd bahan lelucon terus nih 😂😂";"45255965668";"vicomanurung"
"18113816482861473";"1780400369";"Taaaiikkk";"1206278832";"dios.stv"
"18095070611189355";"1780400377";"Jubir Presiden kemana? Sariawan? Kok malah seskab ngerangkap jubir?? Di mention Pak Dino aja kaga loh ni orang. Lu tuh ga diajak.";"675083898";"bear.ris_"
"18095331941234472";"1780400378";"Facial bngt mukanya  jir😂";"8689449230";"sukmasukiman"
"18192044482375269";"1780400378";"1. Biaya diluar kewajiban negara ditanggung presiden. Brapa yg beliau tanggung dan yg ditanggung negara? Berapa nilai yg wajib dibayarkan oleh negara dalam tiap perjalanan? Rincian? 2. Personel sudah dikurangi. Namun frekuensi perjalanan luar negeri meningkat jauh. Apakah ada bukti konkrit bahwa peningkatan frekuensi ini tidak meningkatkan pengeluaran negara? Aah... sudah lebih dari 3 bulan kerja, klarifikasi mu sedangkal anak magang..";"177191687";"atikam28"
"18132556855505958";"1780400382";"";"4470669695";"mizwelle"
"18065026970436263";"1780400384";"Banyak kali cengkonek kau cebol";"62251411464";"_blvckx00"
"17892644592491931";"1780400395";"Biar jelas tolong kasih transparansi anggaran dan hasil nyata tiap kunjungan. Kalo cuma omong doang, semua juga bisa.";"1628085114";"nels0359"
"18318333208277996";"1780400399";"Pokoknya Ada 💅";"1369308332";"putratewel"
"17976575025033105";"1780400401";"siapa sih ini orang?";"521997308";"fadhelamri"
"18109021526492948";"1780400404";"Yapping final bozzz";"56941091630";"puereterie"
"17973442964891893";"1780400408";"Kenapa dia yg klarifikasi. Emangnya dia siapa?";"298487574";"deantika"
"18196634917365462";"1780400413";"Bacrit!";"47828555727";"hildayie"
"17880374784664393";"1780400414";"";"568477640";"arieftb22"
"18105360304792968";"1780400420";"Hoeeeeexxxxx cuuuuhhhh";"1095392159";"jalanterus____"
"18096807467464389";"1780400424";"Kocak 🙂🙂";"4093650127";"oyiekatmaja"
"18101127725104222";"1780400452";"Pokoknya ada 😌";"1466676507";"llerhmh"
"18101090972111685";"1780400456";"Kalau berani buka semua anggaran negara dan pengeluaranmya ke rakyat indonesia,,,sa pastikan tidak akan berani 😂😂😂";"45255965668";"vicomanurung"
"18083251586573663";"1780400458";"Woman always right but this on another level 🗿🤣";"3504782060";"alfghnn"
"18092127191363049";"1780400459";"@muh_hirzinugraha sabarr😂";"5368381508";"odotz_qila"
"18163187797442650";"1780400485";"@rina.inggriyani Aamiin 🤲";"18302146338";"_mamaaisyahafiqah_"
"18065895590694410";"1780400500";"Bukan ku berkata bohong, Ada katak memikul kerbau 😂";"3938613824";"fuadi46_"
"17996959487777808";"1780400501";"Over budget dong? Tidak ada perencanaan anggaran kah? Iziinnnn bertanya dengan sopan dan soft spokennnn";"4022708138";"rrgittsz_"
"18093213217983233";"1780400512";"Gak percaya, kurban aja pake dana APBN.";"5397141106";"dini_garut"
"17966578007924764";"1780400525";"Min tolonh ramaikan @kfcindonesia 😂🔥";"328771238";"motherof_abc"
"18132024121589525";"1780400527";"Bukannya kelarifikasi malah bikin belunderr hahahahah, Gini nih kalo karbitan, ingin ngebela tapi gak punya dasar 😂😂😂";"3014477458";"mujahidin020"
"17909672211414566";"1780400530";"Boty dilarang bicara";"49175425492";"r.mufty_ray05"
"17949572720997949";"1780400539";"Cieee marah yaaa😂";"4985242988";"northernlights_rainbow"
"17872783452511320";"1780400543";"maks 50 s.d 60 org jg msh byk mgkn bs dikurangin lg mks 25 org utk efisiensi anggaran apbn";"14162435943";"guntur.gph"
"18341090566217499";"1780400545";"@andrigunawansoe fb pro ya kmu 😂";"61220761130";"kucing_nonjok"
"18090145721614724";"1780399900";"Gantengnya dimana????";"1545430549";"emonksfc"
"18031052882816244";"1780399905";"Masasih? Terus kenapa qurban pake apbn?";"8913718352";"didiktama_"
"18466243147107052";"1780399912";"Kenapa mention khusus pak dino ????? Baper kayaknya";"1685518987";"woroprab"
"18595930327035197";"1780399913";"@archangel_66 doble alomani bray";"3919093421";"thor_bar_bar"
"17994158723971030";"1780399915";"@zikarazaki pokoknya ada";"7596262461";"dndromeda_"
"18164391043443351";"1780399939";"Iyh bun biar cpt deh";"656130834";"kelvinrptr"
"17879036730605151";"1780399973";"@id.print_workshop podo mawon 😂😂";"1351133504";"nov22debora"
"18111977246510219";"1780399973";"Alamak💅";"36173013682";"hffffy24"
"18029096357819276";"1780399981";"Secara ngga langsung membongkar masalah baru yaitu lewatnya jumlah anggaran saat kunjungan dinas ? GARIS BAWAHI, KELEBIHAN BIAYA";"57363668955";"fncleo9"
"18117857599880498";"1780399989";"Mbuh lah,,";"4086096361";"fajrin_ardiansah"
"18100414313038921";"1780399993";"Tolong tunjukkan kwitansi pembayaran setiap uang prabowo yang keluar untuk negara ini";"29198571184";"the_ealn"
"18533954857074899";"1780400002";"@juliansihotang___ terpantau ada yang lagi semangat 😂";"4364526187";"venysinuraya"
"18084527582114561";"1780400021";"Perasaan pemerintah sering banget klarifikasi ya, artinya apa tuh";"2518995804";"yusuf_cahyono"
"18164037181448028";"1780400021";"Teruslah berbicara walau tak berguna...";"4642745319";"bekti_wirjo_soedarmo"
"18082844831449054";"1780400023";"";"1546814594";"blaxpandaz"
"17939368851233945";"1780400024";"Susah susah pidato
hati-hati pakai skrip biar nggak blunder, eh yang bikin gaduh malah
bininya...😂😂😂";"2154238470";"niezza88"
"18095799197597303";"1780400024";"Gue lebih minat liat ka kev drpd ni org cuyy";"11205407841";"jauzafaatin"
"18099640616173731";"1780400047";"Ga wajar lah biaya negara dicampur dg biaya pribadi";"6794232466";"renesmeeeeeeeu"
"18119192743742243";"1780400052";"Rakyat tidak butuh penjelasan tetapi aksi nyata dari semua kunjungan Luar Negeri beliau";"1633030374";"alderaffy"
"18080275064643318";"1780400061";"Prett laahh";"8732109715";"febriyenirika"
"18093509534192194";"1780400068";"Tau jmbot ngga ted?";"1549544803";"hafiz_al269"
"17892828075353158";"1780400072";"🤮🤮🤮🤮🤮🤮🤮🤮";"57682359046";"cornells_agth"
"18089864249038728";"1780400073";"";"2073828541";"alkahpi_"
"18159327319459242";"1780400095";"Cih";"769499275";"zain_097"
"17952003786153551";"1780400106";"Qurban aja pake APBN masa perjlnan dinas pake uang sndiri..😂";"468996662";"yulia_sari0107"
"18066663119426188";"1780400107";"Oh?";"1596169559";"alisanurwahidah"
"18593130172019763";"1780400109";"percaya ??";"2091388586";"kkikki03"
"18352586425300708";"1780400116";"Bacot";"28483843476";"_adepatria"
"17970583143106083";"1780400123";"Yang penting bicara";"2182336918";"softboi____"
"18084357179432434";"1780400125";"Tujuannya banding2in apa ya bapak seskab terhormat, karena dikritik? Kalau rombongan berkurang tapi frekuensi meningkat gimana?fokus  saja perbaikan ekonomi, masyarakat tidak baik2 saja";"5437889429";"wulan_dvm"
"18101341834874449";"1780400130";"😴";"2259941645";"sendyerianto"
"17922142092371891";"1780400131";"";"237674207";"qpenk"
"18075493532297917";"1780400152";"Di kritik malah dibalas nyinyir 😂";"44930345543";"skaboy_420"
"18113473426850762";"1780400168";"";"1941475553";"deerudite_"
"18172724083412015";"1780400169";"Sapi aja pake apbn";"606259090";"a.radian.s"
"18014964542696413";"1780400191";"Udah deh Ted blg aja terima kasih pak Dino atas masukannya, kan beres, lu ngeyel sih makanya di rujak ama netizen 😂😂";"25153627355";"alodie0710"
"18100238978101535";"1780400191";"Biaya Ultahnya gimana.?";"2341038871";"wied.77"
"18104616080005373";"1780400194";"@yadimafata ya Allah...emg netizen paling gokil merhatiin detail😂. Best angle nih kyk nya ya shaaayyy....🤣";"194210648";"rhinchan"
"17918484120368416";"1780400206";"Bukti, sih";"76371517822";"irinamima"
"18108096325940658";"1780400207";"Lah..... Qurban aja pake APBN, gimana mau nanggung biaya Dinas daaahhh???";"44904732124";"cumamanusiaberkesadaran"
"18599589835011404";"1780400218";"Syududu 👋";"677844276";"zulmasri1"
"17953028762984914";"1780400220";"Yang ngidolain dia lihat apanya sih😭😭😭";"63530354025";"do.mirae.do1201"
"17969287347100614";"1780400223";"Kenapa gak menkeu yg klarifikasi🤏";"48745805368";"rumahmangga1"
"18109008941303179";"1780400223";"Tentara aktif kok bisa merangkap jadi Seskab ?";"35556822649";"kenedysimangunsong"
"18100371581124985";"1780400232";"Pokoknya ada😂";"56654181533";"zkaieom"
"18099199841273583";"1780400234";"Terus kenapa? Harus bilang WOW-kah kami? Pakai nurul ya kalau mau bikin statement pembelaan ya Ted, please !";"178724613";"do2tdjaw"
"18083137181149947";"1780400238";"@aayhesya berasa Raja";"184711030";"exca_maya"
"17948539563193677";"1780400240";"@habibie_moehammad 😂";"1518669530";"adiityadarmawan"
"18122429437647463";"1780400242";"Bacot";"7834880193";"ismailhasansudarman"
"18083314916140663";"1780400248";"Makin menjijikkan melihat orang ini";"1692214225";"domesticcargo.seluruhindonesia"
"17951620152170158";"1780399667";"Beda kelas sama pak Dino dengan ini orang...";"70227019781";"abumh_hamnaj"
"18170721649423637";"1780399672";"Aah masaa si bs pke dana pribadi... Haqqon la yumkin";"9158310918";"niasabda"
"18092537111365316";"1780399682";"Klarifikasi salah, gk klarifikasi juga salah, yg penting harta nambah, dan otw menuju jendral";"48537442422";"dailyprayofyou"
"18104317576821313";"1780399688";"Kabinet kacau balau";"2324430300";"irzan_0"
"18074801879452399";"1780399693";"";"64397636661";"sagatigara"
"18066856565394963";"1780399709";"Mukanya nyebeliiin banget malezz";"49104171480";"bittersweeeetss"
"17949599571000868";"1780399718";"Saya ga bangga kok biasa aja";"1297454766";"honiajip"
"17891223285513100";"1780399719";"tapi kemarin kurban pake anggaran apbn 🥺";"9694488847";"putri.stmylim"
"18002550107755607";"1780399721";"Adu nyinyir jaman Dino sama sekarang beda sekarang dolar ngacir rupiah terjun kok gak pinter";"38207493873";"yoda9481"
"17905837497426385";"1780399722";"Pokoknya ada deh";"1551662511";"dwi_dsd77"
"17964410598093622";"1780399722";"Ini seskab karbitan bicaranya ngelantur, ngomong harus pake data..masa uang pribadi di pake untuk perjalanan dinas datanya mana?, makanya angkat seskab itu yg berpengalaman di dunia politik";"10080461116";"alfava_store"
"18018572855685063";"1780399722";"Kalian percaya? 😂";"54929046063";"thisyour_mimi"
"17875362948611040";"1780399740";"Ko jaman pak dino ? Engga berani sebut nama sebelum prabowo ya...";"44371419370";"farid_n72"
"17884662996580184";"1780399753";"Betul brani gak tuh....";"5450390759";"yossy.eunike"
"17885837790565769";"1780399757";"😂😂😂😂 masaaaa iyaaaaaaaa siiiii";"1523693599";"adithiaa_"
"18537887911079271";"1780399761";"😂💅💅";"4964872224";"tomyprasojo"
"18063504638466397";"1780399764";"Perjalanan dinas keluar negeri pake duit pribadi, tapi qurban pake APBN?....... Saya jauh lebih percaya Hitler pensiun di Garut daripada omong kosong satu ini";"1702366293";"yanuar_amri"
"17931705918295954";"1780399774";"kunjungan ke Prancis udah ke 4 kali ini, yang nyusun agenda masih newbie kah? ga efisien bgt itutuh biaya bolak balik paris indo🙏🏻 btw fungsi dubes apa kalo atasannya masih harus bolak balik tour keliling dunia?";"2085823150";"_adindamutiara"
"18109507141814409";"1780399775";"@jefryzale naksir gak?😂";"2376868466";"19tins_"
"18105425509948346";"1780399779";"Bacot ah ti..";"5433017401";"psmfrvr"
"17891176212516904";"1780399780";"MUAK";"31987177";"biazth"
"17996440523783587";"1780399780";"@khairani_nyra malah berlebih, bkn sama. Krn jml kunjungannya masih itung 2 tahun. Bayangkan 5 thn keq gtu...😭";"194210648";"rhinchan"
"18021926594667994";"1780399781";"Lu yg jalan2  rakyat yg sengsara";"4949416944";"misyunita90"
"17890678071516262";"1780399786";"Amit Amit naudzubillah";"62375719465";"camiela_004"
"18090411089365500";"1780399802";"KUMAHA SIA WAE TEDD LAH RUJITTT";"3623535808";"iqbalhasbilah"
"18076216124251733";"1780399808";"lebih percaya gufron bisa bicara sama semut";"2011759397";"ahdiyanadi"
"18095074484180214";"1780399812";"wkwkwkwk";"36856318829";"somethingnotreally"
"18002063291939003";"1780399818";"Napa ga sekalian nanggung sppg";"1735987753";"dramawanabhi"
"17928860751308221";"1780399820";"Turunkan prabowo - Gibran 🔥🔥🔥";"13382998240";"zullhidayat_"
"18102851459095264";"1780399824";"@agamkupie 😮";"52200054339";"9504eda"
"18109278776482064";"1780399824";"";"12527694506";"iqbaldano_"
"18137494261558552";"1780399826";"iya iya deh~ iya iya deh~";"36856318829";"somethingnotreally"
"17989929521806556";"1780399831";"@aayhesya Selamat datang di Kerajaan yg ngaku Republik temanku...😂😂😂";"1322703412";"ragildito"
"18152842066488426";"1780399832";"";"288541021";"rfk_49"
"17889973665539908";"1780399843";"Iyain ajalah... Bini kalo ngomel suka panjang urusan nya";"44668919032";"democrazy3"
"18356137705241854";"1780399848";"Uhuy pada panaaassss keluar semua buat bersih2😂";"990474438";"dhiasrputri"
"17976401223041579";"1780399850";"Preetttt lah";"60169258874";"lindayani1089"
"18077974085638395";"1780399851";"Ang ota se urg  ma";"2211878782";"haiijekk"
"18012413486855786";"1780399863";"😂";"1401838664";"iyutsuly"
"18109941301790271";"1780399864";"Emang pada mau percaya ?";"3558621440";"christofan76"
"18120794968669852";"1780399865";"Masa sehhh bun??";"53738393028";"annristian"
"17977043394018090";"1780399867";"Belain suaminy terus";"3431475844";"7e77ee"
"18096487060930644";"1780399870";"💩💩💩💩💩💩";"1669074948";"pupu_anak_mah_haji"
"18213346537333370";"1780399873";"Kenapa nggak Kemenlu aja yang keluar negeri terus, kenapa harus presiden, padahal kalau Kemenlu paling hanya butuh dia dan 3 staff doang kan, lebih efisien harusnya, bukan malah kemenlunya ikut rombongan presiden 😮‍💨";"3403213896";"wiznmad"
"17925793281123495";"1780399874";"@id.print_workshop 😂";"52200054339";"9504eda"
"18100421647886226";"1780399883";"@thor_bar_bar anj anj 😭 lagi jengkel liat ni anomali malah baca komenanmu bang";"5978552384";"archangel_66"
"18090728066023892";"1780399884";"😂😂😂 pokoknya ada";"623880779";"sudutlensa"
"18068751344354014";"1780399893";"Krisis politik";"8172468663";"gustibiasaaja"
"18084434225422534";"1780399898";"Blunder";"1571977508";"avitandr"
"18025630901821469";"1780399444";"cepat naik jabatan y";"2533260745";"4rifakhmad"
"18572463877066948";"1780399449";"preeeett";"1761769818";"galihrmln"
"18104769658800946";"1780399468";"Jangankan ongkos jalan².. kurban aja pake pajak rakyat DASAR BADUT LAMPU MERAH 🤡";"6703037275";"t45ecom"
"18113988358878449";"1780399473";"😂😂 Percaya ? Babar blasss, pasangan #KingOfOmonOmon";"4044048291";"zase.pazelo"
"18101980802016067";"1780399484";"@factual.id yess..mereka hilangkan dr kamus mereka. Kayaknya lupa kalau dia punya tanggung jawab ketika menggunakan duit negara utk apapun itu";"194210648";"rhinchan"
"18420453490133533";"1780399485";"";"72152205535";"dhiedhan_"
"18030084299684591";"1780399488";"Klarifikasi untuk pembelaan dan pembenaran ❎klarifikasi untuk menambah kesalahan dan kedunguan✅";"47621542058";"_thophik_"
"18097732487516809";"1780399491";"BLEGUG SIA";"1482259590";"lalureja"
"18327646417266044";"1780399505";"@teukuandisyp dok, setuju pake banget🤣🤣🤣😂";"2213306380";"odiwahyuna"
"17891232654473716";"1780399507";"😂😂";"1588963965";"nafiaqil9"
"18023692877828035";"1780399508";"lbh percaya madura ada pesawat alien😂";"2324678850";"taufanitaufan"
"18120916180678579";"1780399508";"kurban kemarin saja pakai APBN 😂";"4342657445";"andreyasssdf"
"18087680978573035";"1780399515";"Bohong dosa lo 😁";"1035901068";"dhion_blackmore"
"17948482899179837";"1780399516";"Makin gawat negara ini..";"3521490587";"jaka_kelana_"
"18452527699112672";"1780399516";"Ga pernah caya soalnya barusann kemarin nyumbang kebo pake nama sampe di mural kebonya, ternyata dana apbn.";"445985421";"ririsfatmawatii"
"18095043011258270";"1780399517";"Iya Teh...";"2323507780";"masadddji24"
"18089209751369861";"1780399519";"Udh lah rakyat gini gini trus yg dbuat pemerintah mari kita robohkan setan yg berdiri mengangkang😂";"6844649008";"abahnyaumarmuhammad"
"17901832176443005";"1780399528";"Memang cocok jd ibu negara";"2351422912";"kaang_paijo"
"18037990547646552";"1780399531";"JUSTRU KALAU URUSAN NEGARA PAKE DUIT PRIBADI INI BERMASALAH, MAS TEDY DAN ANGGOTA KABINET MASA GAADA YG PAHAM KALAU WARUNG KECIL DISUNTIK TRS TRS PAKE DUIT PRIBADI AJA ADA YG SALAH DENGAN KEUANGAN WARUNG APAKGI NEGARA SEBESAR INI. LAGIAN YG NGIDE BOLEG PAKE DUIT PRIBADI IBI SIAPA YAA 😂";"5653509038";"aanantabay"
"18118653736689399";"1780399543";"";"1400003216";"yusranjayanegara"
"18376962157160873";"1780399544";"warga tiktok pada kesel liat comment yg ada di akun ini";"54362567701";"notyet_ofc"
"18116946046831565";"1780399548";"sok cntk.";"3756418769";"nanannae"
"17945585811199250";"1780399553";"Kl kelebihan mah harusnya gaush kocak";"21464859883";"herlinguist"
"18092171786522339";"1780399553";"jujur teddy, PERAN LO GASEPENTING ITU untuk harus buat klarifikasi begini😭";"10800892431";"dramaidupp"
"18103323722009047";"1780399554";"Ah masa...";"2154497067";"sapaat_aja"
"18594924571004208";"1780399555";"😂";"1792877534";"adripams"
"17883950409586287";"1780399562";"Transparan dong. Jangan omon omon.";"78421619936";"malakaardiansyah"
"17954242209154593";"1780399562";"🧠";"741335019";"heydhir"
"18095974939946618";"1780399566";"atasan saya aja gak mau pake uang pribadi kecuali beli oleh oleh";"2022209509";"rudayw"
"18086804669625853";"1780399567";"";"70449733184";"isanmauls"
"18073016243689527";"1780399584";"@thor_bar_bar 😂😂";"16157851558";"anjenette.marfa"
"17893211151473844";"1780399594";"so cntk";"3277011772";"rizkiwntmj"
"18096936011270522";"1780399601";"Bukannya evaluasi malah presentasi";"2059804819";"apip.kl"
"18397160950082577";"1780399611";"";"7611558212";"syauqi_mhmmd"
"18010980446719460";"1780399618";"Apa urgensi dia nyebut 3 bulan? Terus itu anggota yg ikut verkurang 20% itu emangnya ada kepentingan yang harus ikut banyak orang atau enggak? Kalau memang ditanggung wowow sendiri, coba transparansi setiap biaya yang dikeluarkan ketika perjalanan ke ln. Publish semua biaya yang diperlukan. Mulai dari duit negara yg terpakai, sama duit wowo sendiri.";"27067134935";"mhmadknash"
"18123503323563358";"1780399622";"";"3441841818";"rwidodo99"
"18166642975438744";"1780399623";"secara UU keuangan,UU NO 17 thn 2003....di larang pejabat,memakai uang pribadi,utk kegiatan kenegaraan.......kalau klarifikasi teddy benar,berarti kunjungan keluar negri presiden,melanggar UU... .";"11180839984";"yulianayuliana9045"
"17895799617328783";"1780399624";"Yg bikin laporan : 🗿";"67454120165";"kadek_kacek"
"18098932949144146";"1780399636";"Ijin Pak Tedsy...pake term microsoft aja...";"46977994352";"ra.rachman"
"18594637795063998";"1780399637";"Dih";"3105668388";"minathifayg"
"17878809579602990";"1780399651";"@masindraaa10 ng-ORBA nya ng-ORBA banget...😭";"194210648";"rhinchan"
"18109785220899004";"1780399653";"pola komunikasi publik yg defensif ples denial skli dtnga guncangan fiskal dn acak adutnya posisi twar kita.. ssahh bner bersukur btrima ksih dgn kritik brgizi😮";"3684149064";"rendy_hamzah_babel"
"17935472616075364";"1780399654";"😂😂😂😂😂😂😂";"1061406596";"ni_matulizza"
"17941958616211387";"1780399664";"😂😂😂";"288541021";"rfk_49"
"17875753512656108";"1780399189";"Izinkan saya ha ha ha..";"8436136258";"echoling_mdn"
"18361083331233269";"1780399189";"Kalo bukan istri yang bela mau siapa lagi, please harap maklum ya";"3520207937";"itakris12"
"18031259090819719";"1780399198";"Buseehhh... Fikirin dulu nih rakyat d dalam negeri sendiri, gak usah sok sok an ke luar negeri mulu lu... Sentuh lah dulu masyarakat sendiri...";"6962352043";"siregarnafan"
"17872468146673521";"1780399199";"LU PERCAYA TEDDY ?";"45031274940";"itsmepapadd_"
"17930042895294142";"1780399204";"Sepakat";"3837288480";"rahmatyuliansa"
"18143814655520073";"1780399211";"Wkwkw in aja deh 😂 daripada buna tantrum";"2309316362";"wahyudeswin_"
"18192445192373375";"1780399212";"Sehat selalu pak @dinopattidjalal.";"67642389943";"weffffiy"
"18001603319949373";"1780399214";"🤮";"174723771";"pudjistyrn"
"17995329032966853";"1780399216";"Duluuu helikopter~ yang engga terbukti di LHKPN sekarang anggaran 😂";"2259941569";"mrachmanda"
"18072256310482761";"1780399230";"Dia kebanyakan ABS (asal bapak senang) 😂 bawahan laporannya fake semua";"76965036058";"masindraaa10"
"17917307889366583";"1780399238";"Oke bun";"4462580457";"ahmadimamfauzii"
"18054709142757439";"1780399255";"seakan akan muliaaa bangettttt pacarnya diaa..";"66915038222";"lagimainfilm"
"18083316974630690";"1780399255";"Gwe masih percaya raja Arthur itu cwek";"55481045803";"isadi_27"
"18104308997049247";"1780399258";"Semakin klarifikasi semakin banyak salahnya🔥🔥";"53161622994";"mirzaboruregar"
"18091461944018553";"1780399262";"@habibie_moehammad syududuuuu😂";"76965036058";"masindraaa10"
"17991205865988653";"1780399270";"";"1950148080";"syamiilk"
"18082174265545748";"1780399270";"Tip hidup sehat.! Stop dengar omongan tedi sama pidato prabowo";"31174883434";"prabowo12330"
"18114492709858218";"1780399270";"";"2009334313";"amelinda_koto"
"18076489424409269";"1780399278";"@thor_bar_bar 😂😂😂";"201347949";"pussspaaa"
"18117467326703966";"1780399288";"Benarr ke nh? @_pkmde";"1475309600";"afwilriadi"
"18137963989527962";"1780399288";"Sepakat🙌";"7006457338";"hamzahzain11"
"18095356117959197";"1780399294";"Pret, qurban atas nama Prabowo aje pake APBN . Buna buna";"1700122127";"romanrefi"
"18055099136728197";"1780399297";"🫤";"22934351467";"xav_pram"
"18103569145923497";"1780399299";"😂😂😂😂";"3405148389";"addiniaf28"
"17988157221003388";"1780399303";"@mamaphenia 😂";"201347949";"pussspaaa"
"18109248017311624";"1780399312";"sok cantik";"678748211";"shelfiafuspita"
"17871171720528045";"1780399319";"Malu ih malihhhh @teddy_hq";"227663981";"devinovitar"
"17893238220499275";"1780399321";"Makin aneh dong ege";"3133827439";"memoarofstardust_"
"17955567078156278";"1780399322";"Perinciannya apakah sudah di share ke publik?";"1676584929";"wahyu_nizarudin"
"18363916792227511";"1780399327";"Biayanya tidak seberapa di banding keuntungan bisnis beliau saat beliau menjabat sekarang sepertinya hehe";"2743630906";"keluarga_dadan"
"18087528452235704";"1780399331";"Kaga percaya 😂😂";"5327500872";"tamaridwan264"
"18320747413259656";"1780399332";"Setuju😂";"2068618089";"febi_pitopang"
"18185242483377162";"1780399339";"kurban aja pake duit rakyat 😂";"480298007";"adjie.nomotto"
"18116934565829484";"1780399357";"Cebok apa Nyebok";"44655735";"2_hayoo"
"18129622633611065";"1780399369";"share aja secara transparan anggarannya keluar kemana2 aja";"5737285732";"kaknedjha"
"18167485453379791";"1780399371";"@rina.inggriyani evaluasi harusnya, bukan nalah  sibuk klarifikasi teruuusss";"5772769069";"lukman3523"
"18105157915980201";"1780399382";"Percaya gak @isanmauls";"4045731013";"rendy.mufti"
"17900874945445109";"1780399386";"Merespons itu bukan berarti menyerang balik";"72579084138";"ca.ptain7381"
"18048652241777541";"1780399386";"NPD finalllll🔥";"3405148389";"addiniaf28"
"18071509355492864";"1780399403";"@yadie_sirat tul";"4683746066";"mamgalanggedegita"
"18073411430680313";"1780399419";"Bacod.";"2323018352";"cecilelvc"
"18104087209817590";"1780399421";"Kudu bgt angle kanan @irmarizki34";"1291205135";"myevaks"
"18110243488897667";"1780399421";"";"4891725272";"nuralamsyahrifqi"
"18007830296871781";"1780399423";"😮😮😮";"4459075077";"zulianrzky"
"17945729043018030";"1780399425";"Si kocakkkk. Dengan lu berdiri disitu, ngomong dan jadi menteri udah salah!! Udah langgar undang undang anjir… berasa pinter kali dia jawab in pak Dino😂";"35088496533";"willlowna"
"17891700678531423";"1780399435";"Tidak perjalanan dinas saja suka di claim / rembes apalagi perjalan kenegaraan yaaaa";"32815333870";"laurentasilalahi"
"17968201977116478";"1780398885";"Jubir presiden";"8618385164";"ultrasjkt48.idn"
"18120333172739610";"1780398892";"Gey";"38291198700";"ryryangkasa"
"18006650657876947";"1780398900";"";"78800742874";"opposite_1945"
"18443758123136551";"1780398927";"Klo anda.ngomongnha sama org yg gk pernah sekolah wajar.....jangan anggak semua orang indonesia itu sebegok yg anda mau dan harapkan malu sama posisi dan jabatan anda.";"287452750";"harimahardhikahalil"
"18319513033278322";"1780398937";"Hayang ngadagor";"60651357876";"triestanz07"
"18322891147250530";"1780398938";"";"50978900943";"bedahmulutbanyumas.purbalingga"
"18096239350913867";"1780398946";"teong ah";"1253778090";"linbeny"
"17938188696056134";"1780398948";"🔥";"48354764406";"agrettaya"
"18053665364750261";"1780398955";"Wajar sihhh, istri mana coba yang mau suaminya disalahkan walaupun salah😢";"17888608884";"whoss_sall"
"18092685986345145";"1780398979";"Kaktus atawa JaLabria";"60651357876";"triestanz07"
"17892730056495479";"1780398983";"@zikarazaki iya, dimana ya bisa dicek laporan perjalanan dinasnya";"72125700262";"erbi_a.official93_real"
"18173772931408487";"1780398998";"Teddy enakan juga kawin dari pd ngurusin prabowo.";"1764216778";"alyhdyh"
"18100373009035045";"1780399004";"";"2953519540";"ridwanromadhon_"
"18123253231628768";"1780399004";"Presiden di kibulin bawahan....dan pemerintah mo kibulin rakyat😂 tapi no ..no..no yaaa....rakyat g bisa di kibulin😂";"4248832052";"pinkfanta4"
"17886461229397644";"1780399022";"Benerin dulu hidungnya bebz .. 😒";"4507650971";"koreandramanews"
"17951054112177658";"1780399026";"@rina.inggriyani  ga boleh gitu Kak.  Kalau yang 58% ga diangkat derajat pendidikannya.  Si rombongan kethek ogleng menang lagi.  Atau kalau ngga doa'in yg 58% bisa sadar minimal berkurang yg bego jadi 33/% aja...Aamiiin";"55536480";"yulis277"
"18083350523562898";"1780399026";"";"1755275685";"yyaahhyyaaa"
"17956773188963742";"1780399034";"@id.print_workshop jumlah personil dikurangi tapi kenapa ttp over presiden nanggung biaya ya?";"6192955171";"farhanvannagan"
"17954128713145639";"1780399036";"Biaya awal bisa saja beliau pke dana pribadi tpi tetap aja nanti bakal di ganti pke uang *****";"49086868963";"mirnawhmcielo.07"
"18112870498683892";"1780399038";"";"1438984869";"vanzcherie"
"18353729386240647";"1780399040";"😅";"3546667081";"muhammadaagus"
"17947146636191644";"1780399050";"Ko sensi si";"2302230373";"ridan_irwansyah"
"18105196379046928";"1780399052";"Kamu mgapain";"225867705";"yunnitadwi"
"18437561686187000";"1780399056";"😂😂";"3560173498";"iamdeeary"
"18078693803241584";"1780399058";"ini cewenya prabowo kah?";"51957871831";"odlamaulna"
"18070311590370556";"1780399071";"Mukanye kagak enak diliat 🤢🤮";"2018745976";"_hambapenuhdosa_"
"18104847650065359";"1780399074";"“Segala kelebihan biaya yang telah dianggarkan oleh negara” 🤣";"1959915281";"abdillah.aji"
"18093959117245506";"1780399077";"Misalkan beli kue ultah";"8225645307";"andis_biha"
"18073779359657317";"1780399078";"dalam undang-undang uang pribadi tidak boleh dilibatkan dalam instansi";"46731609486";"jeje_profithunter"
"17851728381692051";"1780399079";"Conflict of interest dong yaa tantik☺️ ah blunder terusss. Uang pajakku cuma buat  j orang syuting eiffel im in love 3 huff";"268388900";"dinajuhaedi"
"18081305834180186";"1780399094";"Kata nenek saya juga gitu kok ted";"3116721268";"aalvin____"
"18107425477744139";"1780399095";"gak jelas banget jir masa gatau sop sampai pake duit pribadi😠😠";"52586285433";"milimeteran"
"17889655125514551";"1780399100";"Ibu negara sedang menjelaskan ..tapi tidak bisa diterima logika😂";"54110749050";"fery_cruyff14"
"18121032295590884";"1780399100";"Inflasi pejabat yg TDK sesuai spesifikasi kemampuan yg di miliki yaa si tentara kemayu inii @teddy_hq";"3286561149";"m.faisal_80"
"18122494930636113";"1780399102";"klok mau bohongin dikira" lah";"3149686667";"cahyo_rajendra"
"17890444923487975";"1780399103";"Pokoknya ada";"44107949191";"bayumandala007"
"18114166591846466";"1780399103";"Iya";"1535401340";"guspangs"
"17932041681292109";"1780399112";"Apa ada rakyat yang percaya seseorang yang pernah menjawab pertanyaan terkait anggaran dengan nada sinis “Pokoknya Ada”?";"184383391";"wellyherumurti"
"17919291195162277";"1780399124";"Wwkkwkwkwkw";"3873236596";"septian_kipli"
"17929303341316656";"1780399126";"Makoli Syududu,,,";"38793543";"wd11dw"
"18099559592588127";"1780399130";"sok cantik";"75778589734";"lov3ldy"
"18140914168525074";"1780399137";"Udah sok cantik "mainnya"😂";"325963591";"aacessa"
"17876557047476481";"1780399145";"Awal muncul di beranda saya pikir ini pembaca berita 🤭";"2011203970";"uni_wallypelupessy"
"17970912987103129";"1780399156";"bacot";"34588101368";"trippiesaddddd"
"18059465024720380";"1780399163";"";"7487840569";"ben_hart_20"
"18160761520455625";"1780399170";"Gakkk percayaaaa";"56586040267";"triset_triset"
"17881831476436508";"1780399178";"Lakban mulutnya pls";"2047529708";"widiandrafdla"
"18076974122670444";"1780399178";"🙃🙃🙃🙃🙃🙃🙃";"37531987213";"vidiexalin"
"18341544601174411";"1780398612";"Mana bukti transfernya";"3419711853";"lidiameriaty"
"18082543571423143";"1780398617";"Yang bener nih qurban aja pake duit apbn";"2229863293";"ahdinmuttaqin27"
"17862952014691075";"1780398626";"SUKA MABUK DIA🔥🔥🔥";"61267584488";"aisuryani3009"
"18070778591344640";"1780398626";"Angle kanan meneh walah alah kemayuneee";"1441542422";"evanfikrim"
"17882983011585460";"1780398627";"Kamu jangan begitu. Kalo udah gak cantik lagi, emang masih ada yg suka?";"3062213893";"akang_kareta"
"18075540836653025";"1780398632";"World Tour";"36979150248";"andrejn_htk"
"18600006034025322";"1780398644";"Cuih mmaksimal🤮🤮🤮";"57259838302";"yeni_hendariyani"
"17862863154594460";"1780398648";"Coba tes urine";"53890157600";"rifaibgs"
"17956092336136579";"1780398656";"Wajar donk ke LN pakai biaya pribadi,kan misi mya spya bsa olahraga anggar";"70840513987";"nguga_84"
"18105529279783749";"1780398659";"Ye ye ye";"1550939680";"anisanurandini"
"17965019829089532";"1780398669";"@moumonica03 apasii buna mody keki ajee sama buna tedy";"11800357539";"alw.sptr"
"18380230222161567";"1780398669";"😂😂😂";"48629640753";"povnutty"
"17933131830277707";"1780398670";"gue bagian ngelike";"3605846399";"rikaaasftr_"
"18014695085887398";"1780398677";"?????";"4330846795";"chya_fio"
"18474231865103440";"1780398689";"Kwkwkw najis";"1296252473";"rifki_rz"
"17951247585175050";"1780398690";"Terserah kanjeng ratu ae";"57377375281";"opet_firdaus"
"18160641613454767";"1780398698";"Tap tap tap, tapi...sapinya kemarin APBN 😢";"1571365263";"vndstwn"
"17931563547279597";"1780398701";"World tour pake duit pribadi? Masa sih kurban aja pake duit APBN😂";"1550939680";"anisanurandini"
"18469998961107016";"1780398704";"Sok cantik";"1272952442";"ianberlian"
"18117023401808784";"1780398708";"pak dino udah jd diplomat muda, buna belum lahir. skrg mau sok2 ngajarin 🙈🙈";"212952225";"kikymasykur"
"18091047533037489";"1780398722";"Syalan komennya 😭🤣";"5459702646";"sanitaess"
"18102472808094108";"1780398733";"Itu leher kemana??";"2049823270";"alanwahyudi03"
"17966228271116154";"1780398743";"Kalo dia ngomong begitu secara ga langsung dia mengiyakan kalo kelebihan itu sering terjadi biaya budget sekian tapi over budget dia bilang di tanggung pororo ,ngapain kasih tau orang lu abisin berapapun kita tetep ga ngerti, intinya tetep aja lu liburan hedon botiii 😂😂";"1559678329";"rizjohan"
"18010579298909641";"1780398747";"alahh, coba suruh wowok yg bilang sendiri";"77123973215";"alyneism"
"18006215270919135";"1780398756";"Wkwkwkw...1000% gak percaya😂 Kurban aja pake APBN Kocak Loe😂😂😂";"9863695473";"elyridwan_"
"18024511613824185";"1780398757";"Qurban aja dibayarin negara, gmn jalan2 ke luar negeri";"196257294";"nurinrzq"
"17863826721689831";"1780398765";"Yaaa Allah.. aku yg degdekan 😮😮";"45242037567";"locus_tempus"
"18015584384835929";"1780398769";"Tolong BPK audit perjalanan dinas presiden, masa acara kenegaraan pake uang pribadi,ini gmn konsep nya, ini negara bukan rumah tangga perorangan";"1473450875";"dhian_tahkim"
"18423625186127711";"1780398770";"Sssttt 🤌🏼 @nurmalahc";"304560249";"rhrahmannia"
"18154038904477450";"1780398771";"@thor_bar_bar 😂";"1713182925";"fierhmnia"
"18470217673097757";"1780398771";"Cukup ya Pak, rakyat tidak perlu klarifikasi, bapak seskab RI, bukan Wakil Presiden yg perlu ikut perjalanan dinas kemana pun Presiden pergi🙏Dari sisi itu saja, kelihatan kok Bapak salah, kalau emg gak berani mengakui kesalahan, mundur baik2 Pak atau tingkatkan kinerja Bapak utk efisiensi ketatanegaraan, seperti apa? Mengatur bagaimana Pak Presiden melihat isu2 ekonomi dan sosial di masyarakat bisa diselesaikan scr P2P dgn pejabat2 struktural terkait. Semoga saran rakyat bisa bapak dengar@teddy_hq";"330881069";"sonehasian"
"18131521105586496";"1780398775";"Istri yang baik ❤️";"3964001948";"afifbadruzzmn"
"18066277118415798";"1780398777";"pokoknya....ada.....🤮😎";"63199579402";"ahmadruslinur"
"18107272030758223";"1780398780";"Angkanya saja";"2292052735";"imnwb4"
"17886560634398851";"1780398789";"Qurban aja pake Dana APBN...yakaliik perjalanan kluar negeri nombok sendiri 😂";"2332259031";"wahid_site"
"17978626085859582";"1780398799";"@rhrahmannia aelah.";"2166928113";"nurmalahc"
"18094141171977404";"1780398801";"Tidak ada yang beres";"61262735492";"_arahselatan"
"18014325356892494";"1780398814";"";"1943744222";"adtsudipta23"
"17939114592248546";"1780398832";"Percaya tidak percaya itu hak masing2 warga negara 😂";"1746955353";"ibnuu_wijayaa"
"18132636859564568";"1780398832";"Bapak Dino nggak asal bicara, klo biaya dinas pake biaya sendiri, ga bakalan dia ngomong statement panjang” dan ga bakalan berkomentar.";"1133409539";"ihzayusril"
"18123871810636023";"1780398841";"Ini klu rezim udh  ganti  musti nya harus dihukum seberat 2 nya karena bikin negara rusak";"3072518623";"gunsgnr"
"18400974490159485";"1780398843";"😂";"9216001540";"ddieddien"
"18132140383510830";"1780398849";"our expectations to you were low but holy f";"2207107761";"katrianwira"
"17939852235241335";"1780398855";"iya cantik atur aja";"77586032378";"dddoomzz"
"18080789192187760";"1780398875";"😮";"74695493289";"in0nya"
"18181701268402828";"1780398878";"Dinas luar dibilang pake duit sendiri tapi sapi qurban pake APBN tuh GIMANA SI BOTIIIIIIII";"2866225432";"fajrinrahma99"
"18409814473150707";"1780398878";"Apakah negara ini apakah milik pemenang ?";"74938596721";"suharjito10"
"18003672119930841";"1780398368";"Gak mungkin kurban aja pake apbn";"20193263360";"showmemen"
"17957864993961507";"1780398378";"😂😂😂😂😂";"59590051949";"stefan_kwee"
"18212710768327557";"1780398385";"Emang ada pejabat negara bayar duit pribadi. Asbun si teddy ini. Terus kalau sdh pake uang pribadi. Wooww gitu";"75401085154";"adhislametr"
"17863238748632732";"1780398387";"";"2035689733";"kakeekkumis"
"17861923197597037";"1780398391";"";"3425925795";"mochrams"
"18113787241860731";"1780398393";"Botteddy si ibu negara😂😂😂";"4511007897";"muhza01"
"18139018048543596";"1780398398";"@id.print_workshop ini";"10805997416";"14arf"
"18089329772526510";"1780398406";"Lebih percaya mentri keuangan klarifikasi daripada tedy";"12805192465";"arman_materdei"
"18063235181703431";"1780398407";"Seperti biasa istri selalu menjaga Marwah suaminya 😂";"1065653803";"agung_____saputra"
"18588521848065321";"1780398428";"rombongan dikurangi 50%, frekuensi kunjungan naik 100%. apa gunanya 😂";"5717295177";"octasilfia"
"18066656294401730";"1780398434";"Kok belio yg ngemeng si";"56855246258";"ariestyakumaladewi11"
"18582257968043958";"1780398438";"Terus berkurban kemapa tdk pkai uang pribadi bro";"74893929300";"harliasalam"
"17939979087252440";"1780398439";"Yg milih ikut bertanggung jawab trhadap kekacauan ini";"75401085154";"adhislametr"
"18114475270726306";"1780398458";"Coba spill dg jelas & gamblang,biar ga jadi tanda tanya rakyat, bnr biaya pribadi apa kgk, Qurban aja pke APBN ?!... Makin kesini makin multi fungsi tgs anda ya Mr. Seskab dah mcm Opung dulu 🤧";"6503826820";"jihansidqiazen"
"18364860559231878";"1780398460";"Coba di kasih rinciannya si omon² @prabowo nanggung brp? APBN abis brp buat jalan omon² dan anj***²nya??! Buka biar transparan!!! Kalo berani 🤣🤣🤣🤣";"5742318871";"udy.batavia"
"17975836311030570";"1780398479";"Masa sih bun..";"1280799589";"agusskun"
"17890794240489379";"1780398482";"cuihhh";"553611341";"abayzhou"
"18097219988149863";"1780398482";"Ewh";"3420223340";"monesteh"
"18125798758720149";"1780398489";"POKOKNYA ADA! 💅";"673138226";"xludf"
"18176830630405109";"1780398491";"Wkwkwwkwk berarti ada yang salah. Dimana mana kalo menjalankan program harus tepat anggaran 😂😂";"2002448583";"elyuniarr"
"18427012750121479";"1780398491";"";"1430263959";"aristyanwijaya"
"17857027392663312";"1780398505";"@aristyanwijaya ngga usah debat sama cwk";"1430263959";"aristyanwijaya"
"17951115222169472";"1780398506";"Tambah ngomong tambah bohong nih orang 🫵🏻";"3262952216";"agung_muhh"
"18534545569077589";"1780398512";"masa yg katanya "urusan antar negara" pake uang pribadi, giliran qurban pake apbn. dikira orang pada bego apa ya wkwkwk";"4694224947";"sagibhna"
"18137975335554607";"1780398520";"Boty omong kosong😂😂😂";"1712840614";"coy_oesman"
"18015349943902466";"1780398522";"honeymoon mulu";"52014921525";"johan_golan"
"18093960221256273";"1780398522";"😂😂😂";"266873477";"jenahfauzi"
"18081312461441564";"1780398524";"ewwwwwwwwww😝";"8430534062";"amailayumna"
"18105277843942653";"1780398525";"aura jokowinya kuat banget 😂";"5402784763";"wintjegram"
"17931091398289816";"1780398529";"GUE GAK PERCAYA KECUALI APA YANG DI OMONGIN BISA DI AKSES OLEH MASYARAKAT, SEPERTI ZAMANNYA PAK AHOK DIMANA DINAS DLL ITU BISA DIAKSES MASYARAKAT.";"44801360861";"diantara_andra"
"18028709816638991";"1780398536";"Pak Prabowo dan Jajarannya Hebat semua, ga ada jeleknya, programnya bagus semua, top banget. M";"2099073492";"satyojaelani"
"18171306769424489";"1780398545";"Ini sangat penting..ini sangat penting.., anda saja tidak transparant";"61803382225";"crafthabits"
"18116723005763916";"1780398550";"Bolehkah uang pribadi utk menambah biaya dinas? Apaka tidak ada kepentingan?";"2227982136";"hakim1278"
"18105121763075377";"1780398555";"Selalu 😂";"58469662958";"amartiran"
"18092420765255130";"1780398556";"Coba mau lihat rincian nya mana yang pake duit pribadi, mana yg pake duit negara? Btw duit ku iku pak, tak bayar seko pajak ku. Danc*kkkkkk!!!!";"608104650";"salhar15"
"17891249058508516";"1780398558";"GAK PERCAYA.";"8388224";"fadelichsan"
"18093736139190203";"1780398558";"Heleh";"9179682983";"mas_andhy23"
"18406389670146591";"1780398565";"Qurban aja pake apbn diatas namakan pribadi,kog bisa ke LN ngaku uang pribadi😅";"12647500151";"greenboyz1"
"18018827255845566";"1780398567";"sok iye bgt yeuhh";"12429491383";"annisasarif_"
"18127034911713511";"1780398567";"mending gausah berangkat pak jadi apbn aman, uang pak prabowo aman🙂";"209210548";"vira_rizki"
"18119262649767302";"1780398570";"Pokonya adak";"2042084627";"hi_hild4"
"18011186057720114";"1780398573";"🤡🤡";"419228745";"anisarizkiw"
"17954008359183795";"1780398576";"Saya lebih percaya mama gufron bicara bahasa hewan 😂";"6842708957";"5y4fr4n8461"
"18352751020212405";"1780398580";"Penyampaiannya kurang berkelas, padahal jabatannya penting. Kalau budgetnya ga cukup jangan maksain apalagi sampai nombok. Nanti dibahas kayak temen saya kalau suka traktir pas berantem bahas bahas itu traktiran";"31762190";"wspramono"
"18068679515373404";"1780398593";"Mending percaya sama mama gufron dipanggil bidadari gentot🤣";"4308668937";"arrafisofyann"
"18045023054568556";"1780398595";"😂😂";"29594627";"frzlhrdy"
"18070438937690003";"1780398604";"Tiap instansi ada bagian perencanaan, isinya orang2 dengan jabatan perencana, juga dilakukan trilateral meeting dengan bappenas dan kemenkeu sebelum tahun anggaran mulai berjalan. Nah skrg kalo saat berjalan lalu kurang biaya terus presiden nombok sendiri banyak nih yg harus dipertanyakan🙄";"3413334845";"raditya.ap"
"17857036770663366";"1780398137";"";"3967700495";"sytnraw"
"18049891211764966";"1780398139";"najis bgt liat dia";"5692366434";"nuna_sunflower06"
"18111965557715028";"1780398143";"";"4679976005";"pak_gejrot"
"17945866833198942";"1780398148";"gatau ah males, pen beli trek";"1922825967";"nishfis"
"18186797380337623";"1780398156";"Beras bantuan aceh sama qurban yang notabene-nya pake apbn aja dibilang bantuan presiden, terus sekarang disuruh percaya plesiran pake dana pribadi??? You’ve gotta be kidding me HAHAHA";"641338986";"gerrysmuliatama"
"18395127655085614";"1780398156";"Klean percaya?? Kurban aja pake APBN 😂";"56803078669";"stuckinclub"
"17881153686598263";"1780398162";"Org nya d kurangin tp sering keluar negeri🤣";"1382855173";"selvisanchez94"
"18084717878425817";"1780398162";"ya tetep boros lah cokk";"2376684462";"rach_ahf"
"17958794442199798";"1780398163";"Kenapa sapi kurban tidak menggunakan dana pribadi?";"1506404087";"ninuninu_uwiuwi"
"18114482572845407";"1780398181";"Sy lebih percaya kera sakti nyampe ke pulau sulawesi";"44402988242";"lestialfatih"
"18185097424385655";"1780398182";"Nah itu dia hebatnya konoha ,giliran pd diem tiarap , giliran viral gue bayarin dechh, majuu terusss";"8236512617";"ondel98"
"18106643266866837";"1780398185";"upsie";"39609353414";"falleyre"
"18316798099279223";"1780398200";"Shg ini perjalan pribadi atau perjalanan dinas negara? Kok dicampur aduk? Sabtu dinas negara, minggu pribadi? Kepala negara macam apa itu?";"4484897382";"linggarzuke"
"18207961882338913";"1780398204";"Dia menyebutkan yang ikut rombongan cuma 60 an orang setengah dari rombongan biasa yg sampai 117 an orang. . Tapi intensitasnya sering bangett... Itu mah sama ajaa... Malah lebih borosss... Lalu kalau emang ditanggung pakai biaya pribadi sekalipuun, apakah seurgent ituuu kunjungannyaaaa... Maaf sy belum pernah menjabat apapun di kepemerintahan... 0 bulan... Sy pakai akal sehat aja sih.. Maap";"46658978895";"beneranfisika"
"18117090310763701";"1780398214";"Kalo kelebihan biaya, berarti ga tertib administrasi, dan perencanaanya ga baik, lalu kalo emang ditanggung uang sendiri, spill laah mutasi rekeningnya";"24406021652";"rf_hidayats"
"17952725976170828";"1780398218";"Istri tercinta";"64090283022";"pramono3008"
"18020700839672908";"1780398228";"Lebih intimate 🫡";"212957399";"sucilylt"
"18113873713860679";"1780398230";"Mangeaaaaaa";"10475952347";"serahlodehh_01"
"18451146061117684";"1780398234";"segini lah level cara berpikir nya , low bath";"1472058755";"indrayatmiika"
"17987549492989327";"1780398249";"Gausah di macho2in ted";"827247042";"tataanggrainii"
"17886714072398773";"1780398258";"Istri ngebela suami 😂";"5359937595";"muh.agagis"
"17997899465952688";"1780398265";"buset bu tet langsung manggil presiden prabowo, bukan bapak presiden.. luar biasa seskab (selir spesial) satu ini 🔥🔥🔥🔥🔥";"62180690909";"memelucubettt"
"18099077801157914";"1780398266";"Jadi presiden gatau apa apa tuh mending gausah jadi presiden";"50375210314";"an.nothem"
"18113948374896977";"1780398267";"Halah pretttt😂😂😂😂";"1364151737";"deean.ka.9"
"18203873509353271";"1780398271";"Nah itu dia hebatnya konoha ,giliran pd diem tiarap , giliran viral gue bayarin dechh, majuu terusss";"8236512617";"ondel98"
"18337587484223578";"1780398281";"Korban aja pake APBN😂😂😂😂😂";"68282588197";"boeng_kik"
"18104765761807306";"1780398286";"Antek²nya lagi membela semua euy...";"9723320277";"calief_calief"
"17935427766262276";"1780398288";"rombongan berkurang tp frekuensi ke LN dalam setahunnya lebih sering ya sama aja boong";"49369625379";"_eternalgloom.2.0"
"18083280416454254";"1780398295";"@lembuwiworojati 😂😂😂";"33229235";"panjidroid"
"17940638253228135";"1780398302";"Kerja dan prestasimu apa ted?";"2949663083";"rumah_kuliner_ngopi"
"18438841630189679";"1780398311";"@habibie_moehammad nah ini";"2875643518";"ekkyph_"
"18043959641619304";"1780398312";"Taeeek";"7797753215";"musthopaidris"
"17907788595241580";"1780398313";"Emang ada yg percaya walaupun di jelasin panjang kali lebar kali tinggi";"57292646899";"devano_is7"
"18010732892712135";"1780398317";"Mesti ada audit kalau pakai dana pribadi";"3210824267";"cr_galih"
"18104553031952515";"1780398321";"😢😢😢😢😢";"1211102906";"nurrizkyfirdaus"
"18185698420379165";"1780398322";"giliran sumatera mau dibantu negara lain, pacar lu nolak ted..";"4117178764";"caywashere"
"18034837037804014";"1780398325";"heeh geus gandeng";"2223996740";"_ahmdfauzy"
"17901184698285831";"1780398334";"Seorang istri wajib membela suaminya";"17438051279";"bang_gabut01"
"17856908292659105";"1780398336";"presiden sama seskab sama aja bikin tambah pusing";"71480240382";"yuniyuni573"
"17913111999401917";"1780398337";"Katakan prettt katakan prettt";"9775887958";"bahrzqi"
"18214453489327110";"1780398338";"Kalau lebih kan?, bukan sepenuhnya pribadi, jadi tetap makek uang negara kan?";"43851922491";"arza_0900"
"17922687858358056";"1780398339";"BOL!!!";"1751625823";"zatsx"
"18079240457200174";"1780398340";"Bacot";"22001740449";"24_imtq"
"18094855862231114";"1780398340";"";"3189979017";"aldikhalikk"
"18095322224239923";"1780398356";"Jumlah rombongan lbh sedikit , tapi kok nambahin pake dana pribadi .. hitungannya gmn sih ini ..";"2021344443";"m_filsuf"
"18117249817693237";"1780398357";"Udh ga percaya bunaaaa 😂😂😂";"3931809607";"umi.zahroh"
"18121575160591673";"1780397906";"bro kira bro memasak";"3160219226";"saturnedead"
"18101081759029535";"1780397910";"Kebotian dalam pemerintahan ....";"207554888";"r0ne23"
"18108562375936376";"1780397919";"Si paling pokoknya ada";"3767434034";"jafarr39"
"18092745350606583";"1780397921";"Dikira kayak gini bener?";"1019904644";"ramakun"
"18104803171990400";"1780397934";"Rincianya mana";"1712894856";"marlinadws"
"17891287179515091";"1780397938";"dia siapa sih?";"66035911705";"everythingcanishare"
"18081084692533058";"1780397947";"😂😂😂";"514018166";"rickykrnwn23"
"18447966142136571";"1780397974";"Perjalanan pakai uang pribadi tapi kurban pakai uang APBN apa gk terbalik ya harusnya. Dikira rakyat Indonesia masih bego.";"75189675785";"ayu_28812"
"18138673621535317";"1780397975";"@dmph_20 Anu itu loh, apa sih aku lupa😂";"1102761076";"riopanjiwidiatmoko"
"18100788551033649";"1780397978";"cebokin aja trosss,pemerintahan sekarang sibuk klarifikasi😂 @haykalrmdhnn @reihan_alfd @rjjuuu_";"46417472519";"rezaaapahleviiiii"
"18101854627860924";"1780397978";"ahh ellahh si tedd Todd suami nya dikritik kaga terima maka nya jadi pejabat harus peduli kerakyat nya jangan foya² doang..";"11164639290";"uyo.badman"
"18079570949215687";"1780397983";"Setiap ada postingan pemerintah emang paling seru bacain komennya.. 😂";"1530497848";"yahya.said04"
"18010891715909273";"1780397993";"@habibie_moehammad syaduudu...😂";"21284072704";"pieter_______"
"17972833947025499";"1780397999";"emang boleh begitu?";"1605231489";"gvptr"
"18414116386195791";"1780398001";"@rezaaapahleviiiii wkwkwkwkw";"2969145062";"haykalrmdhnn"
"18117807475766127";"1780398005";"Liat LPJ-nya apa ada?";"567528157";"putranusa__"
"18082900217321887";"1780398011";"Lo laopo melok nanggung?";"1618915918";"ning_trisna"
"18068515994687182";"1780398012";"udah yappingnya?? mending kasih transparansi anggarannya aja 😂😂";"45004521242";"kentutmingyu_"
"18466328587106488";"1780398017";"Si pejabat karbitan nih bosss, senggol papi, mami bergerak";"7344316528";"s_prt20"
"17892221298528222";"1780398024";"";"1536721941";"ovan_bijiunta"
"18394738690095164";"1780398028";"";"6494449861";"adam_baoteng"
"17989849809003901";"1780398030";"";"1090181593";"irzifadli"
"18082802321638404";"1780398031";"Teddy bicara nya kayak ngambang";"62448920745";"law_1177"
"18093023483194164";"1780398038";"“Menasehati Pak Dino Patti Djalal” hahahahhaa kalimat lucu. 
Tapi wajar sih istri ngebela suaminya 😂😂";"217816694";"christineadytia"
"18110949241904690";"1780398042";"Atur seplenger mungkin 👏";"1910685980";"wahyuilmiaw"
"17917331292382843";"1780398047";"Syududu";"1780962661";"chandrarezawiyogrha"
"18185030626389156";"1780398049";"💩💩";"1284371034";"derisaputra__"
"18037490150800639";"1780398050";"Ada yang percaya?😂";"1746633111";"retnoputriw_"
"18108155242941573";"1780398052";"😂😂";"50823175469";"f.hilkam10"
"18105515680970004";"1780398056";"Gay";"257135666";"adaiii13"
"18411252754198394";"1780398056";"qurban aja pake APBN diatasnamakan pribadi, masa disuruh percaya sama ini 😂";"24808950890";"addinilyas_"
"18591708094009300";"1780398061";"@_whiteduke HAHAHA HEDYUN 😭";"62815830084";"omorbruh"
"18044340695620315";"1780398068";"@thor_bar_bar 😂😂😂 @viviiinnnnn";"1465195698";"yanna27__"
"18000929240946689";"1780398075";"@lembuwiworojati nahh";"2201881966";"andisuryaok"
"17891045286477485";"1780398082";"Singkat padat 2 kata lucu: presiden nombok";"420490346";"rzkmaulani"
"18114784837863426";"1780398100";"";"1914052345";"udaputra16"
"18530595364075686";"1780398109";"Prettt";"50890666187";"alzaidankhaliq"
"18592516333030475";"1780398115";"Percaya ga sih?";"2211900385";"gebhardus_triode"
"18134556712604569";"1780398117";"😂😂😂😂😂cincay";"64217933092";"arilatif17"
"18164777719429161";"1780398120";"What???? hAH.... Kagett bgt 😢😂";"4379107994";"hendryrosyad"
"18152857540471300";"1780398122";"Ya kalo lebih dari anggaran emang harus di tanggung sendiri, kocak";"1997326842";"ghalibrifaldi"
"18171982429420449";"1780398123";"Malah ngenyekkk😂😂😂😂 buat Pak Dino be careful, siap2 diobok2 aib bapak , politisi konoha paling pinter dan sdh terkenal kl masalah aib dan privacy dll 😂😂😂😂";"8236512617";"ondel98"
"18108144208934090";"1780398126";"Di tanggung PRIBADI 🤣🤣 Kurban atas nama beliau aja PAKAI APBN 🤧🤧🤧";"24881613786";"putraanthony20"
"18013750634855390";"1780398127";"Kurban sapi pakai APBN.keluar negri di campur uang pribadi..,jaga sembung";"4097539650";"alamsyah1432"
"18101462885122384";"1780398127";"";"1569252263";"ifsanfahrez"
"18107618960477695";"1780398134";""Inflasi pejabat" Ya begini jadinya, jika jadi pejabat lewat jalur hati.";"42493478355";"chairul.anwar.1401933"
"18119323528742683";"1780397657";"Td ada yg bilang.. kurban sapi aja pake duit Apbn 🤔";"295939884";"indahtriwahyuni"
"18357281842241249";"1780397666";"Episiensi.";"1407126191";"arifin.adam"
"18017812856887383";"1780397667";"qurban aja pakai APBN apalagi ke luar negeri😂😂😂";"47321175888";"isaik_88"
"18071986256335497";"1780397680";"";"1407126191";"arifin.adam"
"17910589227222630";"1780397682";"Lu sp sih @teddy_hq";"42126890371";"zulmala.rozi"
"18338332849219300";"1780397688";"@dewiwulan1382 pak cabut dulu pak mau kentut";"1582549906";"tutusrm"
"18103674707071015";"1780397690";"Knp bukan jubir kepresidenan saja yg bicara?";"7736862264";"yulifitria7"
"17891573244480910";"1780397692";"Redflag itu muncul/terjadi secara alami & spontan... tidak dibuat-buat.";"1943876340";"agus_triyono_kbm"
"17956371912130760";"1780397699";"Mau honeymoon ga mesti jadi presiden dulu kali";"458981858";"paisoo__"
"18100697300041348";"1780397705";"😂😂😂😂";"3000817415";"yogis.putra"
"17881772397435859";"1780397716";"Ini tempo gak mau kasih peringatan "triggered warning" gt? Ora sudi liat mukanye.";"594572222";"rassyfa"
"17997283328951885";"1780397721";"Bunted";"55401169711";"nightcipher.log"
"18074465621308389";"1780397721";"😂😂😂";"25506515017";"suwandiira"
"18032535818815706";"1780397738";"@yuliardwfr buna love wowo";"61649342282";"destiillmaf"
"18116258131836043";"1780397739";"Anglenya kanan ya? Kalo aku kiri 🥰";"479647706";"emylia_sp"
"18431017666121449";"1780397739";"Ahhh TEDDOY";"8754467712";"uuray_rafli_rizaldi"
"18135811447489381";"1780397742";"";"2208419583";"sendilaguna"
"17990993684993687";"1780397744";"@teddy_hq wajar geyss, seorang istri wajib membela suami❤️";"7059910899";"mmtzl.r"
"18595967734033607";"1780397744";"Ngibul aje lu 😢trus elu juga pake uang sendiri 😢";"3166638318";"chalampimapa"
"18072383675331533";"1780397751";"Biaya pribadi buat beli oleh oleh maksudnya .. gantungan kunci sama Bakpia Eiffel..";"496001973";"usernamezar"
"18131393167600601";"1780397756";"";"3638596656";"nana_sudiana18"
"17928862650323443";"1780397762";"coba buka laporan anggarannya ted";"4294447220";"nevertrustjapens"
"17919452553363593";"1780397766";"@id.print_workshop yg boleh ikut genk nya aja 😂😂😂😂";"24638240521";"space___live"
"18083595788534888";"1780397778";"Malu banget, td dimobil dengerin radio nya sg, berita mereka bahas ini donk.. 🫣";"31440239";"ramade_23"
"18083829284426909";"1780397778";"Sangat terlihat arogansi dan otoriternya";"53735227725";"hello.iam.sya.sya"
"17871233037528302";"1780397781";"@ferry_hidayatullahh 😂";"65492466653";"ipitta"
"17876155077609236";"1780397786";"@zikarazaki 😮😮😮";"2123708926";"kemal_ghafarullah"
"17956755207135661";"1780397801";"Kont";"2248395507";"hendrasaputra69"
"17892998652349810";"1780397802";"Btw data investasi asing real masuk ke indonesia sebenernya brapa sih ? Kok lapangan kerja kayaknya kagak ada peningkatan ? Kok rupiah hancur kalo sefantastis itu datanya ?? Harusnya menguat dong 😂😂😂😂 ngakak";"1040821088";"justelfa"
"18122995027629477";"1780397825";"Kunjungan kerja atas nama negara pakai dana pribadi, tapi kenapa beli sapi kurban pakai APBN tapi ditulis atas nama pribadi? 😂🤣";"4210911531";"pengabdistefan"
"18108423083311555";"1780397826";"@thor_bar_bar ahahahahha kok kepikiran sihh 😂😂";"1562536367";"ella.hera"
"18063656582476065";"1780397834";"Syududu";"55961779844";"u_mar_z"
"18121265323672560";"1780397835";"omongan cewe mana bisa dipercaya kalau soal traveling";"5752564122";"awan.putihh"
"17963238018093115";"1780397838";"Kalo kurban pake apbn ga";"62124584034";"agingapainn"
"18102539042020000";"1780397840";"Apasih, yang tanya sama kamu juga siapa";"45027712128";"inihalwaa"
"18158020324458906";"1780397841";"Sekelas Seskab Lho Ini Gaya Bicaranya 😂";"3997467219";"yazid_pradian"
"18097190513463226";"1780397842";"@riopanjiwidiatmoko jubir, seskab, TNI aktif apalg mas?";"1461352545";"dmph_20"
"18541221859072873";"1780397846";"💩";"2871493532";"anzarkaka"
"18107873482942787";"1780397851";"Anda percaya?? Saya sih gk😂😂😂";"6839848960";"hippogrift25"
"18128585158618681";"1780397853";"";"5347847622";"rifki_ihwan06"
"17882946330590382";"1780397857";"buna tety always pasang badan...";"1058494511";"ka.julz"
"17939536572239590";"1780397866";"Akhir zaman";"14767862172";"fajar.sidik18"
"18102508595014740";"1780397870";"😂😂😂😂😂";"66832821007";"rolekkur"
"18053280152765878";"1780397876";"Ibu negara😂🤣 rempong banget😂";"2272602335";"jansae_arraziq"
"18075605336424839";"1780397891";"";"2267406575";"shintanpmp"
"17863974696585861";"1780397894";"Kentut";"4833662613";"zulkarnain.agg"
"18409664284195074";"1780397898";"Lu semua percaya????? Gua mah kagak 😂😂😂";"73766031016";"karimanenpemalang"
"18114217111864378";"1780397420";"BACOT";"1360412860";"zeinudin_e"
"18104359984800278";"1780397427";"Bocah sedang coba membohongi senior dan rakyat,kita iyahin iyalah sj krn klo datang bulannya ibu negara suka ngambek!";"1557332742";"andirafamily_real"
"18093984653612653";"1780397431";"lah kenapa qurban pake APBN?? zuzyur zyanggal dan tidack percaya yg dese bilang 😂";"49930700825";"natikareal"
"18099571145010646";"1780397434";"Tukang CEBOKIN !!
 Dasar pelangi !!";"75613432644";"abi_alib"
"17916468378383435";"1780397436";"Daripada jalan jalan uang pribadinya di pake buat bantu rakyat";"24353225780";"pujiasniindah"
"17880990726597342";"1780397437";"Dah lah";"73106765598";"alfinhidayat_official"
"18096257068925559";"1780397438";"@id.print_workshop sama² aja ya😂😂😂";"1435635631";"irina.nurwulan"
"17878200753606911";"1780397440";"Bloggg";"4960730773";"eddie_hermanto"
"18069239210675904";"1780397442";"Bol ndobol";"1952283513";"jevkuk"
"18078452957222903";"1780397447";"Plis bantuin aku nyari lehernya sebelah mana sih 🥹🥹 ada yg liat g";"1382675798";"ita_kurnia08"
"18092493677357769";"1780397449";"Basing lo Ted.";"74018458165";"kanthreelasst"
"17858762538644196";"1780397453";"Iyaaa nanti kan bisa setor invoice, caeerrr 😂😂";"4142716633";"kz_muhammad_"
"17878968771457820";"1780397454";"paling suka di sorot kamera dari sebelah kanan @_sutirto_";"3958226778";"gilangpratama1997"
"17966973939112942";"1780397458";"@thor_bar_bar kak 😭";"4236298185";"greengreen_j1"
"17896222080329749";"1780397462";"Presiden sptnya butuh jubir yg hebat nih, kl caranya kyk begini bakal babak belur mulu dah, dari cara bicara, gestur, dan substansinya aja amburadul, lagian mana ada seskab ngurusin klarifikasi beginian, keliatan banget gak profesional mengurus negara, gmn nih😢";"66284495551";"adamjordan.id"
"18117105811697558";"1780397473";"Duitnya dari mana? Dari bisnis² n perusahaannya yg merusak alam?";"2107071667";"vera_alisandy"
"17971223810901566";"1780397478";"Tau amat pak Tiwi soal dompet si bapak, ikut megang kah? 🙂";"6909207284";"thakuu_"
"17973014601048384";"1780397482";"";"1360612597";"dyas_prasetyo"
"17891341212477594";"1780397491";"";"53141162835";"ihyanursamsi"
"18116417221838419";"1780397503";"Iyaa ted. Atur ajaaa ted.. serah loe sama si wowo aja ted .. 👏";"2965285191";"moelyaputri"
"18130882153606777";"1780397504";"Dih najis si Tedi sadar gak sih, dia tuh jelek tapi berasa sok kecakepan. Gak punya kaca Luh di rumah. Boty najiss";"72398699248";"ndya__009"
"18104554513970851";"1780397505";"bagus backgroundnya… biar keliatan kerja, gitu kan cara bacanya?";"33853210";"midambotx"
"17890290273515717";"1780397524";"memang angel kanan sih";"1988939548";"fjrkrnwnn"
"17952321048172945";"1780397531";"@laurawinaeni bismillah, fast track surga jalur wni aj lau 🤲";"338943006";"juanatadireja"
"18108826970474805";"1780397534";"galak amat si teteh teddy";"1254697869";"lowriderrh"
"18466358860099964";"1780397540";"yakin percaya? kan ndak ada laporan keuangannya? 😂 @teddy_hq @prabowo";"696593419";"hendro_wijayanto"
"18088639154455399";"1780397558";"Halaahhh bohong";"5671207963";"ziad_andriyansyah"
"18596882722018649";"1780397571";"Kurban aja pakek APBN, masih percaya pakek duit pribadi....?";"3962533439";"callme.rahmat_"
"17905099140430756";"1780397572";"Sok cantik";"5493236572";"erzul.tv"
"18112614256686809";"1780397585";"😭😭😭";"473190011";"cegeeeeeeee"
"18051680849749339";"1780397586";"Percaya sama dy mah musyrik";"386906511";"ade_triandini"
"17866871613652822";"1780397590";"Ternyata bener optimal angle dia dari sisi kanan wkwkwk. Gak disorot samsek sisi kirinya";"51119096";"agungawicaksono"
"18033866204804812";"1780397594";"Istrinya ya";"2138900052";"widi_aprilianto19"
"18113180455856341";"1780397602";"Emang kata gw mah yg namanya aparat jangan pernah jadi pejabat, bawaannya sensi";"6054050759";"godeltobing"
"17996747321782272";"1780397610";"What a stupid statement bro";"26580566";"_briliantina"
"17914859448392403";"1780397612";"Prett";"518860304";"jconworks_architect"
"18013908185885015";"1780397613";"@teddy_hq nyebokin yang bersih 😂😂😂😂";"72454056183";"netizen_iendonesia"
"18100175297327457";"1780397622";"Data mana data bot";"5731182761";"ahmadrafiq30"
"17956649874128638";"1780397628";"sapu terus yg bersih";"3573575952";"vanhariadi"
"17978696643020195";"1780397632";"@yldwgndi udah muaaak 😂";"23812114219";"band.ruu"
"18555811777066001";"1780397632";"Preetttt Teddy";"5831566670";"sitisalamah462"
"17892992511355089";"1780397635";"kok bisa kelebihan emang budgetingnya gimana bang?";"1392977372";"yasaramadda"
"18078917873645151";"1780397635";"Leher kemana?";"27216879740";"schwenstghxraz"
"18093776288252064";"1780397639";"Aya aya wae ah";"6554839";"annasovi"
"18141926551521848";"1780397642";"G penting banget penjelasanya🫩, maaf saya tidak minat percaya...terlebih dengan anda😪";"4020554285";"farahaffisa"
"18269287090289066";"1780397654";"Disuruh evaluasi susah bener oknum TNI.";"8647375065";"axrwell_"
"18089023985368951";"1780397656";"Bisa diem ga buna";"6220293319";"suuunwitch"
"18085124252291648";"1780397106";"QURBAN aja pake APBN ,,keluar negeri sok sokkan ngaku pakai duit pribadi...... RAKYAT  mau kau KIBULiN  terus ,, ATURAN Darimana kepentingan DINAS  pake duit pribadi @teddy_hq ?????";"47556242502";"sgtista22"
"17974245654028697";"1780397110";"💩💩💩🤣🤣 bullshitttt";"11423460148";"basiocom"
"18061070426527265";"1780397125";"D kritik secara halus malah ngatain Bot Bot , bukanya menanggapi secara dewasa, emang ya, cew tuh g bisa nerima kritik & saran 🗿";"1694463214";"eastboy34"
"17871762882616147";"1780397142";"Kas setara kas aja jumlahnya  dibwah dri total anggaran permalam.. trus kalo dipake uang pribadi, habis dong uangnya?? 🤔";"966633308";"yarpp88"
"18394084864093530";"1780397146";"Kurban saja dia pakai APBN kita disuruh percaya omongan si ani-ani ini";"10212908615";"me_autumnlover"
"18054983267769233";"1780397151";"😂😂😂😂😂😂😂😂😂";"190486753";"khaliluna060"
"17939918931215237";"1780397153";"Sakarep mu lah semua ada pertanggung jawabannya nnti di akhirat";"3561453131";"nukewiranagara"
"17881564614435460";"1780397155";"Saya lebih percaya Gufron bisa ngomong ama semut";"3190330195";"muhammadsaipulramadhan"
"18102535133318651";"1780397171";"Ah si Teddy ini asbun daiman";"34718643358";"asm_65632"
"18392674972088639";"1780397172";"";"31807614498";"susterkepala"
"18586299496007203";"1780397178";"😂bun";"18828792399";"ayaondy"
"18068913416348385";"1780397199";"Pret ah.";"5424829621";"egikrwn_"
"17856850032658015";"1780397204";"Kelebihann biaya.. emang siapa yang berani ngaudit.. siapa yang berani nanyaa..";"1506391902";"addhitya_ekadera"
"17891505537532371";"1780397217";"NDASMUU. Ngurban aja pakai APBN";"3926871464";"andriyhans"
"18153691237475578";"1780397221";"mang iya bang ted @teddsky02";"190486753";"khaliluna060"
"17966252856080713";"1780397223";"Bunaaaaaa😂";"540537625";"yuliardwfr"
"18040472102794288";"1780397238";"Bodo amat dah.. dia masih ngomong kita skip aja...";"32687765229";"srialits07"
"18096716320923235";"1780397239";"Pret, Qurban pribadi aja pake APBN";"29109571461";"imu_khadee"
"18085271585384279";"1780397246";"gamau ngalah bat bot* 👌🏻";"1530029607";"haniffunn"
"18073999277316438";"1780397247";"😂😂😂😂😂😂😂";"1473230609";"bagus.nugroho1"
"18599622121060474";"1780397251";"cie dibelain istri";"483115891";"mutiaggra"
"17872895958616167";"1780397257";"@lembuwiworojati pelan-pelan bang😂😂😂😂";"324574920";"dianayukusumadewi"
"18098753410895811";"1780397259";"Berapa persen";"3098409834";"asiand_uu"
"18118995211703345";"1780397264";"Xian Jing";"65341912107";"ainulyaqinfikry"
"18124101982631157";"1780397267";"";"54536317771";"itsjagungleeus"
"17897925072452769";"1780397272";"Blunder bgt nih seskab,, tengil gayanya udh yg paling bener baen";"1566672580";"___dins_____"
"17977374450013076";"1780397273";"Cuti aja klo mau jalan2. Resign sekalian";"1774550677";"mykanandast"
"18122323573647535";"1780397293";"halah beli sapi kurban aja pake APBN kocakkk";"21934319167";"sephialarasatii"
"17890676517536453";"1780397299";"Boseeen JuBir ini mulu yg ngomong 😴😴😴";"71281760877";"nudi.nia"
"18140328169539911";"1780397309";"Ya tetep lebih baik ga berangkat. Ga bawa apa2 juga";"420188190";"alverlynd"
"17993042123793465";"1780397321";"Gak bisa gitu ted, yang namanya perjalanan urusan negara harus transparansi. Kalo sebagian pribadi kecampur dong. Tolong audit @bpkriofficial @official.kpk @dpr_ri";"11412503758";"haris_n250"
"18120617716668257";"1780397324";"Istri selalu klarifikasi 🔥";"3941243353";"wannyspay"
"17917146744380167";"1780397336";"KEBENARAN AKAN MENEMUKAN JALANNYA... NEGARA MANA DULU 😂";"15036128165";"tokoedin"
"18328673512252387";"1780397338";"";"71111790314";"reinorind_13"
"17875046916609457";"1780397342";"kehebatan beliau patut diapresiasi sih makanya dapet posisi strategis di pemerintahan sebagai seskab. emang lu kira  gampang apa ngadepin bayi tua tantruman🤔";"5541775130";"heri_riyanto23"
"17936038485067863";"1780397348";"Wajar klok sama pasangan mesti saling membela menutupi";"75079652595";"andreasyogapermana"
"18076638995285721";"1780397348";"GAK PERCAYA.";"2018668397";"sonofatik"
"17895694203467554";"1780397349";"";"2961311334";"tukang.ngopipaste"
"18132504574574516";"1780397351";"Pake uang pribadi nanti di rembes ke APBN yaak?😂";"2713912894";"aldomuhammadrizal"
"18087424955574856";"1780397358";"Duit pribadi tp hasil korupsi SM aja 😂😂";"48901576205";"lisa_talll"
"18349621495245582";"1780397366";"Sibuk amat klarifikasi ni org 😂";"1355725859";"andi_tarw"
"18094220668968882";"1780397369";"dia cakep apanya ?";"52113780797";"putih_telurrr"
"18231257689311890";"1780397371";"🙂‍↔️🙂‍↔️🙂‍↔️🙂‍↔️";"329125194";"aumitakirana"
"17916867522388515";"1780397385";"😂😂😂😂😂😂😂😂😂😂😂😂😂😂😂😂😂😂😂😂 😂😂😂😂😂😂😂😂😂😂😂😂";"5578593421";"adrnefend"
"18092675288590170";"1780397388";"Sibuk bgt";"62581356083";"hema_putra_20"
"18004474406925568";"1780397398";"⁶";"4711861540";"normastrianingsih"
"17930486361282810";"1780397412";"";"40686458941";"jos_hh008"
"18072804215481118";"1780396787";"@rachmi_febr aura b0wty nya kuat bgt ya teh";"4343690790";"ismi.khrnisa"
"18169575994423276";"1780396788";"Mimpin nagara jiga mimpin organisasi baru jd, pake duit pribadi 🤣🤣🤣🤣";"8086167851";"helmi_356"
"18115430254832247";"1780396789";"Yakin ??";"49695747714";"__mymatchahsgshshahahah"
"18120078316677640";"1780396796";"Saya heran dengan rezim sekarang. Jika dikritik, selalu defensif. Selalu merasa benar.";"2896661947";"caswani_mnoor"
"18163463998446158";"1780396801";"Ouh";"9170899218";"sakinah_nur03"
"18531033874079296";"1780396802";"Yg di masalahkan bukan kelebihan biaya ya mbak, tapi keseringan mbak. Dimana2 kelebihan biaya perjalan dinas juga ditanggung sendiri.";"8953260226";"iqbal.moehammed"
"17922088677145777";"1780396815";"🤭🤭🤭";"10189096";"idahutagalng"
"17883632307579509";"1780396821";"Sangat tidak pantas";"1525058241";"ardanamirullah"
"18110354488910648";"1780396825";"@juanatadireja iya kaa i read it tooo. Yuk kita memaki bersama😭";"238763371";"laurawinaeni"
"18081353654176227";"1780396836";"Sama kek kaum ku klu lagi baper kesinggung omongan orang....";"40256650338";"dsy_hbsyh"
"18084157526564218";"1780396839";"@elfira_silvia siapp ibuk 🫡";"1525058241";"ardanamirullah"
"18352183915240347";"1780396839";"bener bener tonedeaf";"525191724";"devirariani"
"18121964218660609";"1780396863";"Iya buna";"3034847487";"arisdwicahyo98"
"18082469768449850";"1780396869";"Ilmu dan kekuasaan jelas beda";"1900680927";"adipoerwonoegroho"
"17915195631400317";"1780396873";"😂😂😂";"4067979650";"nuriladi"
"17919271467367816";"1780396873";"";"76812159821";"irvardz_"
"17892211497474215";"1780396881";"🥵👹TERMULLL PKI MAFIAAA PENJILATTT ZIONIST MUNAFIKKKJ🥵👹";"47717639278";"rahmanhbb"
"17892774333355964";"1780396883";"🥵👹TERMULLL PKI MAFIAAA PENJILATTT ZIONIST MUNAFIKKKJ🥵👹";"47717639278";"rahmanhbb"
"18463134322128322";"1780396886";"Lebih percaya Ronaldo jualan cilok";"24079085372";"fdlnrynzz"
"18094936403590418";"1780396887";"Pokoknya ADAAA";"54417659432";"higen.zee"
"18155255311477486";"1780396890";"Ya kan kelebihannya 😂 siapa yg percaya sih kalo qurban aja pake apbn";"38426591";"_diragani"
"18078175187650532";"1780396895";"Biasanya kalau presiden ini nanti beli tiket ke penyedia nanti penyedia beli lagi penyedia lain dan yang lucunya negara bayar 15% nya ke kedua vendor harusnya 15% ke vendor pertama aja kan pak @teddy_hq";"70938245686";"blublu9629"
"17926018389124137";"1780396897";"Banyak Bacot";"50710976293";"tiamo.jkt"
"18339075010221788";"1780396902";"Pret";"584807609";"ulygigi"
"17942122215383252";"1780396903";"Renkarnasi jendela sudirman 🔥";"1994311555";"dhoonniiii"
"18024214082662611";"1780396903";"perumpamaan nya milih yg paling banyak dr periode sblmnya, sama paling dikit pas periode dia. Tedy tedy 😂😂";"2452974480";"rey.shandy"
"17919197259161610";"1780396904";"Qurban pake apa mba?";"3559159511";"d0nihendra"
"18049939571777829";"1780396908";"Bang, eh.. Mbak, fokusnya frekuensi perjalanan x total budget per perjalanan. Klo yg ditanggung itu cuma over budget per perjalanan, KAGA NGEPEK!!";"1146153030";"aristanovira"
"18094166456189157";"1780396910";"Kocak";"4083713311";"muhammadkaffah"
"18404018629148922";"1780396918";"Qurban aja pake dana APBN....,trus harus percaya klo biaya perjalan dinas ini pke biaya pribadi ??. Wake up bro....!!";"359069010";"duni_f_a_manoppo"
"18015022988697291";"1780396922";"Ngomong apa sih bun";"1551085968";"yassirala26"
"17997249062956103";"1780396923";"😂😂😂😂";"5096663616";"ranty_ariany"
"17910608067225041";"1780396925";"Cucok meong cyn!......";"254957292";"harrisilpinturicchio"
"18097816442605910";"1780396942";"😂😂😂";"6019736826";"inourinaa"
"18152442892490167";"1780396960";"terus kalian gaji bakom tu buat apa?";"19324150385";"arsrra"
"18010917587856845";"1780396965";"@idcitra 👏👏👏";"10189096";"idahutagalng"
"18114849016833952";"1780396980";"Beli sapi aja pake APBN";"4165677030";"darno_khan"
"18073383287660895";"1780396984";"wah ga boleh dong pke dana pribadi untuk kegiatan kedinasan?";"47710754167";"jemaintiendrai_"
"18397980121154581";"1780396996";"@habibie_moehammad makaloni makaloni kriuk";"4079232403";"dhimassaurus"
"18012145220855470";"1780397027";"Ke LN bisa pake duit sendiri. Tapi qurban pake Dana APBN 😂";"6207452668";"ulfauziaha"
"18120350005602564";"1780397038";"Ini pas bikin script videonya ada yg qc ga sih?😂";"2057151744";"wulandass"
"17879123910454289";"1780397039";"soal kurban aja pake duit rakyat😂😂";"46115536736";"maldedi3"
"18138775135530051";"1780397062";"Efek samping dimabuk cinta";"2058732555";"ichsandahrul"
"18068609552349414";"1780397064";"hahahahaha";"231215564";"rizkynugrahahaha"
"18556740046064453";"1780397064";"Dikira org org percaya apa😭😭";"13232989268";"amasoptie"
"18012498101899431";"1780397074";"Pret ah kurban aja pake apbn ko";"7877116035";"abibahm_"
"18094851875224241";"1780397076";"Bijii di isaap mata ngotot";"2019945762";"warrendade"
"18077194430277449";"1780397095";"Katanya Teddy tentara yah... Tentara di kampung saya gaya bicarana tegas dan berkarakter..kok ini kayak tdk";"2895262852";"jakubcongge"
"18593091268020612";"1780396544";"Terus? Sistematis dan terstruktur sekali ya...";"5017053763";"galihwisnu_k"
"17900253366448464";"1780396550";"Minim ilmu, wawasan , pengalaman, ya begini jadinya, komunikasi publik utk sekelas pejabat minus bgt !!!!";"1482977737";"yuliana.vin"
"18097173581142731";"1780396558";"muncul deh nanti lagu AI 'Teddy" sama video clipnya";"2661564362";"sleemndr"
"17891858670500747";"1780396562";"TOLONG DIKASIH LIHAT HASIL DARI KUKER KE LUAR NEGRI NYA PAK @teddy_hq  @sekretariat.kabinet 
UANG DARI RAKYAT, JADI RAKYAT JUGA BOLEH DONK MINTA HASIL KUKER KE LN NYA DIPERLIHATKAN UNTUK RAKYAT. HASIL BERMANFAAT UNTUK RAKYATNYA BISA DIPERLIHATKAN LEWAT LAPORAN PERTANGGUNG JAWABAN KEPADA RAKYAT PAK ?";"11545408024";"rushimeymey_cute"
"17905845885428465";"1780396585";"Kapan disuruh membuktikan dengan data jawabnya "pokoknya ada". Wong pekok ra nggenah yo ngene iki.";"4271411145";"panji.dirgantara"
"18094750190613725";"1780396585";"Pribadi dulu, terus dirembers😂😂😂";"3117914858";"fandydarisman"
"18102265670033811";"1780396585";"Kunjungan keluar negeri pake dana pribadi, Kurban pake APBN.. ini ak yg gagal faham atau gmn2? Tolong jelaskan dong pak seskab @teddy_hq";"7043685294";"sylvia_zzahra"
"17931210858094245";"1780396587";"di pertama kemunculannya ga pernah ngefans2 banget sm ini org.";"8179170301";"n_ella30"
"17927853084337334";"1780396588";"Wkwkwkwkwkwk 🤭🤭🤭";"10189096";"idahutagalng"
"18107768546480926";"1780396595";"@band.ruu lah bisa dia komen";"454772839";"yldwgndi"
"17877101052607692";"1780396597";"ada dalam undang2, bener atau salah nya membiayai dengan uang pribadi🙏🏻";"1200239529";"ibyogaadhityaa"
"17913690768399948";"1780396621";"Jalan2 pake uang pribadi tapi kurban pakai APBN 😂😂😂😂";"2282503916";"mamah_fhi"
"18591591079063131";"1780396621";"@factual.id udah payah,,,";"7046718717";"a_ningsih_"
"18038540396607383";"1780396623";"Idung jambu";"192956685";"iam__eppie"
"17935394016254532";"1780396644";"Sedikit Rombongannya, tapi frekuensinya sering ke luar negeri";"676880045";"menthor.nhz"
"18060478199492887";"1780396644";"Kalo begini berarti gufron beneran penjaga gerbang neraka ya,? Atau gufron bisa ngomong sama malaikat,?";"454772839";"yldwgndi"
"17964241287087768";"1780396645";"Nggaaaakkk mungkiiiiinnn....";"3581092738";"rocker_abal_abal"
"18086825426079019";"1780396662";"Yo malah salah, kunjungan luar negeri naik pesawat kepresidenan pake duit pribadi giliran qurban atas nama Prabowo pake APBN..";"1510907052";"mahardyazhar"
"18416550136179350";"1780396667";"🤣🤣🤣🤣🤣🤣";"222033360";"audzangisham"
"18011142329720206";"1780396676";"@thor_bar_bar wkwkwkwkwk 🤭🤭🤦‍♀️";"10189096";"idahutagalng"
"18120393058757436";"1780396683";"Yg penting dimana mana itu bahkan kalo kita melamar pekerjaan adalah pengalaman bukan karbitan.";"2982563476";"didikrokhmadi"
"18057991295546801";"1780396685";"@ardanamirullah menyala bapak amir 🔥";"1449218843";"elfira_silvia"
"17885720259405892";"1780396692";"dia mulu dah";"1953233088";"apenungsyn"
"18121361293679149";"1780396698";"Emang lu Percaya pada orang yang kurban aja pake APBN?";"14969475573";"hamidy_kalashnikov_47"
"18146659567449955";"1780396702";"Biaya pribadi mah buat kurban kemaren, apbn buat dinas luar. Kok kebalik";"1076139479";"abdillahluth"
"18589498633014554";"1780396703";"@rina.inggriyani Aamiin 3x YRA";"4372638483";"galuhtejowati"
"18375010513206563";"1780396705";"Gak mau denger";"4752309883";"lukmanul21.21"
"17934225882256347";"1780396710";"Howex🤮";"49741005375";"kembang_gula81"
"18110398619509527";"1780396712";"Ga yakin.. Soalnya qurban aja pke dana negara😂";"10181050656";"vie_alilala"
"18465694006102187";"1780396712";"1. Kelebihan anggaran di tanggung pak prabowo? Buktinya mana? Dan kenapa bisa lebih dari budget yg ditentukan?  2. Jumlah Rombongan berkurang tapi frekuensi kunjungan berkali-kali lipat, sama aja bahkan lebih mahal, apalagi harga rupiah lagi melemah. Udahlah ga usah klarifkasi mulu, makin keliatan ga benernya 😒";"1108490455";"nicholcash"
"18113702782890501";"1780396714";"Setelah mendengar ini, ternyata mama gufron lebih masuk akal.";"75543825732";"biarkansaja44"
"18341303641173546";"1780396724";"Dendamnya bukan main 😂";"1531949218";"farhanrahmanto"
"18088007255617616";"1780396726";"Hanya penjilat yg percaya";"4235822011";"jeffand_graddyano"
"17930508228295692";"1780396728";"Artinya biaya yang dikeluarkan melebihi yang dianggarkan, dong.";"2896661947";"caswani_mnoor"
"18018776543687065";"1780396736";"Beli sapi aja pake APBN 😂";"55805473260";"hoirullah_"
"18093631541202382";"1780396736";"coba di share bukti real nya. Dah ga percaya kalau omon omon aja";"40972605567";"bitte.liebe"
"18105339013799723";"1780396737";"";"520543873";"eliarn_"
"17909170707418910";"1780396748";"Katakan apaa?";"1545588542";"noviashany"
"18551916496069119";"1780396753";"@noviashany pret";"1545588542";"noviashany"
"17950474512174889";"1780396760";"🤮🤮🤮🤮🤮";"3312794350";"putrisings"
"18086825198383791";"1780396760";"Buna jgn marahhhh 😍😂 judes bgt si";"7247826806";"araamuns"
"18080834696187763";"1780396765";"🤮🤮🤮🤮🤢🤢";"2323210297";"alham_setiawan"
"17929370967101017";"1780396772";"Buset malah ngomong yang ga mungkin terjadi masuknya ini ke bagian blunder";"44355383162";"bimm1993"
"18104845057797627";"1780396777";"Tempo tetap waras ya. Hanya kalian gaeda terdepan yg berani melawan rezim ini";"8071340549";"syechhaiva"
"18239289373308217";"1780396778";"Budget rombongan kita kalau perjalanan ke Otista juga bisa dipangkas gak @putradityas";"460248117";"rioariseno"
"17899844319450869";"1780396786";"@habibie_moehammad syududu";"44355383162";"bimm1993"
"18163855399435376";"1780396260";"";"31773190485";"arumandnika"
"18106603048767138";"1780396271";"Judes banget kek lagi pms";"518777212";"theoddesttt"
"18084653465568833";"1780396276";"@yadimafata Merhatiin aja 😂";"230443855";"rettyrustamadji"
"18084023396640433";"1780396280";"Hhmm, kurban (urusan pribadi) pake APBN biaya luar negeri (urusan negara) pake biaya pribadi. Bingung gue 🙈";"34249991797";"digirahmatullah"
"18118094203704050";"1780396280";"Helehhhh..... percaya kalian masyarakat?";"5273682175";"adi_ngroho"
"18058201130746508";"1780396288";"@thor_bar_bar heeeh kak 😂";"1575814025";"ameliaariiska"
"17992032092971097";"1780396294";"";"4052729102";"agam_lookman"
"18075441740292027";"1780396308";"PRETTTTTT! kurban aja make duit rakyat kok wkwkwk "jaman presidenn Prabowo jumlahnya 50-60 org maksimal" orang biasa kek w juga ngeh kali, orgnya dikurangin tapi intesitas "traveling"nya naik, ya sama aja, bahkan imo worse sih apalagi sampe klaim pake duit pribadi wkwkwk berarti bisa diasumsikan lu pada ke LN yg alibinya kuker atw apalah itu gak ada substansinya dong, alias gak ada kepentingannya buat kebaikan masyarakat, dg kata lain berarti lu membenarkan dong kalo aktivitas kalian2 ini selama ini cuman traveling berkedok kuker atau diplomasi wkwkwk kocak";"8514057632";"nalfiyah10"
"18105151687811085";"1780396308";"Logically, if there’s no budget, then there’s no urgency to keep going back and forth abroad.";"1950575542";"itsyulis"
"18093521051247307";"1780396317";"Ada rincian anggarannya ? Coba share";"2248926409";"adtya.ananda"
"18110522527755837";"1780396318";"Salfok sama suasana dibelakang nya, kantor buzzer bukan ? Bertanya dengan nada lagu tanah air beta";"5690584232";"nazzir.muhammad"
"18156034045478938";"1780396320";"Innalillahi Wa Innailaihi Roji'un, musibah bangsa ini, Rezim Incompetent bin Ambyar, bukannya evaluasi malah sibuk justifikasi";"45046439054";"fajartaufiqwid"
"18060020798735727";"1780396323";"Kalo netizen yg komentar ngga dikomentarin, giliran pak Dino lsg gercep pembelaan. Pak Dino sering² dong kritiknya.";"27548503442";"tahun_2022"
"17922171444357442";"1780396331";"Omon2 lah kasih liat kwitansi nya apa aja yg dibayar orang juga bisa bilang ngawur tanpa bukti trus apakah boleh menggunakan uang pribadi?";"5366383079";"p.yudhantara"
"18075482927661952";"1780396333";"Ada dech";"45167872014";"aricahyosumirat"
"18321181285256443";"1780396333";"Sejauh ini ..ini yg paling jauh😂";"5273682175";"adi_ngroho"
"18147858607494158";"1780396335";"Pake dana pribadi berarti bener honeymoon";"508638182";"rizkyfachrido"
"18091327754347008";"1780396348";"Anjir";"31745541";"dewigreenjo"
"18118675498780802";"1780396353";"@thor_bar_bar 😂😂😂";"329280424";"zahrinach"
"18080004011555312";"1780396369";"woi, seskab karbitan!";"1420630121";"farismilzam"
"18155687101476439";"1780396380";"“ZAMAN PAK DINO SEPERTI ITU” biasa aja sessss";"329280424";"zahrinach"
"18153214225491007";"1780396389";"Ah qurban aja pakai APBN 🤣";"2217059188";"gerhanaarizkii"
"18069172817344339";"1780396401";"Logika nya aje nii,,Kurban sapi aja menggunakan APBN 🗿";"46277462397";"tecaecan"
"18450165913117794";"1780396402";"😂";"2275661668";"asmiraloka"
"17932255755307230";"1780396404";"Karna pake duit pribadi terus bisa di re-imburse dong wkwkwk anjirrrr ngakak bgttt w";"8514057632";"nalfiyah10"
"18112819609862696";"1780396406";"syududu";"2222964437";"azis_____11"
"17959650111068125";"1780396409";"biaya ULTAH kemarin termasuk yg d bayar??";"3107571984";"arfan_akurama"
"18089114696612044";"1780396414";"@habibie_moehammad eeh sqolayyy Inna sqolaayy";"1702588582";"rezalevi69"
"18117119662693411";"1780396414";"minyak goreng noh 42rebu pak 2liter. katanya sawit sawit sawit, tolong tanyain pak, eh pak bner ya??";"246595253";"fafathin"
"18117997963690110";"1780396424";"Semuanya dipaksakan buat menuhin hasrat dan gengsi semata😂😂😂";"14905465042";"zloetaf"
"17883883704575946";"1780396427";"Jaman pak @dinopattidjalal lebih enak. Ekonomi tumbuh diatas 6% Nilai Mata uang Rupiah terhadap USD cuma 9rb";"368399935";"rismanhr"
"18082477028180868";"1780396438";"Preeettttt";"177171587";"yulitawahyu"
"17891435742482035";"1780396443";"Iya iya bunda tedy";"68247261502";"ardiptraprtma__"
"18032567294630858";"1780396456";"syududu";"2119877139";"elvirahmaa"
"17942006055211294";"1780396464";"Itu segitu banyak orang yg jadi background video, gak ada yg usul revisi text penyampaian klarifikasi Seskab?";"1478035028";"arfunn"
"17964401988097370";"1780396466";"";"4912447717";"gilangaryrmdhni_"
"18069476723356792";"1780396488";"Cebokin trs ya ted🔥🔥";"3605527586";"anggasatria5144"
"18078509849244783";"1780396505";"Pernyataan pak dino di tanggapi, pertanyaan pak amien rais ko enggaaa";"674409327";"khoirunisacaca"
"17933510274269849";"1780396506";"Ah bokis";"40597906";"xdyr"
"18105496984777955";"1780396506";"Kalo sampe uang pribadi presiden harus keluar, berarti itu jalan-jalannya ga terlalu penting.... Kan?";"33164673491";"younme.u_u"
"18146576152499409";"1780396510";"beli sapi pake uang APBN, keluar negeri pake uang pribadi, kalian percaya? wkwkw";"1436712484";"safitrierika"
"18011013074715663";"1780396515";"Uang pribadi utk DLN, qurban sapi pake apbn, gebrakan baru strategi alokasi pendanaan";"208742718";"febby_losa"
"18077465855280474";"1780396517";"@ryanricat 😂";"3960967840";"ti2supriyatin"
"18006507965920728";"1780396521";"Ada yg sibuk klarifikasi";"4101035511";"lia.azmii"
"18221721541321740";"1780396526";"Eheuheu";"33109994";"asdnsap"
"18394931842084529";"1780396526";"Ooo ini penampakan buzzer istana😂";"5708009577";"______.marrr"
"18000659309948341";"1780396530";"@yadie_sirat wkwkwkkw 🤭🤭";"10189096";"idahutagalng"
"18084728489635006";"1780396537";"@prabowo yaelah, kita bayar tentara buat jadi jubir presiden nih sekarang?😂😂😂";"3117914858";"fandydarisman"
"18592810996027820";"1780395949";"Qurban pake APBN giliran ke LN pake dana Pribadi 😂👏";"6613351505";"wisnuwibowo1958"
"17860322238650211";"1780395951";"Biaya pribadi itu buat yang sejoli kan?";"2808545512";"dasuki_za"
"18129587746623824";"1780395960";"Rakyat yang salah pak,cepet bubar lah pak ga ada maju2 nya indonesia malah utang tambah gede aja,korupsi merajalela..";"313930758";"jabat_tangan"
"17898009699459640";"1780395995";"🤣";"1523605215";"sweety_memori"
"18078614513220725";"1780396000";"Kok ada kelebihan biaya, brti ada yg salah di penganggarannya.. Kalau kelebihannya untuk keperluan di luar kenegaraan jelas salah karena memanfaatkan perjalanan dinas, mencampuradukkan pribadi dg dinas kenegaraan.. Kalau untuk keperluan dinas jelas salah di panganggaran nya.. Secara tidak langsung membuka sendiri kesalahannya..";"1989864159";"annasz47"
"18156252232414654";"1780396005";"Muncul terus, dia siapa sih?";"213375457";"ningrummingen"
"17883658872581779";"1780396007";"pokoknya ada";"5972957773";"ende.rizky"
"18080782136178581";"1780396018";"🚨 Ngibul ngibul ngibul 🚨";"1723352149";"koko_chrisj"
"17972405444895701";"1780396020";"@hppsrariyanti aoakwowkowkwwo bunted klarifikasi";"3182713675";"nadiyafaml"
"18095347748236488";"1780396021";"korban itu utk pribadi dari apbn";"70284658683";"rebahanyok"
"18114281410837528";"1780396032";"Ini wakil presiden kah ?😂";"2661094814";"ilham_lana17"
"17982710234844304";"1780396037";"😂😂😂😂😂😂😂";"70152042101";"bob_mbp88"
"18090110870346378";"1780396044";"@rico_ap09 up 🔥🔥🔥🔥";"2796502";"taiyokuro"
"18269322292294967";"1780396066";""Pokoknya ada"";"36901347931";"avbny07"
"18395060596091870";"1780396066";"Iya mbak";"1378559254";"anugerah_bimantara"
"17957996672961054";"1780396068";"@yadie_sirat 🤣";"1523605215";"sweety_memori"
"17906924199423799";"1780396083";"Orang";"60493139511";"suura.untung"
"17932658409269452";"1780396084";"jadi urusan pribadi atau dinas nih";"1061342998";"adamfauzann"
"18392387995092073";"1780396084";"K";"60493139511";"suura.untung"
"17980565079008881";"1780396085";"Buktikan lah! Gak ada bukti, is only omon2 doang";"6525660033";"achmadsuherman_in_kyoto"
"18002457683928663";"1780396094";"Mana lehernya?";"578870770";"rahmayuni.ar"
"18089908793167808";"1780396097";"Baru aja tadi kubilang tua @jaka_kelana_ "pake headset all the time". The president this Era anti Kritik. Bukanya disikapi positif malah di counter dan klarifikasi masukan dari @dinopattidjalal 😂😂😂";"1716430737";"harry_maisons"
"17875895622609282";"1780396108";"Parah 😂😂😂";"489426782";"bambangtripadamono18"
"18325828822283911";"1780396108";"Ngurus negara amburadul sekali";"5707087978";"ikramulfajri1998"
"17923869027351324";"1780396115";"The power of omon-omon";"45302934669";"nurdinnurdiansyah453"
"17916361575381141";"1780396123";"Berakkkkkkkkkkk";"48324624914";"blue.dvl"
"17891243790532979";"1780396124";"";"6327962079";"dewiwulan1382"
"17897893779456339";"1780396135";"Sapi aja pake apbn 😁";"1222124784";"alea.khrsm_"
"18085966595089460";"1780396148";"@habibie_moehammad syududuuu😍";"3564004013";"yehezkielsa07"
"17862543378634001";"1780396154";"Apakah untuk berprestasi, mumpuni, amanah dan berkarya yang mengharumkan lembaganya/negaranya harus menjabat menjadi WAMEN ya?
Padahal yang bersangkutan sudah berkarya & berkecimpung di BIDANGnya sudah puluhan tahun.
Kecuali kalau yg anda sindir “cuma 3 bulan” , sebelumnya berkecimpung yang tidak berhubungan dengan dunia advocacy & negotiation luar negeri, boleh deh ngomong 3 bulan 😅.

Pfff… laki-laki tapi terlihat NYINYIR 😰😭 dgn ngebahas 3 bulan.
Respon yang diberikan pada kritik yang membangun pun direspon tidak pas ya🙏🏻🙏🏻.";"2315718910";"laviebella.id"
"18429036532122391";"1780396169";"Ternyata loe GAK ASIK !";"852989956";"mackyhikmatin"
"17851605897695807";"1780396170";"Lanang kok cangkeme lemes";"1605108030";"habibpriyono"
"18000516467767866";"1780396177";"@thor_bar_bar 😅";"230443855";"rettyrustamadji"
"17892745851355203";"1780396187";"Artinya presiden ga bisa membedakan kapan dirinya sebagai pribadi dan kapan sebagai presiden? Jika sudah tidak ada batasan jelas, apakah ga riskan melanggar etika? Seperti hewan kurban kemarin, apakah wajar??";"3268403528";"keirachmawati"
"18094631306521794";"1780396199";"Kirain dia pinter, atau dia pikir dia pinter?";"5978213255";"kopikopii"
"18075243434668172";"1780396215";"@thor_bar_bar 😂😂 ya allah baca koment ngakak smua";"2294947296";"dnselviani"
"18076886504263355";"1780396227";"Kocak loe.... Sapi kurban aja  pake APBN...orang pelit mana mau keluar uang";"328153211";"susantoindra"
"18592206673013087";"1780396230";"Kenapa sudah ramai baru diungkap.... 😢";"67492857039";"ikhromkojel"
"17999450015767707";"1780396235";"@harry_maisons 😂😂😂😂 mau gimana lagi Uda,  di usianya memang perlu hiburan dan plesiran mumpung ada yg biayai😂";"3521490587";"jaka_kelana_"
"17887920138560888";"1780396245";"Dari mana bukti di tanggung pribadi ?";"1659949713";"edi_suprian"
"18072940229677445";"1780396246";"Klarifikasi atau Nyinyir. Paling tidak Dino Patti Djalal bukan seorang Pejabat Karbitan dan bukan Diplomat Karbitan juga.. @seskabri 🔥🔥";"3976505122";"adi_leo_saputra"
"17921917080146889";"1780396248";"Qurban aja pake uang APBN 😢";"1280650583";"agung_rudes"
"18007425164872242";"1780396257";"@christynsilaban gym dulu Mba karna kita ini bangsa yg besar";"1620454819";"merlinfenisa"
"17932644762270514";"1780396258";"Sholatlah jika Kalo TDK ingin bertemu lagi dengan pemerintah di neraka";"60190460641";"rachmanalbi"
"18083442140393232";"1780395648";"Kak? Ini agenda negara gak sih bukan agenda personal itinerary😭";"226879263";"nasyaulia"
"18131520178516966";"1780395652";"Helaaaww…Sapi Qurban aja pake APBN, gimana mau bikin rakyat percaya.";"25855753";"diansidepony"
"17992145039971653";"1780395653";"@banggdul nombok lakban merah aje kite ogah";"2096894649";"alvfrld"
"18117428728699445";"1780395657";"";"1781743566";"ansari.f.said"
"18065485874459266";"1780395658";"?";"2226693177";"darkssmile09"
"17990831204966500";"1780395669";"@alvfrld 😂😂";"716265807";"banggdul"
"18081816599166435";"1780395672";"😂😂😂 kucing bertelur";"4462021413";"kadekrencanebalitours"
"18150293296491178";"1780395672";"dikira duit doi bukan duit hasil dari pajak rakyat";"5578620746";"janusi_1"
"17866921785625743";"1780395673";"Biaya : frekuensi mengalahkan efisiensi";"6254730637";"lie3689"
"17925385860126337";"1780395678";"Kalo percaya sama lu musyrik gue ted...";"2254886466";"restuameliagantina"
"18207407809342197";"1780395685";"Atuuurrrrrr";"494435906";"fanindah"
"18011072930706609";"1780395693";"Ah masa ?? Qurban sapi sj tdk mau nanggung ? dari APBN  @teddy_hq";"1931364889";"dhina_amalia"
"18075298343294691";"1780395713";"Eek";"52254517358";"bagaskara_aaa"
"18066377036417227";"1780395733";"";"2904087429";"barikoshiroj"
"18154587388481584";"1780395733";"@idcitra iya lagi";"391105063";"i_rosidah"
"18093260393192741";"1780395736";"Mungkin dia lg hiperemesis gravidarum";"33461085107";"meritakristanti"
"17948838705178984";"1780395754";"That's not the point 😢";"1780912088";"gian_arfansyah"
"18341922712175729";"1780395760";"manh iya bun?";"8647507496";"jennisaante"
"18098747777335329";"1780395768";"😂😂";"48219460";"cuzein_ridho"
"18440414476189784";"1780395783";"Oalah anggaran nya kelebihan. Di lebih lebihin yaa ternyata. Kalo lebih kenapa prabowo nanggung biaya ? ANEH! KOCAK";"7935213551";"andiego.flow"
"18091423424204616";"1780395784";"Berasa negara punya dia sendiri.. 😂😂😂";"4030756690";"liamutia71"
"17958738834254677";"1780395794";"Kebuka semuanya kan jadinya";"22916884810";"asriningbudi"
"18114404704862638";"1780395794";"Istri siri 🔥";"78047179234";"yokidest"
"18166621204442341";"1780395806";"Kenapa harus ada wajahnya 😢";"1406878673";"lennykartikas"
"18082108100544649";"1780395812";"Pasti baunya ga enak";"53075025715";"grazigaming7742"
"18098991596136291";"1780395812";"PERCAYA";"1725913819";"ayudhapratama14"
"18083245298555336";"1780395818";"@habibie_moehammad 😂😂😂";"31441208";"fadhlisofyan"
"18113136166681328";"1780395818";"Pembelaan diri agar terlihat "benar"";"5642836670";"vizukaviska"
"18138947737547754";"1780395820";"";"35085984404";"fatwa_f07"
"18009707297879614";"1780395850";"Penasaran dia cere kenapa😂, apakah karena xxxxx😂?";"1904678967";"elhs2t"
"18098289632331916";"1780395856";"kenapa dia yang klarifikasi 😂";"9960935524";"khoirotunhania10"
"18086252882573549";"1780395863";"@thor_bar_bar 😂";"2921762667";"elshinning"
"17892610029491342";"1780395876";"Qurban aja pake APBN kan ya @nonwynona @marqie02 ini kok bisa bisa nya jelong jelong pake dana pribadi.. hmm";"501818658";"rahhman21"
"18084708026627684";"1780395900";"@rafly.ramadhannn nacontohi dekan";"12311404742";"aryafdjr"
"18183970606382635";"1780395905";"Dikira kita anak SMPsemua 😂";"4284673307";"mohammed.bjr"
"18595505584044276";"1780395907";"Halah, perjalanan keluar negri efeknya impor";"366088971";"nsoffi"
"17892473889494102";"1780395918";"BANCHIK....!? 😵‍💫";"47144951623";"zoo.mini.id"
"18072852080330212";"1780395918";"Blunderrrrrrrr";"2905031568";"sissy_tc"
"18095648591183793";"1780395919";"@thor_bar_bar 😂😂😂 iya lagiii";"31441208";"fadhlisofyan"
"18180498865401425";"1780395920";"Berarti ada masalah diperencanaan dong";"34465940";"gin_aw"
"18050806862769862";"1780395921";"";"4520238703";"hulukuyaaa"
"18083903741571889";"1780395931";"Punchable banget, Ses. eh buna";"2289934845";"rakasiderry"
"18118485541744482";"1780395932";"Terhibur skali baca komen 😅";"240361735";"evafriyani"
"17903817945439362";"1780395941";"Datanya mana pak?";"57916512521";"igor_prensyakov"
"18102687010833075";"1780395943";"😂😂😂😂😂😂😂😂😂😂😂😂😂😂😂😂😂😂😂😂😂😂😂😂😂😂";"21978151021";"bobbybimantaraaa"
"18015790313890902";"1780395945";"yo santai wae ted rasah mendolo mendolo";"47910173181";"toko.pakhajii"
"18072699602677043";"1780395416";"@shopie_an pokoknya ada aja 😂";"45083328220";"amir.retax"
"18096819164334895";"1780395416";"Coba buat laporannya pak biar masyarakat liat";"1068632627";"faridamufidati"
"18079377053206363";"1780395417";"😂😂😂😂😂😂😂😂😂";"1812037209";"anggela_dr"
"18585954061049107";"1780395417";"Kenapa harus ada nyiyirnya sih, mulut lo lek emak2😂@teddy_hq @tedsky89";"2723622917";"aksaradji"
"18064450688443013";"1780395420";"Anda percaya? 😁";"1325976068";"mustdp"
"17971289402901026";"1780395423";"bisa diam ga buna";"8294247464";"noveelianis"
"17890198416542606";"1780395438";"😂😂😂...ini Orang seneng bener maen jadi mentri - mentrian ......iya iya percaya 😂😂😂";"259426077";"pandupradito"
"18027831830646619";"1780395439";"@habibie_moehammad 😂😂😂😂";"2929681011";"romzisallum"
"18127010170527499";"1780395439";"Si paling paling";"3569809532";"ekasetya15"
"17948752929178985";"1780395440";"Wkwkwk, lebih percaya Ghufron bisa bahasa semut sih";"8526838560";"dalanparingga"
"18160314967455388";"1780395442";"Dulu ke Paris rayain ulang tahun, sekarang ke Paris lagi 😂😂";"1318792463";"andiwijayaandiwijaya"
"18100414826326281";"1780395450";"Parah! Karbitan!";"7121818739";"mbakidhe"
"18006790745864338";"1780395458";"keren";"30889976526";"ku__dani"
"17943985329195688";"1780395470";"";"7071286696";"rifqii.syahmi"
"18052689410518911";"1780395474";"Tombol ludah online 👉";"5632610376";"__drry"
"18003847514925033";"1780395488";"@dzakcyyalfarid keuangan buna yg pegang";"1034763202";"mirzaarizky"
"18211592689336749";"1780395496";"@thor_bar_bar 😂";"1554225844";"nmyrra"
"18395335978155274";"1780395497";"Prabowo pake uang pribadi waktu beli pentol dan es marimas";"3707918145";"marqo_alqudsy"
"17917320045380195";"1780395498";"Buktinya mana¿";"460885133";"nia_dewaa"
"17957862794960327";"1780395500";"TAEEEEEEEEKKKK🔥";"4179521329";"ghuf.muchmd_"
"17997111914949608";"1780395503";"Muakkkkk";"1493881519";"devi_r4hm1"
"17862457314691863";"1780395506";"Sibukk klarifikasi";"5329804427";"kamerad_timen"
"18131812504570374";"1780395509";"Orang ini jobdesknya apa sih? Jubir?";"2045122587";"eli_ermawa"
"17953982877139207";"1780395521";"@ikhsnydhaaa poin 8 gw jawab, mau kasihan dah males, maren dibantu aja nolak😬";"8289078861";"haidarbarn"
"18088971152571560";"1780395528";"";"2537403904";"azisssabiilulhaq"
"18323752711257800";"1780395535";"Pajakku naik karena presidenku suka jalan2 keluar negri 😢";"4671305";"rerydwiryawan"
"18106612181483000";"1780395542";"@rina.inggriyani  10 tahun menjelang 15";"1548806197";"iis_s.aisyah"
"17877268752656462";"1780395556";"GK mungkin pke uang pribadi,kurban aj pke APBN negara..😂😂kocak anda ini";"49806635655";"hendra__yarsono"
"18065542766423930";"1780395558";"Ada gasih tim audit keuangan negara yang independen? Hemmmm";"187604491";"coffeeografer"
"18082258202553862";"1780395565";"😂";"4511359976";"mamoissz"
"18081605282181286";"1780395572";"Prettt";"12573819026";"aludin_al"
"17896533675465021";"1780395577";"Kalau klarifikasi harus pakai data. Tunjukin buktinya.";"1607062398";"tulus.prapto"
"17945604378187861";"1780395577";"@rina.inggriyani wkwkwk Aamiin";"1560289446";"fitriinyong"
"18152056075468391";"1780395578";"Beli sapi aja pakai APBN 😂😂😂";"5823177532";"mief6427"
"17873560125655317";"1780395579";"Preettt... T43K";"16804746733";"yudi_swahyu"
"17871391716617631";"1780395594";"@thor_bar_bar @kezia_sg";"551661406";"kevinkristanto"
"17889938400377724";"1780395594";"Konfol";"58380224803";"ponj.eng"
"18121950508726607";"1780395601";"pakk mau liat struk dan invooce2 nyahh?";"338943006";"juanatadireja"
"18057878468506733";"1780395609";"Seskab rasa jubir";"6124462995";"ekaameliya_"
"18087448820622746";"1780395611";"qurban aj pke APBN 😂😂";"36764802928";"david_kuy_"
"18138234514540359";"1780395611";"wajar istri bela cuamikkk 🤩";"76239037345";"_languedeboeuf"
"18104562398294560";"1780395613";"hallah teddy bear";"3881270351";"miechilioil07"
"18147201307496616";"1780395617";"Sejak kapan uang pribadi bisa digunakan untuk kepentingan negara?😂";"67055139441";"boboiboyyyyyz"
"18601443934006888";"1780395617";"Kenapa beliau ga sekalian klarifikasi tuduhan amien rais 🤐";"5463443333";"shbrnaztln"
"18024850163826747";"1780395618";"diem deh pusing liatnya";"38089236822";"lifeisborinq"
"18093657332207910";"1780395624";"Semangat yaaa sayang!!!";"448981958";"shantypurnamaa"
"18080728910557607";"1780395628";"HATI-HATI PENGADILAN AKHIRAT..!!";"5885020875";"mamet.sabarr"
"17913902181205303";"1780395168";"Ingin berkata kasar";"178128724";"el.rifki"
"17958003510136748";"1780395173";"@lembuwiworojati 😂😂😂";"8071311";"mikkomikkomikko"
"17860704300636058";"1780395176";"Iyadong uang pribadi, kan buat nyenengin bini";"174789907";"mbagasc"
"18103628393101706";"1780395187";"@juanatadireja WKWKWK KAK JUAA😔😔😔. Kasih paham kak si bunted ini tntg administrasian😔";"238763371";"laurawinaeni"
"18029309615815701";"1780395188";"";"4953674486";"nazar.bm"
"18063523934463026";"1780395190";"Biasa aja kaleee bund";"3044150069";"yayarahadhian"
"17875723116485585";"1780395191";"Lebih percaya Justin Bieber dari Garut 😂";"1098681889";"nurullalfiah"
"18132050266505286";"1780395192";"Pokoknya ada 💅";"657355944";"garinrzd"
"17942501502209030";"1780395196";"Jgn cuma ngmong. Bicara tanpa bukti itu cuma narasi fiksi. Keluarin datanya, catatannya. Anggaran berapa, pengeluaran berapa, selisihnya berapa dan bukti pengeluaran selisinya jgn lupa lampirin.";"1564239849";"_viyulian"
"18100682468105503";"1780395212";"Ayo buka bukaan transparansi penggunaan dana honeymoon kemarin, keluarin data sama mutasinya upload ke publik 🔥";"4711842588";"aisydhm"
"18054304001737401";"1780395214";"Sama sama gak kenal sama orang ini dan bapak Dinopattidjalal, cuma liat dari cara penyampaian nya saja ketahuan mana yg kompeten dan mana yg kurang.";"54295799492";"sujatmiko.ipung"
"17898673215310821";"1780395218";"Eh Bunda, ngomong tunjukin datanya…";"1359060721";"tahtia.makeup"
"18032596889816862";"1780395234";"Yang dikritisi adalah soal uang negara yang dipakai kok malah ngomongi uangnya prabowo, ini orang tidak kompeten sama sekali @teddy_hq";"8655929697";"agung_djes"
"18084064358426101";"1780395237";"terima kasih sudah ditalangin pakai uang  pribadi, tapi mana buktinyaa ???";"4711149584";"fandianugr"
"18119553106665134";"1780395247";"Hey antek-antek aseng... Apakah kalean percaya sama omongan nya tedi?????";"1441367445";"bian_burhanudin"
"17895612462466861";"1780395251";"Bhachoottt";"619620289";"nenengnurulq"
"18004500689747805";"1780395258";"😮";"1152362021";"hey__eny"
"18331575817267849";"1780395272";"@merlinfenisa";"262245534";"christynsilaban"
"18590026576058209";"1780395273";"Masa iya, laporan keuangan pejabat kok bertambah. 😂😂";"5610761733";"jusranthayeb"
"18129472243523783";"1780395277";"Ini knp pakai greenscreen?";"44974152707";"ttn_snj"
"18091926650603469";"1780395278";"MUNGKEEEENNNNN";"1204089132";"_sabilalrosyad"
"17868327834547504";"1780395280";"Kayak perdana mentri aja,dia ngerasa negeri ini ada dlm genggamannya…ngomong tanpa transparasi anggaran";"1929356239";"sm_mariantini"
"18102339323055069";"1780395280";"laporan keuangan nya dong sis😍";"5397776241";"sofyan_kautsar"
"18073939955315818";"1780395285";"Split bill gitu?? Wkwkwkwkw";"1248119750";"deditxs"
"18138015907480099";"1780395303";"";"244565280";"lazuardirt"
"18072883094673598";"1780395309";"Emang ada yg mau keluarin duit pribadi untuk urusan dinas? Yg bener aja😢";"48160496975";"theodolfi_r"
"18083636843563599";"1780395321";"Ngisenggg";"73481361860";"estergreen84"
"18102070759846927";"1780395323";"@laurawinaeni di X sma d thread lbh ramee lauu postinganya wkwkk";"338943006";"juanatadireja"
"17934670335263564";"1780395329";"Dana Pribadi? yang benar aja. (bertanya dengan nada Nyawit)🙏🏼";"18757263840";"eryckohiboer"
"17968966863074489";"1780395336";"Helehhh qurban aja pake APBN,,,,,";"5494765920";"assifahfala"
"18103096967078539";"1780395339";"@rina.inggriyani maklum buna lagi pms.";"6053830859";"nitnot1970"
"17891097876488821";"1780395340";"Masa sih bund?";"3006773304";"anthoyyibah"
"18092353232523538";"1780395341";"ted,tidak semudah itu jelasin ferguso 😂";"1414340564";"thesunisgoneandihavealight"
"18154528816464797";"1780395356";"makin aneh kalo dibilang sebagian ditanggung pribadi, ada klausulnya kan ga boleh sembarang campur uang pribadi karna bs jd konflik kepentingan.. dr statemen ini jg jd jelas badgetnya kurang?! ga ada budget kok ngotot pengen jalan .. ?? aneh! mo dianggap hebat malah kecele😢";"38147107";"dunkisabri"
"18070370948345729";"1780395358";"Gimana rupiah gak mau ANJLOK. Modelan begini pake konfrontasi. CEMEN AHHHH.";"200423740";"by_lokih"
"18111837247808159";"1780395363";"Lucuuuu, lawak banget kebijakannya.😂";"7673664974";"rofe.saida"
"18070558871339350";"1780395364";"damn🤣";"368338640";"debbyindriyani"
"18245508427307638";"1780395367";"emg ada yg percaya.?";"8094042815";"fadly_03"
"18094599526957705";"1780395372";"Seskab belum pernah nih klarifikasi di Close The Door ??? Ayolah om @mastercorbuzier ajakin podcast, rakyat butuh pencerahan yang otentik😂";"516868903";"ady_jovial"
"17910549735225467";"1780395376";"dikurangi tapi sering, hasil? jangan ditanya 👻";"998588423";"descoputra"
"17997830255956195";"1780395386";"Percaya bangett tu, ditambah pake uang pribadi 😂";"334996694";"irmayaniputri"
"18114671254839046";"1780395386";"50 orang yg pergi tapi perginya 30 kali";"1469757657";"bungwil"
"18066636227391973";"1780395389";"Santuy bun…tinggal buka aja ke publik jgn cuman omon";"8071311";"mikkomikkomikko"
"18091073729199701";"1780395397";"Seskab level julid dih💅";"295903591";"psych_edelia"
"17992765502974596";"1780395407";"@habibie_moehammad syududu syududu";"1327988716";"utami_shinta_sri"
"18077989310663309";"1780395408";"😂😂😂😂😂";"74446375970";"wanda227963"
"18127224355626868";"1780395410";"🥱";"5537454856";"sttwddr"
"18092623811621609";"1780395414";"Jyabang bayikkkk";"219689220";"farizmuhes"
"17926704690339858";"1780394892";"KENTUUUUT..";"8053460287";"muhammad_syafik_masduki"
"18134190868496549";"1780394902";"pokoknya ada";"64247653319";"_yogaananta_"
"18073465142660852";"1780394904";"Klu pun benar berita burung yg beredar, segitu banyak nya yg ganteng,muda n sexi tp kanapaaaa lah org itttuuuhhh";"2103542613";"idasahara_lubis"
"18105242674955207";"1780394911";"@ardanamirullah bentar lagi mau jadi jendral.. tolak yuk ngk pantas model Gini dpt bintang";"49039848122";"cahayoe2021"
"18091599143201570";"1780394914";"omong kosong";"7211717700";"sangkohjoko"
"18014861738902770";"1780394920";"Banyak banget orang ini jabatanya, seskab, sekneg, jubir presiden, dan masih satu lagi… 😂";"4618764945";"indoagent_furniture"
"18104310997994131";"1780394924";"Wadahnya diperbesar biar gak lebih.";"2008495105";"dewisuaryanti"
"18111277129907818";"1780394930";"PERCANTEEEEENN";"6409891039";"nurbayusuci_"
"17900935281445839";"1780394932";"Hah?";"4608341889";"feromian_simatupang"
"17879297676453004";"1780394933";"";"35764330831";"la.sila.98"
"18116365630756070";"1780394938";"Rakyatnya ikut menanggung malu";"3193652309";"didi_ramones"
"18320552389285951";"1780394939";"@id.print_workshop tetap Aja org dekatnya";"49039848122";"cahayoe2021"
"17865621780567085";"1780394946";"Kalau masih minta reimburse jangan terlalu diglorifikasi, 😂😂";"1602628550";"r_alfiandi"
"18076655540261615";"1780394972";"Potensi maladministrasi gak sih? @ombudsmanri137";"1053891127";"enshandii"
"17975285198881456";"1780394983";"Sekelas setkab komunikasi gini amat jir";"1574272839";"halimahrzkia"
"17894617185470469";"1780394984";"Mang bole dana pribadi dipake dalam perjalanan dinas? Bertanya dgn nada lembut";"58290332967";"ferdynanta_1103"
"18096775870925888";"1780394987";"Pret";"70689398335";"thanmuz1985"
"17918978430377560";"1780394993";"Lbh prcya baloteli tgl di jypra";"1087693933";"d.arianto"
"18116985217756907";"1780394999";"@idcitra 😅😅😅😅";"10143120694";"desy_walibuana"
"18102635573004307";"1780395016";"Silit";"1512020292";"awanardiyanto"
"18101199515324503";"1780395021";"Hesak ya ? 😂😂😂";"178163584";"neissyasaid"
"18085474532137131";"1780395029";"";"2247429439";"uncimz"
"18119337892743294";"1780395037";"Adakah Standar Biaya Masukan (SBM) KEMENKEU, yang Mengaturnya....???
Ataukah ada Peraturan Lain.";"39340979465";"adolf_talbot"
"18100535104887795";"1780395044";"Kirain mau bilang jaman pak jokowi";"65539091923";"zamrowow"
"18418973842182783";"1780395047";"Qurban Sapi ditulis a.n Prabowo tapi pakai APBN aja jadi Sah koq , gmn mungkin rakyat percaya perjalanan dinas kelebihan biaya ditanggung pribadi ?";"31765326286";"dedyewharahap"
"18149514676496365";"1780395060";"Kok bisa sih ada orang se ngga tau malu dia?";"36153862317";"neutralcharge_"
"18182216671385623";"1780395064";"Gaya lu ted beli sapi aja pake APBN";"1415371804";"titin.supriyatiin"
"18365820550233520";"1780395064";"Menanggung mulutmu, bayar sapi kurban aja pake apbn😂";"5669968683";"indrowijoyo"
"17871907098675805";"1780395070";"@singgihalfian he aku ga nyeluk wong iku 😢";"2098838853";"ikkuncahyo"
"17865539256628881";"1780395075";""Segala kelebihan biaya yang dianggarkan oleh negara itu sepenuhnya ditanggung oleh presiden prabowo" beliau secara tidak langsung mengatakan kalau biaya perjalanan keluar negeri presiden anggarannya melebihi dari yg sdh dianggarkan negara";"1523018641";"nuriemirza"
"17976592494035891";"1780395077";"Serius ni om? 😂😂😂";"3236072166";"bro_rohman"
"18108859324742016";"1780395083";"@ikhsnydhaaa poin 6: tidak ada barang gratis, rakyat bayar pajak untuk pejabat, bayar pajak untuk dikembalikan kerakyat sedikit, yang banyak buat dikorupsi";"8995518574";"sukasihmilagros"
"18089294273058541";"1780395087";"Qurban aja pake duit APBN, masa iya di tanggung presiden";"77547700598";"dhenzalgaza1933"
"18098116243930757";"1780395093";"Ses... Coba cek ke AI, boleh atau wajarkah Wakil Rakyat untuk perjalanan luar Negeri menggunakan biaya dari kantong pribadi sementara agendanya untuk keperluan Negara.";"3559737626";"harostaast"
"17972471604053322";"1780395096";"😂😂😂 ketawain aja";"20392521";"tukang__kue"
"18140046751548645";"1780395098";"ya kan hanimun🙄";"15012343283";"rafikawahy"
"18059440955495650";"1780395101";"Kalo gitu, mending gausah keluar kali ya, mending disini aja ngerjain apa2 yang butuh diperhatikan";"5595222256";"mas.abbsy"
"17892402171524415";"1780395109";"Percuma klarifikasi, Rakyat gak percaya sama pemerintah yg dari awal penuh dengan pelanggaran kode etik dan konstitusi.";"71524397643";"syahrullahasof17"
"18074085215666969";"1780395109";"Ibu ibu idola kalian tolong di kondisikan 😂😂😂";"6862058970";"deniyonas"
"18020439746846780";"1780395119";"Reimbruse menyertakan kwitansi bermaterai dan detail biaya perjalanan😂😂😂";"4043281236";"ganiadetya"
"18627230653006674";"1780395119";"😮";"3982636627";"great_fia"
"17972284809048343";"1780395122";"Pokoknya ada 😂😂😂😂.";"28480334313";"asy.storyline"
"18013292999902442";"1780395123";"Kurban saja ditanggung negara 😂😂 pake ongkos nombok duit pribadi wwkwkkkw...kocak luh boty";"65073960313";"justpdro07"
"18019714214848048";"1780395124";"Qurban aja pake apbn lah keluar negeri ngaku pake duit pribadi apa iya ada yg percaya😂🤣";"3954291866";"abd.basyir"
"18069155072695256";"1780395126";"Maaf ya pak, kalau tidak menyertakan juga bukti pengeluaran & presentase jumlah yang ditanggung oleh dana pribadi ya gimana ya... 😂";"1527304169";"maul_0322"
"18010686809710813";"1780395142";"Hora percaya";"4157458675";"hehenya_bidbid"
"17999827142948439";"1780395146";"Kalo sapi qurban aja pake APBN, yakin honeymoon pake duit pribadi?

Cukuplah dosa karna boty, jgn nambah2 jadi pembual lagi...";"2964027702";"adhepormes"
"18108940366927312";"1780395146";"Gak percaya...coba tunjukkan bukti2 nya, kl perlu mutasi rekening nya";"215612001";"ibu_miki"
"17951000079149883";"1780395155";"Halah pret, qurban aja pake APBN masak kunker pake dana pribadi 😂";"4520575467";"nrprimakarina"
"18132653956568135";"1780394555";"@ikkuncahyo @teddy_hq";"3814674735";"singgihalfian"
"18126720667547154";"1780394569";"";"7739008641";"kambinguling_"
"18080403293556304";"1780394570";"Gemes dehhhh saling support😍";"6736635075";"nbil.rom"
"17883929193576747";"1780394571";"Ya allah capek bgt sama 3 org ini.. doaku pas arofah buruan di kabulin ya allah... 😢plisss";"3411862951";"_dianpede89"
"18109465966731629";"1780394575";"Prabowo ga punya duit, aset banyak iya... cuma cash kuat gada tonton aja d wawancara sama najwa syihab";"1313106439";"dnardesain"
"18015175901891616";"1780394578";"";"1936805680";"ardanaulia"
"18077578181383133";"1780394581";"@habibie_moehammad @nadiyafaml";"548959524";"hppsrariyanti"
"18060656039733381";"1780394607";"ada namanya asersi Accuracy dan Excistence............😂";"1295759648";"jhonperson"
"17943159546203221";"1780394610";"kenapa sih kalo ada berita tentang prabowo selalu dia yang klarifikasi..";"8777542888";"siti_khumairah5"
"18314141431263710";"1780394616";"Hidup penuh dengan klarifikasi";"49229858255";"mhmddzlfkar_"
"17982593453997340";"1780394619";"Data real nya aja tunjukin...";"40227166724";"twentiethera"
"17878588260600708";"1780394629";"Apa yang ditanggung ? Kue ultah kemarin ? 😂";"37076840551";"danu34399"
"18148718578501063";"1780394646";"semakin dijelasin makin ga percata";"47705689869";"teayqiqldn"
"17891953260530386";"1780394648";"Sepakat!";"3177292463";"f.arrachman"
"17949184064998048";"1780394663";"MENLUNYA DIMANA ?? KENAPA APA2 ELU YG KLARIFIKASI😂😂 ELU SIAPAA ???";"2960566479";"husni4r7"
"17956955918965307";"1780394663";"Maaf Pak Seskab , kami rakyat tidak percaya sama sekali . Titik";"561150938";"qorysyakebh"
"18092169545002235";"1780394672";"Pa dino siapa sih😮 ya Allah betapa kudet nya dakuh";"56406039160";"nelijamilah2022"
"18100695803106915";"1780394676";"Mestinya ga boleh ga sih, urusan negara dicampuri duit pribadi? Ini gimana ngaturnya? Rawan conflict of interest dong? Makanya dia bisa bilang, terserah gue, karena gue ikut patungan bayar gitu? 😭 atur aja splenger mungkin";"2561520568";"agungmavl"
"17851765401692643";"1780394677";"@thor_bar_bar hahahaha 🤣🤣🤣";"561150938";"qorysyakebh"
"18162766561442929";"1780394684";"pokoknya ada";"65245131335";"solahudinahmad159"
"17863365288585815";"1780394685";"Makin kesini makin banyak ngibulnya";"3050894718";"sakateguh"
"18589564702040793";"1780394711";"RACHEL VENYA SAMA AWKARIN AJA UDH STOP KLARIFIKASI GA PENTING???";"254240641";"jochan.dra"
"18123569437638708";"1780394721";"talk is cheap";"48588336126";"rickyy.stwn"
"17869393059682451";"1780394725";"😂😂😂😂";"28576970442";"nurhidayat_193"
"18040486610795365";"1780394725";"Lipstiknya warna apa 😂";"3181478722";"lutvie_13"
"18117085408830553";"1780394726";"Kyak negara punya dia aj hadeh";"2878941955";"eldzhaby"
"18069983423674795";"1780394727";"@ferry_hidayatullahh 😂";"3586754864";"estw83"
"17987564693817912";"1780394730";"Cot";"33641265635";"chris_tewonto"
"18146165935503093";"1780394733";"@hanfa13 ada pokoknya 🤣🤣";"1738239373";"edtopath"
"18091617659613207";"1780394734";"@laurawinaeni wkwk ada si lau dsinii 😂";"338943006";"juanatadireja"
"18110324833730161";"1780394735";"Bencong memang sering ngawur";"59488805841";"thomhade"
"17925738825122199";"1780394741";"💩💩💩";"3495013368";"ruddyhrd67"
"18363189427233893";"1780394754";"Negara Indonesia Vs Pemerintah, ibarat tinju, negara sdh kena KO 3x.
 
1.MBG
2.KDMP
3.Pembangunan Batalion Tni 750 bh di tiap kabupaten.
 
Kuat2 lah negaraku, semoga kamu tetap bertahan.";"46504440006";"ar_rahman_temanggung"
"18083872331550507";"1780394755";"😂";"3167518122";"mr_han90"
"18014414981892577";"1780394760";"Anda ikut urun brp? kasihan pak Prabowo nombok sendiri buat rombongan🤟🏼";"3556274189";"rep_tun"
"18091817039611389";"1780394768";"tantrum dikritik, malah ngambek ngatain 3 bulan diBOLD pulaa,";"1733988756";"____________________ling"
"18120970579708433";"1780394769";"@thor_bar_bar tung2  sayur apa.. kelihatan Dr matanya kalau bohong , tungkang ngibul.. harusnya dia ngoceh wkt  buntel ini ultah brp biaya hotel semalamnya..";"49039848122";"cahayoe2021"
"18109340504511103";"1780394770";"@thor_bar_bar jujur iya😭";"66690860567";"anssm27_"
"18090867740344525";"1780394772";"@edtopath jangan lupa emoji ini 💅";"35990166";"hanfa13"
"17935933026069903";"1780394782";"BPK wayahe tampil🙌";"43824983488";"oceangvrl"
"18093150347261582";"1780394788";"Ini ngurusin negara apa lagi ngurusin 1 keluarga dh? Ko di campur dana pribadi klw memang ada tugas negara?";"6755201789";"ariesocrates"
"17940222300209101";"1780394820";"Emang ada yg percaya penjelasan Modelan kyk gini 😂";"2552213646";"rinto.nug"
"18130102036613044";"1780394826";"Tidak menjawab pertanyaan Pak Dino @sekretariat.kabinet paham substansi pertanyaannya ga, kenapa dalam 1 bulan ada beberapa kali perjalanan ke LN. Ga ada yg nanya jumlah ondel2 yg dibawa. Ngapain sering2 ke LN, jadi jastiper? Haduuh @teddy_hq mau mempermalukan pak Dino yg karir diplomatik mumpuni, malah naro kotoran ke muka sendiri. Tolong klean sadar diri ya, punya pengalaman ngurus negara aja blm mumpuni, dikasih saran sama yg punya pengalaman, berasa paling pintar. Pada percaya pake uang pribadi? 😂 beli sapi aja pake duit rakyat 🤣🤣.";"16081906";"rainsa"
"17979232281002149";"1780394842";"@anssm27_ jujur zyanggal 😱";"3919093421";"thor_bar_bar"
"18075502919308800";"1780394848";"Kumaha maneh we Buna😂";"4235050692";"lidha_ana162"
"17975030759880973";"1780394851";"Si mahluk tanpa leher itu lagi😢";"57719446793";"mamdes_pinkielovely"
"18155096518463860";"1780394888";"Defensif banget sih om 🫠";"1577680654";"separuh_timur"
"18200318284314987";"1780394255";"Kelebihan 200 perak";"1471614180";"raitmanro"
"18131949169579562";"1780394263";"Kocak nih plus katrok";"2351171149";"akhmaadfauzi"
"17926426377347441";"1780394265";"BERAKKK 🔥";"11650434122";"rabbidabastard"
"17953896534154694";"1780394267";"";"1497301245";"bambangoetoyo"
"18105380531053905";"1780394269";"lebih percaya ada yg digigit cobra, cobranya yg mati 😂";"2107489005";"kairinrinn"
"18078638381215883";"1780394272";"Emang sulit ya gaiss ngomong: "Makasih kritik dan sarannya, kami mohon maaf, kedepannya akan evaluasi."";"50806850179";"factual.id"
"18062290463707451";"1780394278";"@mhdglhwbw this🔥";"8517176288";"thebookissoul"
"18117433573779640";"1780394287";"lagi mens kayaknya biarin aja";"1217570006";"ronnypanjaitan"
"18093506456195692";"1780394295";"Ada buktinya g pake uang sendiri?";"3195466381";"dewiagung_petshop"
"17890324020537996";"1780394313";"Coba sebat terbuka live sama kritikus,pak Teddy. Jangan 1 arah aja.";"47139935";"gedabruz"
"18171963100418413";"1780394331";"sikecil lagi aktif ya bund🤣";"6505026933";"ptr._00"
"17968299447112572";"1780394334";"😂😂";"174773921";"jefryzale"
"17891838177492905";"1780394340";"Percaya percaya dah biar cepet ya ted";"4292217189";"tientri.r"
"18036720536803845";"1780394343";"Stlh Klarieifikasi mbg urh gk respect sama orng ini😂😂😂";"1361759324";"bamndoko"
"18132737365568691";"1780394346";"💩";"3970841649";"indahsynt_"
"17948536200179402";"1780394352";"Kecampur2 ga karuan coy: qurban pake APBN, dinas pake uang pribadi.. lucu POL😂";"54976291169";"wittyyummy"
"17953407339152356";"1780394355";"Emang tugas nya nyebokin majikan trus ?";"4560887256";"enggar_syah"
"18114235525857864";"1780394356";"Aamiin Ya Allah… udah enek banget";"2237814943";"avamy_f"
"17937057438250931";"1780394360";"Masa agenda pemerintahan pake dana pribadi sih? Gimna aturannya dah? Suka semua maunya dewek heran 😤";"5744451255";"ahmad_shohifinz"
"18172442329424924";"1780394363";"";"3066559383";"kovandrac"
"18091537421016878";"1780394366";"Pokonya ada..";"208860820";"sadunkz"
"17890160646515614";"1780394385";"Istri yang baik";"62203562701";"17_katellualfan"
"18126580450542556";"1780394397";"@ferferyadi diluar nurul 😢";"285973790";"bangbojann"
"18112566565850317";"1780394399";"@_whiteduke hedyun > tedi waduk";"54723287772";"sudachbelvm"
"17891631999490380";"1780394402";"Eneg banget yaa Allah liat ibun satu ini 😂";"68741475446";"faradbhsw"
"18438470302141571";"1780394412";"🔥";"79875288488";"mo00nnt"
"18132662941574985";"1780394415";"Mana bisa gitu kocak";"37688909385";"smoooothoperatorrrrrr"
"18080386271535526";"1780394426";"Emang benar pake uang pribadi? Sumbang sapi kurban aja pake APBN tuh.";"4216772391";"hedi_smm"
"18082455923448128";"1780394429";"Wkwk selalu pake jawaban "dana pribadi".";"35990166";"hanfa13"
"18428579263192418";"1780394429";"atur ajadeh cantik";"9165312626";"hauranin_"
"18080821382199751";"1780394440";"Kerjaan dia skrg bagian klarifikasi kah 🔥";"1515496068";"wildasugianto"
"18184647499376653";"1780394444";"Aura nya kuat banget ini 🤣";"3111222416";"yollayollayolla"
"18337960630247672";"1780394446";"BCT BGT TED 🔥";"201916984";"tedjaprakosoo"
"18092903510196003";"1780394451";"Jumlah rombongannya berkurang, tapi keluar negerinya sering";"5531419058";"tsyaaak"
"18119248939777397";"1780394461";"Ga peduli lo mau ngomong apa juga sih ted";"3507941847";"bobbiealatas"
"18131809801590242";"1780394466";"@allartis kan ultah di paris nya di senggol,, gitu emang klo benciong ke senggol😂😂baper";"55071945859";"f1n429"
"18092566240999277";"1780394469";"Klo argumennya disampaikan langsung didepan mahasiswa, interaksinya gmn ya???";"3303969340";"ndast_75"
"17851770237693289";"1780394479";"Kalau pun punya atau ada bukti presiden bayar sendiri, itu kan gampang bisa d edit nyet😂";"18426163748";"syaifulumar_7"
"18067516367401840";"1780394492";"@thor_bar_bar sombong nya teddy bear uda kyk paling pinter😢";"327449346";"elysachris"
"18109999264924811";"1780394493";"Yaaa Mamah, jangan marah ya 😂";"48300622821";"jamiahmad5"
"18121912810677071";"1780394496";"😢";"1313106439";"dnardesain"
"17887916541559814";"1780394505";"Jumlah rombongan berkurang, tapi kunjungannya bertambahh. Sama aja booongg teddddyyyyyyy";"8003650164";"hendra_iyank"
"18000697019761382";"1780394506";"";"1301055420";"adeuwey"
"17911211862405312";"1780394511";"Lagian jgn percaya omongan @kerjaseskabri , dia mah cm pembelaan diri doank. Buktikan pd rakyat woiii bunted. Transfaransi dibuka donk";"62425496664";"nining.beby.2025"
"18122219737655747";"1780394519";"Uas dulu gasie ted";"1805385058";"spons.kuning"
"18593545969015007";"1780394531";"Blunder nya ga kelar2😔";"1550479518";"adiansoraya"
"18075840854283255";"1780394550";"Rangurus,gak ada manfaatnya untuk rakyat buat apa?";"46987731257";"ekowibowo6373"
"18148536430494350";"1780394007";"Berasa lagi gosip di tukang sayur yaa";"3254546846";"jajandanjalanjalan"
"17899580070451065";"1780394020";"Duhh...ga bisa Zoom aja yaaa..hematt beb";"2093866035";"evasaprina89"
"18062951984485211";"1780394022";"Ngapah jadi luu mulu apa2 yg klarifikasi";"12486958994";"renaldi3438"
"18590757406049429";"1780394041";"Iyaaahh, yg ngomong teddy. teddy mah seneng diajak jalan jalan terus ke luar negeri, sudah gt dapat uang jajan dr Om";"1364798148";"tofik_slw"
"18133816384499031";"1780394042";"Kenapa gak ditanggung semua sendiri?  Ini bukan soal duit rakyat saja , tp soal empati juga.. Paham gak sih ??";"449970921";"rtb.drmwyn"
"18139661914529888";"1780394045";"@nainnainna dapat 1 like dr alu inaa 🔥🔥";"7001899626";"ninitpalupi"
"18372744742201933";"1780394050";"😂";"16388749746";"narasiwelcy"
"17970118020120284";"1780394051";"Berkurang sih, tapi makin sering😂";"6236301798";"silenthistory.id"
"18014998781699917";"1780394054";"Lambe wedok";"3973525926";"retnonononoo"
"18119191399865747";"1780394059";"Iya pak kita percaya😂";"16388749746";"narasiwelcy"
"18109010264489478";"1780394061";"Sepakat kalau kata orang orang sekarang🤝";"495715310";"affanjordanr"
"18075691337644351";"1780394076";"Percaya 🗿🗿🗿";"1357938149";"barrybannan25"
"18000970208943920";"1780394079";"Ngapa beli sapi pake apbn ? Wkwk";"3692594718";"djenvrn"
"18251993365307233";"1780394089";"adya pokoknyah";"3006199460";"enggarang"
"18090905507363875";"1780394094";"ngondet";"385414851";"ahmad_ijuriansyah"
"18132020863511147";"1780394095";"💩💩💩💩";"394463973";"dian_ahmad87"
"18118352803685506";"1780394105";"Lebih manfaat biaya kunjungan dipakai kesejahteraan rakyat. Bukankan komunikasi hari ini bisa dilakukan via internet/online?";"3065738992";"gie_loong"
"18115366153634608";"1780394115";"Kalau ga ada biaya ga usah pergi 🙂 ga urgent juga padahal. Di dalam masih carut marut";"983751547";"novayurikaaaa"
"18098833268125894";"1780394127";"😂😂😂😂😂";"5437594442";"aaferdy92"
"17884586715580567";"1780394147";"Astagfirulloh tunjukan kuasaMU Yaa Robb buka semuanya, karena engkau yang memuliakan dan engkau juga yg menghinakan manusia 🤲";"50352422728";"upri4585"
"18119366842742356";"1780394147";"Arogansi Military";"315674683";"iamheryudibentorro"
"18093576359007230";"1780394149";"Sejak wiwi wowo berkuasa semua bisa diacak acak 😂";"4141157603";"riyadikarisma"
"18113407582857285";"1780394152";"Kami menuntut perginya yg dikurangi, perbanyak via online. BUKAN pengurangan biaya! Seminim2nya biaya kunjungan presiden, itu masih jutaan kali lipat gaji honorer PINTER!!!";"47573671918";"lalumuhlauhimmahfuz"
"18102840665087470";"1780394163";"Taeeekkkkkk di di";"1451751334";"arievcahyono"
"17952626034165633";"1780394166";"Suara rakyat .. tapi mengconter kinerja 3bulan ... Anda sehat pak .. contoh pemerintah anti kritik .. seharusnya juga bukan anda mnjdi jubir .. untuk apaa jubir presiden .. kalau semua anda ambill alih .. anda kerja saja sendiri pak";"4209796130";"iyallmuhamad_"
"18588377434038480";"1780394166";"Kurban aja pake APBN😂";"2113096693";"intanawwaluna"
"18081801014536426";"1780394171";"Yang di kritik apa, terus yg dibales komennya apa… ga nyambung deh… trs ada statement “udah dijelaskan beberapa kali” dijelasin ke siapa??????? Belajar public speaking dulu dehh";"204270524";"keikoayudhia"
"17890375638518992";"1780394172";"@agamkupie 😂";"47443187059";"harisushulhi"
"17940036612230541";"1780394174";"Terus gimana LPJ nya kalo perjalanan dinas dicampur campur dananya? "Adalah pokoknya"";"5495605640";"riky_dwisaputro"
"18121703515709148";"1780394178";"Siap bunda";"8470467601";"saputraridwan793"
"18167638657437635";"1780394187";"Mulut @teddy_hq lincah sekali. Apakah otaknya masih lancar?";"8376313847";"snzulfikri"
"18079505435538618";"1780394190";"Saban hari klarifikasi";"2139549554";"ddgxtwn"
"18094037663266250";"1780394192";"😂😂😂";"300888152";"ieieaja"
"17946792669014717";"1780394198";"Kenapa pd julid😂😂😂";"2081075263";"angdosh"
"18105109396794854";"1780394198";"Kuwi tenan opo ora?";"3613912470";"manjavarihvana"
"17909429892412321";"1780394209";"Sekretaris merangkap jubir istana negara";"5998276235";"yudhaa1997"
"18096482806935492";"1780394211";"Membandingkan dua hal buruk tidak akan menjadikannya baik";"9939818410";"najih.ns"
"18083009690634724";"1780394219";"@thor_bar_bar 😂";"1455044500";"joesoedrajat"
"18059769371719877";"1780394222";"Qurban aja yg harusnya pribadi malah pakek APBN,, masak tour LN kocek sendiri 🔥";"2285199909";"lailysafridah"
"17854027767678624";"1780394226";"Kurban kmrn aja pake dana apa coba";"491487545";"lindameganita"
"17927978490337103";"1780394227";"Man to the left because woman is always right";"1313482413";"vratulangi"
"18131194579598877";"1780394228";"😢";"67452888693";"syamsulalam756"
"18428618404126881";"1780394229";"makin gak jelas";"15685265441";"audripuspitaa"
"18102789224098583";"1780394238";"Ngelawakkkkkk nih orang ......😂";"4787273069";"denihiawan"
"18122697811641048";"1780394241";"Ya intinya saya bisa ikut world tur 😂, terus selfie di cetak pake bingkai";"231977563";"alviatry"
"18404895781157210";"1780394242";"";"1455044500";"joesoedrajat"
"18011003087897293";"1780394246";"Yakin uang pribadi buat ngover kelebihan anggaran? Beli sapi aja dicover APBN 😂";"2101799040";"dzakiyanurul"
"18379510858161267";"1780393781";"Sudah tapi belum";"458483905";"sunandar.louis"
"17907869520242180";"1780393789";"Knpa lu yang ngomong njir, bukan nya ada yang nmnya juru bicara presiden";"3433022716";"skecthnana"
"18080121242209998";"1780393791";"Ah masa ??";"4564085445";"hyt27___"
"18099733052469632";"1780393792";"Centil";"3422669437";"rynold09"
"18095489099229229";"1780393793";"Giliran qurban, pake APBN. Dasar kocakkk";"8399995660";"makudonarudo14"
"17907743937423697";"1780393799";"";"51634925971";"zaaaaaaaaaaaaaaaaq"
"18191917051374543";"1780393808";"Yuk audit";"4295724237";"amuezaki"
"18088020728456210";"1780393811";"PEJABAT KARBITAN GA SADAR DIRI HANYA JADI ALAT POLITIK PECAH BELAH BANGSA ADU DOMBA DAJJAL LAKNATULLAH KHAZAB PENGECUT LICIK CULAS FITNAHNYA LUAR BIASA🔥🔥🔥🔥🔥";"79956217291";"abbadherbal"
"18053586422753559";"1780393821";"Karbitan yaa... gini...";"1381259595";"blessed_mai"
"17858519097647942";"1780393827";"@mhdglhwbw iya huge red flag. Gak profesional";"2690274054";"grillingcarrots"
"17884319961570083";"1780393836";"BOCIILLLLL sotooooooooooyyyyyyyyy 😂😂😂😂😂😂😂😂😂😂";"11455280";"refanofiyanti"
"18084765791390488";"1780393840";"😮";"3559881270";"ahmadmugiyono16"
"18107682346845513";"1780393840";"Si kosong";"1651762249";"ranggawarsitaaji"
"17947137171194365";"1780393847";"Kurban atas nama pribadi aja pakai duit rakyat, masak iya tugas negara pakai duit pribadi.";"1388563004";"iyuwanda"
"18113121106684659";"1780393858";"@wisnu.jn udah itu...";"1651762249";"ranggawarsitaaji"
"18598487206036147";"1780393859";"itu namanya CONFLICT OF INTEREST, klo kerjaan kantor ya anggaran kantor, klo bukan kerjaan kantor jgn pake anggaran kantor....thats simple...cm NAMANYA KARYAWAN BARU NAIK, ya ga ngerti lah...kn emang ga pernah KERJA.🤣🤣🤣🤣🤣🤣🤣🤣🤣";"300438663";"bgbiring"
"18102473768030574";"1780393865";"Mana ada Perjalanan dinas, digaji negara tp rela nambahin biayanya pakai uang pribadi..wkwk @farhankamilsandika @dhany_indra07 @bangbojann";"608345363";"ferferyadi"
"17898193668458650";"1780393880";"";"4314214181";"dedy_kuryanto"
"18105796093994441";"1780393886";"";"2144374800";"irfan_maulana_92"
"18104981575799517";"1780393888";"";"3184371615";"jamurhutan"
"17868319995620485";"1780393897";"Ye sama aja kalo jumlah perjalanan nya kagak ngotak juga pasti bakalan tekor juga";"14512690823";"panji.prana"
"18083406482417983";"1780393900";"Oke oke yuk balik ke barak sekarang";"33057788634";"ursunshine29373"
"18087159584380703";"1780393901";"😂";"73618595543";"yazelina_"
"17890243536521739";"1780393902";"Wi tiwi…ngomong apaan sih";"3009953050";"cithoel"
"17957427486132976";"1780393903";"Si tembem ngambekan";"1504930879";"siuchian"
"18085669961577550";"1780393912";"Prek 😂";"1187040754";"asharihason"
"18011105588714891";"1780393929";"Bunda tedy jadi juru bicara presiden... Kurban saja masih pake dana APBN sok² bayar pribadi pake kelebihan anggarannya..";"13827692609";"notnanton_roprihnt3"
"17953238837980698";"1780393932";"Yuk coba cek LHKPN, jumlah harta kekayaan @prabowo bertambah atau berkurang per- dia menjabat sbg presiden hari ini. Kalau dari awal menjabat semua perjalanan dinas LN sepenuhnya pakai dana pribadi @prabowo , logikanya jumlah hartanya berkurang dong? @dinopattidjalal";"1373942174";"sombrerovespa"
"18093157538591834";"1780393934";"@_whiteduke wkwkwk tehhh, bool asparagus maenya 😭😭😭😭";"518604804";"mutiacc"
"18120530410681041";"1780393934";"";"2312657716";"arief_ardi"
"18097807319178823";"1780393938";"Bukti nya mana tuan?";"48399571352";"a.c.k.b.ar"
"18133982038577139";"1780393940";":D";"275075646";"fai_fayrush"
"18104064023073361";"1780393953";"😂😂";"2677714687";"arsycitron"
"18446279908141742";"1780393961";"IJBOLL";"50999714047";"amayaissance"
"17864641800688548";"1780393965";"kurban aja pake APBN";"630825765";"auliapriliani"
"18065424416433698";"1780393971";"";"52891191049";"fcxkdpr"
"18139069936553235";"1780393971";"Pak tedi, coba jalanin diet dan kurangin gula. Leher nya udah gak keliatan tuh 🤗";"55319504332";"drwnssnto_"
"18083221565168768";"1780393980";"Jangan lupa harus angle kanan yaa";"7988053778";"russtanndi"
"18153691837486760";"1780393980";"SEPAKAT, itukan jawaban yg lu mao Ti ???";"472985981";"dewaasuda"
"17947947876191094";"1780393981";"Apa si";"55031699674";"cikgu_asti"
"18009269585870707";"1780393986";"Jadi, berapa yg ditalangi ted? That's simple";"4070089732";"anis_rohmat"
"18099370538152991";"1780393993";"@rina.inggriyani aamiin";"2099409182";"maharani.hana"
"18440615050187726";"1780393993";"cek lubang teddy";"192624169";"suryadamar"
"18090953528021706";"1780393995";"@sandrakusuma13_ gemess banget ya ... Makin kesini makin keliatan korsletingnya.";"1614910704";"hilda_musa"
"18085114466414344";"1780393996";"Pokoknya ada 😂";"4118880583";"i02cms"
"18161443510444663";"1780394005";"Dari puluhan rombongan yg ditanggung pribadi brp org?";"556234611";"erlo17"
"17908939131421645";"1780393484";"@thor_bar_bar 😂😂";"24818171096";"hushwave_00"
"17886266475395692";"1780393489";"Dari byk komen gak ada yg respect sm Teddy";"3225381475";"ikow_ajja"
"17966432922119948";"1780393490";"Si tanggung prabowo pakai uang apbn";"63554105414";"gus_nul.1.3"
"18133416031569827";"1780393497";"Belajar komunikasi publik lagi ya";"41129555603";"ammar.bank"
"18102004379279162";"1780393503";"Emang keluar negeri ngapain sih?";"2376480591";"ariansyah.mhd"
"18416137645180733";"1780393507";"Uang perjalanan dinas itu besar nilainya, apa iya sebagian mau di tanggung secara pribadi, jgn bodohin rakyat indonesia deh";"2021831607";"munahhuang"
"18084402893136136";"1780393534";"Dan aku harus percaya sama mulutmu itu ted????";"1039763366";"ucokronny_sitorus"
"18113046541852870";"1780393536";"";"1812069174";"devinadwyn"
"18213838297330214";"1780393552";"knp kamera harus dari kanan 😂";"6321466983";"misterrwiggle"
"18070049192342380";"1780393556";"Ga percaya.. soalnya qurban aja ngaku2 pake uang sendiri.. eh tyt APBN.. 😂";"325469904";"anneangelia"
"18133928035560711";"1780393556";"tombol percaya ------>";"32893867030";"egadzulfar"
"18373471579202031";"1780393565";"Kurban pakai apbn";"3279289276";"spnndyy"
"17954352750140978";"1780393570";"Pokoknya ada";"5495813526";"felixsatrio1007"
"18090889223460172";"1780393581";"Lah keluar negeri kunjungan negara pakai duit pribadi. Giliran Qurban pakai duit rakyat dah lah gak jelas😂😂😂";"7125771244";"rizqullahaziz"
"17875087650671105";"1780393592";"😂😂😂";"2456398329";"edykollay"
"18592798789051222";"1780393595";"Berarti perencanaan anggarannya buruk🔥";"41546451709";"fawzanadima"
"18020660201674312";"1780393612";"laga lu";"37102838";"ichanrniss"
"17941308408212227";"1780393618";"pokoknya ada";"3266322638";"bang_didik378"
"18083987150566678";"1780393631";"Qurban sapi saja pake APBN. Mau percaya tapi si Buna yg ngomong, ahhhh dah lahhh.";"2388105565";"adewijaya1967"
"17919227379167800";"1780393642";"yang ada pakai sementara nnt di bikin pertanggungjawaban untuk digantikan kembali";"76262363834";"tmrgruop"
"18118384786789292";"1780393648";"Kemudian terkait kelebihan biaya. Masa iya kunjugan kenegaraan ga dihitung dengan cermat RAB nya sampai kurang biaya.. Logikanya berarti kan ada cost yang menngelembung melebihi dari yang direncanakan.. Gtu gas sih ges?";"9465998791";"dhenny.hilman"
"17927251092346553";"1780393652";"Dinas ke luar negeri pakai anggaran pribadi, tapi qurban pakai APBN ?
Ada yang bisa jelasin logikanya dimana?";"13493417534";"wewen_saganta"
"17900828682447487";"1780393654";"Ses tiwi sensi ajaa 😂";"1490162638";"fpnurlistiana"
"18123098815641615";"1780393657";"BULLSHIT!!!";"2292640102";"xguritakotax"
"18083024723569257";"1780393661";"seharusnya bukan pernyataan politik dgn membandingkan yg sebelumnya. tp terima masukan dan sampaikan terima kasih...krn bernegara itu kompleks. jelasin aja Why nya...tujuan ke LN itu dampak strategisnya apa...kl pengeluaran 1 juta menghasilkan 5 juta kenapa tidak";"24977563103";"yohanesmadhu"
"17970597447104721";"1780393676";"Iye iye.";"1278702758";"gmlrgian"
"18106037284991388";"1780393679";"NARASI SERAGAM DISEMUA SOSMED TERMUL, EH BUZZER LANSIA PIKUN NPD... 😂😂😂😂😂";"3895266500";"linda16662"
"17929171143309321";"1780393686";"pak @dinopattidjalal  pejabat yg berkarir  dari Officeboy di kedubes Amerika hingga jadi Dubes dikantor tsb.., beda banget mutu nya dg pejabat karbitan yg suka bilang Poko nya addaaa 😂";"51722620552";"doniirmansyarif"
"18203654344358567";"1780393686";"Percaya kelen? 😂";"34168373";"hanaperth"
"18132635374601926";"1780393691";"Hemmm biaya pribadi??? Kurban aja pakai uang rakyat 🔥, ngaco maneh ahhhh Kumha dinya we ahhh dikira rakyat tehh semuana bodo,, 😭😭";"1965714896";"lisnawatidzauhari"
"18021047279833482";"1780393693";"Kunjungan yang pak @sekretariat.kabinet sebut itu  zaman presiden SBY, sebut dong nama SBY nya jangan sebut zaman Pak Dino, pak Dino cuma bagian dari rombongan. itu ga apple to apple.. Nanggung nyinyirnya..";"9465998791";"dhenny.hilman"
"18000511322765053";"1780393694";"@zaranger bawa fisik 😭😂";"5643116637";"lulu.fakhriyah"
"18103270394323681";"1780393699";"Afffah iyaaaahhhh... ?????? Sejuta% aq ga percaya";"46112182938";"diana__puteri_pertiwi"
"18072744938676072";"1780393709";"Dikasih kritik dan solusi bukan di dengerin malah klarifikasi 😂";"3897785141";"keril2butut"
"17861247183636632";"1780393715";"";"4059853031";"zulmi.k"
"17966368716117935";"1780393719";"Sopo seng percoyo karo kowe bunted..isone omon2 thok..rakyat dikongkon efisiensi..sementaradia buang2 uang rakyat dg melakukan kunjungan ke LN yg gk guna buat negara ini.";"8567548243";"muhammadyusufmakmur"
"17991797525966042";"1780393732";"terus kita harus bilang makasih kah? atau apa? ☺️";"328108616";"zahraarkandina"
"18105178055057682";"1780393736";"Dah yg paling bener dan paling jago segala segala nya deh 👍👍 lanjutkannn gas oke gass";"307538390";"wiraningprangs"
"17995963061957998";"1780393742";"Lihat si Teddy, pengen nampol mukany4..... 😡";"45196967108";"raja020481"
"18073731194669780";"1780393742";"😂😂😂😂😂";"2956634745";"fitri.helma"
"18066107693416128";"1780393751";"Seskab karbitan, substansi nya nol @teddyindrawijayahq";"72444522420";"muhammad_athar880"
"17886550077399333";"1780393760";"Ciye klarifikasi 😚";"409995282";"nadossee"
"18087924593379427";"1780393764";"Malah jadi lucu anda TIW";"5748187674";"nayyakids_corner"
"18131690893592890";"1780393769";"Percaya? 🤣🤣🤣";"1443359380";"indahdwiastt"
"18116672473838474";"1780393772";"berdiri di atas hujan mengaku bisa mendatangkan air";"15935015167";"sevtinwprtm"
"17908105080419555";"1780393779";"Kerjaan negara, beliau kerjain semua🔥🔥🔥";"58269189179";"amfep66"
"17996648627955576";"1780393779";"Waaah nyalahin bapak anda @agusyudhoyono";"1792912767";"bagja.ngrh"
"18229721704314059";"1780393309";"Harusnya di publish dan audit lah.... Tar ditanya bisa diliat diaman dijawab pokoknya ada?";"1989834367";"ipunk_buzz_string"
"18104335717813964";"1780393311";"Cuma mau ngingetin, kurban 100 M aja full APBN.";"1489469489";"eaooek_"
"17910478860225223";"1780393313";"@habibie_moehammad mama Gufron jadi penjaga gawang neraka😂😂😂";"1451863307";"destarama1"
"18134298850569899";"1780393320";"Masaaaaa";"2010553291";"iamdjpitung"
"17878456884600291";"1780393321";"Bisa nggak.sih brp biaya total.selama prabowo ke LN dg grup nya...trus yg pake biaua prabowo sendiri brp??tolong dong di spill scr lengkap n transparan...rakyat jd penasaran nih🔥🔥";"5506172583";"thea_dyah"
"17898370482306567";"1780393330";"";"1989834367";"ipunk_buzz_string"
"18102229727047786";"1780393340";"Lebih percaya Billie Ellish wong Medan sih saya 🙌";"6215354152";"heyiammex__"
"17890088394546445";"1780393346";"Coba 8*6 berapa ted?";"1410919798";"nabsisme"
"18018939947848340";"1780393352";"stop bundaaaa stop!!!";"3045867387";"natasyapov"
"18106491556752787";"1780393360";"Asbun";"2893610021";"wiiethawhytha"
"18085379333623393";"1780393366";"Ga pake etika 🤦‍♀️";"19931900421";"nunung_inuy"
"18090056672609363";"1780393368";"Keliatan banget emosinyaaaaaaa.";"1701342623";"evaariestin"
"18125886751625554";"1780393371";"Mboh lahh... Kurban ae pakai apbn.";"4864850";"blackr053"
"18075471377653424";"1780393372";"Ohh jadi emg selama ini beneran borooss, sampe2 harus ada kelebihan biaya yg ditgg pribadi 😏";"1224439806";"juliana_putri"
"18092406722256781";"1780393373";"jd malah ketauan ada unsur pribadi di perjalanan dinas negara";"183256954";"behage91"
"18007360436872305";"1780393374";"Iya.. iya percaya Bun.... Org kurban aja pake APBN 🤭";"2961705421";"820.ruddi"
"17864328669687927";"1780393377";"@zikarazaki up up";"52716190061";"enjeyytt"
"18123933997568326";"1780393379";"istrinya presiden sedang berbicara";"1742903775";"meikyomega"
"18127545091615077";"1780393386";"Bikin malu, junjungan lu hobi piknik pk duit rakyat ! Negara lg morat marit secara ekonomi....IDR anjlok di banyak negara....";"317239681";"hikmahapriani"
"17928510138322629";"1780393396";"pernah dengar klo suatu "urusan kerja" termasuk "biaya2" itu kurang etis jika harus dibebankan oleh pribadi, karena artinya tidak ada perencanaan yang "matang", silahkan para netizen yang menilai, ini sudah selevel pejabat negara lho, dimana perencanaan biaya harus sangat matang";"41373637321";"purnomo20014"
"18162646636451924";"1780393399";"Si paling (playing) "victim"";"456471643";"andaraarie"
"18094631395950335";"1780393411";"";"1466101014";"sundaryanta"
"18594490678000432";"1780393414";"@zikarazaki nah...rakyat jd penasaran dg apa yg dia klarifikasikan...tolong tunjukkan data2 scr detakl n transparan!!!🔥🔥";"5506172583";"thea_dyah"
"18117429553838737";"1780393418";"Kenapa sampe nombok pake uang pribadi? Over budget dong ituh artinyaaaa";"1613861713";"nisaulftr"
"18397143883083434";"1780393418";"Mari kita bantah singkat @teddy_hq :
1. Anggaran perjalanan dinas presiden diatur UU APBN, bukan dicampur uang pribadi. Itu merusak akuntabilitas dan menyulitkan audit BPK!
2. Overbudget solusinya efisiensi, bukan talangan? Kalau biaya melebihi pagu, harus revisi anggaran. Kalau di luar kewajiban negara, tak boleh pakai fasilitas negara sama sekali.
3. "Uang pribadi" pejabat publik harus jelas asal-usulnya. Narasi ini membuka peluang gratifikasi terselubung.
Kunjungan kenegaraan wajib dibiayai negara, transparan, dan bisa diaudit. Klaim "ditanggung pribadi" justru menunjukkan lemahnya perencanaan anggaran dan mengaburkan etika publik.🙏🏻";"78265156396";"zaerazareena"
"18132443482598831";"1780393427";"kau tu jadi pejabat modal dikarbit";"50080341276";"nfl_syh06"
"18184256791388392";"1780393429";"Ngomong doang tanpa bukti";"300145033";"mhmmdrrn"
"17960199558068884";"1780393436";"@enjeyytt "pokoknya ada"";"5917375129";"zikarazaki"
"17893144437496856";"1780393441";"Banyak omong kamu Tiwi";"377651737";"dimzaladim"
"18203511451352610";"1780393441";"Yang benerrrr????";"3238880785";"retnowulandari.98"
"18092716220350134";"1780393442";"Di mana republik, rasa perusahaan ya gini";"2321138236";"gunawanyuke"
"18068757887344441";"1780393444";"Dibilangin orang langsung bela diri kayak emak emak";"3900384576";"affudin"
"18142724236522928";"1780393444";"Pokoknya ada";"747334224";"bapakamanah"
"18529614298078029";"1780393444";"waw jubir";"2345386539";"fiabachrin"
"18394588459086342";"1780393450";"@agamkupie 😂😂😂😂😂";"24818171096";"hushwave_00"
"18137755354536961";"1780393451";"@goodtowo bombowowo";"3919093421";"thor_bar_bar"
"18063063842470857";"1780393452";"Affah iyaaccchhhhh~";"243709852";"selayangjingga"
"18132101005505538";"1780393460";"Songong";"607065383";"no___fee"
"18004079420923787";"1780393464";"Mungkin yang pribadi hanya mereka berdua yang tau, pokoknya ada 😂😂😂";"6186635575";"arnmugha"
"17966451218924414";"1780393467";"😂😂😂";"270451136";"dy_nls"
"18104454877999679";"1780393468";"";"3161416043";"salsablln"
"18116678791691949";"1780393475";"Mau kemana? Jalan-jalan dong. Ada uang nya? Prabowo ongkosin ko 😍";"2160361030";"dikafhad"
"18045376652569791";"1780393476";"BERKURBAN AJA PAKAI APBN, APA IYA JALAN2 YG KATANYA DINAS AD PAKAI YANG PRIBADI.. TRANSPARAN AJA @teddy_hq , JANGAN KONYOL2'AN";"4025348750";"ironblack46"
"17977414587041674";"1780393477";"Wooowwww.....";"37018613692";"jojoefeb"
"17926547238342744";"1780393481";"Kurban sapi aja pake APBN";"8764102038";"muhammad_el_rumi"
"18067872650390053";"1780393481";"Seriusan nombok kekurangannya pake dana pribadi. Pembagian sapi kurban aja pake APBN semua. Ehh.. Astaghfirullah";"3545867424";"renissurya1"
"18129945697609872";"1780393481";"@annisa_syukur thanks kak sudah di mention";"1525058241";"ardanamirullah"
"18053140061758686";"1780393036";"anjayy kurban aja pake dana APBN";"59825081707";"_moling1"
"18166285399432976";"1780393057";"😂😂😂😂😂😂😂😂";"59805849474";"teknisi_ac_kota_padang"
"18109537202492517";"1780393061";"Bisa om, itu tiket mereka punya pagu maximal harga tiket. Mereka bayar selisih dari pagu itu.";"3533060244";"alwan_jkt"
"18207726070340966";"1780393066";"😭😭😭";"1210509832";"rswtha_hdyt"
"17942072229035429";"1780393068";"Hmhmhmhm";"1032097119";"futrywindayani"
"18412857703181569";"1780393076";"@lembuwiworojati baang 🤣";"1688817447";"iqbalnugo"
"17963975753935475";"1780393085";"pasangan aneh ini tolong jangan kasih kesempatan ngomong diruang publik.bikin emosi aja";"65461537269";"core_das3"
"18134004190577017";"1780393089";"👏";"74432922154";"ushaysa"
"17929640067294652";"1780393095";"Ted";"49345854305";"azrielgibran92"
"17907961212241973";"1780393099";"Harus pribadi dong, masa staycation gratisan, dan yg pasti pesertanya jangan kebanyakan biar menambah intimasi 👨‍❤️‍💋‍👨👨‍❤️‍💋‍👨";"7879126242";"robertusbeta"
"18116212474817052";"1780393099";"ahh ujung²nya uang pribadi di reimburst 😂😂";"1532872028";"ridha.nugraha"
"18454047637113178";"1780393113";"@ij_ije_ij cu, apa sdh hasilnya uang jln2 keluar negeri? Wkwk";"2374586043";"shiintaameliaa"
"18087941819059162";"1780393116";"Logikanya sih kalo gak sesuai dengan anggaran atau melebihi anggaran, gak perlu maksain pergi. Apalagi di situasi ketika ekonomi lagi kacau begini, rupiah melemah juga, dan hasilnya juga gak jelas apaan";"7494018267";"atikeeh"
"18064436159456096";"1780393121";"Itu munafik namanya🎵🎵🎵";"2247065070";"andratamimi"
"18098330981181659";"1780393121";"Kerjanya itu2 aja, jalan2 keluar negeri, plg2 marah di mimbar, lalu kunjungan MBG atau Kopdes, terakhir dibohongin ama pembantunya diberikan cerita2 indah tentang anak2 MBG, standar bgt sih wo😂😂😂";"37236230913";"dagelan7776"
"18016689812849325";"1780393129";"";"2257574272";"alul.zkr"
"18100947971327130";"1780393137";"@habibie_moehammad @untagurunn kali ini saya percaya guru Gufron 🤣🤣🤣";"8302981631";"bluezetrrr"
"18092732909212516";"1780393143";"🤮🤢😷";"31711252";"desitamct"
"18099250907469827";"1780393146";"Mksdnya pke uang pribadi dlu trus nanti minta reimburs gtu yaa kakted ? Hehe";"648614389";"miraarq"
"18106244632964704";"1780393146";"bunda sedang menjatuhkan dirinya sendiri🔥🔥🔥🔥";"78535289892";"agu_spratomo"
"18190306819326407";"1780393154";"BBM masih naik tuh... Katanya efek bilateral... Nyatanya karna subsidi, Apbn dan kontrak pembelian minyak.";"770363119";"braham_wijaya"
"18049983278769459";"1780393160";"@habibie_moehammad siaaallll 😂";"781645051";"hermas.leo"
"18115985581758951";"1780393161";"@rivankadesya uu no 17 tahun 2003 tentang keuangan negara pasal 1 ayat 10";"1468386710";"rivankadesya"
"18356872381240663";"1780393162";"Wah";"1768897496";"iqbalmuh01"
"18013330247886442";"1780393164";"Bawaan bayi jadinya sensitif, maklumin ya temen-temen";"1965040040";"revistansyah"
"17973395193045310";"1780393167";"Ava iyah";"242364243";"rfadjr21"
"18591757681056392";"1780393177";"Mana percaya kami 😂😂, setingkat hewan kurban aja pakai APBN menggunakan nama pribadi... 😂";"66933911499";"manok.cutok"
"18114405175888283";"1780393178";"Seriusan mana data nya?";"1346814496";"harispenyouprasetyo"
"18364818454227060";"1780393178";"Tungtung sahur ga tuu. Mf ngakak.";"24332501344";"linherlina11"
"18110354104905646";"1780393183";"Omon omon. Qurban aja pake APBN lu";"4201027754";"jeki_mudub"
"18104762357055164";"1780393191";"ROMBONGAN SIRKUS";"1939103514";"renjaya49"
"18115109125869655";"1780393191";"WKWKWKWK KAK😭😭";"2504250284";"brilinaaaaa"
"18138896038477654";"1780393192";"@renggajt Die kn bunted jd belain ehem2nya...masa ga paham..😂😂";"12669261565";"faradina.mecca"
"17971506237058732";"1780393196";"ASBUN BANGET BUNAAAA";"2221199706";"ginafebriany"
"17854026264676383";"1780393200";"Sekacau ini Indonesia, sampe uang Pribadi bs dicampur uang negara";"63525854557";"safitri_titie"
"17990578079798910";"1780393205";"apasii😭🤣";"45181183352";"lrs.frsy"
"18142973026515482";"1780393205";"Terlihat tidak negarawan sekali anda, nyinyir banget, memperlihatkan kualitasnya";"477325737";"prayogo__waluyo"
"18068863034362562";"1780393222";"ada deh pokonya";"68321583069";"aku.adalah.raja"
"18197248309321555";"1780393225";"Sapi aja pake apbn mom";"228707639";"enovalen"
"18173585689414988";"1780393226";"@agamkupie 😂😂😂";"353861889";"togedamaa"
"18088558274577545";"1780393243";"Ah gak caya gw mah 😂";"22008178";"iscovser_"
"18091139069011471";"1780393256";"Kalo kata gw mah ganti presiden sama wapres aja yuk minggu depan 🙌";"4586488320";"ryanmolana_"
"17904606030263148";"1780393257";"😂😂😂🔥";"353861889";"togedamaa"
"18110540248906911";"1780393257";"Poinnya bukan biaya ted, memang pak probowo terlalu sering ke luar negeri.. sekali2 undang dong kepala negara lain ke indonesia";"5901651444";"simarmataparna"
"18130153717594831";"1780393258";"bolehkah di cek history rekeningnya Ted😂😝";"45980242989";"mansyardin5"
"18441042169185443";"1780393258";"Ini dia siapa sih punya seakan punya hak jawab";"1566157003";"benisihombing"
"18082870508564071";"1780393288";"Bukan masalah menanggung/tdk menanggung biaya, ngapain juga kalo ngga penting2 amat & msh bisa online pergi juga";"3661745788";"dhona3fa"
"17892092934476945";"1780393300";"Ternyata idungnya mangslebb bgt..😂😂!!#kayagw";"589833040";"srisumarsih82"
"17913091149392891";"1780392763";"Percaya aja pokoknya 💅";"4315610431";"mdavidalfrs"
"18185859808380825";"1780392765";"ini cuma pake logika gue aja sih, cmiiw yah kalau ternyata jumlah rombongan itu juga penting";"342077206";"amandanirel"
"18079192901357181";"1780392768";"Lalu bagaimana dengan mobilitas rombongan anda2 ini yg sering bulak balik keluar negeri? Secara logika aja deh 💅🏻 mana ada yg mau ngeluarin dana pribadi ke LN, sedangkan beliau sedang gencar2nya membangun perusahaan dia yg mandek selama 20 thn itu? CETASSS";"4181750432";"dellamustikaar"
"17964119798934360";"1780392770";"PERCAYA? OH TENTU SAJA TIDAK 🤣";"30614226";"kunto_ro_agung"
"18115714819876029";"1780392773";"Kelebihan nya biaya oleh2 aja palingan 😂";"26425565862";"indranesiaraya_id"
"18451078498119137";"1780392777";"😢";"6808780652";"irmafauziah.ir"
"18381803203207718";"1780392778";"@habibie_moehammad peccah bangettt😭";"65131975355";"mhmd4rham_"
"18105702916985248";"1780392784";"Lah kalo ditanggung pribadi berarti ada yang ga sesuai dong sama anggarannya? Coba share lah detailnya lekong";"1905811495";"arulambardy"
"18192439081371882";"1780392791";"Ngga perlu maskeran ajah udah ceu...";"70290036667";"9obret"
"17865103485573859";"1780392801";"Percaya..!?";"4002446011";"hambali.arif"
"17975752383045443";"1780392801";"Dia kira rakyat sepolos yg dia kira.. 😢";"1602919988";"rubenhamonangans"
"18057822089732812";"1780392806";"";"921543720";"fahrulra"
"18071143991666031";"1780392820";"@han_achir- ya ga taulahh pleciden kan masih bayi ga tau apa apa 🥹";"1498450689";"ferry_hidayatullahh"
"18084057125128030";"1780392835";"Buna 🤣";"1493587199";"popocorrn"
"18087785321075028";"1780392839";"@teddy_hq beneran pak?";"1423267307";"_dheetyas"
"17899235250452899";"1780392842";"mnrtku wajar sih istri belain suami dalam rmh tangga, apalg pake nyinyir2 bold gitu.. wajar bgttt 😍";"8735308";"gadiaay"
"17876806503609048";"1780392852";"Bunted ente ga jadi laporin amien rais ?";"3473658951";"berkahmandiri99"
"17973815067045409";"1780392853";"dari mana duit nya??? POKOK NYA ADA.";"50036914991";"yadi_mulyadi678"
"17956619859135974";"1780392858";"@rina.inggriyani aaamiiinn 😭😭";"1627627805";"novierns"
"17868556656543781";"1780392861";"Apa itu good governance? 😌😩";"34508185";"dinarlaila"
"18131834563603454";"1780392863";"Dusta";"65567820718";"thor.iq202"
"18068528282380180";"1780392880";"Kok kemarin qurban gapake uang pribadi juga?";"6061124269";"sandi_____pradz"
"18097997042467978";"1780392881";"Kurban perasaan 😂";"47813346735";"gusnantof"
"18098133905271151";"1780392884";"Malah makin blunder, uang pribadi gaboleh dipakai untuk kegiatan dinas resmi, ada undang undangnya juga";"1468386710";"rivankadesya"
"17967391305118612";"1780392910";"Bahkan pernyataan mama Gufron lebih mudah dipercaya daripada ini";"597649045";"xxibgskr"
"18452965486118104";"1780392912";"@habibie_moehammad @mampaluti_ 🤣🤣";"36796893385";"ossy.fanani"
"18127113121543353";"1780392917";"Prettt....";"8044791303";"d_jakosa"
"17901912192282113";"1780392936";"OKE GAS OKE GAS, JOGETIN AJA🤣🤣🤣 rakyat indonesianya emang paling gampang ditipu, dibego-begoin, diledekin, gak ngelawan🤣🤣🤣";"7997484998";"firman_malmsteen"
"17931887397290795";"1780392938";"dia kira ada yang percaya dengan omongannya 😢";"2150004125";"ucengdjuhara"
"17926458759123209";"1780392949";"ihhh gemes";"7822330170";"iniwahyu_s_w"
"17959491579068738";"1780392949";"Akan lebih adil jika pak seskab menampilkan batas yg dibiayai negara dan uang pribadi presiden prabowo berapa? , serta investasi yg telah berjalan 🙌";"48908773";"rizqiroad"
"17885109324569886";"1780392954";"naise kali ah @mirzaarizky";"2193907988";"dzakcyyalfarid"
"18094911692249910";"1780392960";"FYI, muke lu kek bekantan @teddy_hq";"1525975856";"arga_kurnia"
"18559226176065588";"1780392962";"@habibie_moehammad 😂😂";"267976811";"striasiyah"
"18010340711724022";"1780392963";"@habibie_moehammad @wbramantyo02 😂";"2088038088";"terry_ra"
"17890158735371742";"1780392967";"Mukanya ga ngenakin banget anjir ketus, jutek, kaya emang orang ga terimaan gitu ditegor";"54862608511";"ade.oktavia2"
"18589404673005996";"1780392994";"Ah mosok";"215806038";"rstnya"
"17989076489992943";"1780393002";"Dikiranya di klarifikasi di dunia bisa selesai";"222599829";"kevinyordan94"
"18601134430002304";"1780393007";"Ni buna titipan jokowi emng tugas nya nyiram" yee, sekelas sekertaris kabinet gaya komunikasi Level buzzer cok😂";"4558402609";"wawan_gunawan31"
"17967264837113325";"1780393011";"Mana datanyaaa, share ke publik dari awal jabat jadi Presiden berapa biaya total perjalanan ke luar negeri Presiden yang ditanggunng negara sama yang dikeluarin pribadi.";"4143922643";"andirmaptr"
"17973577317048091";"1780393014";"boong";"5586501652";"armedina__"
"18354063895208031";"1780393018";"Kunjungan kenegaraan pake dana pribadi? Biar apa? Ya liburan aja sih bilang aja gitu. Muter2 blunder";"1448933685";"sun_minaty"
"18329881753250540";"1780393023";"syududu☝🏻";"32777668";"iyrxalifva"
"17940967767227913";"1780393033";"Pretttt kurban aja pake uang negara";"1539322036";"nyongandri"
"17998016738952341";"1780393035";"Omon2...";"38052977165";"betta_brotherschan"
"17992396190972381";"1780392512";"Sumpah, komuknya gak enak diliat 🫣";"2258450486";"cie.mamacie"
"18083303222536096";"1780392514";"";"34250546933";"anothermii01"
"17868710340683228";"1780392525";"Ada pula.. peliputan pribadi si @prabowo ..mau ngapain... sekalian pelesiran q";"3130307699";"mr_cuexs"
"18078823835355741";"1780392530";"@rina.inggriyani mmg emak2yg lg nyampaikan";"1453988290";"arif.primabintara"
"18120824251663222";"1780392533";"Buat apeeeeeee... Kelen ke sana kemari tu buat apeeeeeeeeee";"3690506135";"simamoracicilia"
"18115355518838195";"1780392543";"seneb";"2325634985";"komangsridarmiani"
"17858668083643702";"1780392547";"Ahh crt🤤";"47819769146";"wildann_ahm4d"
"18085420547377947";"1780392548";"❤️❤️❤️❤️";"2238555194";"mel.wij_"
"18101402468327100";"1780392551";"Dilabrak gak tuh 😭";"60870013249";"gusbee.alimarah"
"17988540852000140";"1780392554";"Ih malu bun diroasting senegara";"3728266435";"cenikia"
"17884162311416199";"1780392555";"@thor_bar_bar @lilly_1797 😭";"209901044";"widyawh"
"18103114876939518";"1780392557";"Ngawurrrr";"7888665579";"agusah_"
"18109347562731400";"1780392558";"Malu bgt liat kondisi saat ini";"1453988290";"arif.primabintara"
"18194996593364226";"1780392562";"Dulu pas MBG,awal - awal kan ngaku uang pribadinya Prabowo,lha sekarang kok pakai APBN? 🥱";"1465036654";"anggara_widi"
"18101060009117982";"1780392568";"@iwnkfrgywn pilihanmu wank";"3638885123";"shafan009"
"18196866562362401";"1780392582";"Transparan aja ted ama datanya, bukan ngemeng doang";"3094731348";"a_nony_mous_1945"
"17921091351490213";"1780392587";"Gak sudi uang pajak gw buat bayar ginian";"56912379720";"_alfianset_"
"18082081136168337";"1780392600";"Niat klarifikasi malah makin blunderrrrrrr 💅";"570807438";"ibtisammy_"
"18117720517759414";"1780392608";"Tiwiiiiii";"176694953";"nidyacandra"
"18107853962509521";"1780392612";"";"3094731348";"a_nony_mous_1945"
"17922699912356842";"1780392622";"Apa kalian percaya? Hewan qurban yang kemarin adalah contoh kecil 😂";"4244235756";"yayayayasir"
"18397868164081642";"1780392623";"Ada yg percaya ???";"45122459675";"ardien2057"
"18113014955307890";"1780392626";"Bacot";"1665547631";"dianmurgui"
"18106129183997917";"1780392630";"Buna pen tampil terus heran";"410465740";"nizarwin_"
"17871307050525200";"1780392633";"Anggap aja saya percaya nek 😂";"2891086292";"0xshadowel"
"18091941623201110";"1780392637";"Perumpuan selalu benar.

Mmaaf pak dino, kamu slaah 🙏";"45804815439";"aelah.id"
"17867901816553902";"1780392657";"mana bukti 🫴";"27029435233";"annisa_kkk"
"18082457915408311";"1780392665";"Berarti tiap "jalan" selalu kelebihan dong biayanya 🫢 efisiensi preetttt";"443307520";"fitri.luthfi"
"17973756270102683";"1780392683";"YANG BENARRRR";"38748283885";"siskauniar"
"18103647884094873";"1780392686";"PERCAYA";"3605668896";"rasid.jingga"
"17938087212054072";"1780392687";"Busyet lu Ted... masak sih dana ABPN dioplos dengan dana pribadi. Emang miras kali ya 😄😄😄";"6097704136";"abduhpamela"
"17941258743220125";"1780392689";"mana cobaaaa laporanyaaaa";"3929892469";"meri_as02"
"18057087167727771";"1780392692";"";"5434608825";"bintanggandi"
"17964486879082950";"1780392701";"Mana buktinya. Kalau sekedar ngomong ya mana bisa dipercaya, yaelah ted ted";"3110811331";"ichtiaradimassaputra"
"17975718270023168";"1780392714";"Teddy bear 
Sang bocil kemaren sore";"69273129183";"marpudin351"
"18031421708813329";"1780392714";"Pokoknya ada. Dengan nada kemayu";"207480703";"syaiful87"
"17891093760503187";"1780392721";"1. ya justru aneh kalo dinas ga pake anggaran yang seharusnya dan malah pake dana pribadi. itu dinas apa honeymoon? 2. sebenernya sih ga peduli yah rombongannya berapa, selama emang yang ikut memang ada urgensinya dan masih dalam anggaran 🤷‍♀️";"342077206";"amandanirel"
"18000828359762402";"1780392722";"Ga sabar nunggu @bocoraluspolitik memainkan topik ini";"11224384184";"encangbile"
"18096682351929310";"1780392726";"Narasi penuh kebohongan";"315460451";"rass._muhammad"
"18072577535485562";"1780392727";"Baru denger kelebihan perjln pake u pribadi .. qurban pake apbn gmn logikanya.. eh tiwiiiii diemmm bisa gak 💅🌈";"3897794738";"nugraheny___"
"18104166707084661";"1780392731";"Emang bner lgi main presiden2an";"2080690520";"muamar_jatmiko"
"17911472016409213";"1780392737";"👏";"61730732746";"alkubrosekumpul"
"18364715686226835";"1780392741";"Kelebihan biaya itu, misalnya jatah mkn siang itu 100.000 dan ternyata mkn di bandara lebih 110.000, jd ya cuma 10.000 jd tanggungan pribadi. Halah... Aku yg karyawan kecil aja juga tanggung sendiri setiap kali ada mkn lebih dari uang mkn yg ditetapkan. Pintar bngt dia high light itu.";"45142278743";"hsutedja_20"
"18101034536028071";"1780392746";"1. Ada biaya diluar kewajiban (apa ini hanya sekedar biaya kue kue surprise, tidak jelas)

2. SBY ke LN 86 kali, membawa 130 orang dalam 10 tahun menjabat. Artinya 11.180 orang telah dibawa keluar negeri dalam 10 tahun/ sekitar 1180 orang per tahun. Prabowo keluar negeri sekitar 50 kali membawa 60 orang dalam 1,5 tahun. Artinya 3000 orang dalam 1,5 tahun/sekitar 2000 orang per tahun

3. Tidak efek nyata dari banyaknya keluar negeri tersebut, hanya pelesiran dan unggah ungguh ke negara negara tsb (jika memang ada tujuan yang jelas atau hasil yg didapatkan, pada dasarnya harusnya bisa di terima banyak keluar negeri. Nyatanya, tidak ada.)

Secara prinsip rakyat bukan tidak suka presiden sering keluar negeri. Tapi kalau sering keluar negeri dengan agenda yang tidak berdasar, dan tidak membuahkan hasil, maka wajar jika dipertanyakan. Itu lah yang di bahas, bukan urusan pakai uang pribadi segala.";"29860731";"arvega"
"17892286287491738";"1780392748";"Pokoknya ada... Aahhhh sedotttttttt";"3244203363";"nga_tie_niem"
"18091267355608211";"1780392749";"Dah tau kurang dana ya ga usah jalan, kaya ga ada kepentingan lain aja.";"54702044217";"abdrzkny"
"17941370937217440";"1780392291";"Bote (Bowoteddy)";"1491014712";"hipniadi"
"17954376960141153";"1780392293";"Amit2 ya Allah";"4782593081";"rachmi_febr"
"18134096614572868";"1780392300";"Beda kelas lah Pak Dino sm Bunted 🔥";"7547310";"dinihrdianti"
"18053146700589004";"1780392309";"Omon-omon😑";"357820588";"efrinade8"
"18069553865688688";"1780392309";"😂";"48274551846";"ihugbed"
"18078581708231232";"1780392314";"@muh_hirzinugraha sabarrr wkwkw";"1785108212";"rahmatunnisa__"
"17965322016097025";"1780392316";"iya deh PERCAYA deh PERCAYA.....";"34456990915";"adamgentaw"
"18095510146976810";"1780392330";"Kok lngsung main ulti sih ??? 😂😂😂😂 , kasih skil 1 dlu laaah wkkwk";"2294851547";"callmereza04"
"17953388540984329";"1780392333";"tujuannya klarifikasi kaya ginian apaan si";"9692672014";"amel.shintaa"
"18079903589648897";"1780392338";"Logikanya, Kurban aja pake APBN, apalagi kunjungan";"2058711206";"irwnkrnsyah"
"18104034674074482";"1780392338";"@dionsaurus__ atas nama ❤️ 😂";"2028942901";"chokiieey"
"18006732821876015";"1780392339";"Saya lebih percaya hitler meninggal di Garut";"65520807227";"sigitwirodjoyo"
"18173045428416687";"1780392340";"Kalian percaya??😂😂";"8204925776";"ajie_n15"
"18125483896617046";"1780392342";"😂😂😂😂😂😂";"3645186204";"007.steinert"
"18322559752257811";"1780392344";"Kaya gak profesional duit pribadi dicampur 😂";"417819735";"metaphorfkrhrs"
"18123483751634542";"1780392347";"";"311837606";"atiekastuti"
"18092660717245988";"1780392362";"Kenapa qurban juga gak diambil dr uang pribadi?";"1555100159";"selviadewi09"
"18102280526049926";"1780392363";"Hallaaahh buktiin kalau wowo tanggung biaya..ngarang aja";"58622318719";"khalid71__bersamakutairaya"
"18107364886942467";"1780392363";"HAHAHA. Barudak kaskus😂";"3619964989";"initamseu"
"18154109533483452";"1780392364";"Cebokin terooossss tedddd😂😂";"4971576020";"noersan_ajh"
"18115031539862496";"1780392376";"@rina.inggriyani  ammin ya allah 1000000000000000000 X";"3070421874";"trisumihadi_94"
"18011088974714632";"1780392389";"Boolnya masih anget 🔥🔥";"4017560328";"alfianferyanggara"
"17939377320250238";"1780392397";"Katanya negara lain gak peduli dengan indonesia terus mgapain ke luar negeri hanimun lu berdua";"9047415684";"maulidiak_14"
"17907960303244903";"1780392409";"@_whiteduke asana mah kaktus ieu";"2771368";"aparatmati"
"18100167643876191";"1780392410";"Pingin ketawa.....takut dosa";"827931171";"novahanafi"
"17889791493546604";"1780392422";"Ga percaya gw pake dana pribadi qurban aja pake APBN ehh keceplosan 😂😂😂";"4971576020";"noersan_ajh"
"17910119607410486";"1780392425";"Do percoyo?😮";"80837987791";"ervnfit19"
"17940935043232899";"1780392428";"@sahamdaily @tedsky89 baca komen netizen ttg elu ted...lu menepuk air di dulang";"2028942901";"chokiieey"
"18107169694843067";"1780392434";"Dia ini setiap situasi selalu muncul";"51504452176";"copik.edogawa"
"18088361537067627";"1780392435";"biji oh biji....jilat terus itu biji";"4146458908";"rikyus19"
"18081276737537179";"1780392444";"@rico_ap09 kelassssss";"827931171";"novahanafi"
"18089473286459219";"1780392445";"jaman 120 anggaran berapa? jaman 40-60 anggaran berapa?";"9856079197";"fikri_muazi"
"18432022918192797";"1780392454";"Preett";"1102761076";"riopanjiwidiatmoko"
"18142522420515550";"1780392455";"Kocak sekelas seskab bahasa inggrisnya ngucapin event jadi "iven" percuma world tour wkwkw";"44238029109";"kz_carol"
"18096415844333545";"1780392456";"1. Mending kalo gada biaya ya vidcall aja gausah plesiran😢";"51758439411";"ayaufar"
"18131169706598006";"1780392465";"Masih percaya tentu tidak 😉";"1288006826";"margrittaayu"
"18115753237755109";"1780392478";"Tidak pantas rasanya pemerintahan nermewahan, rakyat nya ada yang mati karena tidak dapat membeli buku tulis. Kalau mau bermewah mewah, nanti saat tidak menjabat.";"608548117";"vivien_soe"
"18165646699433743";"1780392480";"";"18869698261";"cendol_jepara5"
"17890254516375366";"1780392489";"Apa hubungannya sama #anisbaswedan dan #mahasiswa yg #demo terkait #fufufafa dan #pagar #bambu #aguan di #pik #jakarta #indonesia
@sorotan @pengikut @semua";"2165941794";"andrigunawansoe"
"18101638706012540";"1780392490";"Karbitan";"1987482624";"edy_siriwa1987"
"18139224445476912";"1780392491";"Capek dengar nya😢";"39049506264";"zhul_knd"
"17998009391929761";"1780392492";"";"34250546933";"anothermii01"
"18105220259064311";"1780392505";"Bukan urusan duit siapa buteeed eh pateeeeed... Poinnya, seberapa penting elu n bos lu pergi ke sonoh!??.. Bawa hsl apa elu n bos lu dr jalan2 eh pergi ke sonoooh?? .. Pinter dikit napa, biar tambah cakep!!";"294859950";"nita_june"
"18117441835771265";"1780392506";"omong kosong saja";"77476853937";"khilafah_001"
"18089796806622726";"1780392511";"Bunted";"58462268386";"sumringahgulo"
"18092711003248095";"1780392089";"Nyenyenyerer";"1830452788";"layl.lya"
"17864183448627715";"1780392090";"Maca cih bebb";"3985588996";"arifs_08"
"18453171361117411";"1780392090";"";"67418220793";"giglna"
"17935271736072563";"1780392091";"@ardanamirullah dicolek sekalian donk @teddy_hq .@catatanseskab @tedskyfriendsofficial";"4206056150";"annisa_syukur"
"18082710863139628";"1780392105";"Kak masih aman? 😂😂";"1932418941";"ucierusie"
"18132573448603586";"1780392110";"Pokoknya ada";"5729810559";"reggiapriyan"
"18082312976160480";"1780392111";"Kalo sampe terjadi biaya diluar anggaran, perlu dievaluasi sih, knp maksain pergi sampe hrs rogoh dana pribadi. Sdgkan posisinya negara ini buanyaaak utang, rakyat buanyaaaak yg kesusahan bahkan utk sekedar kebutuhan dasar makan, sekolah, syuliidhh, pemerataan masih jauh. Itu uang bs bgt loh utk bikin fasilitas sekolah yg bagus, gaji guru yg layak, dll. Masa sih gamau rakyatnya sejahtera dan berpendidikan?";"173929217";"nainnainna"
"18082163165538553";"1780392112";"Mukelu jauhhhhh😮..";"20690594018";"rioa.pamungkas"
"18085646345385269";"1780392113";"Kabinet isinya klarifikasi mulu😂😂.";"10929704406";"bramantyaptra"
"17921621097361759";"1780392131";"udah bun yappingnya??";"317378098";"ndwiputri1"
"17874473583612124";"1780392132";"Teddy ini gurunya Jokowi..maklumi saja .. ijazahnya saja masih di pertanyakan apa lagi ilmu nya..lagi pula bekas anak buah Jokowi siapa yg punya prestasi paling tidak buat rakyat senang & puas..???";"72076695729";"medan.share"
"18070359074674466";"1780392133";"AI ini mah";"21653132917";"prabuwalters"
"18084872438149993";"1780392134";"Tinggal dipublikasikan saja kan biaya2 nya yg ditanggung";"24668162";"tormamusic"
"17921970534145768";"1780392138";"brp % yang di tanggung oleh Presiden secara pribadi? kalau bisa di share ke publik biar lbh jelas";"3960177568";"frederik_rannu"
"17891679597481044";"1780392139";"ngomong sebakul😂";"1410584853";"akbartabibi"
"18117733162794446";"1780392140";"";"2541562022";"priliysara15"
"18024691889653969";"1780392143";"@thor_bar_bar 😂😂😂";"2892799438";"lima.dewa"
"18325793638248168";"1780392146";"bacot ah";"54000192681";"_shinnnz"
"17887215498559798";"1780392147";"Blunder terus 😂";"3266697989";"fakhriandihamdika"
"18586729507001401";"1780392147";"😢😢😢";"29913773208";"muiz.cr7"
"18052674290758273";"1780392152";"Masaaaaa iyaaaaa😂😂";"1651680078";"hiiniisty_"
"18126316399622612";"1780392153";"Emang ada yg percaya, perjalanan Presiden keluar negeri pake uang pribadi 😂";"75633410503";"doni_han95"
"18105753061981624";"1780392160";"Ini pasti AI";"2892799438";"lima.dewa"
"18139278616540609";"1780392176";"Heleh ,beli sapi aja pake APBN😂";"44305944701";"ggpmgks"
"18104238848091898";"1780392179";"Kalo biaya pribadi berarti benar kunjungan ini bs jd urusan pribadi";"41357560391";"abdulnazi3"
"17957179245140444";"1780392181";"";"59216989217";"erlangga.sng"
"18102662069100682";"1780392182";"Tinggal tunjukin aja bukti bayar nya, mana yg bayar sendiri . Pasti gk mau😀";"24668162";"tormamusic"
"18086342678454408";"1780392185";"hooh tedius mulaii";"13327748243";"jo_rleo"
"17922107343145708";"1780392193";"@mhdglhwbw Nice";"428963313";"supriyatman_iman"
"18091563089040713";"1780392200";"Laki-laki mulu sama deng pulia nih.";"49105379050";"giftzaternate"
"17925435300126302";"1780392204";"Jangan ngomong aja, bikin laporan pengeluaran biayanya sini. Biar kita liat.";"2232308881";"rizqirampampam"
"18098429303270593";"1780392206";"percaya percayaaaa";"4002728879";"pradityachndr"
"18105108620059099";"1780392214";"lah kalo kayak gini ya namanya jalan2 kocak wkwkwkwkw";"26526516468";"wninter"
"17854026171675921";"1780392215";"Beda kelas gak usah dibahas";"57662151481";"arieflaksanaaa"
"18084630851623058";"1780392217";"Bun😂";"44170913646";"putra_rawa1984"
"18062822693469046";"1780392218";"gajelas";"2283995769";"hemasputri_"
"18104552233966365";"1780392218";"Sibuknya melebihi wakil presiden😮‍💨";"52205717049";"wafa_azizah97"
"18153984046484370";"1780392226";"Teddy teddy😂😂";"65454901074";"puput_4nanta"
"18021503531839173";"1780392228";"@ranggawarsitaaji belum nongol disini?";"7421900405";"wisnu.jn"
"17963655687120563";"1780392231";"Kan cuma di kasih saran sama pak Dino mau terima atau tidak terserah lu,";"2867825883";"yaminmks05"
"18164926189436523";"1780392235";"@agamkupie wkwk suka yang bar- bar gini 🔥🔥😂";"3306005891";"nurma1226"
"17948616228187997";"1780392236";"@habibie_moehammad parah ini mah... 😂😂😂";"1217999012";"mulyanto_moels"
"18097656425128992";"1780392245";"";"1531203498";"ujan_deres"
"18091675043591776";"1780392254";"Bowty halu";"2316833389";"afr_manda"
"18166075888427630";"1780392255";"😂😂😂😂😂😂😂😂😂😂😂😂😂😂😂😂😂😂😂";"2268524624";"mughniy_eda"
"18059552165716182";"1780392257";"Dari rawut mukanya aja udah gak meyakinkan ini";"1947089362";"mandu_gyoza"
"18009145694899487";"1780392265";"";"252258050";"najip_ali"
"18111597070706506";"1780392273";"Pret";"317785922";"silvanattamimi"
"18071678330331201";"1780392274";"😂😂😂 gak percaya";"219757245";"edypriyono"
"17952197649159991";"1780391947";"Kurban aja pake APBN looh😂😂😂";"6045654787";"pearlsibarani"
"18341318581219639";"1780391947";"Harusna duit pribadinya pake Qurban ajja.";"80555180732";"tatangmulyanaagus"
"18094750442218519";"1780391951";"Sekelas Pejabat Karbitan begini deh... @teddy_hq";"3133475118";"rezinanahdiah"
"18204537454350019";"1780391951";"Freet bau jigong";"7144002975";"hjhobirobiah"
"17891989035480974";"1780391953";"Sprtinya presiden memang harus dijauhkan dri mahluk satu ini,,,";"5799731930";"fajar_s1986"
"18114606955857016";"1780391955";"percaya prabowo pake duit pribadi? kurban aja pake apbn";"1943474818";"nanda_w_p"
"18002143190755353";"1780391958";"";"67418220793";"giglna"
"18120498028667252";"1780391958";"";"35154672";"armin_di"
"18099372140133381";"1780391963";"Salah dalam bernegara. Begooo";"5790371514";"bukanmanusiahedon"
"18070932272687917";"1780391971";"Muaaaaaakkkkkk🔥";"470865134";"nandriais17"
"18111764794714049";"1780391975";"@_whiteduke anjiirrr 🤣🤣🤣";"6057843931";"geugeubog"
"18173480944410736";"1780391981";"Apa enaknya travel pake duit sendiri tp buat kerjaan,, aneh,,";"1440642126";"kikirfg"
"17861781765634339";"1780391983";"Mane neh bukti buking lewat appnya ?";"493163286";"luffyjulian"
"17990664365987488";"1780391983";"@mhdglhwbw malah tambah pusing dia disuruh jawab begini. Ya udah hit and run aja.";"75419354982";"bobono625"
"18021779534669754";"1780391989";"😂😂😂😂😂";"5452515184";"narinanina12"
"18074999201689142";"1780391989";"Yg klarifikasi ani ani anjiirr mana di percaya";"5631497847";"rausansyamil.23"
"18106282177891243";"1780391990";"😣";"1453263558";"alfirafitrinurriza"
"18101210248855217";"1780392003";"";"2017125612";"madtisna"
"18327302194252394";"1780392006";"capek";"33537916843";"mrep_art"
"17866197957573142";"1780392008";"Memang ke semuanya kaum betina yg benar 👏😢";"9167826378";"stenlytjung"
"17973681363057476";"1780392008";"Masa sih, gak percaya";"34031810";"deskynowsky"
"17993811404978441";"1780392008";"";"67487182234";"advenapollutus"
"18104623984821007";"1780392011";"Eneeekkk bnget liat org ini knp yah";"47543863336";"adingg.adingg.79"
"18122041729639516";"1780392013";"yaudah, coba liat transparansi dana keluarnya, berani ga?";"2281411844";"kmalfhm"
"18023882381832890";"1780392017";"Kang cebok... Ehh sis cebok... Aduuhhh 🤭🤭🤭";"6057843931";"geugeubog"
"18441627865139935";"1780392017";"😂";"33204937022";"diiey1407"
"17938821108223719";"1780392023";"Y";"21689688";"astridgayatri"
"17970982892899111";"1780392025";"Masalah utamanya lu tedy";"38298160573";"wrongway_189"
"18101272175088276";"1780392027";"kocakkkkk";"574365533";"rizkamaulayaaa"
"18119831122670639";"1780392033";"Gilak maximal 60 orang sekali pergi 😮😮";"45679661";"t3ndy"
"18092914370194859";"1780392036";"Halah mrupusss... nggedebuss";"2208786372";"arif_munandar_prayitno"
"17978472759012613";"1780392044";"smua org jg bisa kalo sekedar omong...";"648417051";"riyanmeydi"
"18105451612966647";"1780392046";"";"8419599979";"elsafan_ok"
"18072829127679072";"1780392052";"Yah mana kite tahuuu😂😂😂";"523096059";"moelyati24434"
"17884721319571009";"1780392054";"Cuma mau bilang, KURBAN aja atas nama Pribadi pakai DANA APBN. Konon lagi bayarin kelebihan biaya perjalanan dinas pakai duit Pribadi..🤣🤣🤣";"4088541369";"djoko4286"
"17968480977079627";"1780392054";"Pak dino ngasih saran point-pointnya jelas , disampaikan dengan cara yang sangat elegant , kalo ini nyinyir kek emak-emak 😌 Ya Allah setelah ujian 5thn ini , angkat derajat semua rakyat Indonesia ( kecuali 58% ) 🙏🏼";"6091765093";"rina.inggriyani"
"17927686974334127";"1780392058";"Di";"10929704406";"bramantyaptra"
"18020684402836411";"1780392059";""Kelebihan biaya yang telah dianggarkan .. " Ya iya lah, tapi yang dianggarkan nya berapa? Dan itu masih belum cukup kah sampe harus ngeluarin duit sendiri ?";"3679533819";"muhendragun"
"17910757185222445";"1780392060";"ngebelain pacar segitunya";"17588094315";"zainkmlia"
"18071987468484880";"1780392060";"Pak";"10929704406";"bramantyaptra"
"18100672391025337";"1780392062";"@m_uwel Letkol itu normalnya setelah 17 tahun berdinas, setelah menjabat Danyon atau lulus Seskoad";"53086910581";"agamkupie"
"18018362204683554";"1780392063";"Dari pada lo yg ngomong cuma sekedar jongos,, kami lebih rindu gibran wakil presiden yg bicara wkwkwkkw";"4625342917";"pinky_80y"
"18134615344562690";"1780392063";"Teddy  ketauany gobloknya";"1436740734";"adam_ramadhan_batubara"
"17977309914041285";"1780392070";"Orang bilang jaman Jokowi rusak...tapi jaman Prabowo 🤫🤫🤫";"989435715";"agoengpewe"
"18122154913648493";"1780392071";"Kebiasaannya kan nyinyirrrr😂 adalah pokoknya";"325994014";"meixia106"
"18010818503858938";"1780392072";"@mhdglhwbw bner, justru malah makin keliatan gak kompetennya";"3640476336";"riri.rizal_"
"18087555692575249";"1780392078";"";"47596788314";"bbrosick_"
"18213475888336855";"1780392082";"GA ADA GUNANYA BU TEDY NGOMONG..";"33223252265";"hamba9079allah"
"18325146697250481";"1780392087";"Kalian percaya? Aku sih engga bun wkwkwk";"481410882";"dwiirawan16"
"18155640601465624";"1780391756";"WOI PASCOL LEHER NYA MANA";"3801265155";"kevin.diablo33"
"18011692322887621";"1780391763";"singkat saja: IDIIIIHHHHHH!!!!!";"33970704";"alineafajr"
"18006769217864193";"1780391764";"@yadimafata 😂";"6321093036";"reza.razak.74"
"17930218971275387";"1780391770";"Lebih percaya lucinta luna hamil 😂😂😂😂😂";"3501718686";"devanifathers"
"17964387686935731";"1780391774";"Muak sekali melihat wajahnya";"1323389277";"theresabenedicta"
"18424501963134384";"1780391776";"Makin kocak ku liat2 orang ini🤣";"52841504";"hofimoura"
"18106780057751177";"1780391777";"Ahh mohon maaf, di tengah banyaknya kebutuhan publik yg mendesak, Aceh belum pulih, harga-harga naik, wajar kalau masyarakat mempertanyakan prioritas anggaran dan meminta transparansi lebih besar. Kalau ada yg pakai uang pribadi detailkan yg mana. Biar publik nggak disuruh percaya begitu aja👊😒";"6377260608";"trend_asia"
"18078170108645737";"1780391778";"Ya Tuhan ...Kapan berakhir rezim ini?";"79599135044";"valenwiillam"
"18078900785541885";"1780391785";"@yadie_sirat 😂";"6321093036";"reza.razak.74"
"18103373417327398";"1780391785";"Dl luar negeri ada pelangi ndk?";"7119126045";"budihendratno.official"
"18393481474090396";"1780391785";"mang eak";"1720447028";"asrifajriyanti"
"18071351345667109";"1780391786";"Sejak kapan kunjungan bisa pakai biaya sendiri? Bagaimana pertanggung jawabannya. Kalau pakai dana sendiri seharusnya pesawatnya pakai private jet dong";"31967626";"liphy_cantik28"
"18156152029458485";"1780391791";"@umma.tsabit2 😂😂😂 wkwkwk iya nih bener juga";"9188321346";"aw.an711"
"17955371055136526";"1780391792";"Ngoplos dana pribadi dan kegiatan kenegaraan justru bikin pertanyaan baru… mana yg urusan negara, mana yg urusan pribadi?😒👊";"6377260608";"trend_asia"
"18321245926273163";"1780391792";"";"6850839266";"yesman_cleanspotless"
"17891102019515797";"1780391805";"Gak guna Lo ngomong";"54605826406";"ecowisatauludanau"
"18106974833483863";"1780391812";"giliran qurban pake apbn 🤢";"3511571940";"bernikamrdy_"
"18138679228472039";"1780391826";"Wanita memang selalu benar";"373043060";"dhanydecoco"
"17925342480127630";"1780391839";"Sedih ga lu APBN dipake buat 2 hari kunjungan ke Australia ngebiayain 50+ orang. Anjirrrr.. Kaya kita coyy sebenernya maah..";"144077848";"suci.rahmadh"
"17851505265694760";"1780391844";"Joaaaak dhau e mbe aeh";"43804516099";"dd_barus"
"18425053768123287";"1780391847";"Dino sokap ted?";"16196064";"mr.leeale"
"17982698291842984";"1780391866";"😂😂😂";"313911383";"aas.saepul.anwar"
"18165476689429664";"1780391866";"Emang dibolehin uu yaeh dinas pake uang pribadi? (Nanya dengan nada lembut)";"7976860239";"prosafikululum"
"18122991202639547";"1780391868";"Lebih percaya gufron ngobrol ama semut";"44523355225";"pastiadajalan06"
"17958861627123314";"1780391876";"Eh botol minum mendlep😂";"72547947059";"mekaraflorent"
"18082196129173549";"1780391882";"sok cantik banget";"26321634755";"j4ckhorseman"
"18100052972134706";"1780391884";"@habibie_moehammad BWAHAHAHAHA";"60901674880";"rezza_ilham1808"
"18101356958113265";"1780391887";"@yadimafata - 😂";"7634791565";"trivenakalebu"
"18072817226320513";"1780391889";"🫣🤦‍♀️🤯";"5671170227";"pebriana.vida"
"18090227453461247";"1780391896";"😂😂";"1943321586";"mukti_ali77"
"18217076815324384";"1780391899";"Jumlah orangnya berkurang, tapi intensitasnya bertambah ga dibahas ni tiwi?";"661793619";"alsuratna"
"18456527062119014";"1780391908";"Kapan lah bs punya sepatu boot dr kulit asli y? Pasti mahal. Andai punya, enak bner kyaknya buat nendang wajah ibu negara satu ini 😌";"13135536201";"antiqritiq"
"18427666435122095";"1780391909";"jumlah rombongan dikurangi tapi frekuensi meningkat drastis , bayangkan dalam setahun bertugas jumlah nya sama dengan 10 tahun era presiden sebelumnya";"23812114219";"band.ruu"
"18071264675338431";"1780391910";"Aslinya jelek kok dulu banyak yg tergila2 dr segi mana dia ganteng?";"1292456050";"syarifhuman"
"18069493967362558";"1780391915";"Yang bener aja bun, plesiran sampe puluhan kali 😢 belum juga setengah periode. Apalagi kondisi krisis dimana mana, ihsg anjlok, rupiah udah gak ada harganya, sumut mati lampu, aceh bencana... gak ada prihatinnya bgt 😢";"1220648294";"indahhahoo"
"18113055997846252";"1780391918";"amacaaaaaa????😵‍💫🥱";"32441376";"deriarini"
"18118904299682805";"1780391918";"😂";"10629051402";"binwolf_"
"18094495048952350";"1780391920";"";"1700017232";"muthmaiinnah16"
"18079391636366941";"1780391921";"😮";"74725183366";"khadjeeya"
"18105369616952893";"1780391924";"Anak bawang. Mau bicara negara. Hasilnya rusak permanen.";"80429479345";"ibnuachmadsigit"
"18141290083521240";"1780391926";"siapa dulu yg mengidolakan boty ini hayo ngaku!!!!";"60514582424";"secorpio2002"
"17997100841954993";"1780391927";"Anak SMA bahkan harusnya bisa nalar logikanya, ini sekelas seskab???";"4546091839";"wahabbkamal"
"18048596693771295";"1780391928";"Orang kaya gini yang selalu dihindari @liburanjo untuk jadi klien. Mending tolak diawal daripada belibet";"192985761";"helmihongi"
"17950977300176918";"1780391929";"dia ini siapa? menteri kok di bawah eselon 2? menteri kok lapor pekerjaan sama dia?";"70276877659";"gnecolsen"
"17883031515584585";"1780391936";"TEMPO INFO ?";"2321563802";"komangramantya"
"17989255358797661";"1780391943";"foya-foya kaum bot💄";"3234739846";"rusi_otoy"
"18097076672466379";"1780391596";"ISTRIKU bilang... dia akan selalu membela suaminya dalam situasi apapun";"65177029442";"rizk.yabsah"
"17967155865073652";"1780391599";"hilih";"1558774240";"irianaxpuput"
"18120777916709766";"1780391605";"Akhirnya juga di rembes 😂😂";"1955687272";"ozi_al_qassam"
"18073775555322677";"1780391606";"Ga aple to aple Pa Dinopatijalal dgn dia mah. Jauuhhh...";"4036726870";"mbuls_dad"
"18123564814635121";"1780391611";"@thor_bar_bar anjay anomali , bombardilo crocodilo gak skalian bang";"70123468092";"goodtowo"
"18116762755698292";"1780391616";"@teddy_hq dino patti jalal bukan diplomat karbitan, bukan pejabat karbitan";"8564066178";"mynameis.ip"
"18015152603890125";"1780391617";"Kukira mau membantu beban rakyatnya, ternyata dia yg membebani rakyat";"628962681";"edwin_abumahreen"
"18117677719759908";"1780391618";"@pascawana nyinyirnya natural";"288959053";"kahfimuhammad"
"17891614464480744";"1780391623";"Negara ini akan hancur karena org org kaya begini";"3718124723";"benk_bomet"
"17935518729254933";"1780391624";"Lawak, dananya. POKOKNYA ADA";"40770701139";"cianjur_2605"
"18064329578449411";"1780391627";"MBG tanggung jg dong sebagian bs gak";"1798414634";"smilemamenk"
"18330224761266218";"1780391629";"Jumlah org yg ikut sedikit tp blm setahun udah 3x ke Perancis, malah lebih boncos. ( #effeiliminlove3";"23762502";"ed_aulia"
"18593774962027964";"1780391634";"Klarifikasi di akhirat aja ntar... Dah muak kali liat kelakuan kalean.!!";"458283870";"why_dtri"
"18055482422679328";"1780391635";"@yadie_sirat masalah Prabowo nya tau ga yaa....apa yang sebenarnya terjadi...kasihan juga sih";"4465534471";"han_achir"
"18116678578826543";"1780391638";"Ya dia yg mau poto2 konten ya harusnya semua biaya ditanggung sendiri";"182446315";"viva_vika"
"17950020495154207";"1780391644";"Itu kn masih aktif TNI kan kalau di terjunin ke medan perang ., wasalam duluan sih";"144565007";"nuarifaturrahman"
"18073996508679701";"1780391645";"Taaiik";"77902226586";"ayudiawatianita"
"18094435187597352";"1780391646";"😂😂😂";"2005039295";"indra.ariwjy"
"17889860556519968";"1780391649";"Lebih percaya hitler mati di garut";"265400996";"arienugraha97"
"18114864178865152";"1780391657";"💩";"8189129454";"purwantooo35"
"18270373567293313";"1780391663";"Rombongan 100 orangan buat acara dari tanggal 18 sampe 30 september. Dibandingin sama acara 2-3 hari. Ga masuk akal buna.. Tim inti yg berangkat cuma 20an pas jaman SBY untuk bolak balik 4 negara";"144077848";"suci.rahmadh"
"17883211425584182";"1780391670";"Yang ditanggung Prabowo itu untuk merayakan pesta ulang tahun mu ya Ted😂😂😂😂😂😂";"4477454864";"aha_shop.indonesia"
"18123235861652127";"1780391670";"Ikut lewat aja saya... 👀";"2290071836";"achin_tdfc"
"17866695927686012";"1780391672";"apa beda nya Tedy sama Mama Ghufron?";"66316533537";"schattenruh.io"
"17870793444617478";"1780391673";"Bacoodddd";"7173302710";"lylo_quga53"
"17969565468064785";"1780391680";"@lembuwiworojati 😂😂😂";"6321093036";"reza.razak.74"
"18360628024233351";"1780391682";"Datanya mana? Tunjukin dong, jangan cuma narasi";"1730341276";"nizam_jefry"
"18075194132295510";"1780391683";"bersyukur punya presiden kaya";"1654845234";"djuemono"
"18198558103362118";"1780391690";"Yg Di Tanggung Berapa Banyak ? 1 JT ? 100 Rb ? 50 Rb ? 500 Rb ? 5 Jt ?";"44415187708";"songokutajir"
"18084566858433304";"1780391691";"Stres";"1339862945";"gilarislamiati"
"18111607642895465";"1780391692";"@habibie_moehammad 😂😂😂😂";"6321093036";"reza.razak.74"
"18051394430588072";"1780391700";"Istri Klarifikasi";"1444967391";"thianakbr"
"17910848133408841";"1780391702";"Mantep split bill 👍";"216502971";"wulan_herlambang"
"18050273888764986";"1780391703";"Omak banya 50 org😂";"19037922826";"yusravernanda"
"18168362320425308";"1780391703";"😂";"252299083";"didanhadad"
"18092107249990218";"1780391704";"Masa sih";"337566176";"achmadi_anggi"
"17970071310069421";"1780391711";"Lah berkurban aje pake dana APBN, ngeles aje kunker pake dana pribadi yaelahh dikira gue bakal percaya kali 🤣";"1492784441";"asramunw"
"18082351943388101";"1780391718";"Tapi booong....wong korban aj pake APBN";"53549417347";"tie_poernomo"
"17919163545161699";"1780391720";"Visualnya daging, isi videonya jeroan";"325994014";"meixia106"
"18115270885882196";"1780391723";"Malah Bandingin sama jaman Sebelum nya lawak lu ted";"59668750811";"thereal.ilh4m"
"17898660690311170";"1780391726";"atur buted";"2877906411";"arif.lau"
"18111280445496617";"1780391735";"Jadi ingat kata Om Mandra🔥";"143723101";"iqlymanabila"
"18076501949290834";"1780391738";"Bukti";"2074042475";"giantoputrra"
"18005934674740352";"1780391740";"Aneh aneh aja";"7271703427";"sutjis"
"18356044264212433";"1780391745";"yaelah";"18560234";"fiscorsica"
"17873529504613799";"1780391746";"Malah jd blunder";"6321093036";"reza.razak.74"
"18082325420639854";"1780391746";"😂";"2803201599";"lilyodiliaulu"
"17879093685453668";"1780391750";"Masih percaya sama omongan Teddy ini? 🤢🤮";"2139675384";"feradewilestari"
"17987243100003277";"1780391750";"Yang penting angle kanan 😂";"18078515";"dimaswiby"
"18105417649950174";"1780391451";"Sok cantik";"5895086368";"surjono_budi_"
"18008317418729138";"1780391453";"";"233870272";"khoeadrian"
"18092851118460989";"1780391453";"Buktinya mana ? Qurban aja pakai APBN 😂";"2049467646";"cendilyandri"
"17940544179236504";"1780391456";"BUNAAA😍😍";"18539621840";"z_ealll"
"18091433903139598";"1780391457";"ni sekarang klo ada yang kritik..langsung jawab dan baper jawabannya....coba itu tolong di cek benar ga pa Wowo ikut bayar..";"26685272674";"ratnawulan1107"
"18163371391444521";"1780391457";"Bohong gak bisa ngac*** lo ted";"4053707301";"muhiyargantari"
"17879214000454731";"1780391459";"SIAPA DULU YANG WAKTU KAMPAYE MAU DI GENDONG AMA DIA 🗿";"1786536468";"mlsilfa"
"17876387262668826";"1780391460";"Ga percaya kalo pakek uang pribadi, gombal, prabowo aja kok pakek uang pribadi urusan negara, ga mungkin";"8564066178";"mynameis.ip"
"17899060575450070";"1780391466";"yakinnnn... beli sapi aja pake apbn 🤭";"3154162277";"ilhamwahyuse_"
"17883631134576354";"1780391469";"di belakang pak Dino itu ada SBY, si mayor itu saking jumawanya sampe gak peduli hal itu";"53086910581";"agamkupie"
"18001821218939288";"1780391472";"Dih";"506917126";"ywl.ndr"
"17866249266563179";"1780391473";"@thor_bar_bar @naaejiii 😂";"51420849636";"yowfhy._"
"17961956409106111";"1780391474";"";"1588668287";"akbrrf_"
"18102290411002716";"1780391477";"Kalau ngomong tanpa bukti  mah sulit dipercaya. Transparan gak? Serius nanya";"75527963498";"mawa_r6387"
"17884181157570892";"1780391484";"Inti klarifikasinya: gaboleh ada yang ganggu pelesiran dan kebahagiaan kami berdua. 😜😂";"72133715976";"achmad_kareem"
"18023893910833046";"1780391490";"Lbh percaya wowok bayar smua biaya kunker ln";"409801636";"onisuganda"
"17919429360167768";"1780391491";"Pretttt";"690916753";"herakei07"
"18058109663501880";"1780391492";"Ga kebalik??😂";"4231768736";"danank_drum"
"18099073595275519";"1780391495";"Tolend*";"4103893336";"faisarman"
"17864859054574181";"1780391496";"Kalo saya pribadi jd pejabat negara, perjadin ya pake uang negara lah, kan menjalankan tugas negara, nah kl kurban pake uang sendiri krn harapannya ya pahalanya buat saya pribadi diakhirat, ojo  blunder, tambahan umur dikasih Allah  udah banyak diband rasul, apa yg dicari?? astaghfirullah..";"5581576203";"eviverawati.abitama"
"17872774773615733";"1780391501";"Percaya ama orang ini sm dgn menduakan Tuhan 😂😂😂";"1377715596";"enuurrr1"
"17876526375478904";"1780391503";"Poinya bukan itu, kelen ngapain pigi2 aja !! Kelen tengok negara ini, gmn mirisnya rakyat di bawah yang ga pake dollar itu bertahan hidup !!🫵🏻 kau jangan2 jiwa mu bukan untuk negara lg, tp untuk praroro !!";"1051342845";"askaniaf"
"18100010180150032";"1780391506";"Pokonya adaa";"1399848513";"ipans_sunzdara_38"
"17919280206162007";"1780391508";"Perginya pake Dana pribadi pulangnya direimburse kan😂";"315207073";"dillapict"
"18126677362616724";"1780391523";"angel kanan";"7120780033";"karimahero_"
"18077232959291557";"1780391527";"Pokoknya ada";"547248600";"diokhalid"
"18075948410663819";"1780391531";"Gegara lu jd banyak masalah deh ted";"279346768";"fnazhofa"
"18091896530196378";"1780391531";"Pake uang pribadi.. cara ngitung nya gimana?😂";"4036726870";"mbuls_dad"
"18010598519898184";"1780391532";"💩💩💩💩💩💩💩💩💩💩💩💩💩💩💩";"5823722233";"gandupermana"
"18132428011573017";"1780391537";"muncung muncung";"556084962";"desisire"
"18394789831082662";"1780391541";"";"3305454160";"frhnanzr"
"18138344227543359";"1780391542";"";"61346089689";"dwikabe2023"
"18089659421524415";"1780391556";"Sapi saja dia ogah tanggung gimana kunker 😂 ah semelehoy";"1437671752";"thedense__"
"17930341962290816";"1780391568";"Lu pada percaya derr? Qurban aja pake apbn😂";"3276500251";"yudhinuf"
"17856819273662369";"1780391571";"Berarti gede ya sampe kurang harusnya masih banyak lebih nya";"69532299102";"fe_rae29"
"18086099135100861";"1780391572";"Begitu kerasnya dia memberikan klarifikasi, ini membuktikan bahwa kritik Pak Dinopati mengancam rencananya halan halan ke luar negeri  bareng bapak";"176388849";"kak_irfan"
"17861025942601317";"1780391576";"Ya kalo 50-60org yg tp frekuensinya sebulan 3x ya tetep aja lebih boros dong bambangggg, fokus Pak DPD itu bukan jumlah rombongan, tp total biaya, hasilnya apa jg g jelas~ trus kelebihan biaya tuh apa contohnya??? Emg dlu ada Presiden perjalanan dinas keluar duit pribadi?? 😂😂😂";"217766509";"dw.agrni"
"18086479970381876";"1780391576";"Ga percaya sih... Kurban aja pake APBN, masa ini pake biaya sendiri?? Lg bulan madu 😂😂😂";"465449438";"septiyani.purnama"
"18095864095943460";"1780391577";"Pokoknya ada";"33645162";"puripyur"
"18086490500435499";"1780391578";"Mau kurban aja pake apbn kok😂 tpi atas nama pribadi 😂";"6502030262";"putra_ptr16"
"18206617135340063";"1780391583";"Wajarkok semua pasangan juga pasti gak akan nerima kalo pacarnya di senggol, kenapa gak menlu atau jubir yang klarifikasi 😂";"6669146907";"shihabudin_ahmad"
"18122356027581126";"1780391591";"Maaf, pa Dino Jadi Diploma dari muda dan tentunya ga instan kan...??😂";"3749909829";"cahyabecik"
"17929077066324324";"1780391594";"Numpang nanya apakah teddy juru bicara presiden";"57609523824";"makassar_secondshop"
"17927653065343088";"1780391595";"Perusahaan saya mandeg,gara2 berkuasa.. Lebih percaya itu si";"1596747394";"jazdbadrz"
"18011065043714167";"1780391596";"";"72191008396";"afitzulfikar"
"17883963717572211";"1780391290";"Ga prcya gw mah.Korban sapi aja pake APBN.ilokan kujungan krja KATANYAAAAH pake duit sndiri tambahan nya..NGIBUL qja bunaaa😂";"5625420750";"ibusyurgamu30"
"17864880843627569";"1780391294";"Giliran kurban pake dana APBN (padahal syariat nya pake uang pribadi) 🙄";"275131693";"captainmiow"
"18123513979563055";"1780391302";"@hanggafpp ampun bapak";"1525058241";"ardanamirullah"
"18122297308638921";"1780391308";"bisa di blur gak mukanya gw sebel bgt dah 😂";"39065959309";"virrrrrdaavf"
"17993063072988397";"1780391309";"@ardanamirullah VALID 🔥🔥🔥";"9407657081";"tafie_ta"
"18106350724778289";"1780391309";"Seharusnya kritik yang disampaikan oleh seorang Diplomat Senior, Dino Patti Djalal, dijadikan masukan buat Pemerintah kedepannya, mengingat yg disampaikan nya merupakan bentuk keresahan dari seorang yang pernah cukup lama berkecimpung dibidang Hubungan Luar Negeri, dan bukan seorang Diplomat kaleng kaleng ataupun Karbitan. Terlebih Dino memiliki akses jejaring komunitas internasional melalui FPCI sehingga yang disampaikan nya tidak ada muatan Politis, sebagai pemegang Bintang Mahaputra Adiprana yang diberikan oleh Presiden Prabowo di waktu lalu.";"55371789820";"bro.fahmikhaidir"
"18093899726205463";"1780391310";"😂";"7343849509";"zaenorridho"
"18101948105012999";"1780391313";"Buna lagi badmood ya? Mukanya syududu bgt";"203482549";"kurniawankurri"
"18137540707545593";"1780391315";"WONG 2 AE, KOEN AMBEK BOWO AE GAK NGATASI TA TED??";"3865272472";"dagangancakseger"
"18232825252311799";"1780391316";"Kudu tak antem 😢";"1783432836";"qubaylal"
"18084019235398858";"1780391317";"💩💩💩💩💩💩💩💩";"5860118451";"mbah_mett"
"18087410813568909";"1780391319";"r u jealous?";"2138945247";"telenoveeaa"
"18105946123950219";"1780391319";"He is Y/N in real life";"2058540170";"hanifahn_az"
"17935725807069100";"1780391325";"Smakin ngomong smakin blunder";"55404137678";"azizah_reborn"
"18124265827649785";"1780391329";"@aryafdjr ini yang pernah kau jelaskan ke saya soal tidak boleh pakai uang pribadi untuk keperluan negara. Malah kejadian sama kepala negaranya sendiri hahaha😂";"3995124405";"rafly.ramadhannn"
"18012789872902733";"1780391331";"Opung pensi terbitlah teddy";"2062968444";"kisyah279"
"18092979587616091";"1780391331";"bundses 🫦";"1162826859";"candrakusss"
"18533954494072660";"1780391338";"Terlihat defensif. Udah bener presiden pidato pakai teks kemarin, ngga ngawur dan bikin gaduh. Eh ini sekarng seskab klarifikasi tapa data dan tak menjawab keraguan publik. Malah publik makin bertanya-tanya. Blunder lagi aja deh 😂 Pejabat kok baper.";"11341299716";"fh_nazri"
"18443586412137486";"1780391345";"Maksudnya mau sok-sokan berkorban sampai pakai uang pribadi gitu, ya? 😌";"2521836704";"yukerachma"
"17925187626343718";"1780391346";"@wha0ne Tesye 🤭";"54083056039";"dewieringa"
"18002933792940916";"1780391348";"(( tata kelola ))";"1527106276";"adi_7.1"
"17989889480798058";"1780391355";"Letkol jalur karbitan, mana ada biaya negara di tanggung pribadi 😂😂";"3578229010";"bambangzamri"
"18123067591636343";"1780391356";"@ayuna_ms Tedy: pokonya ada";"5438042047";"abhoy_77"
"17920833525361934";"1780391359";"pokoknya adak";"1710811536";"neaandr"
"17877414126468874";"1780391360";"Udah lahhh, sibuk kali klarifikasi, 😂😂😂😂😂😂";"6950720693";"annawdyt"
"18193234711369443";"1780391364";"Yang di kritik presiden, yang klarifikasi ibu negara😂 Btw Tedd, lebih baik itu jawab dulu statement Amien Rais, berani ga?";"451696375";"jlaksana"
"18002266292926654";"1780391367";"selalu bawa rombongan ondel²";"637891501";"mas.alfiandro"
"17879021505453677";"1780391369";"pernyataan yang gabisa dicek akuntabilitas nya";"4128456654";"gustrid"
"18104985910973806";"1780391369";"MUNGKEEEN!";"4715442";"ryanricat"
"18149362843494048";"1780391369";"semakin Lo jelasin semakin ngawur. konteks kritiknya bukan itu cantik...";"1318673522";"oshoyhady"
"18083354738445792";"1780391370";"Masa ?";"1365535170";"sulasmidori"
"18117499732694864";"1780391371";"Masak sih,kurban aja pke duit negara";"216594190";"arulovers"
"18321024010285643";"1780391374";"Blunderrrr 😂😂😂😂";"212614895";"buddiabid"
"18341404252171441";"1780391377";"Masa sieh";"64598519554";"achmad_nina"
"17977887438040555";"1780391388";"Pura pura percaya aja";"12308937245";"ysrshal"
"18035199332656295";"1780391390";"";"180515622";"anikkuchan"
"17917759704381286";"1780391394";"Apa guna punya ilmu tinggi,kalo hanya untuk mengibuli 👅";"9168541667";"jefryekasaputraa"
"17893008291351821";"1780391396";"Sejak kapan kerja seskab itu klarif???";"1479357503";"simasadam"
"18084947141436002";"1780391397";"Ibu negara lagi sensitif 😂";"1194592079";"et_reks"
"18164254264449747";"1780391402";"Dia dulu ikut Mulyono, masak gak ada agenda? Ah aku curiga";"3937740378";"ikkeanna_"
"18087988304217752";"1780391403";"Rezim banyak omon";"719474525";"sayabukansiapasiapahaha"
"17991141971983741";"1780391410";"@nurintanwk mungkin dikiranya duitnya jg";"653218822";"nidadenia"
"18354155605209056";"1780391410";"Ingin ku berkata "nyenyenyenye...." 😌";"4325092104";"gerai.kokos"
"18130807117580448";"1780391412";"Kata gue mah mending diem aja pak";"793742824";"wynda_ita"
"18153513412471092";"1780391430";"";"506962426";"rizkiimuhammad"
"18109244369301945";"1780391433";"Keluar negeri ngapain bnyak bnyak bawa rombongan. Mau Halan Halan apa gmna sih";"48837527451";"havva.rr"
"18083203106141232";"1780391440";"Gelay amat bun";"2269547939";"a_aad__"
"18090417539153332";"1780391440";"Bohong";"683466077";"wahyufird"
"18096276589949470";"1780391138";"Mawrah";"316546781";"syaifnarsw"
"18412339072199819";"1780391140";"Emang rakyat tau";"19808905586";"ratnamurdaningsih1961"
"18099466580116672";"1780391144";"Buntedddddd 💨💨💨";"207090291";"rachmiayua"
"17884175421417008";"1780391148";"Tingkat kurban aja pkai uang negara, apalgi kunker😂😂😂 logika dikit dong buna klau ngasih statement 😂😂😂😂😂";"2118057617";"fajar_juli_ayahnya_adam"
"18122227759710380";"1780391151";"pls sorot juga angle kiri";"1519774148";"allliiyyaaa"
"18123337408567563";"1780391156";"Ngaco banget ni orang";"1983079308";"deaderaaa"
"18145395448446708";"1780391157";"Saya lebih percaya kang Elon Musk tukang cilok😄 , ketimbang apa yg buted bicarakan😛, ayooo dong kasih liat bukti2nya klo bayar pribadi.";"3922796859";"julia_jute"
"18140054080473789";"1780391166";"Hmmmm.... yuk pendukung keluar dong aku senang melihat kalian membela :) gas terussss sampe demo besar2an yaaaa";"20142625";"ryanmadya89"
"18441673966186122";"1780391174";"Belain kekasihnya,  MUSTAHIL pakai biaya pribadi, hujan penuh warna";"1236669495";"abdul_syukr"
"18052004867758995";"1780391175";"@mhdglhwbw apa pake fulus dari denda triliunan. Ke pengusaha tambanga dan sawit?";"59915281230";"behumannow2"
"17951806716177036";"1780391184";"Apa apaan ya.";"1607039209";"helenaputrih"
"18598834609028332";"1780391184";"HAHAHAHAHA";"2939106818";"meflinovita"
"18121248124673768";"1780391185";"gajelassss";"2222181139";"etherealious"
"18002430530924356";"1780391194";"";"43013631";"nfahmil"
"18133057639566305";"1780391195";"😂😂😂😂😂😂😂";"3702784554";"win_adiputra"
"17911594623407498";"1780391196";""Berkunjung ke negara lain untuk menjaga hubungan baik agar suatu saat terjadi sesuatu di Indonesia bisa saling tolong menolong dg negara luar", waktu bencana Sumatera malah menolak bantuan luar, katanya bangsa yg besar tdk butuh bantuan luar. Lah piyeee, au ah pusink 🥱🥱";"3605686476";"ditaoktavv"
"17892741576355203";"1780391201";"Lagian ngapain ke LN mulu sih heran kalo emg uang yg dianggarkan kurang. Ngebet bgt pengen jalan2";"3321395758";"gedhaaang"
"17968958841098710";"1780391204";"ibu negara buka suara";"2084065532";"fedro.gc"
"18089305250183049";"1780391207";"";"3604076921";"g.adriyant"
"18100641314147513";"1780391210";"Mungkin utk beli kue ulang tahun 🙏";"2198921330";"adeftrr"
"18217215715326079";"1780391210";"@syanaini anda cerdas sekali,👏 itu kan yg tidak terpikirkan oleh mereka pemerintah,kabinet dan jajarannya seperti menyapu tapi kotorannya tetap lengket. Jadi gak bisa bersih,😂";"3919301710";"muhelmiy"
"18050132207783482";"1780391220";"Konoha kocak";"21632294806";"wahendi_sea"
"18376953808164791";"1780391222";"tukeng klerifikesi";"25761298171";"bogawarandha"
"17892890226498274";"1780391224";"😂😂😂😂😂😂😂😂😂😂😂😂😂😂😂😂😂😂😂😂😂😂😂😂😂😂😂😂😂😂";"4293072966";"abubakarsyukri"
"17949861420172847";"1780391224";"@lembuwiworojati 😂😂";"375597907";"puspitadevii"
"18088790402067560";"1780391230";"";"3420288007";"hasyaa11"
"18591259042013607";"1780391230";"@thor_bar_bar bang ah!";"464322712";"crsynramadea"
"18071638556690694";"1780391233";"Aahhhh bisa aja Ibu negara";"56933722596";"sittasari_pw"
"18087013652091194";"1780391235";"Ngaranggggggg bebassssss...";"3234700401";"ekarisanggeni"
"18103211474083322";"1780391235";"Percaya loh ya😂😂";"62850248839";"p.ganeshaa"
"17899820877452890";"1780391237";"Tanpa Prabowo anda bukan siapa2";"7891120356";"tedi_haryanto"
"18089465699528706";"1780391238";"😂😂";"4115499990";"yukeminarwati"
"17977135995020788";"1780391240";"Definisi mau ngejatuhin opini org malah jatuh sendiri cancel culture anak kmrn sore.";"1252606710";"iqbalhoki"
"17889819993516369";"1780391244";"Perjalanan dinas pake uang pribadi.. Giliran qurban pake dana APBN.. Klo mau bohong mbo ya yg pinteran dikit bun 😂😂😂 @tedsky89 @sekretariat.kabinet";"2215785233";"filindo62"
"18116426344765194";"1780391244";"Halah bacot kurban aja APBN";"2235952081";"nurhadihusain"
"17863592469632536";"1780391245";"Masa?? Mana buktinya oi.. Lu org gampang aj cuap2 bgtu.. 💩💩💩🗣️luh";"3972081884";"tiosmazbrow"
"18166488808436412";"1780391247";"@thor_bar_bar @ahfeefahputree";"8431087937";"fiah26_"
"18054894815739784";"1780391255";"Wkwk pakai logika dong Ted. Mending jadi istri soleha aja lah";"3105115415";"deviyoon"
"18086593160095005";"1780391259";"Guoblok";"2280199946";"rizkylestaluhu20"
"18171553921424722";"1780391263";"Uang pribadi Prabowo???😂😂😂";"79555327416";"adieka391"
"17893299111494860";"1780391264";"Kata kata gufron lebih meyakinkan bisa ngomong sama semut.. 😂😂😂😂";"1545721386";"cahya_d_ahmad"
"18395288767082797";"1780391265";"Mana buktinyaa?";"7581065815";"juliansihotang___"
"18093117833463756";"1780391266";"Ini budget negara yang kurang pantas untuk kelas rombongan Presiden sampai harus ditomboki? Atau kebalikannya? Budget yang sudah sesuai namun kelasnya dianggap kurang pantas oleh rombongan Presiden?";"183468564";"yuanitarohali"
"18329663902264792";"1780391267";"Tapi beli sapi kurban pakai dana APBN 😂";"56113959589";"yadie_sirat"
"18439148311190059";"1780391270";"😂😂";"29601414497";"omen_funoffroader"
"17892641004475987";"1780391273";"Pokoknya ada,!";"57295402585";"raracendana_"
"17941857924231014";"1780391289";"nyang artinye";"27036140028";"ebhichi"
"18078682949241897";"1780390986";"Tutorial mempermalukan diri sendiri";"1386510864";"keysha_alulaputri"
"18081732740445715";"1780390991";"Ngakak...Qurban aja pake duit apbn😂😂😂";"5817202517";"popakiong"
"18114086146862554";"1780390991";"Bacot dan blunder lu bun";"2003899646";"yulirtn"
"18586325017032349";"1780390994";"❤️❤️ Jaman sekarang , adalah jaman Klarifikasi, sampai potongan Kabel baja gosong pun ikut Naik ke meja konferensi pers 🔥🔥😢😢😢 ..";"146061456";"errinmaskat"
"18118237228703816";"1780390995";"Qurban aja pake APBN atuh, kumaha???";"47955468188";"samuelkaze1258"
"18077968799246929";"1780391004";"😂😂😂";"1364673247";"manik.reborn110"
"18117874645701192";"1780391004";"Wowwwwwwwwww😮😮😮";"4208403996";"wawan_persetan_fc"
"17969005800079189";"1780391006";"";"1693087180";"bagi_rimawan"
"18439874668191353";"1780391008";"Makasih buna teddy telah membela wowo";"5800089372";"januannas_"
"18015231911697276";"1780391009";"Mengurusi segala urusan raja. Apa jangan2 dia seorang kasim istana.";"50491608026";"joni.mumet"
"18105607453971095";"1780391013";"presiden sih nombok🤣🤣.. malu²in aja brarti slm ini studi tour ke LN nya over budget";"1961491797";"wiwinfebryanti"
"18090367268621557";"1780391017";"Nyenyenye";"5813772687";"tsaniannadia"
"18163036246445112";"1780391018";"Ke LN nombok sendiri, lah giliran kurban pake APBN!";"262246489";"benn5us"
"17866850778626265";"1780391022";"jangan pernah percaya omongan wanita";"77640561245";"ebesnathanl"
"18128298454610458";"1780391022";"Ga usah dicowok cowokin gitu cara ngomongnya";"4059136190";"dwiprihan"
"18090605708621565";"1780391024";"Langsung nyenggol pak @dinopattidjalal dong😂";"1501522689";"elyseptiyana"
"18096512695929644";"1780391025";"Tinggal transparansi anggaran apa susahnya 😹";"51228576293";"mhdaldidsptr_"
"18071448149676192";"1780391026";"Masa sihhh ha ha ha 😂😂😂";"50160935509";"audimanaf"
"18191618959372222";"1780391026";"Boleh ga seh mingkem aja 😢";"4116776038";"netinirmala"
"17892055536489346";"1780391028";"😂😂";"5591035841";"anastasiaasamosir"
"18392834983092561";"1780391038";"MANA MUNGKIIIIIIIIIIN ! ANAK BARU KEMAREN SORE UDAH BELAJAR BOONG LU !";"32502966";"azwinfathur"
"18103887185017623";"1780391044";"Ino tiwi tiwi yg lg hangat d perbincangkan itu...";"1247568554";"putridellia"
"18103609591831995";"1780391045";"G boleh nih dikritik?";"12961693325";"bimaptra__"
"18062410163481828";"1780391048";"Lagi program bayi tabung kak";"1416124243";"wiwik_saras"
"18092437430257718";"1780391048";"Kalian tau kan dimana titik lemah rezim ini? Ya, baru dibahas Bocor Alus 2 minggu lalu. Gaskeen para influencer top!!!";"4100548180";"thor.iqul"
"17949453378178723";"1780391051";"Pokoknya ada... otie";"27380596146";"gerindabdula"
"17964557430120100";"1780391052";"Ini tiwi tiwi yg lg hangat d perbincangkan itu...";"1247568554";"putridellia"
"18430303333131002";"1780391052";"ahh masaa😁 kurban aja pake APBN 😂";"77245162019";"binta.ng4398"
"18132507289504959";"1780391060";"";"6221471582";"m.athian"
"18076320341662452";"1780391062";"😂😂";"1705431413";"kimchyps"
"18121726648732049";"1780391069";"Qurban aja pake APBN, apa yg ini bisa di percaya tedot";"3231467230";"lalu_sapta17"
"17938125156256365";"1780391084";"Buna tiwi wkwk";"30904797";"uyaylia"
"17858572755642499";"1780391086";"";"4725621147";"wahyuinayy"
"18108984503500379";"1780391086";"Omon2, kok bisa bikin pernyataan gak pake data atau bukti transparansi yg jelas";"268705764";"maulanamar"
"18397791661087769";"1780391087";"Ayo para dajjal dan pembenci silahkan komen disini.";"60161714750";"setiyawan3002"
"17920134897364046";"1780391096";"Mana buktinya????";"1755419448";"jordywibowo"
"18084441194546428";"1780391098";"Tetep masuk korupsi ga sih kalo kepentingan negara ada dana pribadi? @official.kpk #bertanyadengannadalembut";"2505666871";"mikaelroodey"
"18354344110215876";"1780391100";"Ingat ya perempuan selalu benar👏";"2135470831";"kusd118"
"18081501989162504";"1780391101";"@yadimafata emang tengeng. Dulu pernah salah tidur. Coba diobati pakai diurut. Eh malah jadi permanen";"8530132035";"mad.madf"
"17890458459520788";"1780391103";"Total misalnya 100 miliar kalau ikut nyumbang Rp 10 juta tetap namanya ikut nyumbang ngak?";"59915281230";"behumannow2"
"18114961385496950";"1780391105";"";"1297982803";"alvisuali"
"17948126424190717";"1780391106";"Share sini bun...bukti biaya uang sendiri😂";"1547961968";"citra_c.a.p"
"18070998851677005";"1780391112";"Syududuuuuuuuuuuu";"1515277319";"riandwiyantika"
"18091610951212118";"1780391112";"Apa iya ? Qurban aja pake apbd.";"1992524826";"amrizatulazkiyah"
"18116907763814460";"1780391118";"";"5993855608";"kelasbawah0"
"18103105313327263";"1780391119";"Yg “hanya 3 bulan saja” capslock.. gak ada min?";"3576829852";"mhshnx"
"18123006478732843";"1780391126";"";"3180931851";"fery.pratama_"
"18105272767996982";"1780391128";"Berisik";"238763371";"laurawinaeni"
"17867280189653066";"1780391132";"RIIWEEUUHHHHHHHHHHHH";"438206062";"jerryskunk"
"17996718056783661";"1780390864";"Dakkk mungkinnn😂😂😂😂😂 kurban aja pakai APBN😂😂😂";"8214928903";"justhamni"
"18071375693336520";"1780390864";"Oke Bun";"69069775838";"silverorbit06"
"17991290126974592";"1780390867";"";"174821842";"bubuchengs"
"17897088759460964";"1780390870";"Rusak asli ni negara. Dikira negara bapaknya apa😂";"75153206699";"sukimin_suhardi"
"18063684302519306";"1780390871";"Tidak etis teddy mengkritik orang dengan membongkar arsip lama untuk menjatuhkannya.... anda ini seskab, tp kayak emak2 di RT cara menepis gosip ato kritik tentang anda..... ditunggu jawaban kritik dari pak Amin Rais😁😁";"603264799";"subhanhrp"
"18121699570676236";"1780390875";"Ibu PKK 🔥🔥";"1535789788";"suryaarmadalevine"
"18086078975391822";"1780390878";"Siap sayang wkwkwkwkw";"4225847699";"teguhsetiawan008"
"18110279968779420";"1780390878";"Kata orang cerdas di indonesia Pak @dinopattidjalal bukan diplomat karbitan,bukan pula pejabat karbitan maka sudah ketahuan kualitasnya";"45188989767";"aremine2402"
"18085529363532804";"1780390882";"Klarifikasi dari Menlu❌, dari Buna Tedi ✅";"7385877997";"accirvider"
"18139196158541305";"1780390884";"gimane tuh rincianya?";"10503431104";"ryenddra"
"18204138286355574";"1780390888";"Share biaya yg dipakai pribadi dan biaya APBN @prabowo";"2125452221";"bukhorrymusz"
"18103809224059364";"1780390895";"buna tedi cukup 🤫🤫";"1274544779";"dianayu.nuranggraeni"
"18105162190960565";"1780390895";"Bunted dalam potongan video ini mengakui kalo biaya keluar negri selalu melebihi anggaran seharusnya.. 😂";"502360864";"renggajt"
"18054305189730692";"1780390898";"";"259755892";"akmalbaskara"
"18340734868218999";"1780390898";"Bukti nya mn om, kalau cm ngomong aja semuanya bisa";"4369414987";"sapar_apandi"
"18093763670213988";"1780390904";"Qurban aja pake APBN 😂";"1598633115";"willymliu"
"18057492377723690";"1780390906";"Jelek adab, kosong ilmu. Cocok";"70200326139";"hamata_kuna"
"18168202348426611";"1780390908";"Mukanya kayanya butuh perawatan deh beb, agak kusem dikit itu";"4915642454";"cillcilla_"
"17920700265361521";"1780390909";"yuk tempo bantah pernyataan @teddsky_89 pakai data. biar gak kebanyakan nglantur aja seskab satu ini🔥";"2953912138";"irfan_ni"
"17970966347898873";"1780390915";"Pokoknya ada hahaha....";"19821069284";"hasbiyunda"
"17952659322158704";"1780390916";"@id.print_workshop ya sama aja yakan, gak ada bedanya, volume dikurangi tapi intensitas super sering, ya sama aja 😂";"2079392202";"khairani_nyra"
"18182818546351818";"1780390924";"TBC TEDY BOTIE CERIWIS 😂😂";"41064520527";"omon3905"
"17898882609450540";"1780390928";"Kapasitas otaknya hanya nyampe buat ngibul";"46440166391";"sadjati2929"
"18058078058547307";"1780390932";"Klarifikasi terus 😂";"3231819832";"tulus1908"
"18017325167838934";"1780390933";"aduhhh bunted stop batipu";"73521956151";"oneinameliandg"
"18121961152710801";"1780390935";"Harus banget ya ada Angle yg lain";"760374570";"dj_miftah21"
"18084974825112225";"1780390937";"Kurban aja pake APBN 😂sekarang bacot kunker pake dana pribadi 😂";"55924913784";"alexxfromcikampek"
"18136252636564073";"1780390937";"";"12799894843";"jonoseduhkopi"
"17932199073275084";"1780390941";"";"9699566274";"iwnkfrgywn"
"18118602298689719";"1780390941";"Brarti lu seharian di atrium gancit ngantri di travelfair ..? Beli tiket hotel ? 🫵🏼 TousLeJours …";"3535145";"lembuwiworojati"
"18179779213395412";"1780390941";"Letkol kemarin sore nggak sebanding pengalamannya P Dino,.. 😂";"3306703591";"haryantoadri"
"18130573783593490";"1780390942";"Prabowo❤️Teddy";"1046345363";"dinonurdestian"
"17953476062982985";"1780390945";"@tedsky89 bacot banget lu 😂";"22368061966";"satuusembilan93"
"18075275783306715";"1780390947";"Jadi pingin tau yg bikin neraca keuangan siapa 😂";"41073524962";"viens_1707"
"18117433219783552";"1780390950";"Berarti honeymoon dong kl prabowo ikut menanggung biaya jalan ke LN?";"14018858979";"whoisbams"
"18093216680589759";"1780390952";"kalian caya ges?";"1107034960";"dani.haq"
"17949371904178694";"1780390953";"bacot lu gendut";"48564305647";"swooricc"
"18065582390404423";"1780390958";"Utk gaya komunikasi seorang yg mewakili pemerintah, tidak elegan malah terlihat menyerang personal. Ini bukan sdg menjelaskan ke bawahan atau sedang beauty contest loh, which one better or who is the worst. Bukaaaan om 🫣 tapi ini sdg memberikan masukan agar efektif krn negara sedang tidak baik2 saja 🥲";"451996279";"renyyph"
"18323981761257522";"1780390962";"😂";"569148071";"viasmevoyez"
"17907940740241030";"1780390965";"Qurban aja pake APBN yakali ke LN pake uang pribadi🗿";"54208310448";"28zack_"
"17989017728814613";"1780390966";"Yakin?? Kurban aja pakai apbn🧐";"299816645";"titikhn_"
"18326572693251863";"1780390967";"Ini sebenernya jobdesc seskab tu apa dah? Ko udah kek jubir presiden? Hampir Tiap ada kritik ke presiden, selalu orang ini yg muncul ngasih statement";"1904839485";"muhammad.alifikry"
"17991586016977339";"1780390975";"Kurban aja pakai apbn kok.😢";"614614116";"masandy26"
"18083926709300799";"1780390975";"Idung bulet digoreng dadakan";"76397842921";"deeqeez"
"17930926962090977";"1780390978";"";"6624926574";"itsalamanda"
"18467560030096466";"1780390978";"@ekanurdiansyah.09 kak 😭😭😭";"279856284";"silmikafi"
"18099807076888500";"1780390979";"Qurban aja pake duit APBN😂😂";"55096006246";"riolatundrung"
"17885091360411129";"1780390982";"Kenapa yg ngomong harus anda sih bun";"234903090";"dearnunaa"
"18062941319477561";"1780390983";"Tetep banyak 50 orang ke luar negeri, kepentingannya apa ya?";"411175683";"kenkj__"
"18082885643148767";"1780390984";"(kelebihan biaya) apalahh🤣🤣 keluar negri seminggu sekali apa ga berlebihan?";"2146605024";"rasyid_ashari"
"18098559095154549";"1780390716";"Gaya mu le";"3820523189";"damayantimieke"
"18111472426916697";"1780390716";"";"976249604";"kvin.vn"
"18136512796560231";"1780390716";"Qurban aja pake APBN apalgi study tour yakalo dana pribadi wkwk🤣";"6742258812";"bee.ahaqi_"
"17891204361532949";"1780390717";"kurban aja pake apbn";"62948193224";"strg.dx"
"18074002145315793";"1780390718";"SEKAB merangkap jadi DPA 😂";"439618470";"petiteagnes"
"18084102899441464";"1780390718";"Alemong, Jng lupa ntr pas ‘take’ ambil angel kanan yah, gw bagusnya angel kanan.. slay 💄";"482834715";"dtntriyana"
"17971361484061099";"1780390723";"T@1";"72805644509";"cakto.82"
"18135365161563153";"1780390728";"Arogan👏";"681618414";"inunstp_"
"17891898555481545";"1780390729";"kasih bukti , transparan !! jangan cuma omon2. Rakyat sudah muak";"8786509494";"wonderful99415"
"17865043050573052";"1780390730";"Artinya sudah berlebihan perjalanannya sampai pakai uang pribadi";"1096109468";"asaelsukandar"
"18085361495395261";"1780390730";"Spill bill om Tedy 🤣🤣🤣🤣 wong banpres sapi saja diklaim 'kurban' 🤣🤣🤣";"5539471101";"goeshanan"
"18118026763690595";"1780390745";"@muh_hirzinugraha sabar, dok.. Level kita terlalu beda sama dia.. 😂";"285940623";"zaimisyraqizh"
"17863535961585413";"1780390754";"Lho.. Gak boleh gt. Uang pribadi jgn dicampur uang negara.. Ntar keterusan uang negara masuk kantong pribadi";"3184058386";"mo.afifuddin"
"18111368540501215";"1780390758";"Yaa gak mungkin lah,,,,";"60004740387";"khoirul.mukminin24"
"17915668698392114";"1780390766";"@aparatmati yg ini mah curiga asparagus";"1451980233";"_whiteduke"
"17865938061627396";"1780390769";"ngapain ngomong panjang lebar, tinggal bilang aja pokoknya ada😂";"20952726668";"ehimennnn_"
"18084416549573634";"1780390771";"@habibie_moehammad 😂";"1955788224";"jalal_jale"
"18183192409390773";"1780390773";"Kan masanya pak Dino sudah habis karena ganti presiden... Kecuali Presiden nya mau lagi pakai";"51180702913";"threevictory"
"18079024463201801";"1780390776";"😂😂😂😂😂😂😂😂😂😂😂😂😂";"2985834722";"edisetyopurwanto"
"18596038267043915";"1780390781";"Congos sia jiga podol golejra koplok";"1412404790";"voyager_culture"
"18075129980295319";"1780390783";"So cantik";"1648331837";"gusti.ne"
"17911014150220858";"1780390785";"Sistem rembes";"1955788224";"jalal_jale"
"17928636060299538";"1780390787";"Seus kabinet? 🤭";"53075852915";"ayuputrihana"
"18185810503376453";"1780390788";"Buktinya apa? Hasilnya apa? Kalo emang bisa kerja mah maksimalin aja budget yg ada dengan planning yg tepat dan efisien, gaperlu yapping denial apalagi alesan pake duit pribadi tapi ga disertain buktinya 😂";"497370451";"fahmiashgaf"
"18118319347757295";"1780390793";"🫢🫢🤣🤣";"3040118342";"dafril_azhari"
"18101962388278623";"1780390794";"Pokoknya ada";"5329145792";"muhammadhatta_10"
"18105400372996062";"1780390795";"Iyee ted iyee";"34068668";"ardhie182"
"18103937585004904";"1780390798";"Ah masa..... qurban aja pake APBN ...";"52664300351";"lovegeneration09"
"18065176745449903";"1780390803";"";"62732718532";"donbobss1"
"18119727517672093";"1780390804";"Iya deh bunda ,,,";"72703364508";"rudi_ha____"
"18423122779130480";"1780390804";"Jgn dicampur aduk antara biaya negara dan uang pribadi, apa buktinya ada uang pribadi?";"7473871311";"ichlasmohamad"
"18391677175093480";"1780390806";"😂😂😂";"454734287";"ajonbali"
"17938035009249108";"1780390817";"@ikhsnydhaaa poin 8: yaiyalah. Trus pemerintahnya emang kasian sama rakyatnya? 😂";"4701251129";"ira.srj"
"18091601525214020";"1780390822";"Pelesir";"34098187";"gnonisurya"
"18025723301652737";"1780390826";"Lah… ?";"1449165705";"iffanisaktyap"
"18001031933951347";"1780390827";"Soal nyinyiran “cuma 3 bulan jd Wamenlu” itu karena Pak SBY masa jabatan jd presidennya udah habis di bulan Oktober 2014, and He said without  knowing his track record
. 
Pak dino punya pengalaman 26th Diplomatik karier, PhD dari LSE London, pernah jd dubes di Amerika serikat, sementara yg nyindir hanya seorang  letkol yg jabatan nya lahir dari loyalitas kpd atasan, Bukan keahlian dlm tata negara. Bahkan dia menjabat tanpa mengundurkan diri dari Dinas militer. 
. 
Di negara yg sehat walafiat SESKAB itu Dijabat oleh seorang Profesional/sipil.
.........what a joke Bro 🤦‍♂️🫠";"1537495148";"eza_hrsmann"
"18104041561993584";"1780390834";"apa iya?";"1024284806";"sabrinaarok"
"18118373710776280";"1780390834";"Yamg penting beresin dulu dalam negeri, ciptakan lapangan kerja bukan malahbphk yg banyak, perkuat  rupiah bukan nya makin parah....";"2189981931";"dewamoto"
"17974970022023142";"1780390836";"aaah, macacih?😍";"47445437854";"hanyftl"
"18270931483288143";"1780390840";"lama2 eneg juga liat buntet satu ini";"3074549167";"laurencialenny"
"18118229797756099";"1780390843";"Gemes sama tiwi, pengin nyemprot tinja ke mukanya, saking jijiknya";"1443742869";"artanaprihartanti_"
"18110045728798271";"1780390846";"Oh iya masa sih ditanggung sendiri, wong duit kurban aja pake APBN 😂";"7385877997";"accirvider"
"18090960287196819";"1780390849";"Lekos jo truss wkwkwk";"25244057549";"khairunjj"
"17898668181304782";"1780390855";"Istri lagi membela suami";"1508766034";"khusnulmaulanii"
"18084823775287467";"1780390856";"Pret";"204864931";"agit46"
"18075002183652777";"1780390858";"Iya rombongannya di perkurang.. tapi negara tujuannya di banyakin antara 1 negara ke kunjungan negara lainnya..";"1535789788";"suryaarmadalevine"
"17883703857589453";"1780390861";"Siap ses Tiwi🫡";"75243950567";"agus.prakosououo"
"18040162103596811";"1780390569";"Dlu simulasi mbg bilangnya juga dri pribadi faktanya ambil dari dana pendidikan dan kesehatan";"1965158705";"fythnr"
"18091520603353568";"1780390569";"Istri mana yg gak panas klo suaminya dikritik terus menerus!!!😢😢";"74165441464";"frank_serpicoz"
"17937552042252780";"1780390570";"Audit lah gass , ayoo buka2 an aja";"2242284390";"sakti_gigih"
"17884866759574579";"1780390573";"Nggak percaya!!!";"77050868017";"rachmansyah.iman"
"18107788273938580";"1780390573";"IBuna Negara bersabda";"5694498465";"alitkun"
"18053318846685039";"1780390577";"Pejabat karbitan";"47952845284";"spigotbresing"
"17922131850143076";"1780390582";"Ini konteksnya salah & keliru.. yg di cermati sm pak Dino itu knp presiden sering sekali ke LN bahkan sampai 48x selama 1 tahun pdhal khan bisa menggunakan zoom meeting, disaat situasi indonesia lg ada masalah terkait Nilai Tukar Rupiah & IHSG. Kalo masalah biaya perjalanan mmg ada standarnya dr kemenkeu utk uang harian & hotel.. kl mmg kurang ya harus biaya sendiri..";"6316729817";"y.h4ndoko"
"18138708391555594";"1780390582";"Ngomong apa diaa?";"2298443431";"dwi_nalole07"
"17874864999655666";"1780390585";"Idola emak2 TikTok";"5521663936";"gunturarsenal"
"18092559038363795";"1780390587";"Yaa kalo beneran ikut menanggung sih wajar kan sekalian “honey…..”";"1316393305";"diannaapriany"
"18341996440169544";"1780390588";"Bohong";"1790724316";"prampratig"
"17953759698151280";"1780390593";"siaapp salah, bu presiden";"612449685";"ahmadharminto"
"18116927512758587";"1780390593";"skip";"6037840267";"aditwoodpeckers"
"18055536608746576";"1780390597";"Miris 😢";"3176268891";"jnpras"
"17891812407478901";"1780390602";"Ngoookkkkk";"3315623569";"_muizeee"
"18124439470647440";"1780390607";"Emang boleh pakai biaya pribadi?? Justru masalah baru itu kok kegiatan kenegaraan dengan biaya pribadi?? Harus diaudit itu";"208879046";"teukuzuma"
"18112962931846231";"1780390608";"Iyaa iyaa Bund";"2239878315";"farizziraff"
"18341700934171138";"1780390608";"@habibie_moehammad saya lebih percaya gajah nafas pakai insang 😂";"31562316476";"kurapika1992"
"17898742899308902";"1780390614";"pokoknya tinggal bilang "papah mau ke paris" si papah : oke gaaasss";"1930437733";"nariswari23"
"17971483817901852";"1780390623";"Percaya???😂";"2040708004";"suyadi_patmo"
"18139692499551429";"1780390623";"Diem nggak!";"40126308820";"atikayna_"
"18594168820026447";"1780390623";"Ga mungkin😂";"4471258902";"2fidelis4"
"18153536185481956";"1780390625";"Kurban aja pakai APBN, masak iya keluar negeri pakai uang pribadi😂";"39132388564";"nau_laa_nst0"
"17919100053165833";"1780390629";"Dana pribadi?? Buktinya?";"2204687045";"anggabudiprasetya"
"17901573165441317";"1780390635";"Enggak osah didengerin";"1664474204";"ret_arnas"
"18124662154713088";"1780390635";"Nampak jelas bocil ini tdk mengerti aturan perundang2an yg berkaitan dg anggaran negara utk perjalanan dinas presiden.  Dia cuma asal mangap, asal bunyi yg penting bisa mengcounter kritik dari orang2 yg ingin negara ini dikelola demi kepentingan rakyat. Dia tdk mampu membedakan mana perjalanan kenegaraan dan mana perjalanan healing... Dia pikir, dg membuat pernyataan ini selesai perkara, ternyata malah bikin blunder... Mengelola negara nggak sama dengan mengelola perusahaan nenek moyang.";"8747412722";"abdurachmanutiek"
"18047335697552779";"1780390641";"Beli sapi qurban aj pake APBN kok 🥸";"2055175558";"dee2_diana"
"18005722022926405";"1780390658";"@shiintaameliaa 😂";"1478806545";"ij_ije_ij"
"18096764743915576";"1780390658";"Cuma 58% kaum pemuja planga plongo dan makan gratis yg percaya....";"6827783850";"ady4do3"
"18101829773276034";"1780390661";"Hasil kunjungan segitu banyak negara itu apa?? Adakah kebermanfa'atan untuk rakyat dari semua kunjungan itu? Belum lagi pertanyaan2 lainnya kelak di akhirat sana? Mau jawab apa?? Udah disiapin jawabannya?";"1633070066";"fey.26"
"17879526096664339";"1780390662";"@ovie_erviana sambil ngomong 'pait pait pait '😂";"2945411598";"y.resnawati"
"17858523984648975";"1780390665";"Menggunakan uang pripadi saat perjalanan dinas, pas pulang dari perjalanan dinas yaa kumpulkan nota nya truss di rembes dehhh upppssss 😷";"2298443431";"dwi_nalole07"
"18203894722349527";"1780390665";"Ga ada pembenaran dari klarifikasi anda";"1436776955";"ronaldfelix6"
"18377463004205374";"1780390670";"@_whiteduke eta mah legenda hedi yunus lain";"2771368";"aparatmati"
"18425200768124693";"1780390671";"Tapi durasi kunjunganya lebih serin di jaman bos mu ted,kalau mau di hitung banyak pengeluaran bosmu lol";"7788152097";"yatnoependi"
"18205110631353897";"1780390672";"Kunjungan terus, bisa bikin dollar turun gak??buktikan klo bermanfaat kunjungannya🔥🔥";"5458253401";"bud.c.pras"
"18152536951490919";"1780390676";"Jumlah orang lebih sedikit, tapi kunjungan lebih sering. Hmmmmmmm";"722554464";"nikindriani"
"18171823201422073";"1780390677";"Nonton lengkapnya di mana sih?";"6074789813";"sabrinalasama"
"17931439533289458";"1780390681";"Berarti tinggal ditransparansikan saja pagu anggaran perjalanan dinasnya berapa lalu yang ditombokin pake uang pribadi presiden berapa. Fair kan?";"4117417891";"wachidazs"
"18429714721127906";"1780390689";"Kalau om tedy udah bicara berati lagi tidak baik2 saja cham kan itu.";"3870706970";"allartis"
"18361920685236578";"1780390692";"Apasih defensih banget mbiaknya teddy ini pake segala hanya 3bln.. tabiatnya genus kek dia mah npd sentris";"309868888";"iamsyedmohend"
"17891954304499648";"1780390700";"Kurban aja pke apbn, masa kluar negri pke duit pribadi😂...teddd tedddd";"1387506935";"yuliantoek07"
"18181158310394600";"1780390703";"Itu qurban pake APBN";"2956569936";"maman_firm"
"18103383512000688";"1780390706";"Padahal pengalaman Pak Dino di bidang Diplomatik sudah 30 tahun.. 😭";"10474221440";"alzirizi"
"17956055946137682";"1780390710";"🤮🤮🤮🤮";"2034778995";"denypratama27"
"18118881292690610";"1780390710";"Ikut menanggung berarti udah over budget kan, lalu ngapain tetap di paksakan";"477301668";"jorgihs"
"18113742091884409";"1780390711";"Bunaa";"5653596897";"nashrullah15"
"18438754177186958";"1780390714";"Kalau MBG di stop gw bakalan dukung pak wowo";"45218969561";"ekowahyuahdani"
"17891247414523514";"1780390430";"";"385285168";"nailarawiyan"
"18122625763640764";"1780390430";"Gak make sense";"1433372061";"nurintanwk"
"18170603224422696";"1780390435";"😂😂😂";"14812070261";"andjasmaxrepcelebes"
"18081828509536940";"1780390436";"@renggajt saya sih ga percaya omongannya buna nted...Pemerintah penerus jokowi ini kbykn boongnya";"12669261565";"faradina.mecca"
"18080128631223014";"1780390437";"Tedy kok di percaya 😂😂😂😂";"54861395584";"lontongatjeh"
"18097911197325477";"1780390437";"tantrum amat 😂";"1979704436";"didiahnp"
"18094536764194813";"1780390441";"Dah lah... 😂";"14812070261";"andjasmaxrepcelebes"
"18176466937406023";"1780390452";"Jumlah rombongan berkurang, biaya yg dipakai berkurang juga ga?";"7053275975";"nova.ursula"
"18321601189286817";"1780390457";"perjalanan luar negeri ga pake apbn buat qurban kok pake apbn 🤪";"7737406067";"valenjowo"
"18561439549064187";"1780390457";"Ngurus negara ko pake duit pribadi, dari situ aja udah ga beres, letkol balikin ke barak, belajar lagi ganteng🔥";"429388013";"sigithardadi_official"
"17876128698669014";"1780390460";"Ya masa kamu ngajak kencan ke luar negeri si bapak gak modalin. Malu dong kalo ngajak pacar kencan tapi gak keluar modal. Udah untung separuhnya dimodalin pajak rakyat. Berisik banget jadi cewek";"1571020955";"dwiendahlestari9"
"18088223726528691";"1780390462";"Gimana mau percaya, sama hal nya sapi qurban, make dana APBN, diatasnamakan bro bowo";"1276393678";"bimaaviarasoeyitno"
"17943868914080465";"1780390463";"kitu cenah beb 😴🥱";"8857744";"dwptr.k"
"18043824587788624";"1780390463";"Jumlah rombongan banyak atau sedikit, biaya transportasi gak beda jauh. Nginepnya di hotel mewah pula. Yang ditanggung presiden apa? Bayar parkir?";"1336328617";"raftsanzani"
"17889792279540187";"1780390472";"ngapain sih pengen klarifikasi banget buna";"502360864";"renggajt"
"18104596381816004";"1780390472";"Gw lebih percaya Syududu Gufron 🗿";"3072603434";"__izonk"
"18596615095010045";"1780390474";"Jgn percaya omongan waria";"1433865108";"japrakhos"
"18078143609646685";"1780390486";"Yang penting jalan jalan kan ya ? Nanggepin pernyataan pak dino tapi buta sama fakta 😢";"2162602996";"lutggi"
"18109451668901958";"1780390486";"Adeeeeuuuuh";"217359316";"gebyar_ag"
"17878880778599799";"1780390500";"Seskab 1.5 th aja belagu";"3485555228";"masterent_solo"
"18093746426248148";"1780390503";"🤢🤮🌬️💨";"2125309389";"jerin_azizah"
"18013906754704219";"1780390505";"Ya lah mana rakyat percaya biasa nya cuma omon2. Bulan madu kesempatan";"60285029702";"h.danasupriatna"
"18020060990833932";"1780390507";"😂😂😂 logikanya dimana?";"1900418849";"maria_noviatiika"
"18203026837358819";"1780390507";"ses";"5795197521";"rylrm___n"
"18101488168846937";"1780390508";"TIDAK PERCAYA";"1447947589";"trikaimuddin"
"18439878487191142";"1780390508";"ASBUN, KTL";"1451509521";"justashootingstar"
"18107204773743826";"1780390510";"ngebacot aja lu kunted";"605022634";"ozzy_fakhrur_rozi"
"18172195267419007";"1780390510";"BULLSHIT KELUARIN DATANYA MANA KALO KELEBIHAN BIAYA DIBAYAR PRIBADI SAMA PRABOWO!!! TUNJUKKAN BARU RAKYATNYA PERCAYA!!!";"363486187";"baianoe"
"18143094733511587";"1780390512";"Tahun 1989 si Teddy baru merocot kedunia, smntra pak Dino tahun 1987 udah jadi diplomat... Teddy lagi ngajarin ikan berenang 😂😂";"421624441";"utiempuz"
"18121809712579664";"1780390514";"Na'udzubillamindzalik,,,";"529537812";"rischa_woro"
"18138001894547464";"1780390515";"Fufufafa: gw gak diajak nih? 😤";"23356878259";"psychicmancer"
"17854358742675178";"1780390518";"Mending gak usah klatifikasi dah .. bikin tambah blunder";"265436963";"gloria.soemartono"
"17896703211463861";"1780390521";"Tes keperawanan";"2532852363";"inipance"
"17856860886663393";"1780390523";"";"1091734572";"parol.zk"
"18073084082669582";"1780390530";"Na jiss lagi";"1270098113";"aboutnji"
"17970830106061888";"1780390537";"Gini aja Ted... jangan ke LN terus..coba pikirin gmn kurs Dollar naik terus...rakyat pada teriak ini..harga makin mahal... kalian mbok fokus dulu utk Rakyat. Lgpl ga ada hasil juga ke LN.. pentingin kesejahteraan Rakyat!! Itu yg penting!! Kamu udh melebihi WaPres deh ah!!";"3540947883";"dhenok_bientarno"
"18591395197060915";"1780390539";"Sejak prabowo menjabat";"4350764101";"aqso04"
"17940727980212918";"1780390540";"Iiiihh";"1353267275";"lilissetianingrumm"
"18084503045114761";"1780390547";"Minimal punya leher kalau mau klarifikasi. Biar enak gue ngeliat videonya. Ya ga sih 😂😂😂. Olahraga lagi bun biar makin seksi dan enak di pandang. Situ icon Nusantara banyak di sorot kamera profi wartawan 🔥😂";"1486504760";"ifa_faridah"
"18159517492405242";"1780390548";"🤥🤥🤥";"243581237";"claudia_n70"
"18111978523895098";"1780390550";"@thor_bar_bar kesyel ya liatnya";"6839021747";"qanoui"
"18473488687099328";"1780390550";"Orang  oleh tidak petcays dengan omonganya tedi  sebab prabowo saat yumbang sapi untuk ibadah  qurban idul.adha  aja beli sapinya dari uang apbn  nah ini untuk uang perjalanan dinas ke luar negeri  menggunakan uang pribadi sungguh  besar sangat besar tedi berbohongnya  bayangkan aja untuk ibadah  aja menggunakan uang APBN  sungguh tidak logis  tedy kamu bohongnya  ketahuan banget";"72602062759";"peace_lover_2023"
"18122083678727234";"1780390557";"😂😂😂💩💩💩💩 sapi aja pake apbn";"1977292346";"jack_henry_s"
"17906836113425763";"1780390560";"Apakah seperti kurban kemarin?";"33617857420";"anggithexplorer"
"18132592180505922";"1780390561";"Yakin bayar sendiri biaya nya?? beli sapi kurban aja kmrn pakek uang APBN..cobak gmn cara nya buat menyakinkan kita sbg warna konoha bisa percaya sama statment SesKab karbitan🔥👏";"3687733906";"rayfy3106"
"18110719072931113";"1780390562";"Ad buktinya kah…?";"5731235754";"tanto_40"
"18116581978683473";"1780390564";"kami butuh bukti kak";"309209509";"tias.tutiii"
"18052274675753458";"1780390565";"Mau kelebihan biaya ditanggung oleh pribadi ,tapi itu memang tidak efisiensi....";"4796080019";"indahsarivenny"
"18074957237671293";"1780390306";"😂😂😂😂😂😂😂😂😂";"252982637";"hutomohadyan"
"18091858559248460";"1780390306";"Pak Dinno itu zamannya Presiden siapa?";"2270813521";"_radhitya"
"17941725084212851";"1780390310";"Ah masa sih";"1227416435";"pararam__pam"
"18022435391668754";"1780390312";"Udh ada anggaran masih kurang aja, emang buna beli tas apaa aja sih disana 😂";"537944156";"shopie_an"
"18094915646231443";"1780390316";"Yakin?....";"285866033";"imungsyaiful"
"17868094167622232";"1780390323";"dari awal setiap pengeluaran yang berpotensi menjadi perdebatan publik pasti di klaim dari pengeluran pribadi presiden, termasuk reatret kabinet😂";"3454712705";"fadlah.mhd"
"18212897773328343";"1780390324";"Ted, di sangka rakyat mu plenger kaya dirimu apa yaaa. Sejak kapan ada pemerintahan mau bayar kelebihan ??? Mana data kongkrit nyaaa ? Udh laaah drama yg gak udah2 ini stop! Rakyat juga udh pd pinter kok. Satu lagi situ jubir apa seskab ? Semua lu ambil alih lagak perdana menteri, jgn bikin org makin muak deh ted! Maluuuuu";"1105208139";"lilyfiansuryanii"
"18084423914420269";"1780390326";"Beliau ini sebenernya apa si jabatanya jubir,ajudan,paspaempres,seskab atau tni ?";"2644079715";"mugiwara_28"
"18594537172020213";"1780390326";"Pepatah jawa mengatakan "cangkemaaaannnnn"";"2175357992";"dickysaputrar_"
"18103486295092351";"1780390327";"@teddy_hq 😂😂😂";"865062909";"y_ramadhan69"
"18358892125232699";"1780390327";"bacot sia boty";"3945015867";"fuckingscofield"
"17934147618259279";"1780390328";"Syududu";"46110958398";"valkirions"
"18092734625250858";"1780390333";"Where are all the receipts? Every single citizen in this country is curious to see the actual reports. Not just some word salad vomitted like this.😆🙃 Please cover this for us @tempodotco";"644371426";"lotusina"
"18140269720533695";"1780390334";"Mengalahkan Lutinja Luna dong?";"2312369853";"haekalasyraf"
"17919453309368974";"1780390335";"😂";"5744025698";"xfaar"
"18267588274293169";"1780390337";"mana ada maling ngaku,,,, kurban aja pake APBN konon ini";"66833367767";"m.f_kurniawan"
"17879170068458826";"1780390345";"Ibarat prof Mahfud vs Gibran, beda kelassss. Jam terbang kalah jauuh";"3578364430";"endahdw1_"
"18427367485193598";"1780390345";"Iya iya kami percya kok. Kami takut dosa kalau gak percaya sama pemerintah.";"2131834735";"wiwid.nugroho_19"
"18090676142528091";"1780390346";"";"22942339639";"buddyiezz"
"17883280773586874";"1780390347";"😂";"382637437";"rianprtmaa"
"18083742377428008";"1780390356";"@dhindaperwita kalo emang harus sampe ngerohoh kocek pribadi meaning tuh perjalanan dinas emang gak penting2 amat gak sih😭😭";"15139592159";"katherinehutajulu"
"18105580355062465";"1780390356";"";"3409391204";"oktoriawan69"
"17943781413200988";"1780390358";"Kelebihan biaya pakai biaya pribadi...??? Percaya.. omon omon...qurban aja pakai APBN...";"24800195873";"indrayahya_2r"
"17922122328147972";"1780390359";"Udh bowtie bohong lagi😅";"737315414";"minji2901"
"18071799224336260";"1780390359";"Hapeuk sih maneh";"31051840";"storyonsaddle"
"18326509696255067";"1780390360";"Semakin klarifikasi semakin mencurigakan. Mending kerja sesuai keinginan rakyat. Dikit2 ke luar negeri. Kasian kan menteri luar negerinya nganggur";"2288320745";"saaif_faan"
"18412323046196705";"1780390360";"Hidung Jambu....dasar lu jambu...";"997525792";"hendrarnp"
"17893674426471808";"1780390364";"Punteun🙏 kurban aja pake uang APBN😢";"1734306382";"gmalaccaa"
"17969277186109250";"1780390364";"Caranya gmn coba? Invoice avtur dipecah 3 nama? Invoice sewa pesawat Garuda juga dipecah? Invoice hotel jg? Ini namanya pembodohan publik";"1750493438";"antony.cornelius"
"17865261108687619";"1780390367";"dulu rombongan 120 orang, setahun 6-8 kali.. sekarang kalo separuhnya berarti kan 60 orang, tapi lihat dong setahun bisa 30 kali keluar negri, hei Bunted..";"502360864";"renggajt"
"17951998227173239";"1780390370";"";"1475515725";"fahadesign"
"18600354643050867";"1780390372";"Jadi kurangnya brp? Berapa nominalnya? POKOKNYA ADA!";"286215665";"hendrycandra"
"18336915373216192";"1780390373";"Coba kalian transfaran dong apa saja yg di pakai, jadi bner bener ada buktinya naek pesawat habis berapa, makan berapa, nginep berapa itu semua dirinciin dong. Bisa gk ya kyak gitu tranfaran ke rakyat ?";"39646508370";"tohamuhammad1710"
"17868692166620695";"1780390376";"langsung to the point aja, kasih detail sampai angka angkanya. stop narasi narasi kita bukan lagi ngajak cek cok. ini masalah NEGARA bukan RUMAHTANGGA";"2365308261";"dewiratihrochana"
"18115506635478739";"1780390377";"preeett msih ada yg percaya?? kurban aja pakek Apbn";"39411081686";"ibu_pery"
"18127569661720927";"1780390381";"Komisi sapi kurban berapa ya?  Saya babtu jual dapet 5% alhamdulillah, terus bisa bawa keluarga jalan2...";"1086808471";"gha_angga22"
"18117133123747905";"1780390385";"Hilih!";"347263027";"adiwangsa_"
"18562688341071595";"1780390393";"Mau ketawa takut dosa 😂😂😂";"1504138490";"toniihidayat"
"17997554651776554";"1780390395";"Kalo negara ngeluarin 8M terus lu nambahin 500 juta apa bedanya?";"74648754923";"acaaapybara"
"18133306474518270";"1780390395";"Ancuuurrr ini org…!!!";"454477083";"sjaiful_boen"
"18134293204576590";"1780390400";"..TIW";"4774513758";"linggareza07"
"18137965567539814";"1780390404";"Kurban sapi aja pake APBN";"1433372061";"nurintanwk"
"18148724710495822";"1780390407";"Bantu pikirkan masa jabatan mereka jangan nunggu 4 tahun lagi. Kelamaan. Bisa jadi 2 tahun aja gak ya? Bantu kami mikir? @dpr_ri";"1487715270";"teukuandisyp"
"17877692145666827";"1780390413";"Negara dikelola seamburadul inih 😢";"1782372046";"chairilileanwar"
"18017014550846578";"1780390415";"Ngomong yg penting ❌
Yang penting ngomong ✅";"1211905443";"yuanindalaks"
"18072708341663045";"1780390419";"Aslinya dia yg ngatur negara ini 😂";"1158506533";"ini_ulfaaa87"
"18088431029059511";"1780390421";"Udah fakta kerja nggak bener pake enya enyo lagi kata gue malu sih kelen";"2024411505";"anahorhori"
"18112063876810011";"1780390421";"😮";"2269299645";"littlebodybigloved"
"18104071324991819";"1780390426";"😂😂😂";"248007885";"kardusbox"
"18147483727497044";"1780390426";"@agamkupie iya knp sih harus tegesin 3 bulannya. kaya "nyinyir" versi halus. tp sejatinya laki2 itu tdk akan nyinyir.";"5869200659";"mammaecaaa"
"18008100242876602";"1780390174";"Kelebihan ??? Sekelas presiden ??? 🤡";"2412773460";"rekayasamanusia"
"18530248291079170";"1780390174";"Lagi bela ke kasih pujaan hati nya 😂";"1410869179";"mirza_bin_sunny"
"17963860337938404";"1780390181";"";"3252795378";"ageng_doank"
"18083578058397604";"1780390185";"TIWI";"1920265104";"pan_4ever"
"18092307962595979";"1780390185";"Hati hati pak, kecelakaan ga ada yg tau. Mending di rumah";"47969614341";"syahiqbalmau"
"18108501955943720";"1780390185";"Dari jaman Menhan sampe skrg sll blg pakai anggaran pribadi, BUKA ANGGARANNYA? JANGAN TAKUT, KAN HARUS TRANSPARAN.";"181717132";"harfeinz"
"17923066524362036";"1780390186";"Sungguh aneh tapi NYATE!";"51957141";"adhitya.rahardja"
"18084307796402453";"1780390186";"Kelebihan biaya yg sudah dianggarkan negara diambil dr dana pribadi presiden. Nah yg kita pgn tau, emang anggaran kunkernya brpa y? 😁";"357963773";"riopramasta"
"18082549370394402";"1780390192";"Perjalanan udah direncanakan jauh2 hari..tapi ketika ke itali di tolak dong krn mendadak 😂..gak perlu klarifikasi, keadaan udah membuka semua..";"7209605937";"nurainianisah_31"
"17976241397877318";"1780390198";"Iyain aja lah.. Kemaren beli sapi aja pake APBN.";"2143724650";"fauzi_rezki"
"18049207469545532";"1780390198";"Muantabh nih berita kalo beneran.., tapi kemaren gw dapet info, doi hampir tiap bulan dateng bulan.. 😂😂";"1514787852";"siberlinober"
"18375971350205799";"1780390198";"Salah pilih diksi yang benar pula, coba perhatikan, masa "panen hubungan yg baik"?. Kocak.. hubungan baik itu bukan dipanen, tapi dibangun. Kalau panen itu untuk hasil dari hubungan baik yang dibangun.";"2312369853";"haekalasyraf"
"17886550263560496";"1780390201";"botii";"35086805655";"sanitimurikecil"
"18051038498592546";"1780390204";"😂";"9465280443";"ah_hakim23"
"18353095747210549";"1780390212";"Mas tedi, ko ya ngurus negara uang nya campur aduk sama uang pribadi. Uang usaha sampingan sama gaji ku aja kupisah, biar ga campur mawur. Ini uang negara lhoooooo";"31621271";"ung.wachid"
"18146395195497457";"1780390213";"@sahamdaily 😂";"1541693047";"ilhamaabbas"
"18251690845306856";"1780390213";"Buktinya apa? Transparansinya mana? Perlihatkan ke rakyat.";"80048506925";"ayampelungkendal"
"18413468743182286";"1780390218";"Budayakan malu.";"268412139";"oktareangga"
"18602044705048264";"1780390219";"@bocoraluspolitik undang pak dino bos";"1383300665";"iqbaal__muhammad"
"18119099623707191";"1780390221";"";"4257251480";"romanoor18"
"17863245792587058";"1780390225";"@m_uwel yang kenaikan pangkat melanggar Undang²😢😢";"54123200917";"tatamikitchen"
"17913956319201735";"1780390229";"Target marketnya: “ga salah jd silent majority, menyala seskabkuu🔥”";"471842340";"cemaradisa"
"18195126307324662";"1780390230";"Apakah percaya?kebanyakan indisipliner dan tidak patuh pada atasan";"905637855";"yuyudiana"
"18080143022442061";"1780390236";"@rico_ap09 😬🫣 Mak jleb";"330186096";"bibisofyan_"
"18005111618919971";"1780390239";"terus kalo kunjungan keluar negri asal pake biaya pribadi jadi bisa seenaknya ya?";"502360864";"renggajt"
"18119886682740619";"1780390244";"😂😂😂 anti kritik, gimana bisaa bisanya pribadi naggung perjalanan 😂😂 brarti management nya buruk";"45473227677";"rajawalidpark"
"17981100002986422";"1780390246";"buna too much yapping";"1967529161";"wey_caaaa"
"17891358858513324";"1780390248";"🫥🫥🫥";"1744141463";"aidaaa.shlh"
"17942281359038348";"1780390250";"😂";"74370234942";"ratttieh"
"18104143910084623";"1780390255";"Percaya ??? Sorry ye gw mah kgk .. gw lebih percaya justin bieber org padang dari pada dia ngomong 😂";"261811506";"arrashiid_cookies"
"18204716167354684";"1780390258";"Lebih percaya messi lahir di lebak";"2036407598";"ndindandunn"
"17968208361068476";"1780390259";"Siap melejit terbanglah tinggi dollar 17.859. Dan couple ini sempat-sempatnya my trip my adventure👏👏👏.";"1835054155";"thereistea_"
"17899731450449319";"1780390260";"Kunker pake pribadi, kurban pake Apbn, 😂";"531338664";"sutriolambreto"
"18144775855503187";"1780390261";"so cantik ngomong nya";"47391380668";"sau.docx"
"17854018896680335";"1780390262";"Iya iya percaya kok…😂";"1304965185";"agus.gratia"
"17973469311049788";"1780390268";"";"49093709965";"_mlfaith"
"17880346566447911";"1780390274";"";"2243131193";"hfzrzy24"
"18117102499691585";"1780390279";"Bicara pakai data";"1999900661";"muhammadirfan.98"
"18096180500519634";"1780390282";"bacot ted delegasiin menlu buat kunker jangan semua diambil oleh presiden.";"39665783093";"_firman.hakim10"
"18352464181212090";"1780390287";"nye nye nye nyeee";"5999447871";"_masbowski"
"18085085492380071";"1780390291";"Jangan sombong cong, mentang2 lekong lo tajir melintir..";"1932704826";"sherllymjenich"
"17928752832300156";"1780390295";"SESKAB SESAT 🔥 TUKANG BOONG";"66920998278";"ado.3855"
"18113936773881427";"1780390297";"Negara diobok-obok seenaknya😂😂";"976409003";"hisyaamk"
"18101572895101390";"1780390302";"Lebih percaya billie eilish lahir di nganjuk";"1648407243";"lnoviadw"
"17974299249023015";"1780390304";"Kira2 presiden sadar gak sih banyak rakyatnya yg mengeluh atas perilaku dan kebijakan dia?";"1572035317";"agung_khuluq"
"17917320303381559";"1780390306";"Ted........ Ted @teddy_hq";"36648909213";"storytellerchapter90"
"17932468701270967";"1780390019";"Buktinya ??? Buka datanya, gmna mau percaya kalau omon2 doang";"4026309201";"rifqadwi"
"18117342016783256";"1780390023";"Dino patti Jalal, dianggap cuma lulusan SMK 2025 mungkin";"1154992460";"angga_rockdaddy"
"17952602706152896";"1780390029";"Sebagai Pejabat Publik. Anda harus belajar kembali Komunikasi Publik @teddy_hq ..🎙📢";"41322615239";"zulhendribasri1"
"17862596484633131";"1780390038";"Iya pak Dino yg salah, peyeumpuan celalu benal..";"1365217780";"ginginginanjar_"
"18119562865735158";"1780390046";"Hemat saya presiden sekarang ini patut dijuluki presiden airways. Kunjungan ke luar negeri nya. Diluar ambang batas. Kalau bicaranya berisi gpp. Sering kunjungan ke luar negeri. Ini presiden nya kosong apalagi menlu nya. Mau jadi apa ini negara. Kalau omongannya kosong, plin-plan, atau nggak nyambung, kepercayaan publik runtuh. Dan negara nggak bisa jalan tanpa trust. Sebagian besar kerjaan kepala negara itu ngomong: sama negara lain, investor, PBB, ASEAN. Satu kalimat yang salah di forum internasional bisa bikin rugi triliunan atau merusak hubungan diplomatik.";"7995889548";"ghofu7777"
"17929119438331167";"1780390048";"@faiterzairul21 oooootentu tidaaaakkkkk 🤣🤣🤣🤣🤣";"2165603123";"ovie_erviana"
"18139165168556150";"1780390053";"Gampang mah kalo benar ditanggung peinadi publish saja yg ditanggung pakai "kantong pribadi" saya rasa akan menambah reapect rakyat terhadap presiden";"178934257";"fery_fajmuhar"
"17901275004288070";"1780390056";"";"1460181268";"irwan_syahri7al"
"17883995247569857";"1780390060";"Coba tunjukan buktinya jangan omon² saja";"611572447";"rhickyfzet"
"18063743693479422";"1780390063";"😂😂😂😂😂😂😂";"3540766795";"yudha0402"
"18200303005363847";"1780390063";"Mulut";"34001173";"grabpin"
"18123621751655981";"1780390066";"Gandeng sia tedi, indit we ka luar negeri tong balik lah";"5615457488";"attackdefesive"
"18408918694144802";"1780390066";"";"4571357547";"dmg_hendra"
"18121545190656300";"1780390069";"Dicari ..Menlu RI.. utk menjelaskan sesuai Tupoksi nya terkait Kunjungan Presiden ke LN...dimanakah kau berada...";"47372846714";"sangaji72"
"17951611191151593";"1780390071";"Kelebihan budgetnya sebesar 100 ribu rupiah. Mau bayar pake uang sendiri, noleh ke Teddy terus bilang; "pinjam dulu seratus."";"219892185";"stephengunawans"
"18115697554796398";"1780390073";"NKRI, K nya Klarifikasi";"4643049367";"_raihanradya"
"17882332278606207";"1780390079";"Saya lebih percaya reza arap jadi ustadz daripada omongan tedi";"78626644772";"abigani2025"
"17901436797284692";"1780390079";"Bohong!!! Bunda Tedi sedang berbohong!!! Dan rakyat di suruh percaya dan di paksa percaya!!! Ckckckck";"5616379546";"echocochips"
"18000935813981438";"1780390082";"Buktinya mana dong";"295673953";"ariefdiandra"
"18077131652266057";"1780390083";"PAS MELOTOT KAYA TUNGTUNG SAHUR";"3919093421";"thor_bar_bar"
"17874481086500895";"1780390096";"biaya pribadi apa biaya gratifikasi nih bun???";"502360864";"renggajt"
"18104991320087349";"1780390096";"Emang boleh?";"1260493078";"intanriia"
"17962998263938458";"1780390097";"@m_uwel letkol botay";"470957048";"utek_lee"
"18053341976744591";"1780390097";"Makin bingung itu pertanggungjawabannya kalau sebagian APBN sebagian pribadi, makin rancu perjalanannya atas nama kenegaraan atau tidak";"645518349";"dionsaurus__"
"18131964379586864";"1780390103";"Halah, gaya pake uang pribadi, sapi kurban aja nebeng APBN 😂";"361424698";"maritaasri"
"18207996757354140";"1780390105";"😂😂😂😂😂 Masa iya?";"793609279";"choirunnisa9"
"18104632934070225";"1780390106";"Y";"218343940";"ariyzt"
"18090317846040651";"1780390113";"@yadimafata ini satire apa gmn ya si kameramen ?😂";"2093659461";"egamrizky"
"18358728748235508";"1780390113";"Karena ini pernyataan publik sebagai Seskab, bukankah wajar jika publik ingin melihat political will dari pemerintah terkait adanya penggunaan uang pribadi pada kunjungan kenegaraan presiden?";"597638019";"rayhendrik"
"17912730822404182";"1780390114";"Kek mau sy colok mata belo nya #gemesin";"1907116922";"eifelinemills"
"17939917563216447";"1780390114";"Ghufron lebih baik dibanding dia ini";"48247228090";"maulanaihsaann_"
"18021632480672242";"1780390114";"kalian masih percaya?? korban sapi aja pakai apbn wkwk";"3122620341";"zaroh_tv"
"18398231362152201";"1780390116";"Yg di bahas 3 bulan nya 😂. Pa Dino lahir aja di Yugoslavia sebelum peperangan . Pa Dino Lama diplomat diluar. Kalo nge print CV nya pak dino harus beli kertas 1 rim 🙌";"1988245159";"dhfnfdhlrr"
"18084933689544533";"1780390118";"Coba ksh liat netizen buktinya.. ribet amat pake nanggung sendiri. Ga mungkin jg lah segitunya. Pasty negara yg urus dan danai semua nya. Netizen pasty faham";"3971526853";"ahmadmahermade"
"17900895285442668";"1780390119";"gak jelas";"8041095136";"lutfiantirhmwt"
"17969613642062697";"1780390127";"Pokoknya adakkk";"1202368168";"sandy_petiz"
"18591616303062400";"1780390129";"Its not heroic if thats what you expect us to think";"1564482404";"aresundaysdepressing"
"18088963667377122";"1780390135";"Iyaa ini aja, biar g tantrum😂";"69013276717";"kenaruna76"
"18453278107118518";"1780390135";"Tolong dicari tau min, bener ga omomganya";"3912803474";"dwinugrohocumi"
"18109623325810550";"1780390136";"@teddy_hq BACOT";"50995678190";"aliefichwan16"
"18025859072822064";"1780390137";"Ga masuk akal";"2940511338";"x.dy06"
"18106308859956264";"1780390148";"Kesan bahasa nya kaya ketua karang taurana";"28566715427";"puing84"
"18134192800560709";"1780390148";"Suruh stand up aja nih si boty lucu soalnya";"1435065612";"yudi_ariss"
"17883024273589693";"1780390154";"@anggiaprn14 sudah tau kan jawabannya....";"1945028455";"by.wcksno"
"18152173027491010";"1780390158";"Wakwaw lebih percayalah Ronaldo kelahiran ciamis";"4638238998";"putra.mbs96"
"18123325246567453";"1780390169";"@ovie_erviana wkwkwk 🔥";"355116120";"nanthawisesa"
"17875864512669838";"1780389904";"😮😮😮";"1015005355";"agungpprihatin"
"18152549146471596";"1780389906";"Idih Lenjeh amatttt";"1492127686";"indahwsarah"
"18149284909499755";"1780389907";"Pengen ketawa... klo emang sanggup pergi sendiri ya udah sana jalan2 aja berdua, bayar berdua ajaa ... ga usah jadi  presiden klo ga mau ngurusin negara, urusan dalam negeri kacau balau malah jalan2, bilangnya biaya sendiri, di ketawain rakyat jadinyaa";"3429646011";"ayuna_ms"
"18103980245285139";"1780389908";"Pret";"40017764305";"ratihprwst"
"18068879837375626";"1780389909";"kapasitas seskab tuh apa!? 😂😂😂";"4061144707";"doni_bastard"
"18120721012680980";"1780389911";"Pribadi??? 
Kurban sj kmren pake uang negara";"329471952";"deddypur"
"17886394284396574";"1780389912";"@teddy_hq minimal kalo ada otak dipake bro";"10719795651";"jeremiaoktavian"
"18022712192667743";"1780389923";"@ok.hera min @tempodotco apakah memungkinkan ya, dibuka semua pengeluaran biaya perjalanan? Siapa yang punya wewenang audit? 🤔";"14328897085";"ok.hera"
"17917142883374211";"1780389930";"@richardo_zd buna ngambek cok";"3975710670";"jesienna2__"
"18115898995693934";"1780389931";"Kenapa ya ted defensif terus?";"3267538522";"ulfaamnf"
"17932062201085609";"1780389933";"Preeeeeeeet. Korban aja pake apbn di namain prabowo.";"5606510337";"friki_haikal"
"18111738250907536";"1780389940";"Kang bajigur sebelah rumah gw bisa ketawa denger begini, paling die jawab, lah korban aje pake APBN, masa iye buat halan2 pake.... Pokok nya ada...😂";"6359787899";"abi01_dzar15"
"18150193387491729";"1780389940";"hadehhh";"1389048609";"nimaaas__"
"18054205037749125";"1780389949";"Ikut mangging itu salah besar tedy, bukan begitu cara bernegara ajim";"2898776134";"awabmalawi"
"18326494969255238";"1780389952";"Logikanya klo smpe presiden bayar kelebihan berarti itu perjalanan dinas luar negerinya sangat tidak efisien. Ko yaa bertolak belakang dg penjelasan dia yang mengatakan jumlah rombongan berkurang. Harusnya klo perencanaan matang dalam satu tahun anggaran, gausah smpe presiden nombok";"746370188";"farhanhanafiah25"
"18081668402643239";"1780389960";"";"7780444147";"ripaldosbt"
"18170257747423577";"1780389961";"bool kangkung klo kata warga threads";"1451980233";"_whiteduke"
"18449010094142607";"1780389964";"ah masa sih bun";"173939317";"lazuardee"
"18131706367585900";"1780389970";"@agamkupie 😂😂😂😂👏";"1476791686";"poetra1882"
"17891056791487727";"1780389971";"Akan saya lawan";"1334515168";"ericvernandha"
"18102169835588236";"1780389971";"Gimana sih konsepnya 😂😂😂😂";"503663503";"anggianr"
"17972112759059752";"1780389972";"resiko punya pejabat bocah karbitan ya begini ini ! 😅😅";"2011871419";"ky257275"
"18062712599707785";"1780389972";"Cherry picking ah datanya";"3924720587";"sundownr7"
"18123798940728461";"1780389975";"Negara udh kacau sejak ente dan boss ente gk jelas.";"4611100197";"wahyu_official89"
"18096492944272815";"1780389976";"Sugan teh lamun keur cuti, kritik pemerintah ge cuti, pek teh msh gas wae @ovie_erviana";"609438864";"faiterzairul21"
"18101659973007964";"1780389978";"Cara menyampaikan saja tidak masuk logika. Orng ini terus berbohong supaya masyarakat tidak marah .";"25825050874";"kay_sea7"
"18194494591371283";"1780389978";"";"48890823856";"balduut"
"17918465559378678";"1780389983";"Sapuin terus😂";"44182915567";"moumonica03"
"18103994368999451";"1780389985";"@syanaini nah itu";"746370188";"farhanhanafiah25"
"18170176243418788";"1780389985";"Wajahnya mangkin mbem aja yah buna..";"48644837058";"omah1maji"
"18587757049008043";"1780389986";"Neng tedi keliatan cape hbs honey moon";"1437851863";"puresukmo"
"18107511481938103";"1780389987";"Biji";"7584053852";"ardanhidayat_"
"17862184569597051";"1780389989";"@habibie_moehammad Teddy.... Syududu yaaaaa 👋😂";"1467190384";"julitarima"
"17933166045086238";"1780389989";"😂😂";"34430146375";"namiabdiazka"
"18108282809482546";"1780389990";"Spill bill nya dong 🔥🔥";"1837225747";"srijeksi"
"18115952272865636";"1780389990";"@ardanamirullah kelas Pak Amir";"1476160867";"hanggafpp"
"18329128429249323";"1780389990";"kalian semua percaya??? gue sih mendingan tidur aja 😴😴";"49122484";"hadihardiansyah182"
"17860675668638184";"1780389992";"halah team pick";"5493198217";"hey.gaal"
"18113967454889085";"1780389995";"Udahlahh, kita udah lama jadi orang Indo. Kaya ngomong sama anak kecil aja ahhh udahlahh ahh🤏🏻";"2125108876";"bill.official__"
"18065741756419075";"1780389997";"Blunder nih org... saat ditagih berapa % yg ditanggung scr pribadi oleh prabowo pasti kalangkabut.";"571264958";"pandhana"
"18143030677519219";"1780389997";"Qurban aja pake APBN yakali kunjungan ke LN pake dana pribadi wkwk udah gitu menlu kayanya ga ikut yg ikut itu2 lg orgnya wkwkk  blunder abisss ni si bunaaaaaa 😂";"8946126041";"afhsblhss"
"18057252587734345";"1780390003";"💅🏿💅🏿💅🏿";"1315112682";"gildownstrokes"
"18104557390821076";"1780390004";"";"2701534761";"atnisarevalidna_"
"17890537455513974";"1780390008";"";"55015530130";"helmi.nuzuar"
"17933156241255334";"1780390008";"Booty guoblok bacott";"6749885484";"lubna_hawla"
"17949171246000417";"1780390010";"Bahasa semut ny gufron lebih masuk di akal dr pd mulut kalian 😂😂😂";"4219183144";"initial.ak_"
"17949663033188855";"1780390010";"kalau pakai duit pribadi, kenapa pakai fasilitas negara? naik aja pesawat komersil";"524302202";"r.amalia003"
"18035174456799714";"1780390011";"MUNGKIN tuh";"8216933748";"dddezall"
"18003397706926227";"1780390014";"Pokoknya ada 🌈";"47590927801";"deniro_rahadian"
"18438654001185522";"1780390015";""Harta saya mandek karena 20 tahun saya gak berkuasa mbak Nana",. 😂";"250830021";"budinyemelo"
"17900065266450384";"1780389800";"Pinter ngeles aja lo . Dulu era 2014 keluar negeri cuma 3x ted ,  dibandingin sm era prabowo yg 1th bisa sampe 35x . Orangnya lebih dikit tp kunjungan lebih sering . Hahaha kocak lo .";"19006024023";"wiwinwindi.a"
"18073371728469399";"1780389806";"kalau kelebihan dibayar oleh uang pribadi presiden,,kalau begitu spill dong bukti TF nya 😂";"2417721681";"choirin_ahmad"
"17861674668651288";"1780389807";"Ah bunaaa, bisa aja, gua cubit pake tang nih";"53610896853";"ahmad_romadhoni1"
"17952376791170192";"1780389809";"Seskab modelan boty";"2245719995";"syahrvlf"
"18092911310245910";"1780389810";"Uang pribadi buat qurban aja, dinas biar pake uang negara gpp, TAPI mohon efisien dan disampaikan dulu kalau mau ke LN itu per tujuannya apa, bukan pas balik dapet apa, kita kan jd gak tau apa aset kita yg dijual";"225655768";"tj_nanda"
"18101301994876222";"1780389814";"Gimana orang percaya lo kunker ke luar pake duit sendiri kalo Qurban aja lo masih pake APBN 🤣";"75844923708";"rico_ap09"
"18115072828867761";"1780389816";"😂";"3959042527";"inaya.almasik"
"17858853267641252";"1780389817";"Buka laporan perjalan luar negeri. Audit!";"1623304156";"it.s__an"
"17886371793393417";"1780389818";"😂😂";"1280541536";"dodywibowoo"
"18067444139387914";"1780389818";"Gak masuk akhlak blas ted, mbok yo lek mbujuk ojok nemen2";"145290806";"adityunan_"
"18101415488030136";"1780389820";"@habibie_moehammad 😂😂😂";"1512012207";"novi.prasetyo.05"
"18314044849274836";"1780389821";"😂😂😂";"3551584742";"dasp2802"
"18073152977659111";"1780389822";"Target komunikannya rakyat 58% jadi percaya² aja";"2541932400";"afika.anisah"
"18098010296330535";"1780389822";"@m_uwel oh yg pangkatnya giveaway itu ya";"1144499794";"jaujenmom"
"18590566459006722";"1780389822";"Saya lebih percaya om kumis kotak meninggal di garut 👍";"15670475";"danugrf"
"18592844242032098";"1780389822";"Rodok tedy😂";"1521327427";"sammynstion"
"18085916405250007";"1780389824";"Jilat teruss";"6559228727";"zaldi.jadot"
"18120332740707597";"1780389825";"Kok tidak disebutkan, anggaran nya berapa, berlebih nya berapa dan dibayar sendiri itu berapa , tentu dengan bukti dokumen pendukung? Full audit, full disclosure, full transparan, jadi gak sekedar cuap2, omon2 yg kosong gak ada bukti ? 🤔";"14328897085";"ok.hera"
"18096262828913367";"1780389829";"wkwkwkwkwk but that’s not the point pliss 😭😭";"1035021316";"d_a__r_a_"
"18120452554602590";"1780389831";"Y";"595174249";"maryasakina"
"18452236888112353";"1780389832";"Pacarnya ngamuk pas di bilang ada yg buang buang anggaran karna keluar negeri Mulu.";"978769874";"andi_bianconeri"
"18167046109430212";"1780389838";"Bacot gembrot";"18574245";"zaranger"
"17947853043194455";"1780389840";"@by.wcksno bisa dipercaya tidak nih abangkuh????";"4487750591";"anggiaprn14"
"18022693496836398";"1780389841";"Hahahahhaha mana munkin 😂😂😂";"64770644544";"critics_media"
"17901258372288084";"1780389842";"BIAYA KUNKER YG BERLEBIHAN DI TANGGUNG PRABOWO TAPI SAPI QURBAN PAKAI APBN ATAS NAMA PRABOWO KOK BISA BEGITU PAK😂";"1614224945";"noir_lumineux"
"18020213744838785";"1780389842";"Rasanya kalau kebutuhan operasional perusahaan di cover pribadi ada kejanggalan : 
1. akan tercampur uang pribadi dan uang perusahaan
2. berarti perencanaan keuangan nya tidak baik sehingga minus dah harus di talangin dulu
3. Over pengeluaran dari yang sudah dianggarkan
4. Yang penting kalo audit bingung kalo ditanya aliran dana nya , masa jawabnya "ini keperluan yang ini kemarin di cover Bapak"🙏🏻";"9164632088";"mhdglhwbw"
"18394972561083018";"1780389843";"Duh couple sama aja, BaGaymana? "pokoknya ada".💅";"3872791220";"erganelgar"
"18043410305587421";"1780389845";"emangnya budget buat kunker tuh berapaaAAAAAA";"15724414646";"cameliaykh"
"18365420086235304";"1780389846";"Begitu viral langsung bikin alasan.. Ted..Ted.. Bingung sama jabatan elu...";"13571008691";"furniq.id"
"17961431399949405";"1780389848";"@habibie_moehammad syududu";"7719887811";"ndahdandah"
"18094685024604184";"1780389849";"Transparansi dong";"45184627165";"megaaamustiika"
"18027703760821722";"1780389852";"waktu dia bilang "cuma 3 bulan" asli jijik banget";"53086910581";"agamkupie"
"17881720485435605";"1780389855";"Mukanya sok beringas";"5550334193";"taebenv"
"18123995707650927";"1780389855";"😂😂😂😂";"34711471";"rurifebri"
"17950897464176055";"1780389860";"Masa marah, ben..";"286690297";"hey_denny"
"18091846058594719";"1780389861";"";"193551674";"mrdwnp"
"18108079009827836";"1780389864";"Syududu 🤏🏻";"2015068506";"lailyfadzillah"
"18108589852937770";"1780389864";"🤡";"17100330656";"eviindahs98"
"18024518774834881";"1780389865";"Kalo mmg seperti itu yah u buktikan dong,bukan omon2 doang";"6117530179";"dieghowilla"
"18091982864616617";"1780389875";"Prabowo ambisinya cuma buat jadi presiden bukan jadi seorang pemimpin..";"7877313711";"tukang_ripap"
"18047018705787782";"1780389878";"Saya lebih percaya gufron bisa bahasa semut";"586883715";"necromancer_011220"
"17966614214924991";"1780389880";"Korban idul adha aja pake nama sendiri tp pake duit apbn 😂";"54685986493";"prdn.bayu"
"17999669912932089";"1780389885";"Lo pada percaya sama omongan dia guys?? Gw mah gak.";"1588503085";"di_gil_sya"
"18097371007905745";"1780389892";"Ga malu negara seperti ini di kelola orang-orang ini???😮";"5819252955";"koboejambi"
"17917231044385611";"1780389893";"Qurban aja pake APBN 🫵🤣";"16227019437";"ndenhererra10"
"18051318827530371";"1780389894";"Kurban aja pake apbn 😂";"55311509867";"mnurfebriansyah17"
"18144064687503436";"1780389894";"Diet lu teh";"2253072845";"ranizasy"
"18601794772015250";"1780389900";"Emaak.. Emak..mending lo diem aja drpd klarifikasi. Kan lo jd keliatan karbitannya dibdg Dino..😂";"67044008203";"yet_221"
"18104158411803026";"1780389688";"Aura nya suram";"2106692557";"ah_santi15"
"18106412623778198";"1780389697";"Apa sih bun";"3886271983";"sendjagurauuu"
"18055925765742166";"1780389699";"😂😂😂😂😂 👏👏👏👏👏🔥🔥🔥🙌🙌🙌💩💩💩";"26033257";"sofia1971"
"18123450007638851";"1780389702";"Bsk kemana lagi";"1166098286";"anjasatriaa"
"18084752132530127";"1780389706";"50 :50 apa 70:30 atau gmn?";"1109427996";"airlangga_m_kertanegara"
"18424647472124087";"1780389706";"Mungkin betul saja menanggung, disaat belanja perjalanan nya melebihi aturan perpres sendiri. Misal biaya hotel maksimal presiden permalam adalah 200 juta, ketika permalam nya melebihi anggaran tsb, maka presiden akan menanggung sendiri kelebihannya";"1543521487";"fauz1.r"
"18010916267719613";"1780389707";"Urusan negara ko dipake pribadi, kecampur campur lah. Kek gasiso jadi pemimpin bjr";"48785285428";"syaifakm"
"17867669943625260";"1780389709";"Kuat sekali aura ..... nya😂";"53593701281";"surfskate_distro"
"18058468976497020";"1780389709";"kalo nyapu yang bersih ya🤣";"20558367840";"ipungrochmanz"
"18103882990957355";"1780389712";"Tek induak ang";"2142534961";"ilham23554"
"18132603133586785";"1780389712";"Apa iya sih";"3075931192";"epetebang"
"18110243357484586";"1780389713";"Jadi biaya ke luar negeri melebihi dari biaya yg dianggarkan negara🤔";"1381815483";"iing_megalendra"
"18352620379213095";"1780389714";"Harus banget gitu anggarannya di habiskan?";"44328441959";"mhd_ali.9999"
"17899732989449146";"1780389715";"bukan itu gak sih point yg dikritik....😢";"376317013";"deabdullah18"
"18095924762592011";"1780389717";"Video Amien Rais tolong di respon juga chyiiint…! 🌈💅";"49248414018";"e.one_1"
"18073449134682688";"1780389718";"😂";"56408819211";"durian_ayya"
"17997452534959360";"1780389719";"keren ted, sekarang mana laporan anggarannya";"5917375129";"zikarazaki"
"18100355105126191";"1780389726";"😂😂😂😂goks";"2939978772";"roeslan_rachman"
"18009729833882046";"1780389727";"Dih";"1404823178";"syziaaa"
"18057594233546377";"1780389727";"😂😂😂";"2287416567";"yogiko87"
"18607360015003836";"1780389727";"percaya??";"50311049";"yuniharsa"
"18329144878252663";"1780389732";"Laa emang lu lu sendiri yg nikmatin ya lu bayar sendiri, tapi ga percaya sih kalo bayar sendiri ahahah. Lu kira kita bego 😂";"558230307";"muflikhatunnisa"
"18119729365815434";"1780389741";"@sahamdaily emang dia punya malu?";"53086910581";"agamkupie"
"18167024167390639";"1780389741";"Karena itu, ketika perjalanan dinas Presiden telah direncanakan, dialokasikan, dan disetujui dalam APBN, pertanyaan yang relevan bukanlah apakah Presiden mampu membayar sendiri kekurangan biaya tersebut. Pertanyaan yang lebih mendasar adalah mengapa biaya riil kegiatan kenegaraan tersebut melampaui perencanaan anggaran yang telah ditetapkan.
Undang-Undang Nomor 17 Tahun 2003 tentang Keuangan Negara memberikan prinsip yang sangat jelas. Pasal 3 ayat (1) menyatakan bahwa keuangan negara dikelola secara tertib, taat pada peraturan perundang-undangan, efisien, ekonomis, efektif, transparan, dan bertanggung jawab #fusilatnews";"1655168995";"idanofrida"
"17913593862205725";"1780389755";"Ditanggung pribadi.... Melalui anggaran pribadi presiden. Yang mana dari negara. 😂 Masuk bun?";"1825699748";"machenizer"
"18053683808757444";"1780389758";"Mereka berkuasa seolah olah akan hidup selamanya, seolah olah tidak hari akhir, percayalah di hari akhir saya akan jadi saksi betapa tidak amanah nya pemerintahan kali ini, Aamiin Aaamiin aamiiin 🤲🤲🤲,";"969943280";"ridwanpermana28"
"18430670344132979";"1780389760";"Pret";"2098701952";"paktsaljul"
"18032085131802601";"1780389763";"pejabat laen apa ga ada yg pengen nampol dia sih";"7071328886";"restyfawzia"
"18143194009516436";"1780389763";"Yee honeymoon bayar sendiri lah mestinya";"66907467057";"odiechel"
"18423496321132013";"1780389764";"Sepakat";"323802086";"gumilngrp"
"17976236022045700";"1780389767";"Pantattt... pantattt ....";"1692647030";"datuk_sean"
"17940241059237142";"1780389768";"tiwii";"2098838853";"ikkuncahyo"
"17885111331578530";"1780389770";"Repot lu ah";"349713755";"vebriokusti"
"18424385458125794";"1780389771";"pokoknya adaaaaaa.....";"4816304685";"bharatagandareta"
"17970934019902160";"1780389772";"😂😂😂😂 ... beli sapi aja .. make uang rakyat ...";"5913176294";"harto9537"
"18094463240263333";"1780389772";"Iyee congg, ape kate lu";"5406293642";"char.adolf"
"18313760842263974";"1780389773";"Diem 🫵🏽";"1650481634";"shellamarinda"
"18423892741130483";"1780389775";"Buka datanya bisa kale 😂";"1778938600";"mihsan_m"
"17976791271018530";"1780389778";"honeymoon";"29371546126";"dispandu"
"18120243211663707";"1780389779";"Cih!";"3919212943";"astnov_"
"17863238970690681";"1780389781";"Inget cinta itu buta 😍";"176085442";"dzoelfikry"
"18587253760049579";"1780389781";"Brp anggaran? Brp pribadi?";"553003587";"rara.ikarostia"
"18115215979882184";"1780389783";"Transparasi nya mana??? Pengen tau yg pake uang sendiri yg mana. Qurban aja pake APBN. 😂";"468489862";"din_stagram"
"18354759145210919";"1780389787";"ke luar negeri rame rame amat mau ngapain sih? walimahan?🥲";"1380860384";"dianwidyan"
"18404421649196977";"1780389789";"";"635302582";"ayuprapti_"
"18101627054100562";"1780389791";"Preettt... percaya? Kurban pake APBN juga dinamain prabs, 😂";"64527623032";"adeix11"
"18096888721937495";"1780389793";"Lebih percaya sama amin raiss";"6434338457";"piterdenelsen21"
"17897641500456396";"1780389798";"sejak ODGJ jadi presiden";"53086910581";"agamkupie"
"18019241498680970";"1780389799";"Kaya andik firmansyah nasehatu lionel mesi..beda lavel ted..!!!";"48005375362";"au_soekarno"
"18171443161414170";"1780389570";"Kentut";"2930169242";"a_ncep13"
"18271585798289307";"1780389579";"IYA pak dino yg salah, Peyeumpuan selalu benar!!!!";"1537495148";"eza_hrsmann"
"18269093164292340";"1780389580";"Korban sapi pake APBN, kunjungan LN pake duit sendiri. Lo kira kita bego?";"53559419";"iman.syahbkk"
"18452498971118324";"1780389581";"Sapi qurban kmrn aja pake APBN, ya kali kunker pake duit pribadi?😂";"2136615712";"radetiaa"
"18007442963876490";"1780389586";"Iya…tapi udah nya d reimburse…sama aja dong…😅";"6626428206";"adamfirdaus1230"
"18104716073058856";"1780389588";"";"59589158672";"jajijuje.jo"
"18022113833667827";"1780389594";"gei";"2073671168";"pascawana"
"18140308108527701";"1780389594";"" Klarifikasi yang membutuhkan Klarifikasi " ....";"9301032903";"seahorse6857"
"18179515090401085";"1780389594";"Si bencong sedang berbohong tul gak nih @teddy_hq";"73508355587";"akaell_3"
"18103546778081019";"1780389596";"Dia iya.... Anak buah nya kan banyak tuuu masak dia semuaaa😂😂😂😂😂";"49311899239";"cucu_datuakbatuah"
"17953028220146542";"1780389597";"Ini Perdana Menteri yahh?🙃";"66526066954";"farhanasra_"
"17970312261101371";"1780389597";"Masih heran klo ada emak2 apalagi anak muda ngefans sama org ini... gue mah klo ktmu ,nglirik aja ga mauuuuuuu.. ngliat mukany muncul d beranda aja gue skipppppp... 🤮";"2165603123";"ovie_erviana"
"18093987719238242";"1780389597";"Sepakat bun";"1602181980";"rizahafizhin"
"18183799066384584";"1780389598";"Halah halah, Kurban aja masih pakai APBN😂";"9741833916";"ustz_zizi"
"17878961259454829";"1780389600";"Kok bisa pengeluaran negara dicampur sama pribadi.. ga masuk akal..";"17219475595";"taliudeng"
"18082462583320118";"1780389602";"Ted angle lu jelek bgt sumpah";"1351322612";"santyun"
"18083754638135869";"1780389606";"💩😂";"53700771974";"another.rth"
"18112131670872099";"1780389607";"Zoom, google meet, WA call jamaah.. bisa jadi opsi sambil ngelakuin hal lain.. ini bagus juga loh 😍";"362633255";"kochid"
"18194499862324506";"1780389607";"rombongan yg ikut dipilih yg ganteng2 aja....";"40904021700";"setiabudi3888"
"17994781061959519";"1780389608";"Yg Pak Dino ditanggapi. Yg Pak Amien Rais enggak... 😂😂😂 🌈🌈🌈";"17313135253";"pergi_kopi_kembali_"
"18018224423841893";"1780389611";"";"1227931340";"rre.yyi"
"17950030674168618";"1780389612";"anggaran nya  berapaa??";"2010846717";"wilhandharma"
"18163776145451766";"1780389613";"Mang eaaaaahhhh";"235970112";"mutimirza"
"18120828160669196";"1780389616";"Coba ted tunjukin, dasar hukum mana yang bolehin perjalanan dinas boleh pake uang pribadi?";"51936767200";"burgeur__"
"18353644090214804";"1780389619";"Biaya diluar kewajiban anggaran negara itu kayak mana bentuknya? Kan yg dimasalahin frekuensi mereka ke LN nya itu loh, dikira biaya protokoler ga ditanggung sama negara... Paling yg pakai dana pribadi cuman kayak beli bunga atau kue kayak pas ulang tahun kemaren kan maksudnya????";"1470961083";"cestannisa"
"17868161094652993";"1780389620";"Normalnya lakik aja lah";"249171772";"miqbalrizaldi_"
"18137853997848877";"1780389622";"@yadimafata knp begitu? Ada apa kl dr angle kiri?";"1591490943";"tugotambunan"
"18202474612358194";"1780389626";"Dari hawa mulutnya nampak aroma kemunafikan";"39528216458";"siswadiadnin"
"17977714332010968";"1780389627";"Prabowo ikut menanggung biaya jajannya Teddy doang.";"499921107";"anteknoki"
"18090537320524573";"1780389629";"Puitis sekali kata² nya.. dari era manual ke elektronik jolali jatah bangar Bagito (Bagi Roto) 🤣";"4129560892";"emserbaserbi"
"17900529972445209";"1780389630";"bacot";"6591427302";"bagusdrmw"
"18196803574363092";"1780389637";"Cuci tangan terus 🤣🤣🤣";"6791858669";"far_away182"
"18338207758219606";"1780389644";"Aneh ih";"257629454";"sharahsaa"
"18088260965627433";"1780389652";"Pokoknya ada";"510224104";"arifanpadiga_"
"18109746574928422";"1780389652";"Aneh juga ya mencampuradukkan urusan kenegaraan dengan dompet pribadi🤔 apakah ini masih tergolong profesional? *bertanya dengan nada hatihati lemah lembut letih lesu lunglai";"644283478";"murdiyantea"
"17898531492306346";"1780389654";"Pejabat Karbitan ini, yg membuat Presiden selalu di Bully...😂 Gak masuk akal pakai dana pribadi, coba Transparansikan jika memang betul...berani di Audit ? 😂";"2028942901";"chokiieey"
"18115654414691177";"1780389655";"Perjalanan dinas pake uang pribadi. Kurban atas nama pribadi pake APBN. Chuaakss🤣🤣🤣";"51936767200";"burgeur__"
"18086672675382568";"1780389660";"Maaf ya di mute, daripada saya dengernya sakit hati, mending baca komen aja";"45249035";"idcitra"
"18139238863557012";"1780389667";"@teddy_hq  kalo yg qurban it gmna ngab?";"16349391817";"ryoferdhinandjoher_______"
"18148067359495488";"1780389668";"Mana ada😂😂😂";"3133388466";"diana_kristantii"
"18161385970397348";"1780389670";"tombol yang ga percaya ------>>>>";"1597961107";"siutegitu"
"18014879201696637";"1780389677";"Boonk";"6449538824";"r_taufiqq"
"18088119197215342";"1780389677";"lahhh... coba jelaskan jumlah biaya yang ditanggung itu";"5360878113";"wardiman_dg.s"
"18082628294552553";"1780389683";"Wkwk orang ditanya anggaran darimana jawabannya “pokoknya ada” gimana mau di audit tu kunker luar negeri";"1439051748";"ryandesatos"
"18106176323477807";"1780389468";"Apakah perbedaan jumlah orang yang berangkat dipengaruhi oleh jumlah negara yg dikunjungi? Karena yang pertama kunjungan ke 4 negara sedangkan yang kedua hanya 2 negara. Cmiiw";"3222519713";"dodhon97"
"18131631490601598";"1780389469";"😂😂😂😂😂😂😂 😂😂😂😂😂😂😂";"2135809929";"hansen.sensen"
"18026660720819027";"1780389473";"Oke, buna 💅🏻";"4654233830";"hahahihihuhu48_"
"18083799659124544";"1780389473";"@habibie_moehammad ina makoli ina sotomi";"51789305314";"alawi0687"
"18047836322783341";"1780389474";"Lg cebokin ayang??";"297294658";"jessyreynalds"
"18117872272688154";"1780389476";"lagi cebokin bapak/cuami 😂😂";"3980965335";"diogoramanda"
"17891039520510406";"1780389481";"Sibuk banget klarifikasi bun";"789956547";"joseprayogo"
"18595506955020722";"1780389481";"Sepik";"14105504";"triarnoriann"
"18180712204402475";"1780389482";"";"1975081404";"kezia.tiora"
"17871901077617045";"1780389485";"Butikan jangan omon omo";"76565893083";"suprianik3158"
"18076471283692389";"1780389486";"Jadi, berikut notulen live yapping versi ringkasnya:

1. Kita bangsa besar. (again)
2. Kita produsen kelapa sawit yang besar. (again)
3. Koperasi harus diperkuat, diperluas. (lalala yeyeye)
4. Desa harus menjadi pusat ekonomi baru. (USD?) 🤔
5. Koperasi desa harus kuat. (ashiappp)
6. Kita harus terus memberikan makan bergizi gratis. (MBG always)
7. BANGSA BESAAAAARRRRR! (again, louder)
8. Tidak ada bangsa lain yang akan kasihan kepada kita. (ya iya lah?)";"39846713874";"ikhsnydhaaa"
"18008358347728382";"1780389489";"Open data harusnya 😂 omon omon doang ya biasa";"244569971";"galihaji_p"
"18145119631503856";"1780389491";"buka sekalian laporan leuangannya, berapa persen yg ditanggung?";"3117658306";"eggamal_"
"17916379800409443";"1780389492";"Sekelas Presiden RI, balas argumennya kayak gini😮😮😮😮😮😮";"1626742083";"anovina"
"17873851557612042";"1780389493";"padahal jumlah rombongan segitu mah udah sejak jaman jkw 😌";"266783903";"destriani_"
"18090857942028027";"1780389495";"@umma.tsabit2 iyaa bener... bilang tunjukim biaya mana yg dibayar uang pribafi Prabowo";"3429646011";"ayuna_ms"
"18125455495624949";"1780389496";"emang boleh gitu?";"46320800282";"issaiss.s"
"17949268391997496";"1780389497";"Udahan yuk mainan monopoly nya..Dulu main Monopoly takut berhenti di hotel lawan. Sekarang di sini, berhenti di mana aja rasanya tetap mahal..";"32104533";"ibnumuttaqien46"
"18099628006990255";"1780389498";"Peler buna";"8484896448";"febriramadan26"
"18158108611407799";"1780389499";"Bapak @dinopattidjalal memang cuma 3 bulan menjabat sebagai wamen tapi diluar itu pengalaman Diplomasi Luar Negeri nya lebih luas daripada Letkol itu";"2968502727";"m_uwel"
"17950005891077792";"1780389501";"Beli sapi aja pakai APBN 😂😂";"3577516851";"risqi_fajar_ramadhan"
"18111503845928005";"1780389503";"Masa?yakin? Qurban aja pake APBN😅🤭🤭🤭";"2525676807";"sopandian"
"18124730152726267";"1780389503";"Lebih percaya mama gupron sih kalo ini 😂";"789956547";"joseprayogo"
"18056622386745350";"1780389515";"Anda siapa ya? Serdadu yang beruntung aja sok banget ngomong soal keuangan negara dan peran seorang presiden dalam diplomasi internasional😂";"2268587831";"dinyah_ome"
"17856757191659176";"1780389522";"Pokoknya ada!";"6217563982";"ichsanudinrais"
"17952702990169550";"1780389523";"Kak 😂😂😂";"789956547";"joseprayogo"
"18080289614208969";"1780389529";"Ih bunda spill skincare nya doong😍";"36184877209";"acopyofmym1nd"
"17884691289566516";"1780389534";"Ciyee, syutingnya tampak depan tampak samping. Dalem hati, busett keren banget guweehh 😂😂😂";"1721544322";"ecy.rinos"
"18014778323891401";"1780389534";"😂";"793910011";"xaminsabanix"
"18422233081126372";"1780389534";"Dia ngapain ? Nyapuin issue ?";"2281735783";"hafif.myusuf"
"18076605866270190";"1780389535";"Gak masuk diakal jawaban nya soal kritik nya pak wamenlu sebelumnya,,yang diberi masukan soall ke luar negeri bisa pake zoom , seharusnya bang Tedy jawab nya terimakasih atas masukan pak wamenlu sebelumnya kritik dan saran nya kami terima dan kami akan evaluasi program perjalanan ke luar negeri agar lebih efesien dan transparan dan kami akan benar benar akan memperbaiki ke depan,,,bukan malah sibuk klarifikasi bahwasanya uang nya dari pak Prabowo Subianto pak seskab ,, tapi semoga kabinet dan pemerintahan berbenah tetap semangat pak seskab🙌";"37573083269";"khoiruddin_harahap_"
"18083681675308914";"1780389535";"Omon2 😂😂";"2461683887";"wha0ne"
"18440219767186636";"1780389536";"penggunaan uang atau dana pribadi untuk membiayai program/kegiatan negara sangat bertentangan dengan tata kelola yang diatur dalam UU 17/2003 tentang Keuangan Negara. Aturan ini memang menekankan tata kelola yang wajib tunduk pada prinsip transparansi, akuntabilitas, dan harus melewati mekanisme Anggaran Pendapatan dan Belanja Negara (APBN).";"4359730210";"yogii4"
"18013861175901198";"1780389538";"kaga usah didengar,kaga usah diliput,zonk";"470612897";"semdp"
"18107106436938250";"1780389540";"Speaks up for Papihh 😂";"53559419";"iman.syahbkk"
"18122521975730624";"1780389540";"Siapa si yang ONkan MIC untuk dia";"6049327360";"surmidahamid11_"
"18099327917277659";"1780389546";"Gimana bun udah hamil honeymoonnya?";"6217563982";"ichsanudinrais"
"18097629923334337";"1780389554";"@habibie_moehammad bener ini bro wkwkw lebih terasa realnya daripada omongan pemerintah";"599460426";"rezakunarto"
"18135574636490776";"1780389555";"Apa yg bisa dipercaya dari pemerintah ini. Kalau memang benar begitu, lampirkan dong buktinya mana prabowo bayar sendiri selisihnya? Jgn asal jeplak @sekretariat.kabinet";"6933949911";"agunglameng"
"18102312911083722";"1780389561";"aturen karo bojomu dewe, lanang kok criwis.";"2060256322";"akmalin._"
"18599300917049381";"1780389561";"Ohhhhh pakek anggaran negara pun Masih kurang ya sis ?makanya sampek nombok uang pribadi.";"35713409943";"soulroman"
"18131402230586144";"1780389562";"Sini. Gue bisa ngajarin problem solvingm gue bonusin 2 jam belajar public speakinh";"329573706";"andinimasito"
"17989757009808502";"1780389564";"Pake dana pribadi, tp pas qurban pake dana APBN ??? Iah ngga bisa lh urusan negara pake dana pribadi?😮";"52731305896";"tria_minoruu"
"17882976906584286";"1780389565";"Lebih percaya dua lipa asli nganjuk";"79656994769";"ozansssboy"
"18116148241696475";"1780389565";"Penipu";"627829109";"wisnushopu"
"18440750518184108";"1780389566";"buktikan yg kelebihan yg ditanggung presiden, mana bukti laporan rekening koran, bukti pembayaran dll nya... BUKTIKAN!!";"35823324510";"inilhodan"
"18102120188016035";"1780389354";"beli sapi kurban aja pake apbn";"1381103378";"inay.aa"
"18589753579023329";"1780389357";"Idih";"680242687";"devymg"
"18137114230495668";"1780389359";"Tailah";"61277480729";"kikimabis"
"17888943609550425";"1780389360";"Akuntabilitasnya gimana itu kalau pakai dana pribadi? Kok malah dicampuradukkan";"4044462211";"hilmanbhakti"
"18050384075532286";"1780389360";"Gimana kami mau percaya.....? Status anda saja meragukan";"2252561651";"buruh_republik"
"17930257842096857";"1780389362";"Kenapa ga sapi kmrn pakai uang pribadi juga sekalian?";"52148609617";"salsabilainsyirahh"
"18123298243646579";"1780389369";"lebih percaya gufron😂";"70193753470";"pete.rrparkerrr"
"17878035492465774";"1780389373";"Tapi kurban pakai APBN 😂😂😂 .";"77573366200";"khoo739_"
"18101098123863105";"1780389373";"Rombongan berkurang tapi lebih sering ke LN mah sama aja bunted";"47175922933";"qadriiiiii___"
"18102160916039544";"1780389376";"Terserah. Kamu banyak omong makin kelihatan cacat logika, dear bunted alias TIWI. 👎";"294996906";"endeefes"
"18535163929076852";"1780389378";"Cocok nih jadi Presiden klub Sriwijaya FC";"1581056524";"fandiakbars"
"17908532760422082";"1780389380";"nyenyenyenye";"1674158656";"02.nam"
"18110193332485070";"1780389382";"serampangan";"30636818739";"pahlevitanta"
"18082287371173097";"1780389384";"Salfok sama mukanya heheh";"8798164876";"meatloverbbq"
"18095130269219731";"1780389388";"not a good thing, btw.";"9208531539";"sugarsequels"
"18114177331883226";"1780389388";"😂😂😂 menjalankan tugas kok pakai uang pribadi. Ini negara bos bukan belajar kelompok. 😂😂😂😂";"1647747012";"ibrahim_bhra"
"18118378294740324";"1780389390";"@aa.adittt_ bisa dicampur² gitu ya awas nanti uang kantor kecampur sama uang pribadi😂, beli sapi atans nama pribadi aja pake apbn😂";"45783744339";"mikrayunisa"
"18111726758498860";"1780389391";"Sebentar lagi dia akan bilang apbn dibiayai oleh si wowo karena indonesia bangkrut.";"3556867841";"syufrialhasnan2"
"17876384184479359";"1780389392";"Terus Biaya Kurban kemarin kenapa pake APBN? Kenapa gak pake duit dari kantong pribadi aja?";"2060079873";"ikhsnzlfkr"
"17899168824452853";"1780389395";"coba dong kalo ngomong pake buktinya langsung dilampirikan Ceu @prabowo";"209178955";"amalinarima"
"18049357244779592";"1780389395";"Yang karbitan diaaaaaa looh.  Naik pangkat  aja INSTAN.....😮";"8503306377";"imantamaen"
"18038780129641630";"1780389396";"Siapa si teddy ini bangke out of nowhere langsung disini";"48759316";"michael3wijaya"
"17895855402329903";"1780389400";"0 melompong";"327443570";"mirantiresy"
"17955164508137651";"1780389400";"Jumlah rombongan dikurangi tp  Jumlah lawatan ditambah banyak... 😢";"2015678036";"ita_daradjatun"
"18009028202872822";"1780389402";"Mana pptnya? Gue sbg rakyat jelata mau tau grafiknya yg di tanggung ngr brp persen yg ditgg bapak negara brp %? Ngomong pake 📈 data, presentasi skripsi kaya gini pun diketawain sama dosen penguji, apa lagi s2? S3?";"40737533";"utarieka"
"18590554927016667";"1780389407";"Jumlah personil di kurangi, tapi jumlah kunjungan di perbanyak";"18748729192";"id.print_workshop"
"17977645065023822";"1780389408";"Ha masaaaaaa?? Idul adha aja pake apbn 🤣🤣";"72601439379";"azlanabidzar"
"18175583524406617";"1780389411";"@sahamdaily well said , this government regime is so embarrassing";"197625216";"komangputra"
"17876606964667754";"1780389412";"hahahahha";"9781196";"nataliamargaret"
"17970007593026031";"1780389412";"Dih";"12900155262";"yuli_mardiyati"
"17986372970822929";"1780389412";"Bayar lebihannya pakai duit Prabowo lewat pajak rakyat";"67786210251";"adv_2104"
"17885910369405625";"1780389416";"Cucok hmm!!!";"5514051616";"ricki_althaf"
"18395115757086283";"1780389420";"Hati malaikat banget ya berarti 😂😂";"1430635927";"wandak_s"
"17951943756154953";"1780389424";"Membendingkan hal dengan Pak Dino karena sebelumnya dikritik oleh beliau, lebih apple to apple lah. Jangan keliatan tulang lunak banget ampe anti kritik begitu tiw 😢";"47205919591";"sandrakusuma13_"
"17941627977206495";"1780389431";"Kenapa sibuk klarifikasi ya";"1597204473";"indrayadi.r"
"18131630560603413";"1780389435";"Klo kunker budget berlebih pakai uang pribadi aja bisa.. Kenapa ibadah kurban pakai APBN?";"6311193821";"umma.tsabit2"
"18015135890856788";"1780389439";"Datanya mana sis.. sapi aja lu klaim dari pacar padahal emang haknya rakyat 🤭";"11331783";"jerapah.air"
"17971243623071140";"1780389442";"😂😂😂 dulu juga ada yang bilang EMBEGEH juga pake uang dia,,";"9026567666";"zain_kenan"
"18065261735427795";"1780389442";"fufufafa: Lain Kali Kalau Ngibul Yang Kompak";"2015768655";"_.nata.decoco._"
"18317463730287650";"1780389444";"Justru kesalahan berpikir dan potensi penyelewangan, bisa2nya agenda kenegaraan pake uang pribadi. Kocak lu ted";"12500597";"lkmnaji"
"18113177824856955";"1780389448";"Welah judes 😂";"313506055";"vanyseyo_"
"18129964120592239";"1780389449";"Pret";"1958990063";"nassdayo_"
"18114581314700741";"1780389450";"Lu percaya";"8335438815";"azizy091"
"17994862229958445";"1780389457";"wkwkwkwkwkwkwkwkkw";"1657652580";"andi_alfianto_"
"18067495568700083";"1780389458";"😂";"1657652580";"andi_alfianto_"
"17997009140949867";"1780389462";"Negara hancur di kuasai boty !";"4091755503";"agus_hariyanto27"
"18099196075880097";"1780389274";"Hadeeeh.....kenapa pake AI sih vide klarifikasinya";"31462953";"van_moech"
"18539990200075404";"1780389275";"DIH";"5962348133";"ryzzkyrianiii"
"17942158566039714";"1780389278";"Bunaaaa 😍";"1485366363";"farida.andriani"
"18092559647256106";"1780389281";"Ted Ted..";"41216920130";"firmandayossi_"
"18463648102108867";"1780389282";"🤡";"41144340";"dhindaperwita"
"17993141234993240";"1780389283";"@sigitsuttt hahaha";"4032452005";"annerachmaa"
"17941049409239260";"1780389285";"";"483035109";"arioadriansyah"
"18100312873875244";"1780389285";"H-1 mens 🙌";"1445699281";"lvr_ngg"
"18084349370547744";"1780389286";"Kasi bukti kalau bayar sendiri mana ????😂";"3499448733";"andi_husain81"
"18469348225101359";"1780389287";"Mending buat kurban bapak";"1449322836";"abraham.lanang"
"17951086053170333";"1780389288";"Jumlah rombongan berkurang tapi intensitas kunjungan ke luar negeri naik pesat, so???? Coba dong dijelaskan yang ditanggung presiden berapa persennya????";"1526921922";"syanaini"
"18112273972912300";"1780389288";"Dia bibir nya di oplas ya?";"49563523910";"pahlevirizkiananda"
"18081668324157204";"1780389289";"Yah pake biaya pribadi kan lg program bayi tabung makanya bolbal terus ampir tiap bulan 😂😂😂";"238213018";"viaarna"
"17993281367793710";"1780389291";"Ongkos ke luar negri di tanggung prabowo tp kurban Sapi atas nama prabowo di tanggung APBN";"1678274770";"ricky_radcliffe"
"17961475833066742";"1780389292";"Tombol istri❤️";"77143754386";"coco_woww"
"18456744142113378";"1780389294";"Mengarang bebas boty";"1608852268";"dayatkisaragi"
"18103140719284028";"1780389296";"Yang beneer";"63220314845";"alanwar0808"
"17913732333200551";"1780389299";"Kemunculan tedy dan makin seringnya ia menjadi juru bicara pa gemoy sengaja menyembunyikan pa samsul dr penyataan wartawan😂😂";"6656292502";"egi.sugianto.37"
"18084670166629224";"1780389301";"Dia pikir klarifikasi seperti itu orang akan percaya. Makin blunder malahan.";"3994437005";"fharydz_os"
"18079447643646244";"1780389304";"😂";"9412528241";"galuh.yogaustara"
"17868236031543881";"1780389307";"Next kmn lg Ted,,,";"76380614023";"viovi.lo"
"18082887896147554";"1780389307";"Emak2 lagi angot dikasih mic ama kamera...ya kek gini";"9525096";"yandibrownsu"
"18155997337419748";"1780389309";"Mosok? Mosok? Mosok? Preeeettt 🤣";"391948233";"mssw01"
"18122370514657976";"1780389312";"jadi kalo jalan2 pake duit pribadi, kalo beli sapi pake apbn gt?";"185914410";"atikanrmln"
"18068301602373767";"1780389313";"Syududu";"7364311040";"masita._.00"
"18329568757267012";"1780389313";"She's a INKOMPETEN! 🔥";"2015018988";"dilemari_"
"18077074481249730";"1780389321";"@yadimafata baru ngeh 😭😭";"1449322836";"abraham.lanang"
"18137343442557635";"1780389323";"Tolong cek bo,ol nya tedy !";"43952864981";"_ydtkts__"
"17890557672541229";"1780389324";"🤡🤡🤡";"1242086992";"ardhileo07"
"17991445574987134";"1780389325";"Coba di cek lagi substansi kritik pak Dino Patti Djalal jangan defense terus pak Seskab. Pemerintah kok anti kritik banget. Kalo gamau dikritik jangan jadi pemerintah karna sejatinya pemerintah itu pelayan rakyat";"1525058241";"ardanamirullah"
"17967537780073971";"1780389326";"";"8438166760";"demonshater"
"18101997326085433";"1780389327";"Lebih percaya mama Gufron bisa ngomong sama semut";"38686878835";"moh.muzaqi.7"
"18175297900409146";"1780389328";"Negara ko brasa perusahaan pribadi";"24869497455";"aayhesya"
"17858633694649008";"1780389329";"kirain ini debi ceper";"1827152648";"fkfkrri"
"17868914469682905";"1780389330";"Kurban yg harus pribadi  pakai APBN 100 miliar .mgkin ga  pakai duit pribadi perjalanan atas nama presiden tp urusan pribadi";"53813872336";"fardialtanjung"
"18071371931692811";"1780389333";"Nyenyenyee";"3856828249";"rocky_079"
"18154569346472205";"1780389333";"Manusia karbitan, jauhh di banding mantan mentri";"2180576457";"rahmat.app"
"17888835813553057";"1780389338";"😂😂😂😂";"209107563";"ijunwibowo"
"18083142545453091";"1780389338";"Pejabat karbitan";"45526542936";"taatpajakgas"
"18122410288640608";"1780389338";"Taikk, kita klo presentasi itu ada faktanyaa bot, bukan cuma omong2 doang, dihina hina dosen klo cuma omong2bdoang😂";"44106160719";"muh_hirzinugraha"
"18120849103736638";"1780389339";"rakyat di bodohi terus";"56068538142";"4l3x42022"
"18005786720868502";"1780389340";"Bentar² lawatan ke luar negeri berarti bukan sedang mengurus negara dong berarti kemarin kalau emang pakai dana pribadi, bisa dibilang si presiden liburan. Trus gimana ceritanya uang negara dan uang pribadi kecampur² kemarin sapi qurban pakai APBN, kunjungan² luar negeri duit pribadi?";"46847405063";"ha.hamka"
"17996899148780604";"1780389346";"Wajar sih istri ngebela suami";"2955572407";"kasnarian.adinata"
"18117444028828737";"1780389349";"Iyaiya yang penting mama senang";"981949841";"ndrlm_"
"18086937350630793";"1780389350";"Jujur janggal";"1477148635";"aiainul3"
"17892833049354627";"1780389351";"PAAAAKKKKK TEDDY. JANGAN " NAMBAH DOSA " . MENDING DIAM. KALAU BEGITU , KENAPA TIDAK BER SEDEKAH SMPI DENGAN UANG SENDIRI.  MALAH PAKAI APBN ??????????????????????";"71247846049";"morristkpa"
"17911783131407154";"1780389075";"Mentok plafon";"1333979822";"rzky_rdc"
"18073955936315569";"1780389075";"Iya iya iya 😂";"65877543838";"bangbeepku"
"18100971319889409";"1780389092";"Kenapa ya gaya2 Botty kalo ngomong buat makin eneg ya..";"229344547";"mozarthoshi"
"18147874663496285";"1780389092";"Always "angle kanan" 😂";"2227041991";"yadimafata"
"18085705229456441";"1780389103";"1098🐄: kalian percaya der??? klo gua si lebih percaya Messi asli Madura ketimbang percaya omongan bunda";"49294397956";"ekanurdiansyah.09"
"18559051333065857";"1780389124";"🔥";"6306599906";"baksopradah.smd"
"17879026836664951";"1780389134";"J*jik";"54808469342";"deri_kun2"
"18077361392285365";"1780389143";"@ekanurdiansyah.09 😂😂😂😂😂";"7263025486";"zamroniblabak"
"18091628522200711";"1780389166";"sekelas presiden aja nyampurin duit pribadi dengan duit kantor,";"4657069220";"aa.adittt_"
"18074428292663951";"1780389167";"";"51170928345";"tcry.pto70"
"18098786336469592";"1780389169";"Percaya sama dagelan";"45635329308";"ypanambunan"
"18382515436162387";"1780389180";"Sulit dipercaya....";"52264241800";"wulan_solechan"
"18153110671485727";"1780389185";"🫣😖";"324584319";"intanmarzoeki"
"17916836376180432";"1780389193";"iya...iya..";"1968686643";"katanya_nining"
"18091388090255416";"1780389204";"😂 odading ini tengil emang dinasehati kok malah belagu 🤬";"4058878560";"akbaralfaro91"
"18093584866984175";"1780389204";"Mukanya ses tiwi bisa di blur aja ngga min? 🙏🏻";"206751849";"faradira"
"18467045893128149";"1780389205";"Logikanya sejak kapan uang pribadi bisa digunakan untuk dinas? 😂";"51279225852";"rekomsahamritel"
"18093061604585734";"1780389207";"👀👀👀👀👀👀👀👀👀👀👀👀👀👀👀";"1622049154";"ilfaipong"
"17889708828378869";"1780389212";"Nunggu kabar berita si teddi bunting 😂😂😂😂";"7010987428";"r_win_80d"
"18122422630733547";"1780389215";"😮😮😮";"2316753275";"liliek_chm"
"17853946383679977";"1780389216";"Dikiranya keren kali ya 😂😂";"187865543";"one_na_se"
"17968815798098422";"1780389217";"Dia siapa???";"5843140076";"muchlizdarma1"
"18040492277598523";"1780389217";"Kown congok, Ted. Juancuk!";"7135291283";"coach_riosanyoto"
"18113161849850506";"1780389219";"Gandeng boty";"510028763";"sigitsuttt"
"18118976158839204";"1780389220";"Katakan “PRETTTT”";"5743608213";"rbn_13_13"
"17949508071173951";"1780389230";"Omon omon 😂";"39122192";"ed.k.ed"
"17978794592858466";"1780389233";"Pokoknya ada 💅";"74956787825";"nadianrftria"
"17971306517900951";"1780389234";"Better u do juvelook treatment dl for ur smile line sis";"1433972025";"samanthadiany"
"17975670599878008";"1780389234";"Tidak percaya.";"9038588640";"_elan_suherlan_"
"18067139090397901";"1780389240";"Saya lebih percaya gufron ngomong sama bidadari 😂😂";"3291044353";"habibie_moehammad"
"18147053398498428";"1780389256";"@sigitsuttt 😂";"55221285238";"gnwhy_"
"18154320010473196";"1780389258";"Cebokinnya pake sabun batang ted, lebih wangi";"6656493335";"lokalpiple"
"18108945562830602";"1780389259";"Peribahasa "menepuk air di dulang, terpercik muka sendiri" bermakna melakukan sesuatu yang berniat memburukkan orang lain, tetapi justru memalukan atau merugikan diri sendiri.";"6579360506";"sahamdaily"
"18110542729920508";"1780389259";"Malah nyri pembenaran, Bukannya memperbaiki ya klo dikritik";"4846271823";"_ik4ik4"
"18010996142885925";"1780389264";"Bullshit nya kuat bgttt";"342653388";"juls.had"
"17904585204265890";"1780389265";"@teddy_hq GA PUNYA SOPAN SANTUN, Pak @dinopattidjalal bukan seorang diplomat karbitan, tdk seperti anda punya jabatan hasil karbitan org tersayang";"3487971542";"syakhrizal83"
"18113128450896309";"1780389268";"hari gini percaya ama BENCONG";"1663605913";"irzalagung08"
"17917199613388067";"1780389273";"Wadul si mamang eta mah";"55221285238";"gnwhy_"