"comment_id";"created_at";"text";"user_id";"username"
"17886495345564855";"1780455862";"Dudah bodoh... jelek... homo... penghancur negara..";"6626589551";"endahtyara"
"18097427147161049";"1780456005";"uang pribadi melulu, tapi kekayaan mereka bertambah melebihi data 😂";"2287321928";"dik_dodik"
"17955642695973677";"1780456106";"@teddy_hq 😂";"2208146812";"khodambintoyib"
"17967022041080200";"1780456181";"gjls boti jelek";"4614317034";"youdntknwwhoiam"
"18051436808751611";"1780456202";"@widiashufi kalopun ada , bisa di manipulatif";"1468952977";"ciciagness"
"18141134761535171";"1780456262";"Buna Tiwi lagi Curhat 🤣";"976383409";"arsyahnasril"
"17933234826256861";"1780456317";"@estiyunho_ kalau sampai pakai biaya pribadi berarti banyak plesiran 😂";"3623343867";"fanl06"
"18096616466266328";"1780456353";"Manaaa coba liattt bener ga bayar sendiriii, qurban sapi aja pake apbn 💅💅💅";"3040875997";"djinot_djinot"
"18128540614719246";"1780456425";"Anggaran nya dari mana?.... "Pokoknya ada" 🤭🤭";"197170303";"aghost_dp"
"18167406916442798";"1780456438";"Huft jutek amat cih";"5962453";"permatothati"
"18117819271697189";"1780456448";"Bunda tau bgt sampe ke keuangan ayah 💅";"1442428096";"rarasntae"
"18467818606099691";"1780456567";"8===D";"2205934377";"ryz.karma_"
"18107089435748726";"1780456602";"Tong bari dangdak dengdek atuh! Biasa we🙃";"1417342317";"tiaranii"
"18071949074667359";"1780456621";"Klarifikasi nya kurang direncanakan blunder 😂";"50038124365";"go_english72"
"18446723929186377";"1780457104";"🤮";"71693425734";"win_sastro77"
"18066816470397183";"1780457202";"Ga ada yg mau iseng ledakin balon pas dia lagi ngomong??😂😂😂";"3532894474";"fjr__blackprince"
"18103873171816039";"1780457301";"@iamwk11 🤣🤣🤣🤣";"6266235854";"byannissabudi"
"18135170416561046";"1780457530";"The real tabrak tabrak masuk";"668378874";"nr.liarahma"
"18105816622786060";"1780457588";"@jt_aldo7 sedooot maaas 😂😂😂😂";"2237031593";"mzl12k"
"18100979039010042";"1780457666";"Pejabat kita ko kya gini bangat ya Allah,😢😢 di krtitik bukanya jadi baik malah tambah bobrok";"30019999142";"gabu_t7861"
"17922039957142757";"1780457679";"Kapan demo? Akuu ikut ya gengs... pengen rasakan gas air mataa please... 🔥";"1003556977";"dawsonkrisman"
"18214309033333108";"1780457745";"Pasang badan dia";"215781520";"kelana_jr"
"18054553808573514";"1780457806";"dulu km mengabdi kepada 07, skrg peninggalan 07 jd beban 08, tidak adakah satupun disini yg menuntut akuntabilitas dr 07? 10 tahun dipimpin 07 hasilnya apa? ckckck";"3561013480";"ditt.oo"
"17905073343429242";"1780457916";"Cuss...";"1970616069";"hasanahulffa"
"18107893949474742";"1780457918";"Tetep lebih masuk akal pak dino sih 👉🏻👈🏻";"353364480";"hdynkasih"
"18342462652168313";"1780457957";"Inilah akibatnya kalau pejabat yang dipaksakan menjabat🤣🤣 hancur RI";"3669157197";"melki.wahyudi.murdi"
"17969047698075439";"1780458016";"Idung sis kembang kempis";"31859549897";"anti_kapitalism"
"18072402005328240";"1780458170";"@estiyunho_ ini kamu komen, sdh baca captionnya gk?";"1185827749";"rafizulfadhli_"
"18111124279713878";"1780458180";"Masa..... 💅💅💅";"8560894141";"buncis_abizararsya"
"17893166328355058";"1780458326";"Bloopppppp";"397724400";"riyannnnnnnh"
"18125970703624684";"1780458587";"Semangat buna , kamu sendirian 🥰";"201928911";"lee_yunita"
"17871268104617822";"1780458799";"Jijik aku mass , jijik bangeett sama kamu mass ted 💅💅";"1496867587";"agoenk_mubarak"
"17871459213526106";"1780459071";"@iamwk11 😂😂";"1611831644";"antonysuhermanto"
"18091934039602943";"1780459107";"BunTed BunTed";"69818040097";"kristianpratamaaa"
"18112799735507965";"1780459110";"🙈🙈🙈";"184854377";"sarinyahdhani"
"18101495834109938";"1780459573";"Terus aku percoyo ngono nek gawe duwek pribadi, tentu saja tidak 😂😂";"1485151018";"adewira23_"
"17890680387535725";"1780459621";"bunda kontol baper";"208936348";"_kemalakbar"
"17884257768574394";"1780459714";"@flamingoolshop mungkin dia rakyat desa yg transaksi nya pakai daun🤭";"1764081950";"sifafitriia"
"18105042784812678";"1780460328";"Gak percaya tuh 🤣🤣";"34257026333";"_juningsih"
"18085206059618719";"1780460367";"Bunda waktunya botox soalnya sudah agak turun pipinya";"1389154712";"hellowiiimm"
"18008090978731754";"1780460451";"Sok cantik ewh";"4012662617";"soniangshh"
"17891352195489792";"1780460726";"😂😂😂";"3014401704";"uzie212"
"18064149968460734";"1780460830";"Masalah kunjungan LN masih ok dan gw secara pribadi masih bisa di terima lah, krn secara ga langsung pasti punya dampak hub yg baik, cuma program2 yg lain boleh lah di review";"965744343";"lukmansyahlukman"
"17938593003054667";"1780461079";"Rombongan berkurang karna ga muat. Rombongan orang diganti bawa mobil sendiri aum maung... 🗿";"1960465421";"marselino.susanto"
"18000541781938871";"1780461114";"idih idihh buna nyinyir 💅";"253122022";"yuniarmita"
"17978570649012786";"1780461170";"Bukan perkara kelebihan ditanggung pribadi, kalau bisa gak pergi dan jadinya hemat, kenapa harus pergi";"34257026333";"_juningsih"
"18334732534301701";"1780461206";"Dari cara bicaranya aja spt lagi presentasi ujian skripsi, lagi baca powerpoint 😂";"1399757716";"denibutonk"
"17938466247056246";"1780461211";"Bulan madu ngga tuh wkwkwkkw";"1255595815";"momy_zeya"
"17974348560053094";"1780461266";"Idih. Cuih";"5922575254";"yorgisamudra"
"17922081606144260";"1780461533";"Dih, malu lu buna, karbitan😂";"7334826537";"imeykarina99655"
"18077107124254769";"1780450514";"Baru x ini liat pemerintah yg tiap dikritik langsung bikin klarifikasi,  wow sekali😂😂";"16115445";"astrobuuun"
"18021166154674679";"1780450549";"Makasih klarifikasinya Ibu Negara..";"11295893429";"fahmialgadry"
"17856812916659114";"1780450805";"Arisan kapan ses ? 💅";"1603609842";"bagus_wang"
"17907957258423453";"1780451088";"oalah emang bagian dri krisis ya wowo dan pemerintahan skrg.. jelas bgt puppet barat dan oligarki";"32230428657";"salmanjeha"
"17966696055093658";"1780451129";"Mulut wanita emang pandai berkilah";"173618282";"eon.nedez"
"18470207650128153";"1780451160";"@teddy_hq Pembelaanmu yg membabi buta dan cara komunikasimu justru semakin menelanjangi kapasitasmu yg tidak ada apa2nya dan jauuuh di bawah kelas Pak Dino. Pak Dino itu tumbuh dari jalur diplomasi profesional (karier sipil/diplomat). Puluhan tahun berkecimpung di dunia diplomasi internasional, menempuh pendidikan doktoral di bidang hubungan internasional, dan terlatih dalam retorika serta negosiasi tingkat tinggi. Kemampuan menyusun kalimat dan mengelola isu publik adalah makanan sehari2nya. Sedangkan kamu, memperoleh jabatan Seskab secara instan karbitan juga melalui proses birokrasi yang dianggap tidak lazim. Jadi gak heran kualitas komunikasimu bisa dibilang sangat belepotan jika dibanding Pak Dino. Begitulah cara alam semesta mempermalukan makhluknya dengan cara yang tak pernah kamu duga. Masih punya muka untuk merasa hebat???";"201484903";"imam.fdh"
"18137882044545835";"1780451177";"Trua kmi harus percya?? Mana ad manusia zman skrg jujur klo masalah DUIT!!";"1910353118";"bapao_daging"
"18046068254563342";"1780451292";"Baper. Apa gak habis uang pribadinya?";"2114722342";"aditya_e.k.a"
"18465349561109413";"1780451338";"😂😂";"40493503845";"evanurjanah87"
"18022186739670161";"1780451460";"kalai melibatkan dana pribadi,saya jadi khawatir ada urusan pribadi yg menyertai";"75071980301";"wicstorm"
"18117532468748448";"1780451599";"💅sepayket chuin";"4113738622";"hendri_satria_budi"
"17953796046166250";"1780451694";"“Jangan serang ayank akuw dong”
(Begitu inti nya)";"515561367";"icha.marifatul"
"18083890922170319";"1780451797";"Slay 💅";"1317791440";"ayuadby"
"18124295116591636";"1780451844";"Julit, judes, Mulut lemessss… Lakik banget entee bang 😪😮‍💨";"15541058212";"wisnu_scholes"
"17989895261798162";"1780452128";"Aku bacanya Dajal maap. 🤣";"1962692540";"roizvirgho"
"18136912996558445";"1780452190";"💅";"1495885195";"ariefitrianiii"
"18146758159502943";"1780452277";"@topglobalmiya__";"303225023";"sapiil"
"18102651830101605";"1780452489";"🤣🤣🤣";"3163514058";"henqie_well"
"18121853818659032";"1780452902";"sudah minum matcha hr ini? 🍵";"233872435";"danyprv_"
"18082419944560439";"1780452973";"Makin kesini makin keliatan watak aslinya 😂";"224326582";"jefrie_tjan"
"18120727195680249";"1780453015";"@iamwk11 😂😂😂😂😂singkat padat rungkat";"418725432";"mochi_ball99"
"17954244963150963";"1780453121";"Diberi kesempatan meski hanya 3 bulan, woeeee hahahahaha..... Ses tedy julid amat deh ah.... Ga mau bgt kayae ayank Subi kena kritik... Emang bener kalo jatuh cinta negara serasa milik berdua";"80410563788";"stndhrealone"
"17901427920288465";"1780453130";"Rombongan sirkus dan badutnya 🔥";"3868547756";"kucinghiaslokal"
"17972797116046025";"1780453253";"@kumoroaji23 melu 😂";"630152738";"noor_akhlis"
"18098613626127300";"1780453285";"@iamwk11 rewel ya cantik kl ngambek, jd yapping";"604749584";"guebaddie"
"18119778838781738";"1780453782";"wanjaayyyy, bunted posesif banget, membela suami yang kena kritik netijen💅🏻";"1978055455";"zntaaa_"
"18164650246440149";"1780453883";"Btw pas celebrate birthday nya kmaren nyambi pakai fasilitas negara utk kepentingan pribadi gmana ngitungnya itu? Dan namanya kunjungan kenegaraan harus pure mmg hny bersifat kenegaraan..gak boleh bercampur dgn kepentingan pribadi. Krn smua hrs transparant...uang rakyat itu...";"1025785592";"fitri_alqadrie"
"17876149605656584";"1780453912";"gas buli gas";"1403736782";"epus_kiyut"
"17883082968586867";"1780453971";"@aris.gunawan23 kan gantiin Harmoko, menteri Penerangan... Kata Harmoko zaman cang ato "menurut petunjuk bapak Presiden.. "😂";"2012074468";"shiryu.hyoga"
"18095065615955901";"1780454088";"yuyur yanggal. capek bgt dgr mereka ini";"7824868587";"ayostthy_"
"18100972061327953";"1780454239";"co cwit😍";"1445532254";"duha.jpg"
"17894363037471434";"1780454378";"NPD akut💅";"77068275141";"reyhandhilbramsyah"
"17866412016563434";"1780454389";"@ivannaokta02 si mami marah 🤣";"1760085865";"fantrigalatian"
"18101007245518669";"1780454699";"Dan atasanmu merubah undang2 TNI agar km bs mnjbat 2 posisi..";"65598646720";"26dickymaulana"
"18066876851427464";"1780454770";"@iamwk11 bahahahaaa";"466669361";"muhamad_sarip_"
"17872976136672830";"1780454777";"@ardianryz_ wakakakakaakakakaa";"466669361";"muhamad_sarip_"
"18120565351671061";"1780455051";"Ingat APBN Bagi Dia Duit Pribadi Dia, Jadi Suka2 Dia Lah 😂";"1988704056";"reviewxenna"
"17858681394649007";"1780455064";"kemarin pemerintah sebelah diberikan bantuan di tolak tu bunted. hasil investasi gak di publikasikan detail juga?";"2287321928";"dik_dodik"
"18007107980874227";"1780455090";"Yakin uang pribadi?";"1334040989";"tifani_lim"
"18136243606483432";"1780455101";"Udh jeleeekk berisik lagi.";"2141208840";"biancaerfisa"
"18162202201450435";"1780455128";"Ora umum blas";"452792872";"arhenny7"
"18175253863416430";"1780455240";"Cebokin teruuussss....";"2186260947";"denmasnoto"
"18104866750967139";"1780455279";"Posesif ngeri amat negara diatur org bgini";"4759245663";"sarah_handayani10"
"18101871227088190";"1780455363";"Seskab Seskab kl lawatan ktny uang pribadi tp knp kl berqurban pake anggaran negara😂sdh aneh niih😢";"1663267258";"nurdewik"
"18093315146264517";"1780455400";"@iamwk11 🤣🤣🤣😂😂😂";"1428360059";"maramuda231019"
"17867445570685953";"1780455435";"Belum apa2 sengaja nge re-frame "selama 3 bln" ya elah...";"637936061";"77_maleficent_77"
"17990848931971535";"1780445218";"@iamwk11 😂😂😂😂 @teddy_hq";"8509826709";"elenkratu"
"18014105912704222";"1780445224";"Dari awal ngomong aja uda kaya bencong asbun";"52368471";"ferryadhip"
"18093440006351797";"1780445240";"Perjalanan Dinas knapa pakai uang pribadi bukannya malah menyalahi aturan ya 😢 pertanggung jawabanya bagaimana..";"385518237";"evasibarani"
"17950623498177574";"1780445300";"Peran Menteri Luar Negeri bukannya menjalin hubungan diplomatik?? Sekertaris Kabinet ngapa harus ngintil Wowo trs??";"2884881224";"aris.gunawan23"
"18003811943925784";"1780445338";"Mana ku percaya ach... Mana ku percaya ich...";"36361124324";"alinawaticut"
"17894199123532477";"1780445411";"Antikritik";"553611341";"abayzhou"
"18103178543123390";"1780445492";"@fitrohachmad sprtinya memang terlahir sbg jubir kak";"1148794099";"fifauzia"
"17971644552060147";"1780445505";"Hm";"418116874";"nurhadipratama"
"18360800779224365";"1780445528";"Nyonya besar marah";"29667092";"donny.hw"
"17921923524146113";"1780445691";"Percaya jalan2 pake duit sendiri...beli sapi aja pake APBN";"22472522";"anjar.samurai23"
"17868959238622909";"1780445720";"Ini biaya buat video dan nyebarin ke akun buzzer berapa ya ?";"230318853";"wendy_yunsa"
"18397945000155329";"1780446004";"cara menjawab kritik dengan unsur merendahkan justru akan menjadi boomerang nantinya.

kalo ada unsur uang pribadi point yang mana? uang negara point yg mana saja? mohon dijelaskan agar transparan. Semoga jawabannya bukan “pokoknya ada”😂";"712098896";"ramasahid"
"17941196787230998";"1780446046";"@windyastyani jelassssss, Pkke lak posisi lagi madang gak usah buka sosmed best. Bahaya iso muntah Mgko 🫠🫠🫠";"3246150492";"ekauniky"
"18019131854685162";"1780446268";"@ekauniky 😂tos disik@kita best";"490249630";"windyastyani"
"17858875596649033";"1780446302";"@iamwk11 😂😂😂";"2163977280";"mama_wetan"
"17851781547693558";"1780446471";"BEBAL gak ada ngerasa bersalah nya,kalo masih rezim ini ,orang orangnya ini,kayak nya udah gak ada harapan, berharap mereka bener cuma nambah rasa marah dan kecewa";"1937285046";"rizaoels"
"18448670218143951";"1780446476";"🤮";"60828932367";"lieliem8"
"18069424865351339";"1780446631";"💅💅";"3116812491";"yulifazaim"
"17874281763612494";"1780446761";"Bensong 💅";"55545269549";"moahancock"
"18120588094678732";"1780446932";"";"1586794970";"irvanriko"
"18138443842537512";"1780447039";"@wish_nugraha_ nggambleh e boti cen metune taiii nu wkwkwk";"1724442907";"daffawell"
"18094930444983953";"1780447311";"Istri berkewajiban menutupi aib suami";"1229021254";"maihutagaol"
"18127144885621765";"1780447331";"Maklumin aja mungkin Bunted lagi deres2nya PMS …";"408540244";"bagus.abdi.sukma"
"18110698270925197";"1780447368";"Sipaling pake dibold 3 bulan nya. Psk dubes mah merintis dari bawah bukan tiba2 naik pangkat kayak hmmm";"386584369";"jessica.ntia"
"18139875505549352";"1780447440";"@estiyunho_ percuma jelasin sama buzzernya, dia kan di bayar untuk membelah walaupun mereka sudah tau kalau salah";"1284959793";"syaif.din"
"18094791053188287";"1780447773";"Stop travelling";"302364546";"betty__purwati"
"18144647539506375";"1780447918";"@ceujani semangat pa Dino 🔥🔥🔥";"1013327423";"ewiedew"
"18009875351866141";"1780448026";"Malah klarifikasi😂";"1578378868";"rizkiramdani42"
"17892448980476096";"1780448155";"ku rasa seperti dinas kerja di kantor kali ya. ada budget perdeem, transport, makan, hotel. mungkin ya ini mungkin melebihin budget itu. ya dikantor pun saya klo melebihin budget ya nombok. klo kurang dari budget yg sudah di buat ya itu masuk kantong pribadi";"1474791934";"mikeu07"
"18393148111089126";"1780448356";"@windyastyani ✋🏻tossss";"3246150492";"ekauniky"
"17922045141143856";"1780448380";"gay";"486908290";"dioilham"
"18073970033453346";"1780448381";"Bengeut sia 👊🏻";"269822976";"rizkaramadhiani0690_"
"18135737752565833";"1780448588";"💅";"38588667";"prabudjenaka"
"18130490881608705";"1780448850";"Kelebihan biaya kan bukan “semua biaya” ditanggung prabowo,kalo betul ya tunjukkan bukti,omon-omon aja dari awal,hadeh,pemerintah anti kritik begini yang bikin orang makin tidak percaya,teddy feat prabowo “duet maut buat ihsg dan rupiah”";"3973729053";"gerrym.1709"
"17939718414049145";"1780448951";"Kunjungan kenegaraan pake uang pribadi tapi kurban sapi pake apbn, sehat?";"1608562316";"deiynn"
"17929712955336229";"1780448970";"Apa yang dikejar sih mbak?";"2118032274";"this.georby"
"18360513217238541";"1780449069";"Jaman pak Dino 100an orang buat kunjungan 4 negara.. ga apple to apple, Ted 💅";"31359114";"nunodwee"
"17932891908086433";"1780449287";"Wewewek Kami ga percaya deh😂 blunder lagi deh cong😮";"315988780";"wanirhamm"
"18100818341031371";"1780449528";"lebih baiknya adalah presiden sekarang lbh banyak komunikasi dg pemimpin negara lain";"27879327179";"uing.yeuh"
"17989960469805955";"1780449574";"@teddy_hq @tedskyfriendsofficial @tedsky89 ahhhh masa sih anjeng kaya loe, babi 🐷🐽teddy tekong bencong bertitit";"11771788801";"tokek.cicak"
"18078668177229796";"1780449663";"Ahhh tedddy ngentot kontol bencong loe babi 🐷🐽@teddy_hq @tedskyfriendsofficial @tedsky89";"11771788801";"tokek.cicak"
"18076322120275682";"1780449809";"😂😂😂apa iya? Qurban aj pakai dana negara apalagi kunjungan kerja? Tp kl biaya sendiri keren juga🤣🤣namanya wisata. Pantesan sering ke Paris";"31358501677";"aprikatiningsih_rumahkopi"
"18454390825113218";"1780449840";"Helehhh, qurban aja pake APBN sok sok an pake dana pribadi...sory ye 😂";"4632705338";"purnomo_sigitaero"
"17932051515292682";"1780450032";"Dosa lu boong melulu💅🤣";"2134309134";"maharjayendra"
"18048859760535739";"1780450050";"B O T E A";"49638099630";"ry.v___"
"18195164182369455";"1780450079";"Alhamdulillah dari dulu ga pernah ngefans sama buna teddy maaf muka biasa aja karismatik menurut saya b aja ,dan maaf dr dulu kaga ada gagah”nya ,skrg udh menjabat  saya jadi antipati";"342788613";"seudecor"
"18119613478707538";"1780450173";"😂";"1409273125";"kikywang99"
"18596512894031437";"1780450185";"";"1218799831";"closertothedeath_"
"18082315568170168";"1780450226";"Wkkwkakaka kocak lu";"934355910";"ivannaokta02"
"18068613239361241";"1780450273";"On Point bgt bulan madu 🤣";"1925895699";"nurazrina_a"
"18089812871621233";"1780438873";"Cuco meong 💅";"212498351";"yviptra"
"18008710271728493";"1780438930";"Asbun";"1207688425";"mury_qmunk"
"18204604735350666";"1780439229";"@asildo_0 best comment 👏";"1703653094";"liliskalisma01"
"18183100048387694";"1780439356";"hmmm sampe gue ulang2 , slide 7 pronounce ivent nya kaga bener daahhh";"777710846";"debmeii"
"18322685842284248";"1780439626";"Sok iye bgt sok mersa paling bgus. Pke nyebutin walau Cuma 3buln.";"8655996329";"dyaintan7478"
"17892607068499651";"1780439654";"🤣khodam brwujud manusia tulang presto....😂";"11939864901";"19wahyoulicious27"
"18123377206724980";"1780439834";"Itu 100-120 orang dibagi untuk ke 4 negara, sedangkan jaman sekarang yg katanya dipangkas >50% cuma untuk ke Sydney gimana konsepnya? Tetep jauh lebih rugi yg sekarang dong cuma diper"indah" aja keliatannya biar seakan lebih hemat padahal jauh lebih boros anggarannya";"1605043538";"ardi_prim"
"18452505025119825";"1780439992";"@iamwk11 💅";"999234796";"tya.1230.b"
"18037980944607385";"1780440139";"seberapa besar luvang teddy";"192624169";"suryadamar"
"18093223958012174";"1780440224";"@_nailajinans ooo, ajudan paling jos jis ya😍";"26507126692";"anisaufah20"
"18132545224601052";"1780440447";"Atuuuuuur bun";"506539037";"windymassang"
"18101233634010969";"1780440528";"Suruh melihat lagi Janji Prabowo  waktu kampanye";"44452108";"fatkhurrokhman"
"17993527535964492";"1780440575";"@estiyunho_ ada deh";"44452108";"fatkhurrokhman"
"18105958313488318";"1780440700";"apakabar Qurban yg pake APBN tiiiii ?";"577121978";"shendynv"
"18132770680604323";"1780440724";"@iamwk11 ya ampun ngakak aku 💅🤣🤣";"1091495275";"fifiefdy"
"18102220628089878";"1780440988";"Cebokin terus... 🤣";"1543353408";"mhmmd.ctr"
"18152679445478966";"1780441220";"Makin klarifikasi, makin rakyat tau bobroknya😂";"1403184040";"farid.a_m"
"18122346013662133";"1780441379";"Sok kepinteran";"3400964257";"mamanyamas"
"18116176462793495";"1780441526";"Mau belagak macho tapi gesture ga bisa bohong 💅💅💅 slayyyy 😂";"25283674";"jasminenila"
"18072011108670500";"1780441552";"@rizalpurwowibowo bulan madu gaktuh😂";"1540148383";"anita_novit"
"18076640195269500";"1780441613";"Dih";"36067134819";"fjoha.na"
"18472387939098102";"1780441681";""saya mau luruskan beberapa hal".. lurusin dulu tuh yang itu... 😂";"1204326175";"lely.a.putri"
"18167074546430347";"1780441689";"Masih heran sama yy dulu mengidolakan dia. Mana nih suaranya wkwk kok keliatannya sekarang bungkam yaa? Malu buat ikutan jijik apa gengsi nih wkwkwkwkk";"262221505";"deaayuandina"
"18085823399275770";"1780441785";"@ardianryz_ bahkan sudah berusha keras ttp aj kendor 😂";"462228522";"agieypradana"
"18105365008952931";"1780442060";"Ibu kota negara";"2274841575";"ru41d"
"17856901452658752";"1780442565";"@aryo__dp";"1430405233";"asri.sy"
"18356248594242593";"1780442873";"😂";"2132257119";"kharisardi"
"17910720423224035";"1780442994";"Halllah, BANYAK CAKAP!! PENJILAT";"1762688947";"november_lina_damanik"
"18397013380083338";"1780443007";"Kita debat yuk mas teddy😂😂";"2111489880";"wahyudi_kwkwk"
"17906993004422850";"1780443008";"Omong kosongg!!!!gua kagak percaya sama omongan orang yang ngelanggar konstitusi";"4331398458";"_denyprasetya"
"18003836369749514";"1780443206";"Infiapop menggila cari duitnya";"2117441776";"mohamadfakihsatrioaji"
"18075424883451585";"1780443216";"Maapin Teddy, maapin saya juga. Mana dulu suka lagi, tapi saya bukan 02 voter, izin🙏🏼";"476438711";"watisutria"
"17885275560575125";"1780443475";"Perjadin pake duit pribadi, kurban duit negara. Dunia sdh kebolak balik😂";"213559190";"aldyhilmansyah"
"18060817778705931";"1780443488";"Sepakat seesss💅";"1622292679";"krisnajw_"
"18069341825380783";"1780443683";"anti kritik banget sih ted";"1537219222";"hendratrio_"
"18092719055248908";"1780443719";"Harus yaa d infokan bgtuu kyk butuh validasi pdhl jaman pak Harto gak pernah tu d TV d beritakan hal ini ke media apapun ....skr emang smua hrus diketahui yaa...jadinya kan rakyat byk pikiran 🤣🤣 udh mikirin pajak Hdp dll skr jadi muter otak juga wkwkkw";"48735635809";"promochery.t8csh.depok"
"17953074513153833";"1780443752";"@windyastyani wes ojo ngunu best, dongakno sing apik2 ae semoga segera menghadap ke …. 🤣";"3246150492";"ekauniky"
"17946540093014676";"1780444417";"serah lu ted";"546999535";"rumpunsimorangkir"
"18091239056617384";"1780444452";"qurban = APBN; kunker = uang pribadi (kebolak balik dah)";"38513369";"siwisnulah"
"18203754220352477";"1780444455";"Dia itu siapa sih? Nongol mulu dan klarifikasi. Wapres kemana? Tidur kah?";"1499375830";"mimosa.oxalys"
"18585235111014644";"1780444489";"Boti ngeles 💅";"2019446258";"habli.gufron03"
"18128201881717207";"1780444581";"Semua kewajiban diLuar negara ditanggang presiden ..😂..ya iyalah Klo untuk nyenengin kamu....dan utk Pak Dino,kita lebih percaya dg pak dino,,daripada kamu lagii";"1129558212";"sennysul"
"17953409498978869";"1780444617";"@iamwk11 😂😂";"221154053";"anggunbayuaji"
"17864836647687737";"1780444771";"Sepakat";"1154242018";"dejandraderi"
"18119486392785016";"1780444843";"Dia tuh orangnya demdaman dan ga mau terlihat salah. Lihat saja cara menanggapinya";"3320757498";"gustinriyanti"
"17893528653495338";"1780444870";"Gausah sok kecantikan ya";"4664499919";"scorpiobby31"
"18120571402777405";"1780444982";"@ekauniky singkat padat cepat sesat 😂😂😂😂";"490249630";"windyastyani"
"18436508473189092";"1780445167";"Kalau memang hasil diplomasi sebesar yang diklaim, seharusnya dampaknya mulai terasa dalam kehidupan rakyat sehari-hari. Investasi triliunan rupiah terdengar mengesankan, tetapi berapa yang sudah terealisasi? Berapa lapangan kerja yang sudah tercipta? Berapa UMKM yang sudah merasakan manfaatnya?
Bergabung dengan BRICS, bertemu banyak kepala negara, dan menandatangani berbagai kesepakatan tentu baik. Namun rakyat tidak hidup dari foto bersama, konferensi pers, atau angka komitmen investasi. Rakyat hidup dari harga kebutuhan pokok yang terjangkau, pekerjaan yang tersedia, dan penghasilan yang cukup untuk memenuhi kebutuhan keluarga.
Masyarakat juga berhak mengawasi karena seluruh aktivitas pemerintahan dilakukan atas nama negara. Transparansi bukan berarti anti-pemerintah, melainkan bentuk tanggung jawab kepada rakyat.
Jadi yang perlu dibuktikan bukan seberapa sering Presiden terbang ke luar negeri, tetapi seberapa besar hasilnya benar benar mendarat di kehidupan rakyat Indonesia. Karena pada akhirnya rakyat akan menilai dari dampak nyata, bukan dari jumlah kunjungan atau panjangnya daftar klaim keberhasilan.";"60017675063";"siiageungmilik"
"18129130966559423";"1780423071";"@iamwk11 pemain sop spoken😂";"6101550651";"elbadart"
"17946681426012321";"1780423721";"Kosong";"2255031812";"hendripras76"
"18343940698173365";"1780423727";"apa salah nya ibu negara membela presiden💅";"1650432967";"icasyabani"
"18107086459763988";"1780423994";"Anti kritik💅";"3479761440";"gall_gatot"
"17910011652410910";"1780424014";"Ngapain kunjungan ke luar negri pake uang pribadi? Dikata fasilitas negara bisa dipake untuk umum ape, pake uang pribadi segala. Blunder blunderr .";"55300077759";"luna.mea.huna"
"18092044022579402";"1780424606";"Meritocracy vs koncoisme beginilah hasilnya";"8538799711";"bygart"
"18145509163508404";"1780424663";"Pokoknya ada 🗿";"1746932714";"heri_ananda"
"18091023710601596";"1780424804";"@iamwk11 wik ngakak bgt komenan km 🤣🤣🤣";"1817888236";"danibarli"
"18317768614275754";"1780424938";"Lo percaya? atur aza cantikkk 💩";"2091004864";"dheviekynti"
"18113417767882253";"1780425049";"The queen has to protect his king😂";"58653784834";"albert.zhang21"
"18117142105692534";"1780425066";"Kok tambah gemoy bunaa 😂😂";"648815013";"91nurulagustina"
"17996105378959024";"1780425727";"Lha pesawat e pakek pny negara, avtur jg negara...";"2300085967";"mas_b46u5"
"18454249351116010";"1780425795";"Kesindir yaa ses💅";"1750307319";"uleeww"
"18592245286030081";"1780426138";"Orang segala pakar… 😓";"416825696";"4hdyt_"
"18095831252221179";"1780426633";"@dr_farahdiba kak 😂";"7068786448";"revi_asnawi14"
"18084474956288921";"1780427173";"@iamwk11 astagah🤣";"9296123";"tyaacintya"
"17873568129503878";"1780428081";"Oalah iya iya";"512634711";"vickyimelda"
"18099381880886638";"1780428544";"@budi.halimmm astagah budi,fanatik boleh,bl00n jangan bud...";"697546799";"ahmmed_syafrudin"
"18113659894873849";"1780428659";"sumpah ni orng bikin gua eneg lama" 😂";"1744352632";"dilaleriiinn"
"18049813796772593";"1780428745";"perlunya ilmu komunikasi";"47637684937";"hambali_bul"
"18065355950429682";"1780428879";"bulan madu boti di paris pke duit siapa ted?";"2286615919";"angling.fb"
"18106181744514482";"1780428958";"Sempet baca 'Dino Patti Dajjal' 😭😭 maapkeun Pak Dino";"434048799";"raditandro"
"17915594019384467";"1780429004";"D jelasin slah.. Di diemin salah";"3029635922";"moehammadrifai"
"18182795485389781";"1780429918";"@tedsky_89 sama suaminyaaaa 😅";"2689829095";"wirantinurardiani"
"17896448019325781";"1780431525";"@bung_joel namanya juga cah wedok🤣";"1192260202";"pamsqy"
"17983084851008723";"1780432374";"Trus kunjunganmu itu dampaknya apa? Rupiah naik kah atau rupiah ambruk sister,,👶";"481079548";"ganda_1234567890"
"18595009390058736";"1780432965";"uang pribadi mana buktinya? sejak kapan uang pribadi bisa dipake utk urusan negara? begtu juga sebaliknya.  klarifikasi kaya gini yg bikin msyrkt makin jengkel ditambah yg ngomong bapak ini pula lagi sudahlah makin ruyam sendiri hahaha";"2194205747";"yusufchristian_19"
"18121376755588772";"1780432977";"off baperan";"66126447072";"jege_____"
"18205581976355995";"1780433670";"alutista kuat buat apa, militer kita yg di urus makanan😂";"6013512629";"seriing_lupa"
"18394440433080536";"1780434268";"apasi ted";"1934064560";"gitagsmn_"
"18172472590415365";"1780434341";"yaqin deh ini yg hujat termasuk 58% 🤣🤣";"646627257";"faridzamroni"
"18109946417480184";"1780434359";"ORBA REVAMP OH ORBA REVAMP! Emang Anti Kritik dan tidak perduli Sama Rakyat Bener nih Si Wowok @prabowo";"3531924138";"rollin.sitorus"
"18107031217767050";"1780435543";"@mizzqha kenapa juga jelekin org “Diplomat hebat masa jabatan 3 bulan” gak respec bgt";"1900233369";"suci.meilani"
"18106901674757375";"1780435570";"💅💅";"28965093";"novitadyah"
"17938407930055162";"1780435829";"KLO biaya sendiri berarti baru cuti yak";"39280551464";"tanira_caladium"
"18115187473862093";"1780435854";"@iamwk11 jangan lupa pake wink manja 💅😂😂😂";"2051437154";"moelkiah"
"18079423484202001";"1780436076";""Meminta publik melihat hasil konkrit yang sudah dicapai"... Emang ada??";"1725021547";"aryotg"
"17992989260971318";"1780436229";"Atur ses atur";"3081909895";"mamamamaaja"
"17887751277556892";"1780436550";"";"2366362991";"andi.priyatna"
"18133756486566846";"1780436612";"ngak apple to apple kritik pak DPD dgn komen si teddy....prabowo...anda n semua pembokat2 anda malu2in negara indonesia....shame on you";"8104230700";"dhidie_wirbudi"
"18012231287890613";"1780436824";"Yakinnnn ngk yaaa @berryfebriardi 😂";"1994693124";"isman_baharudin"
"18108850480898472";"1780436902";"Ibu negara ngambek gess";"2005215418";"amandhasitikurniawati"
"18110945231496201";"1780436984";"Klo emang ga suka ya apa aja bakal salah di mata para pembenci. Ingat ya ,fitnah bakal jadi dosa jariyah mu selamanya . Gpp kan pakai dana pribadi,yg penting gak korupsi. Yg hujat juga ga mungkin mau juga ga mungkin mampu kunjungan kenegaraan pakai dana pribadi.";"3246833521";"ivane_chriesmaya"
"18076191635654309";"1780437211";"@iamwk11 penekanannya kurang bang, "iya cantiiik, atuur" gt";"1688754537";"andinugr4ha"
"18093987143189071";"1780437838";"Pake duit Prabowo???beli sapi aja pake APBN..😂";"18840333526";"tecno.digital.ai"
"18101696420011100";"1780438120";"buna buna💅";"300396469";"dantykartika"
"18090366551611196";"1780438185";"Masaaaa sih... Ngga percayaaaa";"47588845444";"reresundary"
"18596671642048370";"1780438747";"iya siap ses";"1558123580";"r__rmdhn_"
"18048862853534779";"1780417534";"Rumpiii deh ted 😂😂😂";"246595315";"boy_achdiat"
"17870299635621060";"1780417605";"😂Bulan madu sa..ae";"2066902219";"yan_aninbita"
"18134058997565329";"1780417614";"😂😂😂😂😂";"2176682307";"ella_martadinatha777"
"18129458845553354";"1780417716";"BUNDAAAA";"5336726313";"kemal_alnrsni"
"18011001302907511";"1780417856";"Saya tetep ga pcaya  it pakai uang pribadi presiden. Cba buka laporan keuangannya kalo berani?";"1353414971";"asriacharya"
"17958170334146562";"1780417858";"@iamwk11 🤣";"7751729358";"dfrnm"
"18564371815065767";"1780417886";"💅💅💅";"53964258874";"dhepi.smdaenk"
"18104412911007997";"1780417895";"@ardianryz_ awokwokwok";"7751729358";"dfrnm"
"18104836591811760";"1780417943";"Ayang marah ketika sayang nya dikritik🤭";"49405198728";"babylov.ra"
"18099034285893983";"1780418020";"Cong";"2338675125";"rahadian.arifin"
"18051187073782689";"1780418034";"Klarifikasi💅";"1314624208";"firdhafy"
"18097197929141453";"1780418035";"Luncaang";"2338675125";"rahadian.arifin"
"18085318256400264";"1780418051";"Akika doyan tutita";"2338675125";"rahadian.arifin"
"18134415925499149";"1780418193";"Slay bgt sihh buna akuuu 💅💅💅😍😍😍";"62099872969";"damiandiiitya"
"18104485405994045";"1780418426";"🤣🤣";"357236129";"ekomasihoke"
"18124650460628751";"1780418694";"Lu gada gunanya teddy";"1364915942";"erlindael__"
"18083989511415646";"1780419054";"Miriss gini indonesia";"43906650";"rizaiqrami"
"18377533153162560";"1780419142";"Maklum gak paham ilmu politik kak😢";"8518747429";"_oceana789"
"18268727911292541";"1780419193";"@estiyunho_ @zerrrjumadil";"3141716742";"what.zittooya"
"18085617086570695";"1780419247";"Ted mending nyalon deh kamuhhhh";"323127562";"mei_a_sitohang"
"18003296108937840";"1780419325";"Emang apa yg udah dicapai? Ijin bertanya 🙏🏼";"41983972";"indahaisyah"
"18428270089122728";"1780419383";"K;";"69712904454";"maiiamaliaa"
"17864865939628956";"1780419394";"Maju mundur shantikk..";"3551603097";"dendyandalasputra"
"18017944724846288";"1780419441";"@iamwk11 😂😂😂😂";"6031907115";"adjianggapratama"
"18116884009772325";"1780419517";"Good bnr si ni...TAPI INI LAH AKHIR ZAMAN MS BRO ORG PINTAR BANYAK TAPI LEBIH BAYAK LAGI ORG PURA" PINTAR🔥";"2033768799";"ronnhardian55"
"18380136808202106";"1780419564";"@asildo_0 wahhh sepemikiran";"1496070377";"unreal_umam036"
"17942756193212190";"1780419640";"jujuly makin curiga nih gue kalo bntr lagi semua bahasa negara lain masuk dalam mata pelajaran kurikulum baru yang ada di Indonesia, karna saking bnyknya perjalanan luar negeri yang mereka kunjungin🙂";"5030219981";"sukmaintansalsabilla"
"17916095124184851";"1780419806";"BELI SAPI AJA PAKAI UANG NEGARA 🤣";"833096619";"lingga_mr"
"18103393160043468";"1780419826";"Anak anak Abah pada tidak suka,Ouh iya masih belom Nerima kekalahan taunya😂🤪😂🤪";"2005414921";"muhamad.romi"
"18068053715700881";"1780420115";"Ga trima dia";"66359615387";"kak_eka17"
"17933527173279265";"1780420233";"Kurban aja pake APBN masa bolak balik luar negeri dtmbhin duit sndiri !! Asbun bener jadi pejabat 😮‍💨";"3554354084";"toing_uborampe"
"18099669013886512";"1780420245";"110 org untuk 4 negara ya?";"1651883100";"yozho_hs90"
"18204617512348901";"1780420293";"bacottttttt";"251809294";"risastronaut12"
"17938876851053520";"1780420361";"Sekelas seskab ngomong “ walau hanya “ uhh ga pantes 🤣 @teddy_hq";"12830295129";"aldrhmtdra"
"17939666187232512";"1780420644";"Salfok tdi gw kira bacanya dajjal taunya djalal";"1662623510";"harkathakrat"
"18104899879800657";"1780420723";"@unreal_umam036 😍";"3268041552";"asildo_0"
"18099552461118885";"1780420825";"Gimana gue mau percaya orang kurban aja pake apbn 😂😂";"1397335896";"dynsarii"
"18001164257931085";"1780421088";"Lope lope nya pak prabowo nii, lagi klarifikasi ngebela doi @anisaufah20 😂";"2094285974";"_nailajinans"
"18083125010451719";"1780421297";"Menlunya kok diam??";"2084147439";"elanofiqri"
"18057916502554730";"1780421977";"atur aja ses";"1300731129";"peter_seiri"
"18596455291063292";"1780421988";"Kode pembayaran apa yg digunakan di laporan keuangan yg mnyatakan pembayaran ditanggung prabowo sndiri? Share laporannya bro. Jgn narasi opini aja yg kau cuap2. Ayo beradu data dan laporan saja ke publik.";"1749968858";"nandopurba_"
"18104851585979118";"1780422108";"Pokoknya ada 💅💅💅";"2157474072";"rakyatcivil_"
"17861170719636287";"1780422156";"Seskab rasa apa ini beliau ??";"1624423108";"777zrazor"
"17865205698628706";"1780422212";"@tedsky89 @teddy_hq 💅💅";"1600892905";"hafidzhaura"
"18138421867553142";"1780422453";"Iya bunaa";"2959440075";"milaaw67"
"17920152636366878";"1780422462";"@ryanchenata masih sampe 2029 😂";"195518004";"rif_fr"
"17941029495240880";"1780422713";"Aduh makin menjadi2😂😂😂😂😂";"1493591352";"yogiepranata06"
"17868258117546860";"1780422755";"dia tau karna si teddy yg pegang dompet sm atm si wowo";"862188951";"arinugraha19"
"18122410909653835";"1780423023";"Gini klo ketua RT dijadiin presiden. Pengeluaran over budget, tinggal ditutup pake uang pribadi. Dan seperti biasa, bunda RT jadi jubir🤣";"6101550651";"elbadart"
"18205524661343002";"1780413704";"@ardianryz_ kaya pnya dua kepribadian ga sieee 🤣";"475870875";"tiazahraf"
"17882435133595142";"1780413751";"Iyaa baik ibu negara 😇🙏";"475870875";"tiazahraf"
"17890677168521726";"1780413761";"@ardianryz_ @pamsqy @mraiss_ komenan nya😂";"1100849007";"bung_joel"
"18107622625938812";"1780413765";"Berarti masalahnya belum ada dampak positif buat rakyat saat ini. Buktinya rupiah makin meroket...";"3590205213";"adharifariedardin"
"18084217295565205";"1780413785";"Kok kayak emak2 yg lagi kena sindir. Langsung nyinyir "walau hanya 3 bulan".... heran kok bisa ya banyak yg idolain dulu?";"10977696573";"mamak_preloved"
"18120359890671963";"1780413836";"@hutrisaysukau  kaya ngenyeee bgt kalimatnya";"475870875";"tiazahraf"
"18092068310209162";"1780413883";"Bundaaa 😅";"1279155763";"ryanherfitrawandy"
"17888742024545761";"1780413904";"Pdhl tugas selir mah cuma nungging aja";"1720760357";"eggyyogaswara"
"18131249656578360";"1780414041";"HEY ANTEK ANTEK ASING🔥";"2807282377";"hi_ezza"
"18127683874552348";"1780414043";"No picture hoax. Buka dong anggaran nya, transparansi, baru kita percaya. Kalau cuma ngomong, tukang becak juga bisa.";"3472812114";"misshuang_official"
"18100439125888202";"1780414064";"Indonesia join BOP, kok g dibahas";"67162243331";"anomali_2014"
"18132203254586779";"1780414066";"@astrimuktimaharuni 😂😂😂😂iya tik";"490249630";"windyastyani"
"18094185377462223";"1780414073";"@haikal68_ ngobrolnya pas di pinggir lapangan aja😂";"57882513885";"dihikmawan"
"17953486364984399";"1780414096";"Lha qurban aja pake apbn apalagi ini halan halan😂😂😂";"1934181628";"muhammad_miftah_jepara"
"18078419084219651";"1780414202";"@iamwk11 😂😂";"6212039191";"trilesssssss13"
"18117593389701863";"1780414205";"Cieeeee buna 😂";"597165755";"karinapasi"
"17983755432005674";"1780414211";"Tolong dong sekali hidup tenang, video yng begini jangan lewat ke berandaku";"3593691281";"eap_al.31"
"18007256921736923";"1780414752";"Iya deh iya tiwi yang paling hebat";"44047279975";"bunga.swp"
"18295375807304270";"1780414775";"Kalau beneran bagus biasanya sih nggak perlu panjang lebar klarifikasi hehe.";"232640338";"mistydahani"
"18127055011538484";"1780414825";"masa sih?? kurban aja pake dwt rakyat";"1799311248";"conanedogawa6189"
"18119706520742900";"1780414845";"Dumn teddies";"5716598327";"anaprincessyasashi"
"18317666050272664";"1780414901";"🗣️ : Pakk cabut dulu bentar mau kentutt :(";"1930178494";"denypraas"
"17969279478100822";"1780414913";"Bro, lepas kan lepaskan . Jgn dipaksa macho,";"2194007242";"cvbcoki"
"18341791309175126";"1780414978";"🤣";"3405812205";"kumoroaji23"
"18466737241104436";"1780415018";"Dibelain ibu negara loh cikkk 😍";"1310149543";"gusti_tegarp"
"18101327030115793";"1780415096";"@____________________ling ditanggung kantong pribadi kook 💅💅 😌";"2103107519";"sanjayastories"
"17888062668554710";"1780415125";"Sebenarnya di kan ga ada background, ngaco dikit harap maklum";"2133467858";"x_human31"
"17986154183825538";"1780415339";"Kocak Lu Ted... Sejauh ini, ini yg paling wakwakwakkkk💅";"1003346807";"tianacristy"
"18081587558404945";"1780415382";"bacot sia boti";"59152463444";"gaara6297"
"18158443366454675";"1780415397";"Oke siap angle kanan✨📷";"215036365";"ceujani"
"18106959748961807";"1780415430";"@tanftptr tapi yg pilih menlunya kan jg presiden. Wkwkwk ngapain jadiin menlu kl ga percaya sama menlunya yak wkwk";"4129782761";"maudiyala"
"18068682359698068";"1780415445";"@dhiandwirtns pokoknya adakk";"4129782761";"maudiyala"
"18023501189662943";"1780415746";"Gimana cantik aja deh, teteh dengerin aja cantik berceloteh.";"239158863";"neng_1904"
"17996351666970048";"1780415768";"@maudiyala aturan mah angkat diri sendiri juga jd menteri, kalo gabisa percaya sama org lain😂😂";"3494137760";"adindangeprint"
"18092861243254366";"1780415915";"tiap presiden punya no telp/hp personal yang aman untuk saling berkomunikasi, ada zoom, teleconfrenc, teknologi udah canggih masih aja manual 🔥🔥🔥🔥🔥";"2295455794";"barbermox"
"18130140886593218";"1780416047";"Pokoknya ada deh 💅";"255710941";"ratyss"
"17856800769660636";"1780416103";"@iamwk11 😂😂😂";"1384554466";"intaanmhrni__"
"17969521770054091";"1780416108";"sapu terusss";"5015886959";"harisrz_"
"18093513968600017";"1780416147";"kunjungan kenegaraan pake uang pribadi, kurban sapi malah pake apbn..";"5015886959";"harisrz_"
"18074938721296919";"1780416170";"kapan ni org didemo berjamaah";"3597991795";"timmy_granabell"
"18104894728984171";"1780416491";"@sayyid_adriansyatha  wkwkwk😂";"1221399800";"fridwananto"
"17865737562567685";"1780416583";"@agus_hendrawan31 dimention sama @amienraisofficial gak ?";"252495305";"_gungdeagung"
"18178086895402822";"1780416789";"";"60041254658";"teras.ijooo"
"17876090739609165";"1780416801";"benci bgt ya Allah 😭";"1385807029";"meydevita"
"18127435291617436";"1780416849";"Cuihh orang tuh mikir gmn caranya bisa berdiri dikaki sendiri dalam kondisi apapuunn, ini malah udeeh nyari2 bantuan ajaa";"2095396989";"arvnn_15"
"18408745825144405";"1780417018";"Istri idaman jd garda terdepan ...";"992579227";"diah_rusdi"
"17934915633267922";"1780417232";"Perusak indonesia ses teddy😢";"8702972300";"as_tomee"
"17884489278574871";"1780417396";"Gimana mau percaya, orang qurban aja pake uang negara";"502773587";"gillangfarried"
"18099903433994574";"1780417397";"Lah menggunakan dana pribadi itu juga salah mas teddy🤣 kan ada uu no 17 tahun 2003 tentang keuangan negara";"2351807484";"imam_bidin"
"17910700662222939";"1780417409";"Angel kiri kanan, atas bawah, depan samping ya sayy...biar apa cihhhh...biar seru ya sayy";"50902587736";"sekar_ayu2000"
"18000876836936536";"1780410429";"";"2319623306";"molen.ketan"
"18355644418242907";"1780410441";"Wes aturen2 Yuuu sak karepmu. Di kandani malah alibi ae. Munio memang pingin healing ama ayang";"712193971";"puspa_2404"
"17863070343635256";"1780410458";"tungtung sahur boti";"1246721896";"kenapaaku_wni"
"18093301163523120";"1780410504";"mang ea ti boti";"54527603871";"simplyblodeuyn"
"17957263523963521";"1780410534";"Bunda Teddy gak terima di kritik, nyerang balik.. belajar dr bunda Dorce yg bisa selalu ikhlas lah";"348795332";"anggayos"
"17939693367212885";"1780410548";"Pada lucu lucu komen nya 🤣🤣🤣";"1729727262";"sukendyyy_"
"18131749630599943";"1780410588";"@widiashufi seeeesss";"299656596";"deicattie"
"17921930034142414";"1780410655";"@widiashufi 💅";"65793864637";"kurakura7877"
"18082647578548764";"1780410668";"Kok nggak bisa dikasih masukan ya langsung baper.";"2012998898";"gue_ndry"
"18107311390936877";"1780410750";"Respon yang gak penting";"573796148";"galihrestuseptia"
"18100329848137449";"1780410831";"Mau dikeras2in, tetep udah takdirnya kemayu, ya keliatan to nduk nduk 😢";"18563221";"ragilunggul"
"17865167196573952";"1780410956";"🤮🤮🤮🤮";"5553687002";"end_overgame"
"17892053541498578";"1780411041";"Kesian warga yg gak ngerti conflict of interest. Seolah-olah pake dana pribadi untuk urusan kenegaraan itu heroik.";"2262265629";"sastra_noor"
"18078574625221914";"1780411080";"Gada yg mau gerak ini? Muak gasih anje";"1418532651";"giovannichliser"
"18121865095642682";"1780411173";"TARIF 0% apa an - RAKYAT SEMUA DI PAJAKIN GIMANA SIH";"176127860";"rendiaddetya"
"18597862597030011";"1780411206";"Oke bun💅";"2138621042";"irwaninsomnia"
"18270523435290733";"1780411342";"Wait... Kalau di luar kepentingan negara ditanggung sendiri berarti bapak Presiden kita sempat jalan-jalan di tengah gempuran rakyat lembur double job🤔";"43359717252";"sawnshyne"
"18173291560414917";"1780411425";"@sawnshyne ditambah gini deh logikanya kan berangkat misal tujuannya untuk dinas yaa, nah kalau ada kepentingan di luar dinas di sana berarti kan ada agenda jalan-jalan, artinya Presiden ada part jalan-jalan berangkatnya dibayarin rakyat?";"43359717252";"sawnshyne"
"18064769039427384";"1780411462";"Ted, mungkin kamu lelah.. istrht yaa..";"4922592444";"dr_farahdiba"
"18118046278769771";"1780411494";"Atur cess, incess kan panitia";"336934521";"lusywrdhni"
"18178699588394168";"1780411515";"Pak @teddy_hq ini apa gak tau kalo perjalanan kedinasan presiden memakai anggaran pribadi justru melanggar? Bukan soal bayar pake duit sendiri, itu diatur loh soal perjadis kepresidenan.. segala tugas yg mengharuskan presiden berkunjung ke LN HARUS menggunakan APBN.. makanya diatur dalam perbendaharaan negara.. justru diplomat hebat seperti pak @dinopattidjalal menegur anda bung @teddy_hq karna ketidaktahuan anda.. baru 19 bulan toh pak? Pengalaman cm jadi ajudan sok2an ngurus urusan diplomasi LN😂";"210780216";"pepetevans"
"18085352372420066";"1780411531";"Ntar lagi di pecat";"4779125603";"jackhasta"
"18001942301928126";"1780411539";"Walapun hanya....";"2740225414";"muchlisdj"
"17873347515673136";"1780411568";"lpj ny gimn tuh kok pke uang pribadi";"1734176728";"yeniyunita06"
"18014980304696381";"1780411626";"💅💅💅";"1353649158";"dielz.go"
"18107444890942479";"1780411629";"";"1599622756";"rafter24max"
"17867465016623374";"1780411665";"@ardianryz_ Faakk.. iya lagi 🤣";"1353649158";"dielz.go"
"18086268782247202";"1780411787";"@iamwk11 @kiiame";"381120664";"iicca"
"18154550383475778";"1780411916";"Skli2 baca komen ngab @teddy_hq @tedsky89";"248564472";"fand.i"
"18214612057331151";"1780411920";"";"1026038803";"mbe.erl"
"18081717248170834";"1780411985";"Ga bosnya, ga sekretarisnya sama2 blunder tiap ngomong ke publik. Lindungilah WNI, Tuhan";"206730586";"julipandiangan"
"18126959227527974";"1780412147";"Ecek2";"1701444913";"veni_joenita"
"18081896213188113";"1780412172";"@kopihan kaga";"5461722785";"jangjang.n"
"18136523815554399";"1780412348";"@iamwk11 tingtingting baso basoooooo😂😂😂";"402596201";"ijalale"
"18091623677601729";"1780412639";"Halah PREEEETTTT";"1666753988";"lietha_wicaksana"
"18103138733041787";"1780412650";"@ikmallrmdhn awkwkwk";"4085922548";"allozyn"
"18059065721499760";"1780412705";"Bacotttttt";"2084196907";"esarch76"
"18427932292192165";"1780412720";"pokoknya ada💅";"3072393649";"willyammmn"
"17993169902795525";"1780412983";"Harus gitu Pak , dijelaskan bahwa Pak Dino hanya menjabat 3 bulan ? 🤣";"2454161027";"heri8110"
"18089983988048364";"1780413016";"💩💩";"2084663514";"peni_aiyra"
"18395882008091083";"1780413069";"Ibu negara membela…ya tau2";"191622555";"winaestelitha"
"18117280111754582";"1780413079";"Bunda langsung pasang badan😂";"394676317";"_anggakusuma"
"18011132348905634";"1780413130";"Hasil dari kunker ke perancis = presiden menginstruksikan untuk seluruh sekolah  di indonesia mengajarkan bahasa prancis";"4657154757";"888_prtg"
"18184778668380672";"1780413204";"🤣🤣🤣🤣🤣🤣🤣";"2059790974";"dayurzl"
"18100766836847373";"1780413258";"Yakin ditanggung pribadi wowo, ted?";"201879945";"tianznugroho"
"18158393962458543";"1780413410";"@gracellawayong situ jalan2 mulu curiga open jastipers🙄🤣";"48517190716";"dwitya_ditapuspita"
"18106590187869760";"1780413613";"Nilai rupiah tp tidak aman pak 🤣";"528128386";"paulinanareswari"
"17862969507632764";"1780413697";"Ga mungkin bgt😅";"22794376";"cindy_koto"
"17992742843985344";"1780408328";"cewe emg gamau ngalah";"12471678";"dettaputra"
"17881597551437244";"1780408374";"@dedyhermanto001 marahin pak. Memang asbun";"35780096477";"estiyunho_"
"18404652127196613";"1780408375";"Atur seplenger mungkin";"76005697902";"_wafiamn"
"18041473142598451";"1780408428";"Pelangi 🌈🌈🌈😂😂😂😂";"8332152313";"saktiekop"
"18008833280864783";"1780408433";"Dalam tubuhnya pasti menolak untuk macho..🤣💅";"8383906974";"erdeha0605"
"17986767833822983";"1780408446";"@vianzo klo mereka yg menanam dan mereka yg memetik hasilnya relate ga bro?";"4148234514";"yudha_nuzriel"
"18064703087450654";"1780408488";"Percaya? 😂😂😂😂";"418955973";"babah_acans"
"18103312091084331";"1780408488";"Syuting yg sangat dipersiapkan kaya buat film aja.. hafalin scriptnya Bagus.. 😂";"1282006340";"rman4dha"
"17941897167038509";"1780408524";"Njir ngikut kaya raja cungkring belaga kaya raja yg sekarang belagu kaya yg punya duit dr pajak 😁";"1418720243";"pantjaprakoso"
"17953486410157317";"1780408558";"Ada yg nonton ini sampe selesai? Selamat";"273119671";"ummuibrahim27"
"18093529409601405";"1780408587";"@menga8771 CERDAS 🔥 58% kan gak pernah research dan tidak pernah menggunakan critical thinkingnya mas 🤣";"5644989802";"vesiberix"
"18362242282226106";"1780408689";"@budi.halimmm pejabat di larang bayar pakai uang pribadi,utk kegiatan kenegaraan.....aturannya ada pd,UU keuangan negara,N0 17 thn 2003....dan UU perbendaharaan negara,N0 1 thn 2004....larangan tsb,di lakukan utk menghindari  gratifikasi dan konflik kepentingan.....pemimpin /pejabat yg melanggar UU,sama aja melakukan Dosa besar......jangan di benarkan perbuatannya......jangan lu malah bela,kalau salah.....kalau lu bela,nanti lama2,banyak pejabat melanggar UU,menjdi hal wajar.....";"11180839984";"yulianayuliana9045"
"18141285844526176";"1780408862";"@rezalatas semoga even Lo sakses ya";"199693895";"aysihput"
"18000738989765426";"1780408904";"Ini lebih ga masuk akal, perjalanan dinas pake biaya pribadi. Kemaren qurban pake Apbn. 🤣🤣 jujur lu mending jadi aspri aja dehhhh, posisi beliau nih apaaaa? Jabatan kaya gini perasaan baru ada di era ini, jadi tameng mulu heran. Kita punya wakil presiden tapi kaya ni aspri lebih sering nongol daripada gibran.";"44039142405";"faradilaawaliyah"
"18096094697584131";"1780408919";"Pret";"4523990284";"arfiana89"
"18597795025002960";"1780408923";"Yok Ted cuci tangan pake sunlight Ted biar terhindar dari kuman 🤭🤭";"5396313321";"fahmi_daily"
"18091420736461540";"1780409019";"Duh si tomboy 🤏🏿";"1478030029";"fitpitong"
"17948493909180931";"1780409030";"2029 masih lama kah???";"239088251";"muthia_eriani"
"18093496787218665";"1780409125";"@budi.halimmm kalo itu saya juga paham, pertanyaannya pagu anggarannya emg naik berapa% kok bisa jauh berbeda dengan presiden2 sebelumnya. Kalo keterangan Pak seskab kan mangkas anggotanya jadi 50-60 dari sebelumnya 120, harusnya dengan pagu anggaran yang sama cuma maksimal 200% dari yang sebelumnya. Nah ini persoalannya dalam 1,5 tahun udh lebih banyak dari 1 periode presiden sebelumnya.";"866399108";"imamperdanaputra"
"18207592081340622";"1780409152";"Ytta @dhonikaaaa 😂😂😂";"2248091089";"primanararya"
"18189947602327923";"1780409206";"Ketika boti kesentil";"387941735";"psakuntala"
"18400686367152628";"1780409290";"Awkwkwkwk lagian kalo emang bener kerjaannya gaperlu sibuk2 klarifikasi beginian sih";"2166669059";"dianftrnii"
"18081120830538482";"1780409295";"Iya sisstt atur aja sesukanya 💅";"12893738540";"syarah.anggita"
"18038854034609146";"1780409304";"Anak anak palestina kalo udah lulus sekolah bakal sama ga pak susah cari kerja ? Apa udah di siapkan pekerjaan nya";"15231661799";"mrduls_"
"18102016634469732";"1780409306";"Cieee baperr 😂";"4205934414";"rizkyalhamda"
"18067108883408863";"1780409307";"Monggo atur aja pak masih ada 3,5 tahun ko, kita nonton 🫡";"3452303021";"olisutari_26"
"18048267449774147";"1780409321";"Berarti menurut kamu rupiah melemah sama banjir di Aceh dan Sumatra belum termasuk keadaan krisis ya? Miris bgt";"3211542332";"wiwikiwil_"
"18181418470398780";"1780409375";"Penambahan kalimat “walau hanya 3 bulan” dimaksudkan untuk?";"39211186797";"_farahbhe"
"18102515777107582";"1780409377";"@ardianryz_ macho gimana Itu ngomong aja bibir nya minyir2 gitu. 😂😂";"1391693882";"jsubagio"
"18097860802899146";"1780409408";"selain ribet sendiri, dia jg berusaha nyebokin";"2010846717";"wilhandharma"
"18092444345244128";"1780409412";"Penambahan kalimat “MESKI HANYA 3 BULAN” itu buat apa coba?";"1541610718";"ymhidayat"
"18062978945468990";"1780409473";"Ada nyinyirnya juga "menjadi wakil menteri luar negeri walaupun hanya 3 bulan" dihh gak perlu di mention ga siiii";"460318555";"herdinaasari"
"17940018549050082";"1780409504";"sedih mendengarnya, dari hasil pemaparan tidak ada keuntungan untuk dollar turun";"5684981869";"rockefeller_abraham08"
"18105271123988888";"1780409510";"Iya sayangku cintaku uughhhh💅💅💅💅💅";"71880453255";"pinkytwipop"
"18452002120118968";"1780409522";"Iya bun iya";"2021165730";"tnhstin13"
"18114589516875927";"1780409547";"Tapi carbon footprint nya gimana Pak?";"8637627265";"kaniadewirahayu"
"17891668482530964";"1780409663";"Selalu diijinkan memberikan pernyataan ke publik mewakili presiden. Jengengan pinten?";"1124970292";"renyhayu"
"18355165516211510";"1780409730";"Gatal jempol pen komen, tapiii ya sdhlah...";"1351386719";"ulida86"
"18116549614816987";"1780409771";"Cuk bahasanya "cuma dikasih kesempatan 3 bulan" wkwkwk sombong amat lub🤣😂";"388016468";"faishalaadi"
"17925760809122176";"1780409877";"@im__febrian gaada yang bisa dipercaya dari mulut boti ini, udalaahhhhh";"69549651461";"saar.kiev"
"18085300448116036";"1780409948";"Anti kritik ya bund";"1961561940";"mayafadillah27"
"18092240036257723";"1780409976";"Pake duit pribadi? Kurban pake nama pribadi aja make apbn.";"2518474921";"naeltrp"
"18068829632705219";"1780410024";"Teddy bear, pokoknya ada 💅";"1904835583";"rudiny410"
"18095013131078034";"1780410128";"Yg ngritik bukan anak kecil om. Kok malah jadi kayak ngajarin sih ini";"5702471559";"ramadhanyogaf"
"18096990701232239";"1780410161";"Teddy tll, klo sampe presiden pasangan lu itu pake uang pribadi brrti mmg perencanaan anggarannya bobrok kannn!!!! Hadehh gaada berita enak dr negara ini sejak wowo";"1394151888";"pochitachito"
"18115370509715989";"1780410261";"seperti tidak menerima kritik..smpe mmperjelas bgtt diangkat menjadi menteri hanya 3bulan..kyak kesan meremehkan😅😅";"43875232225";"dapurumumku"
"17949764835173612";"1780410284";"@aandinii_06 pindahin dong, pindahin aku jg";"1394151888";"pochitachito"
"18102264608107428";"1780410295";"Bunaa 💅😍";"79948705494";"halilays_tau"
"18109161080297420";"1780410417";"Kok marah sih matanya smpe melotot 😬😬";"2303365124";"rezarindyantika"
"18068401721371491";"1780406859";"Ayooo guys sentil lagi dia, biar dia kepanasan, bikin video, lucuuu kan hiburan ihhhh💅";"210153994";"dewiwow"
"17969424765067472";"1780406878";"norak bgt ya pake klarifikasi, inget bgt dulu siapa sih bilang dia ganteng 😂";"5685005347";"carrieiscarrie"
"18142287358516956";"1780406897";"@ardianryz_ Aahahaha 😂";"2254943171";"fahriadi_m.k.u"
"17963697318174078";"1780406911";"Meniiii heeemmn ahhh...";"1420253873";"budzor_bass"
"18021408815672327";"1780406948";"Nyong ora percaya. Dobolisme nemen. Pancen angel ngandani boti. 💅";"2536903514";"mykagome"
"18092488421462140";"1780406951";"";"1215139120";"grldiaw"
"18051242657762651";"1780406952";"Atur saja semaumuu";"1621533706";"mlnysuf__"
"18166383310442780";"1780406952";"Benerin dulu dalam negeri, investor datang sendiri ga perlu roadshow segala";"272888008";"ervanstwn"
"18101259403865261";"1780406964";"Seskab setara perdana menteri atauuuuu...";"3654189573";"reza_audiwirya"
"17968177953098157";"1780406983";"Negara kan punya kalian ,jadi bebas aja rakyatmah ngikut aja";"1621533706";"mlnysuf__"
"18132490660567904";"1780406993";"😢😢😢";"1385989429";"surojodewanoto"
"18003527789926464";"1780407009";"Coba share bukti pengeluaran ke masyarakat berani gak Ted?";"5318165350";"wiwiekningsih"
"18124182088652720";"1780407056";"Opo toh yoooo???? 😠😠🤬🤬";"1287052807";"maharani_desy"
"18091207130204257";"1780407058";"Kenapa bisa ada agenda keluar negeri yang bukan kewajiban negara? Jadi jalan2? Kok bukan ngurusin negara yang lagi megap2?";"4009216607";"boutlets"
"18126199087621737";"1780407104";"Pake uang pribadi, lo kira kita percaya? Gilaaak emang😂";"3438250256";"rajaasfar"
"17917774152384782";"1780407137";"Pokoknya ada 🤣🤣🤣🤣";"3411515208";"widiasputra"
"18593234410057782";"1780407172";"TRANSPARANSI laporannya …dah kelar!!! utk membangun kinerja pemerintahan hrsnya menerima kritik dan memperbaikinya…ngonoloh pak sekretaris!!!!";"1332158718";"kireysoul"
"18104826296291056";"1780407216";"Kalau ribut kayak gini.apa fungsi jubir dan menlu.kok sekarang larinya ke tedi semua.apalagi wapres minkem....";"76194195351";"olddipie"
"18105093940975970";"1780407237";"Cheon-se-man-se Daewang Daebi Mama 🙇🏻🙇‍♂️";"227257989";"ireneiys"
"18108321713317850";"1780407275";"cepat cepat lah selesai 💅";"4108506813";"febriarkanaivander"
"17891230788480401";"1780407331";"asli komentar yg memalukan, bisa sopan ngga sih lu seskab";"1618044186";"wdhalestari"
"18075119507658547";"1780407385";"Dia ngerti administrasi negara ga si. Daripada panjang lebar ngejelasi gitu, intinya Pokoknya ada.";"77407490719";"tiikals"
"18113498248868091";"1780407455";"@estiyunho_ pejabat negara melakukan kegiatan berdasarkan apa yang di izinkan undang2, penganggaran perjalanan itu juga di putuskan berdasarkan undang2. jika anggarannya tidak tersedia atau tidak cukup. solusihukumnya adalah mengajukan revisi anggaran, bukan memakai uang pribadi.";"4098440554";"dedyhermanto001"
"17977841979030623";"1780407472";"Buna tiwi😍😍";"1657680103";"yahyatjahrir.jpg"
"18074286482660145";"1780407476";"Ngawaduk";"1424918955";"shantyanggra"
"18083236691140836";"1780407513";"masalahnya bukan d sna… yg jdi masalah itu, bru wowo doang yg plesiran sebanyak 60x blm ada 3 tahun lgi,, cba bandingin presiden lain ga sebanyak ini, bsa cek sendiri…..";"2010598981";"krisna_mahesaa"
"18113636885504712";"1780407551";"Pengen tau kalau sudah ga punya kekuasaan jadi apa dia";"30717001";"beginz01"
"18126464092528556";"1780407566";"Serius tanya...ini almamaternya sekab malu gak sih...?😢";"1589017634";"teyi_elly"
"17888639688546771";"1780407624";"Pokoknya ada 👏";"1373178280";"mustofa_ali89"
"18113698696859808";"1780407638";"Tiba-tiba banyak yg klarifikasi 👀";"2233697196";"ihsansagara"
"18066016949426651";"1780407747";"kurbannya ditanggung APBN... mana mungkin perjalanan ke LN dana pribadi..";"4189335253";"maelanithea"
"17864284764689672";"1780407756";"Pokonya ada ..";"2063402761";"muchlizabdullah"
"18587751991004162";"1780407786";"Heleh Ted ora perlu koe ngomong walau hanya 3 bulan.";"1663999797";"rawnie_roemahpangan"
"18071027816673930";"1780407911";"Kita koment, kritik gini ga sampe gess.. Bebalnya tuh udah bebal banget. Ga nerima koment. Kudu tindak nyata, konkret aksi demo biar cpt lengser😢";"6707726249";"darararanii_antaressannel"
"18177142222365633";"1780407980";"@rezalatas Hahahahahahhaa paham bgt nih gw 😂😂😂";"199693895";"aysihput"
"18009814997909610";"1780407985";"😂😂😂😂😂";"1045901252";"gracellawayong"
"18137224030559041";"1780408013";"Oke buna";"1357953004";"andreascori21"
"17851733619694456";"1780408015";"@dwitya_ditapuspita 😂😂";"1045901252";"gracellawayong"
"18003405689750952";"1780408019";"Iyeeee bebbb seraaahhh deh..suka2 yey ajaahh shaayy";"199693895";"aysihput"
"18124939420589571";"1780408065";"My Pretty Little Teddy 😂😂😂😂";"65105636238";"kogitsunemaru77"
"17891583414507540";"1780408071";"@trias_wm astaga";"1700304358";"anisafarra__"
"18067945121374949";"1780408098";"“Walaupun hanya 3 bulan” angkuh dan nyinyir bunda yeaaaa 💅";"1672999259";"dulfattahm"
"17943024393225995";"1780408198";"@aysihput besok gue mau adain even nih 😅";"11279589";"rezalatas"
"18053594576726982";"1780408202";"Ngemeng pake data dong jangan pake perasaan";"15322784";"tiotnjo"
"18137862829540614";"1780408216";"@mosyaifan wkwkwk ampun baaang 🙌";"11279589";"rezalatas"
"18203844052353257";"1780408269";"Backsoundnya ganggu 🤣";"79952270559";"avoidant_default"
"18136268284488390";"1780408297";"@estiyunho_ Pasal 3 ayat (3) UU No. 1 Tahun 2004 tentang Perbendaharaan Negara : "Setiap pejabat dilarang melakukan tindakan yang berakibat pengeluaran atas beban APBN/APBD jika anggaran untuk membiayai pengeluaran tersebut tidak tersedia atau tidak cukup tersedia” ini dasar hukum nya, ada pelarangan jika anggaran tidak cukup, bukan di tambal dana pribadi. Jadi apa yang teddy sampaikan menurut saya ga memiliki dasar hukum.";"4098440554";"dedyhermanto001"
"18084627668112393";"1780408326";"Atur aja splenger mungkin maniezzzzz 💅";"1726146061";"fuqoha18"
"17989020845812264";"1780404959";"Klo mau liat yg bilang Pak dino bodoh liat di akunnya @dekade08 ada postingan yg nge counter Pak dino trs isi komentarnya bilang Pak dino bodoh gatau apa-apa";"61205125526";"rahmanpadli05"
"18102677315046265";"1780404983";"Masak iya biaya sendiri? Kurban aja numpang apbn";"5670257226";"nai.luthfi"
"18117251968745083";"1780405023";"b bacottt";"1268577183";"sofyanhady27"
"17978228072865270";"1780405115";"Justru makin SALAH dgn pakai UANG PRIBADI seolah yg dilakukan itu benar.. 😢";"1020169841";"hantono_shi"
"18101119004078561";"1780405226";"Audit aja kalau gitu biar terang benderang ya kan bun?💅";"1296019957";"adhe_mulyawan"
"18391662115088668";"1780405226";"2x kalah pilpres, stees kali";"1583324383";"prasetyo.w.u"
"18010338851910488";"1780405347";"Lebih setuju di buat president kunjungan luar negeri, dri pada di korupsi";"1549358016";"evnokta"
"17993792603789609";"1780405403";"";"647691338";"bqrsqzia"
"17947258962197053";"1780405508";"ketawain sjah...😂";"41477986611";"hasanfuad168"
"18102632987013515";"1780405512";"@iamwk11 WKWKWKWKWKWKWKKWKW 😂😂😂😂😂😂🤣🤣🤣🤣🤣🤣💅💅💅💅🤣🤣🤣🤣🤣🤣";"299623003";"fanny___aaa"
"18142836625508542";"1780405523";"@wisnuafirmanda 😂😂😂🤣🤣🤣";"299623003";"fanny___aaa"
"18442349551137520";"1780405543";"@tedsky_89 🤣🤣🤣";"299623003";"fanny___aaa"
"17932453407268460";"1780405590";"Ngikik baca komen2nya di sini 🤣🤣🤣🤣🤣🤣🤣🤣🤣🤣";"299623003";"fanny___aaa"
"18089149604456883";"1780405592";"Iya deh iyaaaa.. Uu lutuna.. Cup cup cup..🤣😂🤣🤣🤣";"1286705174";"sastaviyanti"
"18058879322711558";"1780405597";"Bulan madu di atas pelangi🤣";"58377689021";"andraandra5067"
"17900224986447193";"1780405607";"brisik ya";"1312427299";"nuning_guruh"
"18132222373580027";"1780405620";"Bro pikir kita percaya 🤣";"1292513127";"inelza.ran"
"18122419147662061";"1780405652";""Laki-laki tidak bercerita, tapi tidak berlaku untuk dia"";"1690201730";"shakila_arsy"
"17908846680413881";"1780405667";"Kurban aj pakai APBN apa lagi kluar negri,,,boty tolol";"5367178008";"hanzo_jot"
"18138456970536530";"1780405789";"";"6854126409";"hklhns"
"17982254759848152";"1780405824";"Cara penyampaiannya🤣";"2034573407";"ariodms7_"
"18048045713786470";"1780405875";"💅";"859153870";"kepi.able"
"18084036284542256";"1780405888";"Denial terus 🤣";"1535669110";"aganabigail"
"17942675457039306";"1780405921";"preet";"3642602268";"djakahead"
"17953625048984796";"1780405938";"💅💅";"279848841";"ainiiieeee__"
"18123235234725837";"1780405973";"Tone deaf terosssss";"31567664";"irmanirmalasari"
"17896392588465686";"1780406024";"Pret";"2176099304";"sastra_96"
"18085575329423589";"1780406032";"Haus validasi  terus saja klarifikasi 😂";"1518662384";"bang__vael"
"17973551867892126";"1780406062";"dia ini seskab atau jubir sih 😂😂 udah berasa kayak juru bicara kalo di drakor² para chaebol yang maju dulu.an klarifikasi 😂😂😂";"7659617427";"duwipriyanggi"
"18015040049700334";"1780406081";"Sekarang jabarkan seperti di video untuk jawaban "pokoknya ada" kemarin 🙏🏻";"68230020050";"yage_neee1"
"17861290695651061";"1780406102";"Terserah💅";"33516899651";"ardi_putra23"
"18116734438694141";"1780406141";"Serendah rendahnya negara di wakilkan boty 😢 mimpi apa anjirrr";"2091911426";"recycle._mind"
"17867032083685703";"1780406229";"Despite of what was said, he shouldn’t be the one who clarified. His job is administrative, not spokesperson.";"47953108209";"oceansunaoisora"
"17923807650352486";"1780406341";"@saar.kiev dengerinnn";"1815407940";"im__febrian"
"18103984859069975";"1780406363";"Investasi yang masuk itu termasuk penggundulan di wilayah papua ya pak? Lebih baik tolak pak daripada penggundulan alam di wilayah Indonesia";"625356391";"leonk_ucil"
"18106281784891279";"1780406376";"@yayafaraa ngambek si tiwi";"1233952307";"renisptiany"
"17946002373189063";"1780406408";"Join bop gt?😂";"3170808188";"rizkypermadim"
"18138149365474810";"1780406458";"Kenapa mesti ada kata kata " walau hanya diberi kesempatan tiga bulan" ? Duhlah seperti perempuan anda Ted 😑";"263781823";"itsmeipeh_29"
"18341462734221773";"1780406538";"Jelek banget angelnya dari depan 😰";"605852654";"mizzqha"
"18202122742353390";"1780406561";"Pruuuuuuuttttt 🫢🫢🫢";"38777102094";"sinta.dst"
"18117924820819437";"1780406572";"Pindah negara aja kau";"4508626768";"aandinii_06"
"18118992913684038";"1780406632";"🤣🤣🤣 @novita_juni";"291726174";"wulannzf"
"18418057240194350";"1780406638";"Pake uang pribadi? Bulan madu klen ya";"3157580341";"_rahmdeee"
"18041187527795435";"1780406644";"Pancing terus guyssss💅";"1670812201";"mutimumut"
"18000783851948210";"1780406776";"Lucu";"402927103";"harismawidhanar"
"17963562363090015";"1780406814";"🤣🤣🤣🤣🤣🤣🤣🤣";"4796829973";"duniaadriel"
"18105125504473766";"1780406845";"Pinter ya ngelesnya, gitu aja terus... sampai proyek Ibu Kota Negara baru pindah lagi ke Sulawesi";"3451994186";"halimf.id"
"18178847761400042";"1780406850";"@agungpraasetiyo coba jawab";"2078223902";"muammarrezaldi"
"17942773098221575";"1780406853";"Terserah lo deh..cari pembenaran terus";"2046878125";"indrayanti_pitet"
"17861145150601855";"1780403669";"Masalahnya, bawa hasil apa kliling² keluar negri? Sementara yg didalam negri lagi kocar kacir ekomoninya ini,.. tengok lapangan donk";"1127497198";"zulaikhanna"
"18092142917601323";"1780403712";"@rani_musodah mewakili suwami nya lah mba 🤣";"517227408";"hanniwulan"
"18130289845584418";"1780403714";"“Hanya 3 bulan” , opini pribadi atau ada yang nulis sih ini pernyataan klarifikasinya? .";"2027362560";"amandanurulalifah"
"18041413472595256";"1780403730";"Allahu Akbar... *WalauHanya3Bulan Tapi MANFAATBertahun-tahun";"475963326";"sittimaysarah"
"18162587887452459";"1780403794";"Ini termasuk FRAUD gak sih jadinya kalau pakai dana pribadi membiayai operasional untuk orang² yang mengikutinya 🤔";"816076644";"akbarmh"
"18097443350334208";"1780403829";"Dia siapa ?? Menlu bukan ? Menku bukan ? Kok bisa bahas gini ???";"657821712";"deoperanata"
"18068492525374734";"1780403869";"😢😢😢";"1385989429";"surojodewanoto"
"17853897456676573";"1780403928";"@csrydh bapak-bapak ini aja yang bahas ah @dihikmawan @sufardin 🤷‍♂️";"1171511860";"haikal68_"
"18585764959054992";"1780403932";"cari muka trus heran, masyarakat mana yg masih di belakang mu ted, gaada woy";"49450332933";"ippoipoyoo"
"18202977382346074";"1780403948";"pejabat nombok pake duit pribadi? percaya? duit laundry baju sama daleman aja yang nanggung rakyat kok.";"1922134351";"yvnz__"
"18193721848370921";"1780403981";"Yang benerrr? Mana sini buktinya jangan ngomong doang";"2927070320";"nadiliaa21"
"18423346564131965";"1780404064";"udah mulai geterr klean? @prabowo @teddy_hq 

pake acara klarifikasi pula wkwkw mbg masi lanjut dolar naik terus 🥱";"31625709";"roobyhd"
"18101879216031146";"1780404104";"😂";"1224236888";"febricardorebel"
"17908055856245045";"1780404108";"Konfirm Bang. Bener ya @bangonim ? 🙏 Bantuan untuk Palestina msh ada untuk jalur udara?";"475963326";"sittimaysarah"
"18101660396471278";"1780404146";"Ekspresi merendahkan, tidak didukung data. Memang kelas bayi";"43443378317";"arya.salaka11"
"17890729068517553";"1780404148";"Slayyy💅💅💅💅💅";"271244937";"luigymy"
"17900544936443953";"1780404149";"overbudget buat honeymoon kah ted?";"210073088";"hildanelqi"
"17993101829976133";"1780404155";"🤮🤮🤮";"804103868";"adiendp10"
"18102574835042673";"1780404208";"Quban aja APBN";"3909765546";"azzahramuhammad18arsy"
"17901674232284645";"1780404314";"moso iyaa dana pribadi?? qurban aja ente pake APBN 🫵🏻🫵🏻";"530904047";"agitarmichandra"
"18103106534514989";"1780404327";"yang ikut katanya makin sedikit, hampir sparuh tapi kok Masi over budget 🫣";"6101151674";"mamamaumi"
"18118789960744328";"1780404343";"Gue gak percaya sama elu syantiik.. mana mau lo ngeluarin duit ratusan juta buat nginap per malam di hotel bbrp hotel, pasti pake duit negara/duit rakyat";"64645108155";"tooru.chan_"
"18107335643489382";"1780404367";"Sibuk bgt org ini , tugas nya byk kali ya skrg 😂";"1948531879";"jiniaaa13"
"18094763672191941";"1780404425";"Tedi 8oti";"4890184879";"s.hani05"
"17949271452190240";"1780404439";"💅💅💅💅💅💅💅💅";"831668902";"chblgs"
"17941474263236266";"1780404482";"Lu lah @teddy_hq lu gak ada isi nya lol";"35529513233";"roby_gaspar4"
"17941970616210608";"1780404487";"perjalanan dinas sbagian pake uang pribadi ya🤣 qurban pake APBN aja mengatas namakan dirinya, yakin?? ga terima kritik dan saran betul pemerintah jaman ini ya";"2310766414";"oops.indy"
"17988036380997483";"1780404517";"Pokoknya ada.....";"513897672";"aldillahidayat"
"17889409074549599";"1780404524";"Pokoknya ada";"2025744158";"afitbudimantoro"
"18051934334588987";"1780404558";"🤮";"12355704899";"nurbanimonorapadang"
"17902552572282084";"1780404586";"Iziiin 🫸 sering ke LN tapi ngucapin "event" aja salah, semoga diplomat² LN itu ga salah paham.";"645592848";"dickey.eikal"
"18088127627072012";"1780404598";"Padahal kalo dengan biaya sendiri justru lebih beresiko, konflik kepentingannya lebih besar loh bunda tiw";"3000207782";"flamingoolshop"
"17901544929288618";"1780404623";"Utk apa disebut "walau hanya diberi kesempatan 3 bln"? Terkesan anda arrogant dan mengkerdilkan orang lain yg mana beliau itu "senior" anda 🙌🙌🙌 mohon maaf pak 🙏🏻🙏🏻";"1020169841";"hantono_shi"
"18050092991541309";"1780404685";"@sifafitriia ga terima dikritik junjungannya mba😂";"3000207782";"flamingoolshop"
"17930443254290969";"1780404711";"";"2028614659";"teman_tarzan01"
"18129904735610275";"1780404711";"@rifienih iyaa....tugas2 menteri & setingkat menteri sepertinya kok cuma sebatas nyebokin presiden ajaa 🙈";"58236199655";"ridha_langsaa"
"18315957091257483";"1780404723";"• Tone meremehkan "Walau hanya". • Ga terima dikritik. •bukti konkrit? bukannya, pokoknya ada? •Peran aktif diluar negeri, peran didalem apa? MBG? Makasih! •tiap kunjungan defaultnya Indonesia wajib bisa bahasa orang lain tapi ga pernah bawa bahasa Indonesia jadi kurikulum wajib di negara sana.";"23104211870";"farhan.enrile"
"18073988033673363";"1780404751";"selalu bilang gt ntar taunya kaya sapi kurban";"39859490864";"pinkystabilo"
"18104046733955759";"1780404757";"TIW";"2281277938";"kenzf_20"
"17874830853610596";"1780404771";"@haikal68_ Sebaiknya kita bahas pinggir lapangan saja, tapi pake bahasa Perancis.";"20796562372";"sufardin"
"17938423971054448";"1780404785";"@sunny300696 siap kaya😍";"2094224630";"masykuriwildan"
"18084647261412933";"1780404787";"Teddy 💅";"5466329707";"rizkybanunugraha"
"18223398904316409";"1780404817";"@sufardin ngopi santai enak nih dok";"789595078";"csrydh"
"18083064854534967";"1780404868";"Atur dah,abangkan panitia💅";"3176848635";"sheillathanzdasyah"
"18008234156877109";"1780404870";"Buat aku yg miskin ilmu, simpelnya kalo pergi2 pake uang pribadi namanya pariwisata bukan sih?🤔🤔😄😄";"269880908";"fauzianurulhamida"
"18150246436494257";"1780404871";"Balok rasa bintang";"371018560";"ini_ratih"
"18001440794930097";"1780404920";"Potensi period kedua. Sabar2 yaa rakyat Konoha..";"2539263131";"yusa.m.m"
"17966855238088791";"1780404923";"Teddy teddy";"1318438304";"luaniars"
"18061218398527003";"1780402326";"iya cintaaaaa";"201008537";"rubenholly"
"18116874451693546";"1780402327";"🔥🤣 Pake dana pribadi ?";"785614608";"nengmjie"
"17950270557171154";"1780402341";"Bad Public Speaking. Mencari musuh sih ini";"45199391";"hada_creative"
"17951303508172131";"1780402379";"kudu banget 3 Bulan nya diBOLD, ses???????? ultah lu ditanggung siapa?????????";"1733988756";"____________________ling"
"18087407087222661";"1780402467";"Knp hrs disebut 3 bln nya??";"4344668536";"meliahidayah88"
"17877595872468881";"1780402535";"Kemaren presidennya yg ngomong ngawur, skrg seskabnya... Duh...";"2049004135";"wldn13__"
"18354016345212682";"1780402540";"😢😢😢";"1385989429";"surojodewanoto"
"18399386305159842";"1780402542";"Pratiwi .. oooh .. . Pratiwi .. Muak gua loe ngejilat mulu🤬#pejabatbejat";"44888107494";"uugonzalessetiadi"
"18115200895880540";"1780402623";"Pengen muntah liat komuknya tedi 🤮";"1590201006";"a.revian"
"17930246628302364";"1780402624";"Ludahin yuk !";"42623452265";"gurenn_ichinnosee"
"17987196722817515";"1780402633";"Moso semua biyaya pribadi prabowo...kok g percaya";"62973738939";"iwant_oying"
"18594234448057505";"1780402670";"Uang rakyat 🔥🔥";"1759126335";"rjulizar31"
"18086373689529844";"1780402712";"Audit kata2 ni orang yg jabatannya cacat hukum";"977011878";"roemy_habibie"
"17876457534478471";"1780402731";"Sumpah ya gue bacanya nama "Dajal" buka "Djalal" maap mata gue keknya perlu periksa deh 🙏🏻🙏🏻🙏🏻";"344208896";"fiqaa_ns"
"18089676173371166";"1780402731";"@windyastyani aku jadi inget ekspresi mu kalo marah2 pas SMP lho wind🤣mana tomboy lagi SMP, teman sebangku ku rekk hahahaha";"928278004";"astrimuktimaharuni"
"18088347389063734";"1780402736";"Iya bowtie. Ngebelain ayang nyaa muluh ahh,";"7171253272";"indratanjaya_"
"18095650201947018";"1780402742";"😂😂😂😂😂";"789595078";"csrydh"
"18104075849512032";"1780402748";"@ipin996 dahak berdarah";"2606012";"hazawude"
"18055911485722854";"1780402749";"Boty😂😂😂😂😂😂";"11455280";"refanofiyanti"
"17943301101029797";"1780402825";"oke cantikkkk 😂😂😂";"61290268653";"david.idrus"
"18117063199759920";"1780402842";"@iamwk11 🤣🤣";"1388808671";"abelyahr"
"18591378292050424";"1780402872";"Uang pribadi?...😂😂😂";"2251731654";"aguskoyosudrajat"
"18143792677513624";"1780402873";"Tanggapan nya sis @haikal68_ 😂";"789595078";"csrydh"
"18036740891796139";"1780402880";"atur aja deh.";"9008799498";"wizardhat11"
"17976540005874958";"1780402913";"Dia jubir kah?";"2211107371";"ndari1792"
"18082749044644017";"1780402920";"Tedy boti";"68600482199";"roimuna92024"
"18219856126320886";"1780402999";"bacot ted";"1701361925";"diqabs"
"18089073560627866";"1780403041";"Wesemboh";"370293588";"lucyanaerlita"
"17970287634106720";"1780403065";"Tantrum kan buna😂😂";"242630179";"snchzaisya_boi"
"18053479676770547";"1780403083";"Macaaaaa ciiiih .... Cuiiih !!!!";"4109442714";"mrs_susinisharin"
"17904256878429536";"1780403146";"bang..lo ni sbenernya tugasnya apa sih? kok baperan bgt";"71821816364";"sholehahila88"
"17937968706054629";"1780403149";"Pak dino ayo counter lg pak pasti seruu 💪🏼👏👏";"4700332828";"vivi.gallery"
"18116281753831799";"1780403264";"Tahun depan ultah dimandosee cynnn? 💅💅💅💅";"1558328875";"sirnaughtyokid"
"18114290071876965";"1780403301";"11 Kamar Hotel yg termahal @200 juta x 11 =  22.000.000.000 x 5 hari (minimal) itu baru hotel, blom jalan2, makan2 , Ono ini kucrut ... Ini perhitungan Pak Fino Pati Djalal ... Masa sih pake duit pribadi";"4109442714";"mrs_susinisharin"
"17912601390403498";"1780403332";"Batu juga di hitung hutang 😂😂😂😂";"4109442714";"mrs_susinisharin"
"18452680783115126";"1780403339";"Good belajar dari kesalahan yg sebelumnya merespon ADALAH @teddy_hq";"616764599";"st.hendrixs"
"17942365194212673";"1780403423";"💅";"8751342515";"mavns"
"18124399573632992";"1780403485";"@iamwk11 🤣🤣";"1219289807";"wandaluhukay"
"17966199264116723";"1780403495";"Kira2 lubang mataharinya pink gak ya? Dikasih lip balm Nivea?";"492854012";"_idrhoo"
"18101575565092468";"1780403533";"Kelebihan budget Kunker ditalangin pake duit pribadi. Kenapa waktu qurban pake APBN?";"5163684244";"mohammed_natsir17"
"18354834388245552";"1780403534";"SPG mah emang gitu🤣🤣";"973043899";"_ybapjt"
"17946689781014853";"1780403548";"BOHONG, MANA BUKTINYA? SEBELUM JADI PRESIDEN NGAPAIN AJA EMNG? SIBUK NGEHINA PASLON LAIN KAN KRNA KEGAGALAN DIA SENDIRI!?";"1538297249";"lutfiahnisrin"
"18118846123667748";"1780403556";"Percayaaa percayaa.. seperti judul novel tereliye teruslah bodoh jangan pintar 🫣.. Keluarin kurban aja pake APBN 😀";"20118573";"linakamila"
"17890142532537439";"1780403557";"Pemerintah isinya klarifikasi mulu,, malah kyk nonton curhatan bunda....";"3048575771";"sindupatokoh"
"18205967437351079";"1780403569";"Fast track 🔥";"4019990417";"japallghz"
"18099316130276616";"1780403578";"@ardianryz_ 🤣🤣🤣";"517227408";"hanniwulan"
"18103148231514232";"1780403602";"Boti mah bebas";"6237955480";"adetapikaka"
"18112605530495131";"1780403631";"@muhfirdaus_019 Tp qurban pake APBN 😂";"475261177";"lindikalange"
"18421930714135504";"1780403663";"“3 Bulan” di Bold loh";"44402988242";"lestialfatih"
"18048793883604387";"1780403664";"Dimana2 istri pasti bela suami";"556504614";"ekarzi"
"18075392618290346";"1780400851";"Hasilnya apa ted. Rupiah ihsg anjlok bukti luar negeri g percaha ke indo";"3532873547";"shofie_filoshofie"
"18160784518394050";"1780400911";"Masa Pak? Kenapa Qurban dari APBN pak infonya 😢 ga sekalian di tanggung juga? Aseli tanya....";"2014026729";"wanskurniadi"
"18096169268177790";"1780400912";"Atur lah sis";"1520991321";"saaa_isaaa"
"18116268508837360";"1780400977";"Tp kog hewan korban pakai APBN ya..😂😂 jelaskan Ted !!";"6388138579";"sugeng_arifien"
"17888141604555853";"1780401055";"UDAH KONDISI BEGINI MASOH PADA DIEM AJA, MASIH PADA NGEBELAIN WOWO AJA 😢";"2091914039";"nadya_shihab"
"18110990503910504";"1780401091";"Ngomong apaan";"302187933";"ilhambagas"
"18110975312506910";"1780401103";"Mon omon🤣";"25869897791";"ongko.1968"
"18064637357440748";"1780401147";"Iyee.. Cm 50 orang tapi klo tiap bulan 5-6x brgkt ya sm aja😂😂";"1977161091";"jimmyjangkrick"
"17884129050568729";"1780401179";"@ardianryz_ emang kl lagi PMS itu bawaannya senggol bacok kok 😄";"821833145";"____tyas___"
"18587038678009899";"1780401179";"@tedsky_89 Pokoknya ada";"2258896733";"dekanandaf"
"17966541699089826";"1780401194";"@ryanchenata drando, Drama enDonesiah😂";"991653750";"_indahmars"
"17915953500392053";"1780401263";"@ardianryz_ ihhh kok gitu sihhhh🫸";"5725219185";"pajenkerz"
"18080670650534471";"1780401290";"@estiyunho_ giliran qurban pakai uang negara, kunjungan kenegaraan pakai uang pribadi...apa ga kebalik ya,,ya gitulah negara dagelan 😢";"40256841298";"ina.katriana"
"18079268597211935";"1780401299";"ENAKNYA JALAN JALAN KLEAN PAKE DUIT RAKYAT @prabowo @teddy_hq @presidenrepublikindonesia @tedsky89";"1411648781";"dwikadada"
"18082418957326149";"1780401308";"percoyo tak q percoyo jika wowo n teddy nikah";"4030121815";"mochsaiful06"
"18414395230195669";"1780401312";"Bisa diem aja nggak lu ? 😣";"7623058993";"septikawul"
"18003664421930053";"1780401320";"“kita harus lihat apa yang dicapai dalam 1,5thn ini” apa? apaa??? apa manfaat bagi rakyat indonesia? rupiah noh lu urus udah ga ada harga diri lagi, rakyat makin hari makin tercekik";"282727268";"anioktario"
"18036405227653681";"1780401366";"Iya buna iyaaa 🤸🏻‍♂️";"2062312322";"noviwina"
"18101102767853108";"1780401395";"Bukan main 🔥";"1667304510";"yosiacandrapramudito"
"18211940479332861";"1780401409";"Gak pernah semuak ini dg orang";"383009";"putra_raditya"
"18075786503651915";"1780401432";"Eleh dulu juga mbg katanya uang pribadi, sapi juga atas nama wowo, taunya duit negara, @teddy_hq mana buktinya pakai duitnya prabowo?? Ngomong doang semua org juga bisa, lu dikritik dengan bahasa yang segitu clearnya masih juga ga sadar ya parah lu ted @teddy_hq";"430558299";"agus_hendrawan31"
"18064867145436662";"1780401435";"@arinikoes pejabat yang mana? Itu jabatan karena temen penguasa aja bukan katna kompetensi 😂";"8206347";"andy_se"
"17916399264180841";"1780401470";"@iamwk11 ngkak 😂😂";"3661676180";"kuncoro_djt"
"17905197153259143";"1780401503";"Aura nyiyir nya kuat bgt🤣";"7388040584";"eeviiieee"
"17895824283328802";"1780401510";"Ga ada wakil presiden ya?";"224947455";"agngs"
"18100417127162587";"1780401550";"Mana Mensesneg, mana Menlu? Kok dia terus yang muncul?";"440103195";"ferzricardo"
"17983457910006786";"1780401565";"Qurban 1447 H ------- APBN.  KunKer LN ------ APBN = Aku Pribadi Bayar Negara.";"4970664338";"oki_mulmanfassa"
"18591779707038754";"1780401583";"Duku sepintas aku kagum sm blio, tapi makin kesini kok makin ngeselin sih";"1142298284";"cilampurnama"
"18321358540258331";"1780401632";"Iya, suka suka bunted aja, kami percaya kok 🙂‍↕️";"868396119";"pspngr"
"18112712806842164";"1780401673";"Hmmm Tas hermesnya udh kebeli";"3585438504";"rezacakrabayu"
"18117658993775812";"1780401700";"Hasil konkret dan nyata RUPIAH LEMAH..pemerintah anti kritik !!!";"1409725897";"maygyu_1105"
"18444651094142834";"1780401719";"anjay ngmgnya sengak bet wkwkwk";"2646765619";"lisandryan"
"18055516565720879";"1780401721";"Nyimak Paketu @mosyaifan";"2113830638";"alex.riza"
"18104944186810513";"1780401784";"Yg katanya efesienshitt 🙌";"576937410";"heroenaja"
"18374625199166918";"1780401796";"@iamwk11 NGUAKAK";"1542658648";"isninnoviana"
"17931487425277441";"1780401808";"🙌🙌🙌";"370916983";"ekomarifiansyah"
"18069195116693944";"1780401814";"Maho mahooo,";"48529135334";"trowelindo"
"18120137170736292";"1780401823";"🤦🏻‍♂️🤦🏻‍♂️";"4002479718";"a.dinanjar"
"17938905897246300";"1780401856";"Kenyataan nya dari hasil wara wiri ke LN yaitu dollar naik";"1591997854";"fauzanfive"
"18096174947597924";"1780401930";"Intinya wowo caper ke global";"4371938787";"pebcat02_"
"17895738744333943";"1780401948";"Iyaaaaa cantiiikkkk...ape kate bacotlo ajeee dehhh... cubiiiit niiihh";"1105750218";"bayuwairatta"
"17890245054515750";"1780402012";"Pie to 😂😂😂";"1920961990";"zoyablueholiggan"
"18105272125799072";"1780402017";"Boti emang g bisa disenggol. Sensian";"1341108828";"satrioagung_motret"
"18107687656943969";"1780402019";"@iamwk11 wkwkwkwk ngakak";"2064316153";"magmazulfiqar"
"18046899608556086";"1780402118";"Bot! Itu ya Denial";"339948562";"prammuliaa"
"18118747603747588";"1780402129";"Cong ben😂😂😂";"45570003148";"irwan_g25"
"18080490389224591";"1780402164";"Emang pak Dino menanyakan anggaran ? Bukankah yang di sampaikan mengurangi frekuensinya. 1 dari 6 hari keluar negeri.";"258229721";"elfawwaz.ina"
"17932788699272250";"1780402282";"nyapuin teroossss";"541739545";"abestarrr"
"18079259039643276";"1780402293";"@astrimuktimaharuni wes di ubun ubun aku tikkkkk 😂😂😂";"490249630";"windyastyani"
"18052165079750119";"1780399526";"@ikmallrmdhn HAHA😭🤣";"2073843958";"vinkalianita"
"18063012737471051";"1780399556";"Pokoknya ada!";"1715994039";"jovan_gogo888"
"18593744791044651";"1780399563";"Buna";"49159437957";"ridhorotimpanjaitan"
"17896055208463815";"1780399595";""POKOKNYA ADA"🙄 Mbak ...Transparansi dong....biar jelas ke Rakyat ..Ribed Ibu Negara satu ini...";"871120";"itsleahali"
"17966653346921406";"1780399631";"kayak gk terima di keritik malah nyebut pake uang peribadi😢 sapi kurban aja pake uang APBN KAN?🤣🤣🔥🔥";"65785393575";"anwarhadi_171290"
"18331467742264475";"1780399650";"Seskab=sekretaris kabupaten😂";"1937032689";"harunsja"
"17983787772007235";"1780399655";"Yg gue suka dr boti.. pinter ngomong";"384111603";"iannnms"
"18129172135531243";"1780399667";"What???";"5883389930";"yanoecakep9803"
"18135988573490695";"1780399710";"ses teddy lg pakai skill";"465958788";"hafizh.handitia"
"17875455219670620";"1780399772";"";"51895524511";"rendezvouz2023"
"17890811673480153";"1780399801";"";"602190922";"febihusandi"
"18063365201462722";"1780399804";"selalu respon nya defense instead membenahi diri. Tercermin dari ekonomi";"29836154081";"ekspedisibarang2"
"17873112639614908";"1780399805";"Dia pikir dengan ngomong kek gitu bakal membungkam semua masalah. Padahal yang ada makin blunder 🤣😂

Kok sampe pake uang pribadi? Melebihi APBN dong? 🤣🤣🤣";"360368668";"audiainayah"
"18101702093013015";"1780399817";"😂😂";"296080600";"irfan_jois"
"18072548861328456";"1780399820";"Lu musti nya ga berhak ngmg, lu sapa? Gilani.. faktap bgt musti lu banget yg ngmg? Mau jd presiden presidenan kaya dulu jaman bos lu sama sandi uno? Sujud sukur sampe belaga gila?";"55510163339";"kurangkekiridikit"
"18007016681734495";"1780399850";"Anjg banget ya pemerintah skrg";"2295247694";"brmntioo"
"18101661083011128";"1780399864";"@ardianryz_ iya lagih🤣🤣🤣";"50173367095";"_aryanirian"
"18121012504668577";"1780399868";"bela terus";"335096816";"raini.sh"
"17872255038674263";"1780399883";"@daffawell iki sek diarani ngambleh tai 🤣";"1073321483";"wish_nugraha_"
"17859765672649697";"1780399950";"Mukanya nyebelin bgt 🤢 apalagi gaya bicaranya, shongongggg beud 😮‍💨";"177296645";"kartikamysr"
"18598704019050269";"1780399981";"Hidup Pak Dino Patti Djalal...tetap semangat utk menyuarakan yg benar👏👏👏";"5812198889";"devita2816"
"18151355056433482";"1780399987";"Pick me banget 💅🏻";"790761951";"shantyivory"
"18210383500332585";"1780399987";"Wkwk";"3967161405";"donny_98_"
"18163268227444137";"1780399994";"Iyaa iyaaa bunda, udh atur aja ayanknya maunya gmn.. Udh capek lah kita2...";"561997703";"mitha.marita"
"18408532603197096";"1780400064";"@hazawude raray morosot";"430641";"ipin996"
"18092025518049524";"1780400146";"Cocote";"5966320665";"fridaayumeryana"
"18015287570894646";"1780400212";"Sampah lagi ngomong";"52225246348";"aryan_mulki"
"18116008699840972";"1780400258";"Atur aje udeh";"7048720132";"axelvebianto"
"18098918117159060";"1780400284";"Qurban aja pake APBN😢";"946141529";"azmulfauzizayla"
"18106268569778283";"1780400342";"Kalo bohong idung nya panjang loh yaaa 🫵🏼";"1303898225";"nuii_tembem"
"18185006944387909";"1780400365";"Mana klarifikasi & penjelasan program2 yg lain? 1,5 tahun penjelasan yg lengkap cuma ini?";"43853240";"andangpramana"
"18430228387125109";"1780400371";"Percaya? Akusih kagak percaya banget";"76147582714";"rijah1980"
"17992754957969700";"1780400385";"Jember LGBT..";"1465947169";"_syawall22"
"18073695485316465";"1780400443";"Gimana yaaa,, kurban aja pake duit negara,, 😌";"3655181094";"annandun"
"18089683196182424";"1780400444";"Bawahan pasti melindungi Atasan ...";"216762704";"ipoel_07"
"18066682382400820";"1780400455";"Dia bertugas ngebelain presidwn?????";"8081290836";"mi_hill_8"
"18093963053190396";"1780400512";"@iamwk11 😂😂😂😂";"510060968";"rismabon"
"18594528316059897";"1780400565";"Sehat sehat ya cantik";"2629864494";"muhammad_hiban"
"17970484890026099";"1780400568";"Hal konyoll bilang dana pribadi.. Trus protokoler mu n kawanannya gk digaji.. 😂😂😂";"1816578261";"ale_alikhsan"
"18588362935011459";"1780400590";"budeg...";"301678423";"hendrawanfrenky"
"17868910563621149";"1780400596";"@ikmallrmdhn 😂😂";"80249376664";"handikajoda"
"18094814147228051";"1780400597";"@effrindogbs sok akrab";"4640109835";"fauzan_martak"
"17867816952683754";"1780400625";"Yg dikritik lakinya yg baper buna😂";"80249376664";"handikajoda"
"18080131238560215";"1780400647";"@ardianryz_ 😂😂😂";"683703414";"janariusandy"
"18074751011318320";"1780400700";"Perginya pake presidential aircraft apa air asia pas pergi ?";"211449605";"ianfaisal"
"18093645317461319";"1780400731";"😂😂😂😂oke gas ga tuh";"2001911142";"nurimanda_11"
"18323625325281508";"1780400758";"Seorang istri harus menjaga harkat dan martabat suaminya";"2015295126";"rama_ape"
"18114240943876149";"1780400829";"Alhamdulillah sih.. tp sapi qurban pake APBN itu benar kan?";"2052987925";"hasthanti"
"18179073244398111";"1780400840";"Lah wkwkwk";"2461064681";"robbyhfrynsyh"
"18422035540133864";"1780398623";"@fifauzia owalah gtuu ya kak. Baru tahuuu. Dia udah brp bulan menjabat jubir kak??? Izin";"1533920456";"fitrohachmad"
"18097126799585881";"1780398624";"@fitrohachmad @fifauzia woy wkwkwk";"1583451342";"silvy.ss"
"17911037394223543";"1780398661";"Aff iyh?";"1446768091";"retnoayus7"
"18095862842186711";"1780398666";"@iamwk11 😂😂😂";"3074851880";"nurbanibonie"
"17940679596236852";"1780398714";"@sundari_pramita awkwkwkk";"206684770";"tyascuppyy"
"18118591750613660";"1780398784";"Intinya pake fasilitas negara";"40952646759";"diatur_aja"
"18163534993447999";"1780398814";"Asal bapak senang 😂";"37360244067";"viernandisme"
"18104380939956435";"1780398822";"@e.dewanulfh_  udah jelas kan?";"1724820144";"dedeklukmawann"
"18211972633327395";"1780398824";"Maju Mundur Syantik Syantikkk...💃💃💃";"47655460";"egenmega"
"18106425127897154";"1780398862";"@iamwk11 GOKSSS🤣🤣🤣";"47655460";"egenmega"
"17911222788405394";"1780398869";"@dedeklukmawann hahaha udah kan ku blg kita lihat aja ekonomi ni gimana";"49533246719";"e.dewanulfh_"
"17914568823393573";"1780398870";"Buna 😂";"1390210632";"dianshasannudin"
"18085251674421248";"1780398879";"Pak kalo saya tanya, hasil dari kunjungan luar negeri apa pak? Apa cuman nyuruh anak anak belajar bahasa bahasa asing? 
Gausah kesono belajar di google juga bisa pak 😂😂";"1695849667";"ayiiuueeo"
"17913271365199948";"1780398909";"🔥";"74406482973";"dun.iaaaaaaaaa"
"17939151636050416";"1780398912";"Berarti selama ini dia sering banget ke luar negeri tanpa bawa kepentingan negara dong. Plesiran terus piknik asoy geboy";"1632005171";"khofifahmiannisa"
"18103015318835642";"1780398963";"Bukan di madu😂😂😂";"3184506222";"aguskakek"
"18103979773993685";"1780398971";"Ah msaa";"8560092378";"quueeewinnn"
"18087842603210818";"1780399001";"@hutrisaysukau mana 3 bulannya di Bold lagi";"184519067";"lt_maulana"
"18097912787162765";"1780399027";"🤣🤣🤣 ga senang dikritik… wkwkwkwkk langsung buatlah data data keluar…";"1369520385";"ebobie"
"18077230223264917";"1780399044";"😂😂😂";"1703288164";"s.rojib17"
"18097932293129984";"1780399056";"Plot twist nya mereka lanjut part 2 di 2029 🥹";"67047268311";"tresnaseptiyana"
"18232550452313708";"1780399075";"Maminya yg tantrum";"52154684668";"kimm_48"
"18184198114377671";"1780399094";"Salfok, harusnya menanam gak sih bukannya panen(?) hehe";"2158506495";"buanabputri"
"17886674889560688";"1780399111";"@sifafitriia Tunggu lo mati, biar Allah aja yg buka, mana yg bener mana yg salah, di saat itu penyesalan lo ga berguna.";"980871801";"blackshaaaaaark___"
"18068665937381441";"1780399137";"Bund,info study tour di biayain papi bund izyyin🙏";"1382849569";"inditseptipamuji"
"18091904186608580";"1780399140";"Masa?? 🤣";"3262807342";"andrewilliam123"
"18075902042283003";"1780399141";"Hasil kunjungan ke istana jadi Buzzer pemerintah cerita nya nich akun 😂";"3126668841";"togegorengofficial"
"18362244100224256";"1780399155";"🤡🤡🤡";"4846600817";"mbaaaaa_mar"
"18117964456808700";"1780399161";"@windyastyani wwkkwkwwk🤣🤣🤣🤣 emosii sekali windy 😂";"928278004";"astrimuktimaharuni"
"17978416364863064";"1780399168";"@hariyadisa_ nope";"2188442946";"baiqnuke"
"18219141715324443";"1780399242";"Yeuuu, di kritik baper, situ istri presiden ?";"900986348";"ziziahanum"
"18117939115762659";"1780399253";"Pentingnya cermin untuk "refleksi diri" bukan cuman buat dandan 💅";"332583639";"azmannasrul"
"18214076740333974";"1780399255";"Buna baper ih";"253399742";"rchmtfadel"
"18410165671149815";"1780399269";"Kalo pake uang pribadi bukannya malah aneh ya?";"44109884141";"amigrammm_"
"18413681449197292";"1780399269";"Kemarin kan yg ke perancis buat rayain bday Teddy, abis itu honeymoon dong.";"1647323147";"iman.lvciferius"
"18069559172373762";"1780399271";"😂😂";"4051115515";"egapangestu04"
"17988374219996991";"1780399297";"BOTIW 🏳️‍🌈🏳️‍🌈🏳️‍🌈";"267884384";"halloiqbale"
"17875426947611474";"1780399324";"Jumlah rombongan berkurang, kabinet tetep aja gemuk. Investasi triliunan tapi pembangunan di daerah memilukan. Banyak sekali yang denial, banyak sekali yang kontradiksi. Angka2 yang disebutkan, pencapaian yang diutarakan rasanya tidak relevan dengan kebutuhan wong cilik di kampung yang misalnya butuh pendidikan dan kesehatan yang aksesnya mudah, murah dan berkualitas. Silakan berdiplomasi, aturen, awuren. Kami tidak perlu penjelasan muluk-muluk yang penting manfaatnya benar-benar sampai dan dirasakan masyarakat. Rasa-rasanya masih banyak masyarakat yang kebutuhan dasarnya semprawut dan butuh perhatian Pemerintah.";"39253217756";"khozz_in"
"17930210286098855";"1780399334";"🤣🤣 lucunya negara ini";"1553167814";"yanuariadwi"
"18321011278287457";"1780399368";"Omon omon";"53633621721";"ilmayusuf_new"
"18111911200908327";"1780399388";"Kocak😂";"2303683408";"nofian_hadi_purnomo"
"17974912710028163";"1780399407";"ih bohong";"583840250";"nathasyaip"
"18153310174428545";"1780399418";"Ke Balijo yuk";"1248401646";"dethu_remon"
"18324485335284840";"1780399445";"@iamwk11 😭😭🤣🤣";"2073843958";"vinkalianita"
"18125399029724371";"1780399456";"Bisa gak sih, jgan dia yg klarifikasi. Kan ada sekretaris negara atau kepala staf kepresiden.. 🫣🫣pdahal dia klo gak salah setara eselon 2 aja";"1353226036";"mardiantolahamid"
"18100348814330018";"1780399461";"Gimana mau percaya pake dana pribadi, sementara Qurban aja pake APBN😂😂😂😂";"843619363";"chumulya"
"18101880521116536";"1780399479";"Dih";"192523710";"oty_abil"
"18084426941561500";"1780399486";"😂😂😂 lanjutkan ... Terserah kalian saja";"3115605073";"ackunk_"
"18106018262056324";"1780397191";"Dih nyesel ga loe yg bilang dia ganteng?? Drmana nya kales";"1498361189";"niszfaouzya91"
"18055110848730351";"1780397221";"Iya cantikan kamu iya";"2183119694";"lyuswara"
"17929148277338495";"1780397273";"Jangan2 mereka bukan kunker, tapi honeymoon 😮🫢🤫🤐";"1307230056";"haikhaidir"
"18064413911467226";"1780397297";"“Jaman pak Dino seperti itu” tetep terdengar arogan sih di telinga aing😌😌";"2059734312";"ayuhu__"
"18090214220615728";"1780397306";"Tunjukan Invoicenya Ted biar Rakyat percaya, kalo cuma lambe semua pejabat bisa";"1450147758";"fids_8"
"18057549854721018";"1780397324";"@asildo_0 valdiii 💯 🔥🔥🙌";"2068467895";"nisaazar"
"17901094149442928";"1780397339";"";"245079113";"maudydwy955"
"18083060435536027";"1780397391";"ada yang percaya?";"436059005";"kopihan"
"17882946183427411";"1780397433";"kayak influencer pake klarifikasi segala, udah bener diem.";"33980745";"anggahudayana"
"18083953154130626";"1780397505";"Dia ini siapa? Kenapa kudu dia yang menjelaskan? Kepana bukan WAKIL PRESIDEN saja?";"1351559539";"hermili_husna"
"17904718755262624";"1780397515";"Dana pribadi 😂😂 serasa nonton standup komedi..mrk pikir rakyat tuh bodoh dan ga ngerti apapun soal hal seperti itu";"2535434416";"deereefs"
"18101191886094945";"1780397566";"Capee bangeett ga sih punya pemerintahan ky gini, seenaknya aja mau gimana 😢";"4834313371";"pratiwi_ningtyas89"
"18033522548803569";"1780397577";"@nisaazar 🫰";"3268041552";"asildo_0"
"18078184811258774";"1780397637";"Bencong ngamuk";"4046596476";"wnhsnaf"
"18040935329795983";"1780397681";"😂😂😂😂😂";"1467159131";"mauritsimanjuntak"
"18065918036702618";"1780397681";"Mantap pa teddy. Orng yg suka nyinyirin harus nyinyirin lagi.";"7204077147";"desqiran"
"18111521707720730";"1780397683";"Kemarin Kenapa kurban ga pake uang pribadi aja sekalian kenapa hrs pake apbn..😮";"6933364429";"niayunniaa"
"18093315620216985";"1780397774";"Hebat pak d";"77253971485";"alzura4717"
"18097075655169118";"1780397784";"Pakai dana sendiri, setelah itu ajuin reimburse kan🫢";"2048897372";"el.zaki13"
"18101190442858044";"1780397805";"Hebat pak Dino🔥👏";"77253971485";"alzura4717"
"18395723857089362";"1780397808";"Beli Sapi kurban aje pake apbn🤣";"3109916974";"tiemplezier"
"18096461705270894";"1780397821";"Lagi menyimak komntar netizen 😂";"5639586318";"moohakram"
"18426748819193781";"1780397828";"Diam lu boti @teddy_hq";"386835699";"natsyanah_"
"18184378465382307";"1780397855";"Makin ancurr kann 🔥🔥";"7762942196";"ffar10"
"18115611163865958";"1780397904";"Boti";"2318139868";"bona_adventura"
"18117754972826562";"1780397950";"@ardianryz_ 🤣";"65914334520";"m3lukisenja"
"17957535390135108";"1780397962";"Atur lah";"1976225321";"skandinaviaa"
"17880346794604620";"1780397997";"Itulah pentingnya seorang juru bicara, biar omongan tidak menyinggung";"1639619788";"muhrizarz"
"18600183820045005";"1780398047";"Dapat uang harusnya buat bayar utang negara cukup dong ya 2,430 T data dari BKpn.. eh apa aku yg salah.. maaf 🙌🙌☺️";"183055392";"enarina.nf"
"18113674810857601";"1780398092";"@blackshaaaaaark___ kenapa marah kak, inikan bentuk ketidakpercayaan warga kpd pemerintah. tinggal tunjukan hasil kunjungannya aja ☺️";"1764081950";"sifafitriia"
"18010025147873296";"1780398111";"@iamwk11 😂😂";"178812114";"itsrntyflo_"
"17975676204030169";"1780398144";"Apa relevansinya coba nyebut "3 bulan" klo bukan buat ngenyek? 🤣";"56295613660";"urmatearian"
"17867035344652801";"1780398195";"Ulala";"574208084";"hbargario"
"18101287925081086";"1780398260";"@iamwk11 🤣🤣🤣 Astagfirulllaaahhh... Asli ngakakk🤣🤣";"4470797933";"loeshe06"
"18012167303904818";"1780398284";"@antonius.wijayaa woiii";"182039651";"monchefm"
"18087273359628988";"1780398292";"Dlu doi ganteng. Skrg kok blunder 😂😂";"288328307";"wiliiu"
"17909036715411541";"1780398320";"Emang seskab ngelaporin hal-hal gini yaa? Apa fungsi Mensesneg, juru bicara presiden, Menteri komunikasi?";"2301877401";"dekysanjayaa"
"17870777955678854";"1780398322";"Negara guyonan";"5510022199";"tirtasunu"
"17890355997536080";"1780398325";"Prett berasa hebat teross😂";"27416848514";"wwroyalballs"
"18082452437177960";"1780398380";"Keren sih, yg ngedit videonya";"2978138742";"dadangtriosetiawan"
"18107417950953290";"1780398380";"Setiap postingan tiw dan p langsung skip saking semuak itu 😑";"650750227";"nizzaalqibtya"
"18411846994182160";"1780398417";"Bulan madu🤭";"1614290102";"irma_shadat11"
"18173937853371765";"1780398432";"Trus kenapa SAPI QURBAN PAKE APBN GA PAKE UANG PRIBADI";"65112723371";"dennyees"
"18051017861532122";"1780398511";"@fitrohachmad bun ~ BunTed";"1148794099";"fifauzia"
"18003666440946968";"1780398531";"@iamwk11 LMFAO 🤣";"57385359771";"fanri_fanreiz"
"18113934085870777";"1780398619";"🤣🤣🤣🤣";"3404427030";"amirohrozaq"
"17887484955559243";"1780398624";"🤮🤮🤮🤮🤮";"3074851880";"nurbanibonie"
"18532980295079544";"1780396323";"@iamwk11 🤣🤣";"66741594611";"sarmisanreja8"
"17909385546419243";"1780396388";"Ga setara kali ya. Bukannya pembenahan malahan nyerang balik nauzubillah min zalik 😢";"5585737312";"bara.aprianz"
"18104612129052745";"1780396409";"Nah kan di stun sama fakta😍";"1377664740";"kokohitem"
"18096559871153149";"1780396413";"Moodly MAN 🔥";"32331735528";"drgsariawan"
"17919234762366200";"1780396414";"Di rezim skrg selain ga milih 02, rasanya ga gabung ke lingkaran pemerintahan itu bisa dibilang juga termasuk prestasi. Ngeliat kementerian2 tertentu yg menterinya ngaco, langsung ilfeel sbg rakyat. Contoh esdm, pikiran lgsg kebayang representasi menterinya yg lagi jadi sosok lagu hits..";"44436415";"radinastine"
"18133707583582523";"1780396441";"Penting bgt bebenah nama baik sendiri, pasangan problematik 🤏🏻";"2701695520";"noviaalucy"
"18094157125992892";"1780396443";"@a.k.muam gini mas..kalau mmg RAB ny ada 100M apakah semua RAB harus digunakan 100% bahkan 110% karena melebihi anggran padhal indonesia sndri berda di titik harus efisiensi? meskipun kelebihan 10% nya ini di tanggung pribadi tapi menggnakan 100%anggran padahal hal trsbut bs di efsiensikan dengan mengrim perwakilan kdutaan indonesia dinegara tersebut? ini masih di tengah tahun lohh tapi angran sdh di gunakan 100% masih di tw2 trus bulan berikut nya sprti apa?";"1690031153";"rwiidyy"
"18049731062762244";"1780396474";"Masih beranggapan kalau Kepala Negara berdalih menggunakan uang pribadi dan merasa tidak boleh dikritik, berarti memang accountability nya sebagai Kepala Negara ya dipertanyakan. Kenapa? Ngga pernah belajar soal bagaimana seorang Kepala Negara harus akuntabel ya?";"1967329315";"noegrhaa"
"17975135153881773";"1780396522";"@ardianryz_ hahahahaha ...koq bener siih, lehernya kaku kayak salah bantal 😂";"345934500";"qeesada"
"17965642439928599";"1780396554";"Bisa di sniper aja gak, sih cantik yg satu ini";"3894719685";"berdiridibelakangkursi"
"18048363461774167";"1780396557";"EDITAN DOANG BAGUS , ISINYA KOSONG";"1490702819";"padovky"
"18101453065877996";"1780396561";"@iamwk11 🤣🤣🤣🤣";"1666246816";"sn_indah.sari"
"18084524594451799";"1780396575";"Makin kmari makin aja ni org.... 😮😮😮";"2908465038";"iman_fillyoung"
"18118735201667714";"1780396591";"That "WALAU HANYA 3 BULAN" 😏";"1436918394";"pehifah"
"18132183637586922";"1780396603";"Botay tukang sapu bool sang kekasih😍🙌";"264641087";"byldeasy"
"18122768311636394";"1780396627";"@iamwk11 🤣🤣🤣🤣";"2039291966";"farasafadana"
"17928100167312632";"1780396637";"Bae bae di jual indonesia der soalnya ke luar negri teyus diem2 lagi";"4620024904";"habirahman666"
"18103597880320414";"1780396658";"@hutrisaysukau julit bgt 😭";"1415233258";"shflykamila"
"18044944073569761";"1780396664";"apa buktinya?";"1450944456";"safitricc"
"18051466694522399";"1780396695";"Persis kek istri2 yg bela suaminya🫣";"214411908";"ayunjannah"
"18089944145617286";"1780396700";"Hadeuh si bunted gak terima,,lu aja klo bukan si wowo yg naikin jbtan scra drastis bkn apa2..sok"an bilang ke org bru jbat 3bln😂😂";"45714845318";"mala.adja19"
"18372207946227883";"1780396709";"hadeh ses tedy, agak2 kurang paham soal etika bernegara ya ses..";"493893178";"rionenosono"
"18100274296872824";"1780396717";"Shame on me 😢";"319582755";"dimas.dimi"
"18139266748471606";"1780396762";"Bagus goodjob. Tp klo bs tanpa menyudutkan Pak Dino diberi waktu hanya 3 bulan yg ikut 120 orang bahkan sampai menyebut nama..jika ada 100 pak Dino apa semua akan dijawab 1-1??? Rada gmn gt jadinya";"3075942803";"fathan_o.03"
"18092177342524250";"1780396766";"Tolol ni emg bocah karbitan";"1798397649";"v_s552_"
"18077101058250693";"1780396794";"cacat bernegara serius, sampai uang pribadi kepake? dia malah bangga?logikanya salah besar";"683122641";"naufalhamidi"
"18094563563230368";"1780396794";"Jelas mana yg kredibel mana yg nggak";"649917829";"yqiddihsa.i.ykzir"
"17997371837777715";"1780396798";"Cucok meong";"1348412763";"wildani13"
"18098203646517332";"1780396811";"“Kelebihan pengeluaran diluar kewajiban negara dikeluarkan oleh pak prabowo”

Yaa.. Kalo kue ulang tahun mah ya pake duit sendiri lah.
Tapi kan tiket pesawat sama uang harian masih kewajiban negara🤷‍♀️";"178305615";"_valeriepriscilla"
"17972391309024266";"1780396832";"Angle kiri nih cantik😂😂😂😂🤣🤣🤣";"2007770731";"darmaown"
"18588931879063646";"1780396832";"Iya cantik, lu kan bininye atur aje 😂";"1098634140";"ismailmrz_"
"18075440912298083";"1780396851";"Pake uang negara salah, pake uang pribadi lebih salah. 😮‍💨😮‍💨😮‍💨";"2964248729";"mukhammad_khabibillah"
"18134772202560118";"1780396906";"Iya iya bun";"353220473";"rndagustian"
"17989544822801019";"1780396985";"@iamwk11 njirr ngakak 🤣🤣";"80645979329";"yanthiprimrose"
"18090754139209710";"1780396992";"Ngomong doang gaada data, kurban aja pake apbn. PERCAYAAAA tuh";"2372479303";"husein5mh"
"17942012337233343";"1780397007";"@yanuaresta duh ketauan sama bapak pengusaha sakses. Iziiiin 🙏🏻";"1198941873";"zelinsidik"
"18129403591608191";"1780397015";"Apakah ini jobdesk nya seskab? Dimana para menteri/ pejabat yg membawahi anggaran? Yg menjadi juru bicara presiden? Saya kira ini bukan tupoksinya seskab. Jaman orde, tdk pernah terjadi tumpang tindih spt ini. Seskab hanya akan bersuara saat rapat para menteri.. Ada penjelasan biaya perjalanan dinas, sisanya dibayar sama presiden, aturannya darimana? Apakah ada ketentuan spt itu? Semua dibiayaain negara kecuali oleh2 pribadi, jajan pribadi, makan utk kepentingan pribadi diluar yg sdh jd agenda.";"2162678638";"triono.adji"
"18118970161606459";"1780397032";"Terserah bunda ajah 🥰";"1555087520";"marchaadiwara"
"18103337990009632";"1780397043";"💅💅💅💅";"1720142762";"rasyidfaris12"
"18104662595102908";"1780397074";"Beli sapi korban aja pake APBN mau ke luar negeri pake acara nombok uang pribadi 😂😂😂";"22556694";"bongky_cadas"
"17865655398565698";"1780397111";"FAKTANYA DIA BELI SAPI MILYARAN PAKE DUIT APBN BGST !";"5729343884";"angkringan_mrfy"
"18103940024008216";"1780397111";"Siap Bunda";"1239253529";"findasajaa"
"18361414258239255";"1780397124";"Udah gitu aja? 😂";"2043879115";"agungsetiadiputra"
"18103464773059421";"1780397143";"Romatis bener perjalan bulan madu nya ngabisi uang 1 T😂😂😂😂";"75303860791";"robin79795"
"18597912913052733";"1780397144";"@estiyunho_ pokoknya adaaa";"214751147";"yoga_rezza"
"18138741877543940";"1780397157";"Suru dia & sugiono debat diplomasi sama pak dino kalo berani";"214021359";"maghabo"
"18104723389984118";"1780397165";"@ardianryz_ alat berdirinya aja kagak tegak dan tegap.. Mana kagak ada leher lagi (ketutupan kerja) 😅";"3657449809";"marisemangat"
"18111919966698165";"1780397167";"Anti kritik ya?";"3981149537";"alamsyah_novan"
"18584895961047768";"1780397186";"aku tidak begitu suka orang ini😑";"699589523";"auuul__"
"18067026272392204";"1780395282";"Laporan hasil kunjungannya dong ses, dishare ke publik";"1957327355";"_masoland"
"18103095011473359";"1780395290";"Iyaa sih respon, tp ga perlu ada unsur “nyinyir” nya jg lah";"657547354";"taufiksyarief"
"17964728555932931";"1780395301";"@iamwk11 🤣";"7120971491";"ferlogreat92"
"17881326483597432";"1780395314";"@iamwk11 hahahaha,, cantik bgt";"1957327355";"_masoland"
"17978301146860460";"1780395330";"Kurban pake APBN aja di aku kurban nya die, apa iyaa mau bayar pake uang pribadi??? CELEWNG!!!😂";"48294471";"temulawakpahit"
"17858826645644076";"1780395345";"@teddy_hq ihh gemes dehh liat buna 😍";"7168692439";"rennaldi18"
"18119709895708460";"1780395382";"Tidak fantasst 😒";"210058942";"litaayu"
"17887423905559538";"1780395390";"Mau brp pun itu ttp duid";"31520181";"haimahh_"
"17918265174374117";"1780395403";"😮";"1004248162";"copunosa"
"18070244840338562";"1780395421";"Cc @dpr_ri  silahhkannn diperiksaaa ,tunjukkan pesonammuuu";"50756228717";"pleiades27_"
"18217081042324384";"1780395433";"";"217217974";"danunadr"
"18047497667554685";"1780395435";"Untuk qurban aja pakai apbn, bener kah?";"1212719130";"agus_mulia12"
"17910533619225779";"1780395441";"😭😭😭";"1611092064";"fidel.pop"
"18009502064883668";"1780395452";"Boti lagi ngebela sugar daddy";"11906332625";"ika_miranti_"
"17904662694265894";"1780395469";"New Media..";"4188190943";"fikrihilmanokeh"
"17932529181318145";"1780395540";"Hasil nyata yg didapat oleh rakyat apa?";"1932736994";"putra_nueve"
"18069225977352594";"1780395558";"Tahu apa itu si Tedy, parah banget pemerintah skrg anti kritik ni nampaknya";"4235747768";"scholipah"
"18082939856153843";"1780395559";"Jaman pak dino 120 org perjadin, kalo pak prabowo 60 orang tapi harga tiket naik banget , jadi juga kalahin harga 120 orang masa pak dino begitu mas ted ujung2 nyahhh";"459016076";"dessyobstet"
"18116427118749124";"1780395562";"Si tiwi ini berisik bgd ya";"31935538";"halodindaa"
"18048776912534632";"1780395564";"Seskabnya aja anti kritik 🙌🙌🙌";"244620953";"cmietamagotchi"
"17889962250540745";"1780395634";"Ditanggung prabowo tapi pakai apbn yaaa sama aja 😂";"60637423868";"afika_noorafrizal"
"18084903185123523";"1780395739";"Paling kek Sapi Qurban, duit negara tp di klaim pribadi.😂🤣😂🤣😂";"1459811474";"halusinasik"
"18095845520233648";"1780395774";"@ardianryz_ hahha bagke gokilll";"1563579688";"chandrasutedja84"
"18091602062351289";"1780395820";"😢";"568369245";"ggustiands"
"18197684368364922";"1780395836";"Beli sapi kurban aja pakai uang rakyat";"1382400850";"rin_ferina"
"17953337696980888";"1780395846";"iya percaya bund";"3601880300";"allafine08"
"18076589177276683";"1780395869";"Atur aja cantiiikkk";"309913357";"hnfhalya"
"18087661955075262";"1780395912";"@iamwk11 🤣🤣🤣🤣🤣 aduuhh lucu bgt lagi";"1260045059";"destandyou"
"18097930415594132";"1780395912";"Tips biar rapet bun.";"1593211447";"serigalajalang"
"18102674927085167";"1780395963";"Bocah kemaren sore, bokis mulu";"30424932";"andisuf"
"18053516141765165";"1780395964";"Sedih banget sama rezim ini😢";"38267719";"yuneque"
"18055437377757402";"1780395971";"😂";"73615771658";"alysssavx"
"18066326051429436";"1780395975";"@ardianryz_ 😂😂😂🤣🤣🤣";"30424932";"andisuf"
"18096284494935804";"1780395977";"@iamwk11 😂😂";"661434803";"dyantikazhafira"
"18085969340378247";"1780395978";"@ardianryz_ 🤣🤣🤣";"5581628606";"ankiagisti"
"18119739865707093";"1780395992";"Ko ga ada yang demo ya?";"2125823345";"aldierizky23"
"18379438408201528";"1780395993";"Terus klo qurban kenapa pake apbn negara. Klo si gemoy banyak duit";"1538554754";"baehyori_v"
"18065600243404879";"1780396012";"Seperti kurang diplomatis aja gt";"491744807";"anggadeewan_mc"
"18101863016038510";"1780396033";"Kebohongan apa lagi ini,, buna liat IHSG tadi pagi gak, dolar udah tembus 18.000.";"1257596486";"arienomarta_"
"18086814767081587";"1780396037";"Iya buna...🤣";"5689342374";"zahratunnisa.arfan"
"18101021005841356";"1780396048";"Seuskab 💅";"5581628606";"ankiagisti"
"17967862764113675";"1780396075";"Lgsg di belain cieee buna";"47211972";"oppywidy"
"18066033767704134";"1780396114";"🤮🤮";"373464595";"tah_titah"
"17883470808577612";"1780396139";"kasian yaa sama pemerintah sekarang
pake dana pribadi diluar keperluan negara kena hujat
giliran pake uang negara kena nyinyir 😂";"388977241";"elzarpratama48"
"18131011894573193";"1780396242";"Rudet hih";"45114576";"ferapebr"
"18095923955517631";"1780396261";"mBg yang jadi masalah sudah cukup lama, kok gak cepat klarifikasi yak 🤨";"33693577624";"sibukanbuzzer"
"18087515720072688";"1780396266";"Mending jadi traveler content creator aja daripada jadi presiden klo gitu 🤣🫣";"180517675";"erickjiwono"
"18103069757048074";"1780396270";"Sumpelin MBG boleh ga si?";"213483674";"fanysoh"
"18092640848256766";"1780396284";"@teddy_hq CANGKEM ASUU";"3455166850";"ringopraditiya"
"18007754147912336";"1780396305";"Di PT aja kalau kita pakai uang pribadi dipermasalahkan, ini negara loh 🫣🫣";"3782423226";"susantialie"
"18168496873427030";"1780394362";"Buna sayang papa uwo😍";"3231799273";"mrustand25"
"18094854869244354";"1780394390";"@tyascuppyy anjay bunaaa 😂😂😂";"2180489200";"sundari_pramita"
"18354918904209181";"1780394415";"banyak betul bacotnya eh org” pas prabowo presidennya";"1514127892";"_hazelnuttt7298"
"18095463965588731";"1780394433";"iyaa cantik, atur seindah mungkin deh";"175742785";"agusbayuputraa"
"18452397244118470";"1780394458";"Cukup² sudah, kembalilah ke kesatuan anda supaya kembali ke jalur yang benar";"5445555868";"iskandar_buyung"
"18131697580596130";"1780394462";"@tedsky_89 akun khusus serang tedy";"570869381";"fendykps"
"18130222438593316";"1780394464";"CAPER BANGETT WOYYY🤪";"655816114";"naritahelna"
"18111191809917848";"1780394467";"Iyaaaaa .. atur aja🤣";"9462817044";"rand1raba"
"18066364106396057";"1780394473";"Atur ajak dah semaulu 😂";"1536389736";"yudi_yudot"
"18127469407622108";"1780394492";"Dia masih berpikir masyarakat Indonesia goblok, hhhhhhh……..";"173542087";"purasuyo"
"18087388802623419";"1780394530";"tambah blunder";"145616423";"afifazzahrah"
"17891974434512041";"1780394554";"mimik mukanya bener2 ga ngenakin";"911259674";"fajarnoeg"
"17974386426028876";"1780394554";"Kok cara bilang "walau hanya diberi kesempatan sekitar 3 bulan" kayak ngenyek ya 🥴";"1906664154";"khairunissaputri"
"18105474676966544";"1780394573";"duit negara abis buat ngebiayain bunted honeymoon 😮";"895565917";"verlinruslyy"
"17949518921998708";"1780394582";"Ini mah udah out of line yaa...";"4256051156";"raeraw.jpg"
"18102477722321244";"1780394643";"Suaranya gagah dikit dong pak 😂😂";"2221703403";"yousevchenko"
"17882940228427106";"1780394652";"Kalau gak salah lho ya,seorang pejabat negara jika bekerja dengan mengatasnamakan negara tetapi memakai biaya sendiri itu aturannya gak boleh ya?ini setau saya lho ya";"5654194200";"rammmacute"
"18124499434728274";"1780394686";"Qurban aja pakai APBN lah kan😮";"270470141";"sakajogja"
"18103749821055274";"1780394697";"Sukak sukak kau lah bund😂🤦‍♀️";"47144502691";"bakoelomi"
"18052006691592789";"1780394706";"anti kritik bgt sih ted";"8770760167";"yaha999i"
"18593183335040885";"1780394708";"Suaranya merdu ya";"2221703403";"yousevchenko"
"18063051629516076";"1780394713";"@estiyunho_ qurban aja apbn😂";"270470141";"sakajogja"
"18118958704670718";"1780394722";""Segala kelebihan biaya" ya....";"5874339758";"rnaithaa"
"17921929836142381";"1780394738";"Logikanya, kalo setiap kunker ke LN diagendakan dengan cermat, masa sih Itali, Austria dan Hongaria nolak rombengan eh rombongan mereka?";"2321138236";"gunawanyuke"
"18087975149577958";"1780394756";"Alahh mana invoice nya kalau pakai duit pribadi 🤣. Dustaaa";"59662300885";"andra_dwiputra69"
"18105808522770334";"1780394767";"3 bulan pake bold lagi...ampe segitu panas yaa atikah 😢";"1056021820";"kiky_ibrahim"
"18324624421248931";"1780394794";"😂😂😂😂😂";"1537128835";"rakian.jr"
"18093788621218788";"1780394852";"@iamwk11 wkwkwkwk kalo uda ada muka saudara ini di brita. Yg ku tengok comment dulu. Dan comment gini yang MUANTAPPPP.. 😂🤣🤣";"50960153574";"hadokeeennn"
"17884111023416032";"1780394858";"Beli sapi kurban aja pake uang negara kok";"5807811146";"sendwahyu"
"18134225089562487";"1780394858";"@iamwk11 hahhahaha";"286099615";"nunu_zakira"
"18086193692098418";"1780394884";"Kalo beliau pake uang pribadi nya, keuntungan pribadi bagi beliau apa bang? Soalnya mungkin iya kita ini kadang dermawan, tapi kan beliau pernah ngomong kalo usahanya mandek selama gak berkuasa?";"55586289541";"jry7_8"
"18106096948877434";"1780394892";"Iya, percaya kok bund.
Emang ibu negara kan harus backup terus kebutuhan kepala negaranya.";"1956736852";"prihatmokoyudho"
"18110736146487402";"1780394909";"Transparansinya kemana Ses";"6054319538";"masgunnajaa"
"17919178173162249";"1780394970";"Kayaknya ngga mungkin sich🤣";"1937175794";"giri_pratomo"
"18092844494221296";"1780394978";"kamu meremehkan kepiawaian komunikasi seskab teddy? 😡😡@midinmid";"1565211212";"alpial15"
"17912052417403329";"1780394988";"😂😂😂 bulan madu atau gimana ? Dia klarifikasi rumah tangga nya ?";"62406169209";"raisanani99"
"18103813493078582";"1780395006";"WNI diamankan israel di laut bebas?? Hell(o). Bahasanya masih belain zionis";"1221065213";"__rtanjung__"
"18082469744180536";"1780395018";"HAHAHAHHAHAHHAHA keselek!";"5358692508";"fajrinmeilia"
"17875286109671116";"1780395032";"Walaupun 3 bulan....sarkes";"4092580044";"abdulmunir_ite"
"18095540131944534";"1780395040";"NGALAH2IN TUGAS ISTRI👏🔥";"1627611764";"bellatrixcassio"
"18043278620590650";"1780395074";"tetep pake apbn intinya. tiboti";"476880590";"arsensionism"
"18012781667907496";"1780395128";"Prett di tanggung...kurban aja ternyata pake APBN";"45612781656";"ian_j.fadhilah"
"18061576223708820";"1780395133";"lagian siapa yg nyuruh boti ngomong, rakyat aneh juga sih, udah tau makin dibiarin mereka makin liar disini rakyatnya malah menikmati😢";"2229083016";"nikotaufiq6"
"18162783454446570";"1780395183";"@iamwk11 ngakak 🤣🤣🤣🤣";"1404561287";"timotheus_fredi"
"17979394011033579";"1780395205";"Makin aneh kalo pake uang pribadi🤣";"61713672950";"jimijimijimi1234"
"18100439267025239";"1780395228";"Sok cantik";"664950235";"ayusoniap"
"18415418092133782";"1780395250";"@ardianryz_ masih kenceng bautnya 😂";"1957327355";"_masoland"
"18130680703607108";"1780395269";"Urusan dapur pake uang kami berdua";"46242048276";"qiiiiiiiiiiiiiiiiyyy"
"18135272761491257";"1780393313";"Ngerasa jadi Presiden, merasa apa aja semaunya😢";"511454610";"yuniarhms"
"17929847526321165";"1780393354";"berak";"767360863";"purtisrg"
"17884812255570392";"1780393360";"gumeulis";"244664869";"dewinurazizahsy"
"18584164555006645";"1780393395";"Atur dahh, negara punya lu doang";"1475823678";"restywahidah"
"17876814936669622";"1780393403";"Laah makin salah gak sih kalo pakai dana pribadi.";"32908212";"restuindah"
"17931540756294191";"1780393416";"Yang belain pemerintah kita doain anaknya jadi boty 😍";"69728714697";"reqreatepro"
"18109384891818814";"1780393419";"@ayiz_makeup_studio 😍😍😍";"1419427120";"bettypurna"
"17915146041384382";"1780393451";"@ochacesar 🙌";"1316057771";"wiinnstnti_"
"18340484680219823";"1780393456";"Kurban aj pake apbn";"1983604397";"wendra_wenks"
"17957960009962307";"1780393465";"Qurban aja pakai APBN kok, keluar negeri pakai uang sendiri prettt... Pokoknya ada😂😂😂";"2155015102";"raymanhalawa"
"18098323142041421";"1780393486";"";"1209413216";"slvr_resistance"
"18100953593116932";"1780393508";"@iamwk11 😂😂😂😂😂😂";"582769339";"imbaehaqqi"
"17978680530036039";"1780393535";"Buntet buntet";"31220221";"junethtea"
"18007593275865656";"1780393549";"Sumpah ngomongnya kaya tengil bgt gitu loh kaya gaada takut2nya gitu loh akh";"33937253";"nabilavesa"
"17993780777968430";"1780393555";"Mas bro, sampea berangkatnya pake pesawat RI 1 atau pake pesawat reguler ya, koq bisa bisanya bilang pake uang pribadi 🤣🤣";"504651497";"benzkrib"
"18095743289211599";"1780393565";"Kenapa subtittle “3 bulan” dibold dan dibesarkan?";"1836044688";"sobat.kuliner.ig"
"18317290183273526";"1780393578";"Panjang lebar. Intinya ga terima masukan dan kekanakan. Opini saya 😔";"327943148";"anangabdillah"
"18156403978461141";"1780393620";"Itu biaya hotel per malam di Paris yang 275 juta ada berapa kamar hayoo, gak pake APBN katanya pakai duit pribadi, lah berarti bukan perjalanan DINAS dong?? Trus ngapain pada bawa pegawai pemerintahan?? Nahh kalo saya diginiin nangis pasti mending ga usah ngadain perjalanan negara lagi MISKIN ‼️‼️‼️";"3557071372";"yulianiayrika_dr"
"17979975135040790";"1780393667";"percayakah kalian?? sapi kurban aja pake APBN 😂";"2223910542";"yosuammm"
"17970223938060205";"1780393780";"Ingetin org2 tua kalo dia nyalon jgn dicoblos gaes";"6681274555";"tatidimas.17"
"18106365517960768";"1780393798";"@oggie.eltoruan kakk😂😂😂";"46598427";"alwinamp"
"18165723772438659";"1780393810";"Zaman pria solo bobrok tapi ga nyangka aja zaman Wowo sangat jauh lebih bobrok 😢";"61011986675";"abdulsz2"
"18339411637217489";"1780393811";"50 org skrng yg ikut kunjungan. Tapikan sering. Lah sama aja atau mungkin lebih banyak biayanya. Btw yg pk uang pribadi emang ada transparansi data nya ?";"400752587";"luftyboy"
"18378686119160428";"1780393816";"Qurban aja pake apbn";"1364280453";"lenaanw"
"18100911392118832";"1780393870";"REDFLAG ITU TERJADI SECARA ALAMI & SPONTAN.";"1943876340";"agus_triyono_kbm"
"17874436815670722";"1780393872";"Kl melanggar UU bole dilaporin dong? Yuk siapa yg mau lapor? 😆😆😆";"9163657378";"drokta_spog"
"18092252261195537";"1780393881";"Nyinyinyinnyi recet bgt";"366152286";"gabriellaocv"
"17892405372475433";"1780393890";"😢";"73618595543";"yazelina_"
"18018480275684762";"1780393934";"@estiyunho_ ya begitulah, harap maklum 😂😂😂";"420452254";"hariemahendra"
"18079318916199662";"1780393958";"Ditanggung pribadi tp ujung2nya minta rembus😂😂...";"400832342";"beryleka"
"17962786563102347";"1780393969";"hanya ambeyen yg bisa memisahkan😂";"18053825245";"muzayyij_"
"17878800210456555";"1780393974";"Baru 1,5 tahun sudah hampir 50 kunjungan wkwkwk aji mumpung kurang gawean 🤣";"2234307461";"arya_putrajogja"
"18591143725021161";"1780393984";"@drokta_spog percuma dok, gak bakal ditanggepin nanti malah di siram Air zamzam😇";"1537495148";"eza_hrsmann"
"18380194681165424";"1780394045";"Sis tedy lagi klarifikasi 👏";"3273249835";"indrawhan_"
"17956470498005124";"1780394073";"YA NGGAK BOLEH DOOONGGGG KEPENTINGAN NEGARA KOK PAKE UANG PRIBADI🤣🤣🤣";"576912116";"febrianifj"
"18424674217131504";"1780394155";"Jobdesknya apa aja sih, kaya admin aja semua bisa";"269280348";"inggietw"
"18205558207355713";"1780394170";"Pokonya ada ya bun……atur2 lah biasa nya ibu rumah tangga emank plg paham sm pengeluaran rmhtangga🤣";"67103075090";"ecytecyt29"
"18087905348376196";"1780394186";"Ttttapi....
Ah sudahlah, atur seplenger mungkin 🫠🫠🫠";"465011028";"ernadwina"
"18104818582817415";"1780394216";"Adegan beliau ini dijorokin ke jurang di episode berapa sih? Bisa langsung aja ngga? ngga sabar nih";"40620112";"ochajullien"
"17981941946846927";"1780394220";"ngomongin HI sama org yg puluhan tahun dstuh 🤣 lol 🗿";"1693867370";"dhyofebryan04"
"18104641006980624";"1780394258";"Beli sapi aja pake apbd😑";"515748715";"cicinpalupi"
"17964537480109030";"1780394265";"Si Dino sih......pas di jawab Junior dgn kebenaran langsung jadi malu kan..";"570869381";"fendykps"
"18048725219543501";"1780394269";"Buna coba filler bibir  pipi aga ditaik supya ga keliatan ada lipetan siapa tau bapak makin lengket";"1448124359";"deckagung"
"17928076053341849";"1780394298";"Qurban sapi aja kita yang nanggung ses 😂 konsepnya dari kita untuk kita (?)";"418053999";"tessasssa"
"18000254477949536";"1780394337";"3 bulan harus ya d bikin tebal nulisnya???";"1449175796";"reena_owdhe"
"18120300064741354";"1780394349";"kamu di mention sama Amien Rais kok diam aja buna ??? 😂😂";"54393875548";"ronismynam3"
"18099463952160904";"1780394351";"APAA COBA BANGGG.... sat? pen tau emg apa yg udh di capai??";"674956860";"annisabeningl"
"18202292953357780";"1780394352";"Ajarin jadi laki laki sejati pliss😂";"1265757704";"heeeey.jeff"
"18319044868257910";"1780392185";"Omong opo😂";"26649726808";"iamiqbalfais"
"18125322295623905";"1780392196";"Percaya ditanggung prabowo? Aku sih nggak 😂";"192178882";"olinella12"
"17895777861328513";"1780392214";"Menstruasi : Mentri segala urusan dan situasi";"4246168617";"abay_wijaya23"
"18106693294875502";"1780392240";"Kritik Amien Rais kok ga lu tanggapi ted ? @teddy_hq";"26064207281";"bangtopg"
"17941733475228479";"1780392242";"Segini kualitasnya seskab ya? Yg katanya dari kumpulan orang hebat🤣";"1698764902";"naufalrgn"
"17972232999060020";"1780392276";"@budi.halimmm Mas budi kalo laper mah makan , jangan ngebuzzer keliatan bego nya 🗿";"3119865979";"kfbika_"
"18078774350556834";"1780392294";"First Lady of konoha";"33920473058";"jadid_albidaya"
"18127705027613548";"1780392311";"@ardianryz_ eh iya lho... Sepemikiran.  Kadang sampe was was, jangan terlalu marah, Ses Ted, nanti suaranya berubah... #maafkan";"1487743080";"vikawisnu"
"18219730297320955";"1780392317";"Kapan sih season terakhir dracin ini, udah gak sabar 🤗";"869348704";"ryanchenata"
"18442747738140991";"1780392345";"Panen hubungan opo ngomong ae ora entos 😂";"1751978717";"galeri_angkringan"
"18104986744800632";"1780392388";"yang harusnya pakai uang pribadi malah pakai APBN (baca: kurban), yang harusnya pakai APBN malah pakai uang pribadi. emang begitulah junjungan 58%😍";"795110554";"s_h2o_na"
"17959004745125187";"1780392418";"Hah? Kok… kocak… ah sudahlah… 🫠 goodluck deh, panjang umur demokrasi.";"14272663";"tanniawu"
"18053196239769263";"1780392432";"Ngapain setannyahuu ke sorott???";"2022703498";"ilham12_"
"17946704766190406";"1780392447";"@iamwk11 🤣 @andr4archive_";"74528949019";"champagnemamiiiiw_"
"18079087517644371";"1780392456";"Ayolah terbuka dengan masukan, mau sampai kapan defense teruss 😢";"243179309";"puspusyas"
"17889404211545707";"1780392478";"@iamwk11 akakakakaksk";"1251175042";"i.raisss_"
"18112103197889581";"1780392523";"@estiyunho_ NAH INI!!!!";"567105693";"ratriangrh_12"
"18105981253951288";"1780392633";"@kfbika_ bersuara dikit dblg buzzer giliran kritik hina presiden dblg cerdas pantes negara gbs maju😂";"2293777039";"budi.halimmm"
"17995894010969819";"1780392660";"Tapi kenapa dollar naik terus";"358826375";"hijaustabiloo"
"17878448724665433";"1780392663";"@kfbika_ kalau yg pilih anies pdlhn ud gagal dr dp 0% dan pohon bambu itu buzer jg ga";"2293777039";"budi.halimmm"
"18096865670231873";"1780392665";"Eaa pake uang pribadi, tpi qurban pake apbn yg di samakan baitul mall. Hemm";"4512569492";"amarhanafi_"
"17927874531313807";"1780392671";"@sifafitriia artinya lo stress idiot, kalo emang dia bener gimana ? Mikir ga sampe sana ? Sirik terus orang miskin";"980871801";"blackshaaaaaark___"
"18067983077372057";"1780392688";"Saya pikir..... Meskipun hanya....";"2109337513";"8_chandramuda"
"17868389001548100";"1780392690";"Kenapa nggak mendatangkan Presiden luar negeri utk ke Indonesia saja? Untuk menghemat biaya. Bisa ga buat mereka yg datang ke kita bukan kita yg selalu kesana";"1650583789";"alfiyah09"
"17873800359611438";"1780392705";"@kobodohan sejak kapan profile kosong itu buzzer? ternyataanti demokrasi ya bersuara harus ad pp , bersuara dikit dblg buzzer ? kl bela anies pdlhn dp 0% gagal total pendukungnya pd rasisme ke ahok itu buzzer bkn";"2293777039";"budi.halimmm"
"18083723813396592";"1780392760";"Yeeeee... Gundik..";"7072515501";"ny_han15"
"18178663837401024";"1780392775";"Tiap hari buka ig beritanya bikin pusing😢";"7573125754";"galerizhifa"
"18100827206037943";"1780392798";"Pengen banget jadi Harmoko.. ga bakal nyampe.. 😂";"339514635";"edstevenr"
"18115006981840124";"1780392803";"cieee kesenggol wkwkwk";"6055735857";"oddhaness"
"18125514148619630";"1780392872";"Dia siapa sih muncul terus,😮";"32263328";"oohmarfuah"
"17942469594213023";"1780392911";""Ada lahh pokoknya"";"1605557582";"alienasie"
"18594744217051137";"1780392979";"Tiwiii tiwiiii";"77020735325";"obiwhynot"
"18028165316644468";"1780392988";"@alienasie 👀";"1930143522";"ekibryanl_"
"17902676376459733";"1780392996";"udah apa jgn terlalu di ini iniin bgt dul";"52986773143";"futura.vox"
"17905904820425821";"1780393000";"Wakil presiden kita sudah di gantikan ya 😂";"2160336341";"apriokk"
"18054787895738944";"1780393055";"Jubir presiden kemana? Kok yang klarifikasi ibu negara mulu";"5776942141";"idibrahisa"
"18103265369321058";"1780393063";"Buat kurban aja dia pake duit negara, emang kita percaya dia pakai duit pribadi buat kunjungan kerja/kenegaraan?";"40039296";"hpsemiartedy"
"17944193559198463";"1780393067";"Beli sapi pke APBN, ke LN pke uang pribadi.. Pinter bgt👏";"1959412050";"safitriyashinta"
"17877549840468855";"1780393095";"Kerjanya Menlu apa?";"980205515";"endru125"
"18110606317904122";"1780393156";"Dia siapa? 🤔";"334254899";"denkurniawan"
"18118830439689690";"1780393158";"Bunaaa 🫶🏻🫶🏻🫶🏻";"191200529";"ryaaanf"
"18090068471604759";"1780393186";"Semangat Pak Prabowo 🔥👏";"1824736034";"qrfwnk9"
"18459233287129826";"1780393208";"Atur aja bunn 🔥🔥";"3542227348";"zan_gelaktawa"
"18102120548020429";"1780393219";"dasar bool ambeien🔥🔥";"40715263969";"sandd.wichhh"
"18103830790928328";"1780393243";"@iamwk11 wkwkw";"1827535856";"yusu_f0909"
"17889330828540618";"1780393252";"🤍";"1334519565";"brigitadanielle"
"18114838879855874";"1780393262";"";"1627232133";"jefryasdak"
"18113420834503972";"1780393263";"Percaya sm tedy bear bodoh.. Perjalanan dinas pake uang pribadi 😂😂 kocak loe, pesawat aja naik pesawat milik negara, hewan kurban pake uang rakyat, kebalik kamu.. Presiden wapres rezim bodoh, rakyat kok di bodohi, dah gencarin aja berita ke masyarakat yg bodoh, kami tdk bodoh, kami tau tdk pilih prabowo sm gibran, yg bodoh itu yg milih prabowo dan gibran";"54861395584";"lontongatjeh"
"18053424596775257";"1780393273";"";"1662752961";"fikri_jwahid"
"18088476587523788";"1780391303";"Lah PAKE DUIT PRIBADI AJA TERUS.... JGN PAKE DUIT NEGARA KLO PUNYA DUIT BNYK MAH😂";"4699406248";"riskybuspariwisata"
"18010964948911638";"1780391357";"@ardianryz_ 😂😂";"330930380";"triapociel"
"17916496155394955";"1780391377";"Hbs itu pake pajak 22% 😂";"1128898934";"itha_paramitha"
"17866302894562930";"1780391402";"Iye udah iyee serah lu dahh";"1501067108";"donnikusuma"
"18092875270992416";"1780391417";"Kek  AI gaes";"3662159223";"ruditaryudi"
"18095151671588230";"1780391423";"Bubar bubar.. kau.unfaedah.!!";"8233111457";"pribumi_asli_indonesia"
"18112493671886320";"1780391424";"@iamwk11 pernah ketemu dia di club ga, Bang?";"1946225017";"chicha_renden"
"18084697847437746";"1780391436";"@iamwk11 iih ini jadi perrmpuan selalu benar akhirnya tumbang juga";"3976061992";"i.m.claraa"
"17891232429541187";"1780391469";"Keliatan Mana yg Berkelas sm Kebawa EMOSI😂😂 Tapi cukup TERKESIMA juga sm Animasi Kontennya, Animasinya nilainya 100, isi Kontennya sih "......" (Isi sendiri yah) 🤷‍♂️🤷‍♂️";"3701781898";"santoboydo"
"18053524820516999";"1780391474";"Masa";"239329380";"bengawanaditya_"
"18096848203924447";"1780391477";"wkwkw";"444659392";"khabirdewantara"
"18091375874340294";"1780391546";"Teddy ga cocok pake kemeja berkerah 🙏🤣🥹";"335909834";"imr_rosyadi"
"18086811644084602";"1780391571";"@hutrisaysukau dia lagi ngebite back pake satir";"1919480972";"retno_sari_ayuningtyas"
"18088276865074348";"1780391578";"@milanbacel sapi itu bukan kurban , coba baca lagi lebih teliti , bantuan kemasyarakatan idul adha , gak pernah ada bahasa kurban di situ bosss";"2185517044";"ramajuliansyah69"
"18117133153697259";"1780391579";"Aww, pokoknya adaaahhh...";"1593200207";"tiyokprabowo"
"18183784141388368";"1780391582";"Hmm...capek";"4015782793";"buletati"
"18117570184749708";"1780391615";"“Biaya Presiden sendiri” satu kalimat ini membuktikan bahwa tata kelola tidak berjalan sebagaimana mestinya 🔥🙌
Semakin banyak dikasih ngomong, akan semakin terbuka bobroknya negri ini!";"552787354";"bungasitumorang"
"17928356583323612";"1780391623";"Boti terkesan gk terima kritik dan nyerang personal";"1724383817";"_mochlufy.s"
"18092766578195460";"1780391636";"Wkwk malah blunder. Klo klean jadi pimpinan tiap dinas luar harus nombok pake uang pribadi artinya apa? Iyak betul, boros dan g bisa ngatur prioritas";"1762854953";"salsabilasasmi"
"18076719191271292";"1780391641";"@iamwk11 😂😂😂😂😂";"41982079";"ladygrivina"
"18104062069973518";"1780391655";"Samawa yahh";"41982079";"ladygrivina"
"17979047238044308";"1780391668";"Boti cepak";"378224767";"jwndsdzkr"
"18081657404533842";"1780391676";"@iamwk11 😂😂😂";"637147377";"khoeriyahmuiz"
"18596474083019263";"1780391696";"Ssssstttt berisik!!!";"1334169754";"aml.ramelia"
"18164980108432850";"1780391697";"Asn itu kalo ke luar negri harus lapor atasan walaupun pake uang pribadi. Trus kalo lo jalan2 terus, atasan lu rakyat. Emang boleh lu digaji rakyat trus lu keliling dunia ngalahin Taylor swift world tour? Pake duit pribadi juga lu digaji buat kerja bukan jalan2. Kalo mau menikmati hari tua jalan2 keliling dunia bersama pasangan, jangan jadi presiden, ini rupiah melemah terus ga ada yg peduli apa. Jadi aja kayak bokap nyokap gw, umur 70 th an ga usah jd presiden, bisa jalan2 terus kemana aja ga usah dijelasin di medsos";"3976061992";"i.m.claraa"
"18137865592480019";"1780391717";"Negara anti kritik";"613479386";"eko_mulyodarmono"
"18591242203000669";"1780391720";"bahas apa malah kemana mana dibahas,, seakan semua itu ada di era kerja prabowo😂";"351066737";"yenni_timueng"
"18112251503506670";"1780391783";"sok cantik banget sihh";"5445819509";"iwandasilva099"
"18113275195867995";"1780391817";"Angel kandanane 😢";"331555708";"ibelpras"
"18113208706885468";"1780391838";"Kukira pas baca judul, respon dari pak Dino buat jawaban dr seskab 🙃";"1427169891";"aniseptianimuchtar"
"18123321043566557";"1780391843";"@novitasari.dew Iyah ih 😂🤣";"2213086918";"atikaharsyad"
"18084173081564879";"1780391858";"@sifafitriia dusta yah ses ted";"5875273375";"safarazmom"
"18118405198741016";"1780391862";"@widiashufi sabar jeung. Ini kan lagi konpers dulu. 💅";"36341488599";"mulia.lim_"
"17938559049248150";"1780391870";"Gimana perasaan mbk2 yang pura2 pingsan waktu ini. Pasti geli banget kan di gendong tiwi";"289373890";"marta_anggita"
"18083408660533546";"1780391884";"Emg boleh sebebas itu 😅😅";"1219147495";"asdichan"
"18096126086225789";"1780391895";"atur aja bot";"2098203029";"mrakayudha"
"17939025447054979";"1780391912";"Cubitt nuh 🤏🏻";"843673167";"whhakim"
"18325553902255632";"1780391925";"Cubit nih 🤏🏻";"843673167";"whhakim"
"17878737339663773";"1780391936";"@tri_saksila 😂";"1439125619";"ikhlasyanuar"
"18105437440953566";"1780391937";"Bela trus bininya.";"2327629340";"genius_sitanggang"
"18409494784149405";"1780391968";"@estiyunho_ kalo liat ada komen si budi Halim skip aja mantemen. Buzzer itu kalo gak belain pemerintah ya nyalahin Anies, Udah fix buzzer ya. Kelakuan gak sesuai nama, eh akun bodong pasti bukan orang asli ye";"547248600";"diokhalid"
"18532812346073495";"1780392000";"Buktikan secara transparan lah. Be jantan";"1812267330";"ries.ol"
"18062661902469347";"1780392022";"Biasanya makin di jelasin artinya apaaaaaa …….. 😂";"437208361";"devichnn"
"18040431521598026";"1780392024";"boong";"175694454";"mpazzhole"
"18085209041623230";"1780392025";"@dhonikaaaa jd pertanyaan nah kan";"1032294572";"khalisa.amila"
"18129393832591877";"1780392059";"Sek taa, rombongan berkurang >50% tapi presiden nombok biaya kunjungan (???) yg ngerti tolong jelasin 🙏🏻";"1962878590";"laily.hanifa"
"18097749767143048";"1780392092";"iya buna iya";"5386852264";"kingamarr_"
"18141984244518410";"1780392134";"GK elok kalau pake biaya sendiri,, justru keluar dari perencanaan dalam administrasi negara";"1933919810";"asepnurjaman99"
"18033259292805998";"1780392146";"Seus tedy lancar banget speakingnya deh";"595010368";"adipdop"
"18089610839530074";"1780392162";"Bun, yaolooo.. coba dicermati lagi apa kata Pak Dino. Pemborosan anggaran negara. Bukan masalah biaya pribadi. Mau ngeluarin 1T buat halan2 dari kocek pribadi mah silakan yak.. 
Tapi masa iya presiden kunjungan negara trus gak ada penyambutan, warga diaspora di luar gak repot presidennya mau dateng, itu gak mungkin, Fergusooo.. 
Jangankan keluar negeri, ke daerah aja kita ribet juga sebagai warga wkwkwk";"398739012";"bumiy21"
"18396305482084830";"1780390240";"Rupamu caaaak ….MBLENEKK";"490249630";"windyastyani"
"18123175216649199";"1780390280";"cott";"33992211574";"sl.sxaa"
"18153535582485577";"1780390307";"@dewo_diq makanya pinter dan sekolah tinggi mas. Biar ga berpikir bahwa ini dadakan";"35780096477";"estiyunho_"
"18113932121495226";"1780390326";"Pada Pilpres 2019 dan 2024, Prabowo Subianto mengakui menguasai sekitar 340.000 hektare lahan (220.000 ha di Kalimantan Timur dan 120.000 ha di Aceh) dengan status HGU, dan menyatakan siap menyerahkannya jika negara memerlukan. 
* Prabowo juga pernah menyebut angka 500.000 hektare tanah yang siap dikembalikan kepada negara dalam konteks pernyataannya pada debat Pilpres 2019.";"678678132";"akhmad_syam"
"18102241715118307";"1780390370";"Capek kali tiap ada kritik defensif muluuu";"8790071208";"calleessttee"
"17999475719955068";"1780390473";"Harus panen hubungan yg baik dgn pemimpin dunia, JD saat ada krisis BS minta bantuan, heyyy... Baru aja pulau sumatera dapat musibah, dari sumatera barat, Sumatera Utara serta Aceh. Gag diminta juga banyak pemimpin negara lain mau membantu, tapi apa??? Kalian halangi karena gengsi... Benar2 omon omon😂";"1508006176";"rona_hue"
"18104332327960022";"1780390481";"@iamwk11 njir goat 😂";"1341957622";"wira23"
"17934846321257168";"1780390500";"@calleessttee kritik ada buat bahan improvement prettyyy";"8790071208";"calleessttee"
"17986266506825626";"1780390510";"Split bill guys 🤣🤣🤣";"5368951600";"widyaellok"
"17976284676029044";"1780390521";"Auahhh";"8173154687";"anisafirdausyy"
"17991049319995472";"1780390534";"Ngomonf kontolll kau boti anjeeeng";"44738405629";"janjimstw"
"18105556594786481";"1780390561";"😂😂😂😂😂";"5541252574";"ki.bul"
"18095011876964209";"1780390567";"Lebih percaya &  respect kepada  Dino dari pada Teddy";"4036730132";"pashakiki"
"18586322047022285";"1780390567";"Tengil banget tulisan 3 Bulannya di bold, najis banget";"4774513758";"linggareza07"
"17941288707223782";"1780390633";"Ses ini blunder bgt sumpah deh ses..diem deh..";"177309405";"reny_manik"
"17928087462304000";"1780390635";"ibarat pacarnya kena senggol, ya dibelain.";"50844583963";"gaimyis"
"18093146693206129";"1780390684";"pret";"1541347836";"wdnovan"
"18110944789749826";"1780390690";"oke cantik 😘";"2211762023";"say_roc"
"18098173175520043";"1780390703";"Dia lehernya kok kayak babi gitu ya, ngga bisa nengok kanan kiri";"501381763";"sintamorina"
"17969900961074817";"1780390711";"Kurban saja pakai APBN";"1349706705";"ilhamiidzaty"
"17938226859055696";"1780390727";"Mbell ndobos";"5401374977";"yanilestari2017"
"18105544946075828";"1780390730";"Pokok nya adaaaa, gitu kan ses ?";"3281858973";"is_machnunah"
"18599316781031569";"1780390743";"@ardianryz_ 🤣😂🤣";"1510777348";"fz_hakim_"
"17884278087418245";"1780390817";"😂😂😂ted ted,udh bener diam malah ngomong";"4165670076";"tunggak__jati"
"18093230219254080";"1780390817";"Mau percaya tapi y gmn y? Sapi qurban saja pake budget APBN..... 😂😂😂";"299674703";"donnie_adriano"
"17967562959083468";"1780390858";"semakin lawak🥲 ya Bapak, ya Bunda, ya kroco2nya, semuanya lawak! Bnr2 contoh “yg duduk (menjabat) belum/tidak terdidik” ya begini ini🥲";"8320491";"ditapramudji"
"18049366919533813";"1780390862";"Beli hewan qurban aja pake APBN, yang ini duit pribadi? Kok kayak ada yg janggal? Tapi apa ya.";"1370533387";"fitrimasyitoh"
"18389975452091578";"1780390918";"@iamwk11 hahahahhahhah syantikkkk";"715518589";"yogieginanjar"
"18105966619989434";"1780390936";"el klarifikasi";"25761298171";"bogawarandha"
"17860993008638024";"1780390938";"Makin memuakan";"2040617151";"pii_renes"
"18156387274457197";"1780390943";"Pokoknya ada 💅🏻";"61345943277";"raumdeuterr_"
"18006062729875127";"1780390946";"Ya Allah , jangan sering2 dia itu ada di media (apapun) please 🙏🏼 semoga ALLAH menjaga emosi saya dari kemurkaan !";"3512265";"astridrn"
"18000387512941984";"1780390976";"Ya, dibuka saja. Berapa habis pakai uang negara, berapa habis pakai uang pribadi. Gitu aja koq repot.";"4621192988";"kesejahteraan_umum"
"17964592256933728";"1780390998";"Karbitan pejabat lg ngomongin diplomat senior";"4963835838";"mhjup_"
"18084676391417976";"1780391021";"yek kok nyinyir walau 3 Bulan nya di highlight, dikritik membangun malah ga terima";"278387923";"rainavita"
"17947852614176897";"1780391038";"Emg pada gamau terima kritik😢";"963261314";"syaradwiaff"
"18112651817305513";"1780391048";"Wkwkw, 3 bulan perlu d bold gitu kah?";"35294323";"pandukhoe"
"18112999042846222";"1780391068";"Sok cantik, sok imut...";"1514231629";"vidiaz_satriaji"
"18166746805432366";"1780391109";"Uang negara ini diatur dan dikuasai 2 orang saja nampaknya..Seskab dan atasannya";"969164191";"xtinjp"
"18042539579596927";"1780391147";"Pejabat karbit jilat mana paham";"78525947359";"heiki7854"
"18104178506051963";"1780391148";"Semakin diklarifikasi berarti emang dia bohong";"2012522947";"priesda_dmelinda"
"18339725167247836";"1780391187";"kelebihan biaya itu bukan brarti ga pemborosan anggaran. come on, yg di tanya itu knpa lu keluar negeri trs tp ga ada hasil. instead stay in your fckng country and try your best build this shit up. cara lo itu lbh ke ngemis ke negara lain spy invest, tp bisnis dlm negeri trs lu teken.";"2368283172";"rizky.fahrio"
"17919305088161624";"1780391194";"Ancuuurrr ini org…!!! Pajak kita2 -rakyat- itu…cuk!!!";"454477083";"sjaiful_boen"
"17891700036474417";"1780391195";"katanya kalau susah gak ada yang bantu .... ah lu gak diajak briefing pasti nih....gak sinkron sama suaminya";"3275456896";"isaq_abuadzka"
"18111546938494236";"1780391223";"Pak Dino kamu tanggapi tapi pak Amin kok tidak?";"244047352";"berlietaipassa"
"18120777364665133";"1780391229";"";"39993238";"i.one_kyuubi"
"18605756566014877";"1780391233";"@ardianryz_ 😂😂😂😂";"8534413";"ded8727"
"18402239611152258";"1780391243";"@rdwn_motorparts 😂😂😂";"615425027";"dedy_kharisma"
"18141076180525781";"1780391290";"Ditanggung pb dengan dana apbn lg gak nih?";"2216527541";"nov.ryn_fery.h"
"18393354514095475";"1780391299";"@advaitacidut JUBIR ISTANA KEMANA ???!!! Apa gunanya JUBIR ISTANA / JUBIR KEPRESIDENAN ???!!";"8474059007";"achietttarini_"
"18184845856385046";"1780389224";"Oke buna";"69503038110";"niyadahan"
"17949349565996218";"1780389239";"Kata dia "Pokoknya ada lah"😂😂";"1679993379";"trisudarma"
"18082959110158134";"1780389254";"@widiashufi pokokny ada💅🏻";"1787370419";"nonianggrainii"
"18082069781390326";"1780389294";"Pokoknya ada dehhh";"1974004565";"fr.budiman"
"18176314789404036";"1780389299";"Betul itu.. nyatanya sebagai gantinya hutan di buat kebun sawit semua..ehh";"2062924508";"_pamunqkas"
"18316771696302649";"1780389328";"😂😂😂😂😂😂";"74657611437";"ndlsandls"
"18153621280421978";"1780389335";"Ini tuu pemerintah sadar ga sih, dari rakyat yang tamatan SD sampai yang sekeren Pak Dino aja udah komplain kalau pemerintah itu makin kesini makin ga jelas... kalau orang yang waras harusnya berbenah ga sih? Arggghhhhh";"1334448270";"fizulmumtaz"
"18085221974574425";"1780389367";"Pemerintah anti kritik";"1242086992";"ardhileo07"
"18100503797136082";"1780389387";"Kunjungan ke luar negeri pake dana pribadi, tapi qurban pake dana negara?";"3466432318";"aji_ahm"
"18104672260804725";"1780389404";"Kek paling penting bgt ni teddy bear";"4384899792";"putri_antengnew"
"18340110799247056";"1780389405";"Emang kalo kebencian itu udah mendarah daging susah di ilangin, bener gak tuh @triasambari";"31597697";"vianzo"
"18084748838386881";"1780389411";"110 orang untuk 4 negara dan 50-60 orang untuk 1 negara";"1716728206";"theycallme_big69"
"17910878628224251";"1780389455";"Aura mbak2 ribetnya sangat terasaa 👏👏👏";"285402120";"tyanyestenia"
"17907957042240513";"1780389471";"Hmmmmm";"1348417703";"iamz___z"
"17909266221419904";"1780389512";"njijiikkiiii K.E.M.A.Y.U";"182067197";"mridwan107"
"18162239266448991";"1780389516";"capek banget liat berita ya Allah";"1332221741";"chintyadevi_"
"18093331937349662";"1780389523";"Bedha kelas intelektual dengan Pak Dino dalam kapasitas menjawab";"1570036784";"hermansusilo85"
"17898555414307267";"1780389559";"Serba salah anjay 😂😂😂😂😂

Nnti ada yg nyaut klo ga mau disalahin gausah jadi pejabat 🗿";"8594272467";"dewo_diq"
"17863553985651947";"1780389594";"@iamwk11 😂😂😂😂😂";"2163973013";"al_isra98"
"18096137653908743";"1780389636";"😢😢😢😢😢😢😢😢😢";"892699352";"bomsky87"
"18557658532070240";"1780389647";"Kalau um";"1152383095";"boed49_inst"
"17946219969016598";"1780389659";"Pick me bgt";"2282119705";"susuoatside"
"17935402650290452";"1780389661";"Apa bedanya sama pen*pu? Oh iya beda inikan berjas dan berlabel negara 🫣🔥 menyala pemerintah negara ini";"433671246";"kresanida"
"18118379860756884";"1780389661";"Atur waelah,seplenger mungkin😂";"5829661705";"reny_lestari88"
"18054400619753124";"1780389664";"Terus pas waktu itu lu di suprize in ultah di luar negeri pake dana pribadi bapak ? Cieeeee 💩🗿";"3980965335";"diogoramanda"
"18138191356559485";"1780389664";"Dia siapa sih?";"1714037055";"mulia_den"
"18127567693529601";"1780389673";"😂";"1757382355";"sungkil_dulam"
"18092340305343693";"1780389687";"Yaa Allah cape banget hidup di Indonesia tiap minggu ada aja gebrakan dari pemerintah nya. Dari lagu mas bahlil ganteng, beli hewan qurban dari apbn, sekarang ada lagi gebrakan nya🤪";"66306601385";"riskazeera__"
"17872504323673428";"1780389698";"Kala";"1152383095";"boed49_inst"
"17882642232595187";"1780389716";"Anak kemaren sore yg ternyata anti kritik . Dia hanya lah seorang aparat yg mendapat kesempatan dari seorang yg kata nya berkuasa";"1972422074";"afan.do"
"18119688760666631";"1780389765";"@estiyunho_ iya pokok nya salah terus. 
Apalagi bnyak yg jadi pakar ekonomi, politik, luar negeri dsb yg dadakan saat ini 👏👏👏👏👏";"8594272467";"dewo_diq"
"18397630462083941";"1780389771";"Nggilani kan yoo , baperan 😂";"372158423";"itsdwisuci"
"17929250019292097";"1780389781";"Kegiatan negara koq pakai uang pribadi??";"27176766089";"chika_shanny"
"17858508630648478";"1780389806";"😮";"74473176448";"joyeus_ee"
"18126047773629543";"1780389858";"Cobain kue soes kita kak @cempaka.cake.cookies 
📍Bambu Apus Residence 3, Jakarta Timur";"72277762863";"cempaka.cake.cookies"
"18076108505271110";"1780389860";"Defense teroooosssss*yawn";"283435425";"nurfauziahsyifa"
"18110816603501494";"1780389924";"@ikhlasyanuar pokoknya ada";"2106977605";"tri_saksila"
"17978718180041452";"1780389936";"Preetttt";"40824798773";"rhicopdw"
"18126358306618873";"1780389938";"Kenapa sih kalau dikritik dan diberi saran gak mau nerima?? Sesulit itu kah yg katanya sedikit demokrasi??";"628837242";"haryatisucipto"
"18095819738238527";"1780389964";"@rani_musodah ibu negara mbak";"628837242";"haryatisucipto"
"18179159668392691";"1780389999";"SEPAKAT";"1710386788";"_arfankrm"
"18137352226546174";"1780390018";"Wes intine wae. DAMPAK E NGGO ENDONESA OPOOOOO??????";"1389930854";"minjuli.mj"
"17882998386577008";"1780390033";"@hutrisaysukau kek lgi ngejulid bareng bestie ya,ampe di sebut 3 bulan doang wkwkwk";"6279174653";"sri_kartika1711"
"18033584768632796";"1780390055";"Asa teu percaya ditangung sama wowo...😮😂prikitiuw...ted aja kli yg wowo tnggung😂😂";"2136987661";"sthikmah07"
"18058532624534375";"1780390103";"Kalau dasarnya udah BELOK. Ya susah kalau mau dilurusin. Kan jadinya malah tambah BELOK. Rakyat sudah muak dan gak mau ikutan BELOK apalagi goblok.";"1709676533";"vall.maulana"
"18015053003887394";"1780390115";"Kalean percaya? Korban aja pakai APBN";"1822414318";"hanggara48"
"18139455268540463";"1780390133";"Kl biaya sendiri, berarti bukan ku jungan negara.. tapi plesiran😂😂";"46530607389";"sagan_rudiatmoko"
"18004317542919495";"1780390222";"Sok mandiri ini namanya";"332778472";"nandaaasaputra"
"18098882810022480";"1780390222";"Prettt";"1718078769";"hariprawirad"
"18154358881471873";"1780388402";"@estiyunho_ bener, bukannya ada kepala desa di anggap korupsi karena mengelola desa pake dana pribadi?? lah ini sekelas presiden sak karepe dewe. kasus bgt!!! kuat bgt anti kritik dan otoriternya.🔥👏";"1966541361";"ichak.cebol"
"17873882907502421";"1780388417";"Patokan dia itu kalo orang kerja atau menjabatnya sebentar di anggapnya gabecus kerja aja😂 padahal orang pinter juga males kerja kalo punya bos yang goblok";"76268542146";"wakcu_y"
"18598368295058235";"1780388419";"😂😂😂 Stop Ga 😂";"5478014620";"yudhakunnn"
"18083511104128931";"1780388430";"@ardianryz_ 😂😂";"1558445670";"griya_gamma"
"18126825424530480";"1780388452";"ngomong apaan si Nur!! 😂";"60145279895";"gielbass"
"18074499701674191";"1780388480";"@estiyunho_ apa2 salah😂";"1561589402";"landgbriel_"
"17942650239223418";"1780388489";"Walau di beri kesempatan selama 3 bulan (bahasa nya Kaya yang ga Nerima di kritik banget)😂";"2283754955";"mochamadkristal"
"17946872859192357";"1780388494";"@agus.muksin bukan hanya gk etis. Tp seolah ada sentimen yg d simpan. Kyak merasa gw lbh hebat dr elu";"242282181";"hutrisaysukau"
"17976951549031149";"1780388503";"Klarifikasi dengan slay";"1599580905";"satrianugraha07"
"17883157323427416";"1780388521";"😹";"1933886139";"azis805"
"18108079028214402";"1780388528";"Ya Gusti … tolong tahan mulut dan tangan ku ini utk berkomentar… Ya Adalah";"2905031568";"sissy_tc"
"18596559004051976";"1780388534";"Rujit aslina";"3663053953";"akbarskr"
"17996542715954799";"1780388546";"Pokoknya ada";"3250054533";"wahidin.way32"
"17928991293314458";"1780388578";"Meni bilang “pernah menjadi wakil mentri luar negri, walau dikasih kesempatan hanya 3 bulan” maksudnyaa apaaaa tuuuhhh..";"35292556";"rienyrieny"
"18375083962201748";"1780388589";"mau duit pribadi keq mau apa tetep ajah... intinya tuh urus negara ini... ngapain keluar trus! negara sendiri nga di atur n rapiin! adaaa ajah alasannya... #sampahmasyarakat";"9484843";"fptjhai"
"18138930265542831";"1780388611";"Yoi SDM butuh duit BANGET!! Giliran ga kebagian heboh ini salah itu salah 😂.";"74140845077";"sandy.liem.aja96"
"18104166307998553";"1780388625";"";"2868089834";"bayu_arifin86"
"18092135528212934";"1780388640";"@iamwk11 aman bang? 😂😂";"1325159248";"arif_nashrull"
"18004771124935939";"1780388663";"Mau uang pribadi jg gw percaya ajalah, masalahnya lu pergi2 Mulu disaat Indonesia lagi susah semua2nya,lu paham kaga bocah.ga ada empatinya lu sama rakyat.duit lu jg bodo amat tu duit dari mana.dikritik baper lu";"1293513205";"agus_nugroho_real"
"17896539279462924";"1780388683";"Kalo pake duit pribadi, apa gak jadi urusan pribadi?";"1325159248";"arif_nashrull"
"18207949603339266";"1780388699";"😂😂😂😂";"191647220";"hifzzan"
"17950452153160287";"1780388745";"Kurban aja pake APBN , yakale begini GK pakai , logika";"73209064215";"gelap_.konohafolkshit07"
"17873417613502826";"1780388757";"Defensif bgt sih, cb dijembreng berani ga itung2an mana yg ditanggung Pbw dan negara agar prinsip akuntabilitasnya terjaga. Kl cmn bicara semua org jg bs.  Trus buat apa rombongan sebanyak itu smpe puluhan org. Mgkn kami org awam tdk tahu protokol tp negara sdg darurat spt ini sebaiknya penghematan dimulai dr kepala. Jgn rakyat terus yg disuruh berhemat tp pajak dinaikkan terus menerus. Tarif listrik diem2 naik. Bntr lagi BBM ini. Senyapp😢😢";"3800443641";"tari1410"
"18066901895429159";"1780388760";"Omong sak omong ora percoyo..";"1555665587";"adityakrisnandito86"
"18082299431151057";"1780388771";"Kunjungan kenegaraan menggunakan uang pribadi? 
Klo honeymoon boleh lah pake uang pribadi, tanpa embel2 kunjungan kenegaraan";"12572729444";"indeerach.z"
"17880899658603278";"1780388775";"Yaudaa iya Tiwi.
Sensitif amat si.";"2127221888";"jerrymaulana28"
"18005107760747883";"1780388783";"@landgbriel_ makanya jangan betingkah";"35780096477";"estiyunho_"
"18127024981721677";"1780388798";"Jgn pake pesawat kepresidenan,garuda pake Emirates atau apa gitu dong,mampu kan kaya.😂";"1293513205";"agus_nugroho_real"
"18087568946574415";"1780388810";"Note nya adalah, “segala kelebihan biaya”
Nyatanya biayanya dari negara udah tinggi kok, jadi gak keluar duit juga pak gemoy😂";"257980713";"vickyghezefawzy"
"18051714224762427";"1780388813";"Masaaaaaaa";"694457397";"capellalist"
"17957871638962026";"1780388848";"Prolog nya bernada sombong, kelebihan biaya?  Berarti over budget 😂";"209097270";"wira.depe"
"18202503763356454";"1780388870";"Buna menjadi garda terdepan dalam membela daddynya🥰";"44702088830";"nia.s_dumb"
"17973466467025046";"1780388879";"Semangat pak @prabowo , 
Tetap berada di barisan Republik Indonesia

Perjuanganku lebih mudah karena mengusir penjajah, tapi perjuanganmu akan lebih sulit karena melawan bangsamu sendiri

🔥";"1984229706";"deeni.ali"
"18167564647442795";"1780388887";"Terserah kak,lu panitianya";"62682959665";"abiyykawiraa"
"18042370613632575";"1780388931";"Contoh menerima kritik tapi tidak menerima kritik";"316151588";"aina_rumi"
"18175160470408404";"1780388935";"Buntedddd 😂";"1513471466";"christiyantsiantar"
"17902405683439281";"1780388982";"Yang Bener Jawabnya Tedy, Bilang POKOKNYA ADAAAAA......😏";"4475695548";"m.novryansyah"
"18085019306432613";"1780388997";"Krisis luar negeri YES...krisis dalam negeri NO";"8558332051";"fahruraziki"
"18014135204896865";"1780389025";"Harus banget nyebutin "walau hanya diberi kesempatan 3 bulan" 😌";"349526234";"ambarwatikinasih"
"18091479458021697";"1780389048";"Kurban aja APBN masa yang jelas jelas perjalanan dinas ada anggarannya malah klarifikasi pake dana pribadi kalo pun pake dana pribadi ngapain harus klarifikasi";"1030686614";"aristama1809"
"18076492430268184";"1780389063";"@zulkifliramli_ @haechel.ng @andi_gumilarr tepat donk.. Kan ini masalah kredibilitas guyss.. Karena pak dino nya juga mengedepankan label penghargaan presiden.. Masa di label kok cuman 3 bulan kerja coba?? Ada apa hayo pak dino ama Indonesia.. Ini penting karena menyangkut kredibilitas dan loyalitas seorang Dino dengan Indonesia donk.. Cakep cakep.. Performance vs performance donk.. Coba 3 bulan doang berperan sebagai wamen lu lantas ringan cuap cuap kineeja presiden yang jelas jelas hasil nya amzing.. Nahhh.. Framing kah? Wahhh 😂😂😂 pak Dino pak Dino.. Zip. Zonk kah?  mantab pak Seskab🙏🙏🌷💖 btw kalopun dubes di US itu mah bukan Indonesia guyss bukan performance ke ibu Pertiwi.. Skip dahh.. Dan sebagai jubir presiden beda jauhhh ya dengan kapasitas sebagai menlu. Ya kali saat jadi jubir skill pak Dino masuk.. Saat jadi menlu kagak ngangkat alias di drop out wkwkk.. Hmm.. Ada pepatah "dimana mana injak orang untuk naik " itu kagak baek pak.. Kena batunya kannn.. Moga tobat. Aamin YRA..Bahas ahhh napa kerja cuman 3 bulan pak Dino? 🔥 wajib. @zulkifliramli_ @haechel.ng @andi_gumilarr tepat donk.. Kan ini masalah kredibilitas guyss.. Karena pak dino nya juga mengedepankan label penghargaan presiden.. Masa di label kok cuman 3 bulan kerja coba?? Ada apa hayo pak dino ama Indonesia.. Ini penting karena menyangkut kredibilitas dan loyalitas seorang Dino dengan Indonesia donk.. Cakep cakep.. Performance vs performance donk.. Coba 3 bulan doang berperan sebagai wamen lu lantas ringan cuap cuap kineeja presiden yang jelas jelas hasil nya amzing.. Nahhh.. Framing kah? Wahhh 😂😂😂 pak Dino pak Dino.. Zip. Zonk kah?  mantab pak Seskab🙏🙏🌷💖 btw kalopun dubes di US itu mah bukan Indonesia guyss bukan performance ke ibu Pertiwi.. Skip dahh.. Dan sebagai jubir presiden beda jauhhh ya dengan kapasitas sebagai menlu. Ya kali saat jadi jubir skill pak Dino masuk.. Saat jadi menlu kagak ngangkat alias di drop out wkwkk.. Hmm.. Ada pepatah "dimana mana injak orang untuk naik " itu kagak baek pak.. Kena batunya kannn.. Moga tobat. Aamin YRA..Bahas ahhh napa kerja cuman 3 bulan pak Dino? 🔥 wajib.";"9137087398";"meietti"
"18108462013937271";"1780389072";"Yang keempat. Punya alat pertahanan yang kuat katanya.. kompor, wajan, ompreng untuk mbg juga termasuk gak? :😂😂😂";"287217361";"julclaudio"
"18134874349510759";"1780389077";"Defensif itu dari tampilan atau dari substansi yang di sampaikan mba?? Penjelasan begitu Hambalang penuh data terukur detail menyeluruh lugas dan kena dengan tema dibahas lawan masuk akal terbuka transparan juga ada hasil pencapaian di buka ke rakyat loe ngomong defensif Yak elah mba mba.. Opsisi ya opsisi aja.. Ha ha ha.. Cemen 😂😂😂😂 gak perlu psikolog untuk paham aturan presentasi yang berbobot berkualitas.. Ish ish.. Defensif dari hongkong kale wkwkwkwk.. Isin rek. Salam etti Mei.";"9137087398";"meietti"
"18007165433734326";"1780389080";"Gaduh dari hongkong wkwkwk.. 😂😂😂Defensif itu dari tampilan atau dari substansi yang di sampaikan mba?? Penjelasan begitu Hambalang penuh data terukur detail menyeluruh lugas dan kena dengan tema dibahas lawan masuk akal terbuka transparan juga ada hasil pencapaian di buka ke rakyat loe ngomong defensif Yak elah mba mba.. Opsisi ya opsisi aja.. Ha ha ha.. Cemen 😂😂😂😂 gak perlu psikolog untuk paham aturan presentasi yang berbobot berkualitas.. Ish ish.. Defensif dari hongkong kale wkwkwkwk.. Isin rek. Salam etti Mei.";"9137087398";"meietti"
"18096496507899395";"1780389082";"Pernyataan yang malah blunder 😂, bukan kah perjalanan  negara tugas negara dibiayain negara berapapun itu harusnya salah juga kalau pakai pribadi, tapi keukeuh pakai pribadi  berarti? 😂😂";"582314812";"dickakophid"
"18118883419808552";"1780389152";"Tiap baca seskab kok gua bacanya ‘seksi kabupaten’ ya😂";"261586071";"faradisydney"
"18102082031023821";"1780389156";"kok tuduhan pak amin Rais kalo dia gay, dia diam aja ya?? jangan jangan....💀";"3652259245";"hard_horizon"
"18067345076386960";"1780389176";"J1J1K";"261709266";"inongatjeh"
"18144919768508449";"1780389210";"Ngelesnya ada, paparan datanya tidak ada";"1012380830";"nadyarsa"
"18077042987257177";"1780387684";"Mosok sih neik?!";"349218738";"iamninop"
"17940699078228423";"1780387693";"Siapa sih dia?";"1211382611";"tinaagustinaa_14"
"18361322215231884";"1780387695";"💯💯💯💯";"13196294";"amartiwikw"
"18213530881328671";"1780387759";"Ttttapi kurban ditanggung negara….";"362084103";"bellaputriiis"
"17995668083785511";"1780387793";"siyaappp bunn 😁😁";"1594229246";"billyanaseba"
"18174119176415376";"1780387804";"Pokoknya ada.";"74181459642";"pangeran_matahari2"
"18139054465542991";"1780387816";"Kalo ini salah berarti udah biasa politisi pembohong. Kalo ini bener berarti maksudnya gimana? Dia jalan ke luar negeri tanpa urgensi tugas negara sementara negara yang dia pimpin porak poranda?";"1690532491";"faisdzaky"
"18095822612517588";"1780387817";"@dutakejora emang";"242166646";"mrsdiaayu"
"18091953089136436";"1780387819";"@mahfudinn ngurusin kemauan lansia NPD emg susah";"585168952";"yusyazhari"
"18110852423500280";"1780387821";"Transparansi dong dananya bun
Uang rakyat itu, rakyat jelas boleh tau dana yg dipakai kemana aja";"225337519";"dianfitriyani"
"17992189403993331";"1780387826";"Dari omongan nya seakan² anti kritik, kekgini kali punya pejabat publik yg public speaking jelek. Situ mau klarifikasi atau membela diri bund";"4645503981";"benkz_hartono"
"17925350520128219";"1780387833";"Terserah lu deh ted , gw lagi sakit gigi 😭😭";"38525730198";"ellachoi94"
"17891161101538487";"1780387836";"orde omon Surplus BOTYGUARD";"186966130";"inyoman_gng"
"18139078357558545";"1780387851";"@bettypurna kesukaan kita berduaaaa😍😍😍🔥🔥🔥";"1249755599";"ayiz_makeup_studio"
"18004715132925640";"1780387859";"@ryangandawijaya heh, pulang!";"1832618554";"xximxm"
"18123157066563624";"1780387872";"@teddy_hq bacaa gess";"1126022163";"dhiinaratno"
"17892972006524437";"1780387900";"cucok cin...";"6377337";"triskarwisnu"
"18007875224872317";"1780387904";"iya in aja😏";"7790374368";"mhmmdafifrchmn__"
"17858781135642628";"1780387923";"Ada tugas ngurus negara malah bulan madu.. 🤮";"2926545834";"agusrf18"
"18090057794621506";"1780387952";"Bulan madu gak tuh cuy....duitnya dipake buat booking room sm beli baby oil om...😂😂😂";"1769842728";"rudibagus666"
"18322709848257600";"1780387979";"Negara tolol😂😂😂😂";"37142022021";"roirawan_"
"18127709989718038";"1780388017";"Cara bicaranya uda kek paling pakar politik sama undang undang aja.";"1837784188";"romygani"
"18126114649620417";"1780388029";"Lo ngomong sampe berbusa masyarakat gak percaya apalagi katanya biaya pake uang pribadi prabowo gimana ceritanya kunjungan kenegaraan kok pake uang pribadi ???!!!! maksudnya ini apa yaa???";"3027085167";"suatyo26"
"18022364624666914";"1780388046";"Ya kali soulmate disenggol diem bae 😂";"1442116601";"rahma.iy511"
"18046067762788646";"1780388081";"👏👏👏👏👏👏mana ada anak buah tidak membela majikannya  pasang dada dan muka lah";"5769666682";"lestarie6719"
"18085789382100192";"1780388083";"Iya kan bagian dari nafkah lahir dan batin🍑";"5483395110";"mrsnurulnrl"
"18102913219838045";"1780388088";"Klarifikasi tapi sambil nyindir pak dino yah😂";"3176644208";"rieftanti_"
"18236817613307967";"1780388092";"@elleaaaa_ck dkit2 ternak.";"2006706742";"dikaputra23233"
"18105819274786143";"1780388093";"Coba sebutin, contohnya biaya apa aja tuh yg ditanggung Prabowo pribadi? Tunjukin jumlah dan notanya...";"2364874774";"_damage.inc_"
"18021463181833229";"1780388103";"🖕🖕🖕🖕🖕🖕🖕";"1549560089";"whatsaprod"
"18105052892055744";"1780388103";"😢😢😢";"1197117285";"syafrialdhy"
"18124071649571837";"1780388112";"si boty ngapain dah";"3542003752";"fridagustine_"
"17972262360024322";"1780388123";"@elleaaaa_ck Lo sndiri buzzer nyet..buzzer wan Abud SMA si megachan..apa bedanya tolol";"2006706742";"dikaputra23233"
"18323043748282533";"1780388152";"Pokoknya ada";"265297620";"ralhijar"
"18440837173187800";"1780388152";"Bunda bawel 🔥 asbun";"6749885484";"lubna_hawla"
"18065484680457601";"1780388160";"Kemaren ga ada tu visi misi mau keliling dunia 🤭";"2390729016";"annisameliasr"
"17978176089033379";"1780388165";"@iamwk11 kaaak 😂😭😂😭😂";"3222458836";"iie1312"
"17893134330350628";"1780388180";"@budi.halimmm di luar kewajiban negara itu maksudmu apa kak? Misal jajan gitu?";"1584354226";"isna.moe"
"17892506094500545";"1780388214";"😂😂😂";"3016972661";"maystenly"
"18051107294527016";"1780388226";"Dirujak se indonesia kaaaan";"25701049";"lilibuahdelima"
"18103874273066644";"1780388259";"Gak usah banyak komen, nanti disiram 🤐🤐🤐🤐";"1279571529";"mas.hasbu"
"17856782997663034";"1780388278";"3 bulan nya kurang gede 😂😂...";"1036527439";"ibnunisfuramadhan"
"17929910808315226";"1780388292";"Tolong dilihat hasil konkretnya dong:  Rupiah 17.800, IHSG ⬇️27%, moodys & Fitch rating outlook dari stabil jadi negative.. gitu dong oleh2 dari luar negri";"5397508614";"_lililululalaaa_"
"18320661022262251";"1780388299";"Ted malu ted";"1470159073";"kusumawardani.galuh"
"18549272485069813";"1780388312";"Congggggggggggg 😘💅";"3041660456";"adityaputraprastama"
"17870875230654499";"1780388319";"Bunted mengakui kelebihan biaya berarti jebol dong anggaran yg sudah ditetapkan negara ?, yg dipersoalkan itu frekuensi perjalanan yg terlalu sering bukan jumlah orang yg ikut sedangkan kondisi global sedang tidak stabil kenapa tidak ada efisiensi atau penghemat itu yg dianggap masyarakat boros";"491147409";"pungkiindriyono"
"18082223885153246";"1780388347";"Najis";"443083043";"leesangwijaya"
"17892227217492844";"1780388372";"Kalo pengen sering jalan2 jadi menlu aja 😂";"583695658";"purbandini"
"17898557934303292";"1780388378";"Siap bunda 😉";"1545265288";"_sleepwalking_17"
"17962626786065637";"1780386616";"Makanya jangan miskin apa" dibilang apbn ini lah itu lah";"4872330654";"sunny300696"
"18102516476041370";"1780386654";"Lambemu bunaaaaa....pake ngomong "walau hanya diberi kesempatan 3 bulan"...beliau udah bnyk pengalaman...";"62686824677";"dweeta1374"
"17883784065578847";"1780386657";"@ihs_here tau kan teriakan kang roti keliling jaman old ?? 😂🤭";"72005473475";"arie.rhobby"
"17898632286304742";"1780386661";"@lathief_ii hahaha 😢 sedih";"3006576736";"zaarudin"
"18068410232343562";"1780386674";"@iamwk11 awokawokawokawok😂
Baaangg..";"41065487283";"rahayuu_aza"
"18015066425888624";"1780386694";"dia kan jubir ya jatuhnya masa iya ngomong ga ada yang nyuruh , tentara itu patuh banget sama atasan .. tapi kita diadu domba trus iniiiiii";"185118885";"napitpoldo"
"18008765795919509";"1780386697";"Jyjyck";"481541247";"sheenayuditha"
"18601717834053848";"1780386699";"@ihs_here bon hotel mau oom ? 😂";"72005473475";"arie.rhobby"
"18462028546129365";"1780386706";"@zaarudin tanggapan reaktif iku... penting klarifikasi.. apa itu evaluasi.. 😂";"8221863135";"lathief_ii"
"18101740706107477";"1780386758";"Aku baca djalal jadi dajjal lah😢😭";"67085712169";"daezqreaps"
"18096726806467267";"1780386789";"@iamwk11 HAHAHAHAHAHAHAHAHA 😂😂😂😂😂";"23474180";"gracewalansendouw"
"17936705001252480";"1780386810";"@innoisnick !!!";"284718992";"urbanxblight"
"17887058595559238";"1780386816";"Kl make uang pribadi ga ush make pesawat kepresidenan, pengawalan dll lah😂😂😂 elu ke LN atas nama Subianto atau Kepala Negara.?? 😂😂😂";"52691091243";"adrianaditomo"
"18083579546310139";"1780386831";"Uang pribadi👏👏";"1700984505";"andre_anka24"
"18091906682345714";"1780386835";"Bapak di serang, Ibu membela 😂😂😂😂😂😂";"23474180";"gracewalansendouw"
"18122660668654264";"1780386862";"@a.k.muam kalo gini jadinya maladministrasi dan masuk ke tipikor karena termasuk gratifikasi. Dengan video ini ya si teddy membahayakan posisi Prabowo Subianto sebagai presiden";"35780096477";"estiyunho_"
"18097788101130884";"1780386872";"Harus banget di mention “walau hanya diberi kesempatan selama 3 bulan” dan harus banget openingnya “saya pikir beliau..” 😂😂";"49061039056";"villiarfs__"
"18322485283251610";"1780386945";"Beda banget ya jawaban orang kompeten sama non kompeten";"258615998";"tanftptr"
"18099901274032998";"1780386946";"@sunny300696 kl make uang pribadi ga usah make pesawat kepresidenan dong, ga usah make pengawalan😂.. Die ke LN atas nama Subianto atau Kepala Negara??";"52691091243";"adrianaditomo"
"18086533517570265";"1780386950";"Gak tau malu, jalan2 ke luar negeri pake duit rakyat";"65155182335";"shiiinntttaa"
"18408481921199477";"1780386960";"Terus kita kudu percaya?! Manut manut aja? Ga make sense lah kalo bilang pake uang pribadi. Coba kalo mau dibuka buku besar nya, itu beneran pake uang pribadi apa negara. Udh bener2 aneh nih negara 😵‍💫";"376325230";"rreswari"
"18116838727764717";"1780386975";"3 bulannya perlu banget disebut?";"240987124";"aldiandradimas"
"18037349084797144";"1780386977";"@iamwk11 pecah banget tawa gue bang🤣🤣🤣";"1355852612";"nufi_97"
"18166478221453408";"1780386978";"@dhonikaaaa ya gimana ya mau percaya sama menlu yang bahkan ga capable dan incompetent wkwkwk";"258615998";"tanftptr"
"18113563783858201";"1780386983";"BUNAAAA AW AW AW 💃";"1553860322";"im__abang"
"17979096236861823";"1780386993";"ini si niat mencari pembenaran, eh malah kena batu.nya";"17843221599";"octsmavv_127"
"18111469159923525";"1780386997";"Dluar kwjbn negara apa sj😂😂😂";"8555642158";"alekdjumanji"
"17861203911650673";"1780387046";"Preeettttt....🙄🙄😤";"3557047452";"r_naalrasya2167"
"18011377034912759";"1780387118";"Ini kita hidup di negara apa sih";"968907720";"firmaalfajri"
"18088835087081551";"1780387153";"Astagfirullah, isi nya komen suudzon, hidup kalian capek kalo dibuat ngurus urusan orang. Pake dana pribadi salah, pake dana negara di hujat, hubungan diplomasi salah, hubungan bilateral malah salah. Astagfirullah...semoga kehidupan kalian damai hingga akhir hayat kalian";"6955876019";"sari_inge"
"17885870796571642";"1780387161";"Dari 30× pelesiran perjalan berapa kali yang pakai pribadi? Lalu berapa yang dianggarin memangnya?";"144870406";"nadinudin"
"18054616253516486";"1780387217";"Kalau kunjungan dgn biaya pribadi logikanya tidak perlu memanfaatkan fasilitas negara, kan kunjungan pribadi";"1452830756";"griyabebesta"
"18062287502707744";"1780387220";"Geli banget sumpah menjilatnya 😢";"4359003791";"ria.sun.29"
"18172194841410960";"1780387231";"Hadeeh ...😂 Qurban 🦬Aje Pake APBN , untung ape Rupiah rontok";"1293287244";"sarimin_bandits"
"17888987460386210";"1780387264";"knp sih kl sdh diatas susah sekali utk jd pendengar yg baik? apa krn sudah diatas merasa paling hebat & benar ya?";"13062903041";"laluerhan8"
"18045784301563453";"1780387322";"Makin di klarifikasi ya makinn nganuu 😂";"223364675";"tikawardha"
"18085961927383270";"1780387327";"Atur aja deh….";"1625995641";"lisnaambugia"
"18094166483592730";"1780387337";"@ardianryz_ sesatttt🤣🤣🤣🤣";"1494435793";"fransisco_panggabean"
"18019113275836276";"1780387341";"😁😁😁 ... Pak @dinopattidjalal bener kan berarti Ted ???";"2133110946";"sibagongs"
"18006750272739516";"1780387394";"Si teddy org ga capabel rangkap jabatan";"2214578946";"yettyamijaya"
"17893029231473357";"1780387400";"Bapak @prabowo LUPA KALAU PERNA NGE TWEET 28 FEB 2014 "ANGGARAN PERJALANAN DINAS RP. 20T PER TAHUN, INI PEMBOROSAN. HARUS DICORET, JIKA SAYA JADI PRESIDEN, TIDAK BOLEH PEJABAT RI PLESIRAN KE LN" INI KATA2 NYA , BAPAK LUPA???";"2236327927";"danigunantara"
"18611467834008177";"1780387504";"Bela terus bela🔥";"1687252079";"rieskasucia"
"18592234015008216";"1780387515";"@tedsky_89 bener lg dia ses.. Seskab kan 😌";"274868446";"telsyy.a"
"18104753677820389";"1780387516";"Apa bener pak @kang_dedefauzy ? Qurban aja ambil dana dari APBN";"1613056602";"irfanvanhelg"
"18133672372573297";"1780387519";"BOWTI BISAAAA APAAAA ? KNTOL !!";"1907043739";"thgeeeeee"
"18078793379218078";"1780387523";"no respect Ama ni orang, dikasih masukan tapi ada embel embel "walau hanya diberika kesempatan 3 bulan" boty boty";"1735569630";"adghinortw"
"17877665763668704";"1780387550";"Iya cantikk,. Selamat bulan madu ya,.🙌";"540239729";"rdwn_motorparts"
"18027148229645107";"1780387552";"Cuih";"2177597935";"sharief_ahmad"
"18104459300054184";"1780385855";"atur aja beb, negara ini punya elu dan kelompok lu!!!";"870209070";"romidwicahyo_"
"18068934557361275";"1780385856";"@kobodohan biarin kak kasian lagi nyari duit buat makan sehari2😂😂";"1695167629";"listysm_"
"17877673425468614";"1780385859";"Dibela ayang beb";"635700908";"arrest18"
"17898979926453430";"1780385889";"Botiiii anj33engg";"5982541781";"dodit82"
"18101314330863482";"1780385901";"😂😂😂 si paling tangan kanan emang gini kelakuanya";"4139979787";"leonardadyc"
"18115891030888889";"1780385908";"Jadi buzzer aja ada duit";"4012175635";"warzukniwarzukni"
"18047472275552026";"1780385948";"@iamwk11 💅🏻";"664401252";"achmadfadli21"
"18105072127975380";"1780385955";"@anitaervina iyaaa, kita ga usah rebutan angle kalo foto";"213944549";"psychedeliaa"
"17950501371176527";"1780385971";"Seskab aneh😂😂😂";"3674433850";"ravelinomeko"
"18091504610528506";"1780385984";"😂😂";"4694277008";"mikal.pratama"
"18053652119732607";"1780385997";"cangkeman 😎🤜";"273887833";"diazpams"
"18011861831903169";"1780386018";"Aku pikir yang suka klarifikasi atta halilintar doang :(";"1708898099";"febiramadhona"
"18364543198228126";"1780386023";"Latar belakang pendidikan dia ga jelas bisa jadi orang nmer 1 + jubir istana";"64675113979";"yogoardhiansakti"
"18106159756782144";"1780386048";"@ardianryz_ tedy: iihh apaaa sih..";"1432527494";"onahusna"
"18405011521158393";"1780386050";"@widiashufi wkwkw seuskab😂";"181643565";"amaliahf"
"18104633318077353";"1780386054";"Diawal sudah tidak etis tidak kaget lagi melakukan hal tidak etis apalagi ini tanpa sadar mengakuiny.. salut atas ke"banal"an ny 😂";"963833348";"rizkkian"
"18104550496799159";"1780386060";"Sip umi";"183118982";"danielmilley"
"17950248531157799";"1780386067";"Mlz";"626314924";"ani.abidin"
"18453044545117757";"1780386068";"@daffawell 😂";"2072181680";"trnvckywjy"
"18442327144185255";"1780386080";"Sedikit tp kok biaya nya ada kelebihan sampsi di tanggung pak prabowo";"1602775213";"nurjanahsimanjuntak"
"18131526772609183";"1780386092";"Ga ada hasil ted…";"30616142";"retta.sil"
"17914846611393362";"1780386126";"Berasa ibu negara dia";"410465740";"nizarwin_"
"17905019268262776";"1780386129";"Kalau MBG pakai uang pribadi baru mantap donk 😂😂";"547363948";"daddy_mourinhoo"
"17976890409010607";"1780386154";"haiyaahh kayak yang bener aja kang roti 😂";"72005473475";"arie.rhobby"
"18080002232356780";"1780386156";"Jangan cmn nilai anggarannya aja lah... waktunya presiden yg harusnya banyak untuk urasan dalam negeri malah dibuang di perjalanan. Kecuali naiknya buroq gt...";"3405159013";"mega_febia"
"17875963212608260";"1780386255";"Pembenci akan ttp benci, jadi nikmati aja hidup ini😂😂 lihat aja dikolom komentar, yg komen2 ga jelas, pdhal udh dijelasin. Itulah sebabnya indonesia gak maju2";"1560565711";"a.k.muam"
"18104499739996440";"1780386260";"@ardianryz_ syalan😂";"786415513";"rubahbetina"
"18000832829761169";"1780386265";"Klo uang pribadi berarti jalan jalan dong yah? Jadi bolos kerja dong kemaren";"2261455045";"alphermorpher"
"17953080252163802";"1780386288";"Keluar negri pake duit pribadi, kalo kurban pake apbn. Agak lain kurasa boti satu ini 😂";"1527130159";"indrps"
"17925964443122574";"1780386292";"OH YAA?? WAW SAYA SANGAT PERCAYA SEKALI DENGAN ANDAA";"1707950608";"bangbeeew"
"17858614209643326";"1780386299";"Letkol itu setau saya setara dengan kepala bidang di dinas pemda. Bisa-bisanya kepala bidang ngeyel membantah masukan dari mantan wamen luar negeri sekelas Pak Dino. Pak Presiden mungkin gak kayak gitu, tapi kalau ada orang paling Dobol yang menjatuhkan marwah presidennya sendiri itu Letkol Teddy, mana public speakingnya sekelas Kades pulak menjawabnya.";"550397600";"aburazan.omar"
"18055429679727418";"1780386299";"Wkwkw beli qurban aja pake APBN 😂";"2097410114";"iikhsan_27"
"18006809183872687";"1780386325";"maksudnya apa "walau..." terus ekspresinya gitu? HAH?!🤬";"3411637322";"reina_skn"
"18164748265436324";"1780386340";"3 bulannya dibold banget nih Bunted? Ente belum lahir, Pak Dino udah jadi seorang diplomat. Ente itu cuma pejabat yang lahir dari loyalitas, bukan dr prestasi atau kemampuan tatanegara, jadi gausah ngecounter seorang Dino Patti Djalal ya ibu negara yang cantiikk 💅🏻";"1559987709";"ami.rahmi.novita"
"17961465219135929";"1780386352";"HAAAAA? Kurban aja pake uang rakyat apalagi buat foya foyaa mana mungkin👏";"1551803832";"gilankekea"
"18096862828946146";"1780386358";"Lohh bisa gitu ya ?";"2238346576";"julhamsahmulia"
"18130746322591386";"1780386359";"@estiyunho_ jadi gini bu, misal RAB 100M, ternyata realisasinya lebih yaitu 110M, jadi 10Mnya ditanggung prabowo, jadi pertanggungjawabannya yg yg 100M itu, kalau 10M teraerah prabowo, mau cuma2 atau malah negara dimintai pertanggungjawaban balik.";"1560565711";"a.k.muam"
"17901795270443747";"1780386383";"Pernyataan dia ini meragukan. (Karena pernyataan sebelum²nya yang tidak valid)
Omongan sama kenyataanya BEDA JAUHH";"506002813";"ayuyuws"
"18366078676231900";"1780386397";"hasilnya apa ya ?? rupiah amblessssd 😂😂😂😂";"213922254";"rinihwary"
"18117193165693985";"1780386407";"@arie.rhobby roti lauw dan roti tan ek tjoan lebih bener kayaknya om";"868881739";"ihs_here"
"18132129661603949";"1780386414";"@widiashufi buat apa mbak?apakah anda LPS atau BPS?😂";"1560565711";"a.k.muam"
"18152221288469017";"1780386439";"yappingggggggg";"786415513";"rubahbetina"
"18158289871460272";"1780386448";"Sombongnya dapat banget.. “walau hanya diberi kesempatan 3bulan” duh";"278986833";"loravia"
"17965916517093710";"1780386505";"Iya cantik iyaa";"4787102332";"uniiiq____"
"18138210604558648";"1780386538";"@zaarudin dia lagi sensi gara" di kritik... gaya bicara e wes terlihat lek... 😂";"8221863135";"lathief_ii"
"18167182195430783";"1780386551";"💩";"1494767464";"onggyfirmanda"
"18117524404747420";"1780386562";"kata walau hanya cukup sakit didengar, seakan merendahkan pembicara. Ada baiknya tidak digunakan dan langsung saja “menjadi wakil menteri luar negeri”";"25117345721";"doublesafla"
"18100402702986386";"1780386570";"Pdhl diluar negeri juga dia kaga dihormatin, 😂";"50461897464";"maleocustoms34"
"18105611305984665";"1780386599";"Iyaiyaa🫦";"2227815397";"anmhrl_"
"17969507475110501";"1780385115";"emang hasil yg dicapai apa sih? 😢";"458714322";"agnisarl"
"17913393132201278";"1780385127";"Berarti kalo biayanya ditanggung sendiri namanya jalan² bukannya untuk kepentingan negara Teddy 🧸";"65238022968";"dea_collony"
"18123695446730509";"1780385134";"Jujur nanya, pak gibran kemana ya? Apa emang semua wakil presiden itu jarang tampil?";"516743969";"putureniseptiani"
"18085120487566688";"1780385140";"gibran mana anjir wkwkw muak kali sama bunted";"1508058095";"whyddfebri"
"18113518015896728";"1780385178";"Bini nya mayah" Ges😂";"3261927984";"pungkas_mardi_utami"
"18099834785513934";"1780385244";"Mas teddy lebih bijaksana sesuai arahan pak presiden unt efisiensi, kenapa tdk dilaksanakan sendiri sama p prabowo, buat rupiah kita menguat seperti dulu lagi, pengeluaran yg tdk urgent baiknya dihilangkan dulu, itu baru namanya membangun negara kita tks";"3297739420";"indra_soedjoko"
"17969005512069783";"1780385246";"@iamwk11 😢😂";"6016546584";"veranafla"
"18428164327192372";"1780385271";"iye iye serahhhhhhhhh bun...";"1746483560";"mufajfajri"
"18035049455803890";"1780385289";"@bang.nato bunda2 nenteng tas cendol dia bang";"1710731207";"rinarifin13"
"18109490038802847";"1780385295";"@hutrisaysukau mulut boti emang bahaya 😂";"56828265636";"ethanarsyad"
"18062872925479892";"1780385299";"Anti kritik. Penuh meliterisasi.  2 tahun kekedepan kita lihat. Ala struktur militerisasi . Kmbali ke 1998. Kita lihat 2 thn lg. Penyesalan dan kerusuhan. Smoga tdk benar.";"2059361820";"wild_ant11"
"17888415330552999";"1780385305";"ngantukkk";"2606012";"hazawude"
"17885242053560941";"1780385328";"pe_Ler...";"2024638029";"dwisukmawahyudi"
"18092815148621335";"1780385334";"Hey bunda cantik";"2063358983";"pr1mooo_"
"17938665267252919";"1780385371";"kesentil banget ya sama kenyataan yg dipaparkan Pak Dino? 😁😁";"276687007";"arumsur__"
"17993206160976921";"1780385380";"Iya atur aja shay";"1417161583";"piluuut_"
"17890824579507063";"1780385387";"Jangan lupa minum obat ambeien nya ses 😂😂😂";"59437248450";"aditya.aditya89"
"17963859069095326";"1780385408";"@tasyamoedya sumpah sek,demi allah age";"8881797245";"aviva_maulitha"
"18099877219892461";"1780385421";"@sonicforged Btw memang wajar saja seskab ikut melakukan penyampaian public mewakilkan sementara dari mensesneg, yang dipermasalahkan itu kinerja pemerintah terkesan sengaja membiarkan oknum bebas melakukan purchasing tanpa riset kelayakan dan benefit dahulu, contohnya mbg anggaran minta dari apbn ehh dilapangan juga menerapkan sistem franchise - lha ini kan ada upaya potensi korupsi kkn karena reimburse ke apbn sedangkan praktek dilapangan memakai dana pribadi swasta melalui sistem franchise, yang kedua koperasi desa merah putih sembarangan mendirikan bangunan ditengah sawah - siapa target customernya emg kuntilanak ??? Klo hanya sekedar gudang inventory baru deh tidak dipermasalahkan 😂😂😂😂";"380923603";"sonicforged"
"18098608076154040";"1780385468";"@iamwk11 ku sebut tampan anda";"1576790999";"wiwin_sz"
"18122124967658561";"1780385473";"Harus bgt sebut 3 bulan 🫣";"2919752278";"omhilman"
"18012909785911551";"1780385494";"hasilnya mana paak jangan cuma ngomong aja";"2213225365";"_annpputri"
"18105541084807580";"1780385499";"B.A.C.O.T !!!!!Tetep aja plesiran namanya, kurban aje pakai uang rakyat.";"2267628240";"fariz_oemar"
"18110917799497630";"1780385516";"Kurban pakai APBN. Kunjungan negara pakai pribadi.... Emang bener bener NYAWIT orang";"1813454210";"haries.store"
"17935431504267649";"1780385540";"Bjir sepele bet WALAU HANYA 3 BULAN, bot bot";"2230322504";"roedy_tampoe"
"17948307624175105";"1780385556";"Emak emak dilawan 😂";"2039461673";"yuanayes"
"18085553384097315";"1780385556";"Euhhh 3 bulan, berasa ngenyekkkk, sedih bgt dgn public speakingnya 😢";"1700481298";"kumbangspeaks"
"18180205024400624";"1780385613";"Terima saja kritik dan sarannya. Masyarakat tidak akan berspekulasi liar kalo istana dari awal sudah menganut sistem asas transparansi dan akuntabilitas dalam hal kunjungan presiden ke luar negeri";"2067872177";"bimatyastono_"
"17864470221688588";"1780385634";"Kalimatnya kelebihan bayarnya ditanggung pribadi, berarti tetep dibayar negara tp kalau ada lebihny baru ditanggung pribadi..ya nggak sih";"3048044611";"tikaayusti"
"18105635848965119";"1780385648";"Kunjungan negara kok bayar pribadi";"323664146";"kccaca"
"18123577612646394";"1780385660";"@ardianryz_ pasti pegel banget";"6267753518";"soenyiii"
"17891989191480654";"1780385684";"@listysm_ fitnah lebih kejam dari pembunuhan";"2293777039";"budi.halimmm"
"17990592659976055";"1780385686";"@ardianryz_ 😂😂😂";"358948328";"iwanwidi022"
"18020765726836790";"1780385697";"Kenapa pake nyindir diberi kesempatan cuma 3 bulan? Wkwkwkwkwk";"1496243775";"danica.aland"
"18127501957614419";"1780385725";"@naufal_zulhilmi03 menarik sekali bpk";"1507830179";"achmadhusnan"
"18095673632464658";"1780385733";"";"1286595765";"gahabis.fikri"
"17953391193155684";"1780385734";"Pura2 percaya ajj, biar bunda tedi happy ☺️";"27313308865";"espink_77"
"17952998223147439";"1780385763";"Kurban sapi Pake APBN masa kunjungan keluar Negeri pake dana sendiri? ...";"77132342436";"gobazal73"
"18058352876542160";"1780385767";"ibu negara marah loh ya baru mens mungkin kayaknya si doi";"69988029195";"nicomanga56"
"18456395500114199";"1780385787";"Lah pemerintah anti kritik suram";"202300480";"yogiwicaksonoo"
"17891245971489715";"1780385790";"Malas dengarnya.";"53577706517";"jihad.patra"
"18319053832277971";"1780385795";"@wiinnstnti_ 🤐";"40092256";"ochacesar"
"18082551467326167";"1780385800";"Buacottttttt. Karep karepmu wes.";"1986812230";"yunusnovaldy95"
"18325819381284612";"1780385802";"arogan bgttt berasa yg pnya negara 💅🏻💅🏻💅🏻🤣";"54049376437";"mrullymahally"
"18104605628318249";"1780385815";"@iamwk11 kak dy buntet😂";"1819756264";"dwi.samz"
"18185090899387754";"1780385819";"Pajak dinaikin untuk bantu ongkos ke luar negeri🔥🔥🔥";"6028489649";"abdiiisiregar"
"18124347652643558";"1780385823";"Jadi dia jalan-jalan tapi pengen disubsidi negara judulnya";"18013247962";"ferdika_setiawan"
"18135244240562756";"1780385829";"@barbar_boys";"58539809311";"bentarlagi99"
"17890134681371379";"1780385831";"akal akalan si buna aja kali itumah, wong sapi aja pake APBN";"2187868467";"siscazahra"
"18066958991398095";"1780384408";"Buna no no Buna haha cost yg diluarkan secara personal oleh presiden untuk menutupi kekurangan itu dilarang oleh undang-undang, coba cek lagi ya Buna sblm Buna klarifikasi haha Seskab kok berasa jubir presiden";"1777389742";"regypr21"
"18106701256943092";"1780384446";"@ikmallrmdhn skalian tag in nih si BOTI @teddy_hq";"4023115369";"habibiwalkerr"
"18097978559175541";"1780384453";"Pokok nya ada 💅";"725579901";"ryan.rivaldyy"
"18588460708027839";"1780384485";"duit pribadi keluar saat beli kue ultahmu aja kali beb";"373305554";"theonly.wen__"
"18101678141106131";"1780384491";"@listysm_ fitnah lebih kejam dari pembunuhan";"2293777039";"budi.halimmm"
"18080613131221068";"1780384500";"Teedy pas ngadon  kurang minyak ya? 😭";"4043900389";"avendi13"
"18114414437495030";"1780384503";"Panas gak bunaa😘";"25940723374";"dikyreskianto"
"18007329263865796";"1780384513";"Intinya mana laporan keuangannya ses?";"4569094539";"rizki_aji01"
"18104547245055062";"1780384515";"dinas pake dana pribadi, kurban pake apbn 😂";"1996069358";"cottonbudx"
"17949949523999110";"1780384542";"Ngapain pake uang pribadi? Kan kerja buat negara buat rakyat";"379352142";"edlyputriana"
"18050955245589876";"1780384549";"😂😂😂";"844370166";"martomsz"
"18134537920577474";"1780384550";"Uang pribadi jg harus ada bukti bukan cuma omon2 untuk ngeles .klau cuma omon2 anak kecil jg bisa boti";"1456499696";"yudistira_lie"
"18130117948595111";"1780384565";"Sugihmen bos presidene";"3956068980";"rrakaaputrra"
"18006941846864342";"1780384584";"Klau si omon2 keluar 🤮🤮🤮🤮";"1456499696";"yudistira_lie"
"17963940282113112";"1780384586";"@infipop.id ini sdh masuk angin, kritikannya ga diposting, klarifikasinya diposting.";"50298249724";"penggembiralinimasa"
"18091464902013356";"1780384614";"Bagusan yg nulis skrip ini ketimbang yg nulis skrip pidato presiden deh";"2508787065";"macambetul_"
"18327046606280024";"1780384626";"bensyonggg💅🏻";"5351872553";"_.maulanaikhsan"
"18143290573513233";"1780384639";"Baca komen makin pusinggggg";"1639801269";"bellafanthika"
"18087829214612046";"1780384643";"Siap bang, eh say";"897312066";"firzaotimo"
"18087167609382574";"1780384650";"Alasan smua itu, mana hasilnya langsung saja spill";"535596574";"budirohmanto"
"17990228705804152";"1780384671";"Orang seperti teddy ini meresahkan, contoh lainnya dalam perusahaan dimana para board of directors aka para eksekutif hirarki lah yang berhak melakukan perubahan kebijakan demi pertumbuhan laba perusahaan serta board of directors aka para eksekutif lah yg punya kendali tertinggi untuk mitigasi resiko perusahaan sesuai kompetensi mereka, bukan dilakukan oleh staff biasa seperti teddy ini apalagi arogan merasa dirinya lebih pantas karena hanya sudah lama dalam perusahaan tetapi begitu di cek kembali data kinerjanya tidak sebagus self claim oknum tersebut - orang bego juga bisa menua makanya harus berdasarkan kompetensi nya inilah yg disebut professional spesialis bukan generalis 😁 orang seperti teddy ini memang serba si paling pokoknya cuman dia yg boleh bagus dan orang lainnya jelek pdhl ranah kerjaannya juga beda 😂 duh cucok 💅";"380923603";"sonicforged"
"18006509228869596";"1780384679";"";"4276133456";"angvi__"
"18121506937675699";"1780384687";"@listysm_ fitnah lebih kejam dari pembunuhan";"2293777039";"budi.halimmm"
"18136496311499121";"1780384727";"Uang qurban?";"1620301172";"dinsja01"
"17978694966013797";"1780384735";"Hsilny ap???";"1052037964";"eima_cahyani"
"18300038275303896";"1780384751";"@teddy_hq";"4053470099";"aspsyfdn"
"17896334949464594";"1780384760";"Yaaaahhh apa sih yg mau kita harapkan? 😂";"1048888661";"adityarizkyrmdn"
"18108083599743692";"1780384781";"Kok miring ya?";"251797106";"adwindietamie"
"18124051807648361";"1780384785";"@ikmallrmdhn persis 😂 brondong belain gadunnya 😂 @shegie_8";"203651450";"rz.prbk"
"17886461910559943";"1780384786";"Ini yg kalian inginkan wahai warga RT 58...😂😂😂";"2974182837";"mad.fanz"
"17922690531358200";"1780384790";"@sonicforged Beginilah hasilnya setiap pekerjaan dilakukan bukan ahlinya prosesnya ngawur outputnya jelek dan seluruh wni yang menanggung akibat ketidakbecusannya - idr dollar 20,000 gogogo, hanya memanfaatkan staff biasa ala kadarnya 😂";"380923603";"sonicforged"
"18035503925802739";"1780384816";"Qurban APBN ses?";"5665474682";"diela_tifah"
"18135232819559867";"1780384836";"Harus di pertanyakan itu mana ada uang pribadi di campur aduk  sm urusan negara ini aja telak salah nya stetment ini";"71672164290";"nauraisa19"
"18407540011150893";"1780384847";"@ardianryz_ 😂😂😂";"508928352";"revarahayuuu"
"17875448553671201";"1780384851";"@ardianryz_ cape bgt sih itu tp imbalannya tinggi pasti. Jadi kuat😂";"50540880080";"rizsofia2021_newig"
"17904052122431219";"1780384854";"Nanti statusnya kaya sapi Kurban";"178611703";"unruly_ruly"
"18009062342881135";"1780384869";"Hidup sapi qurban prabowo !!!";"1520036449";"fadil_taher"
"18082571834388142";"1780384921";"@yusyazhari kan emng ga mau salah dan kalah😂";"1285801237";"mahfudinn"
"17872850769511713";"1780384952";"Seperti nya kpk harus turun gunung ini pernyataan ini harus ada pertanggung jawaban nya ga asal ucap karena semua nya sudah di atur dalam uu";"71672164290";"nauraisa19"
"17870028129534735";"1780384965";"Imut nya istri pak prabowo";"5669758854";"rivanfahry"
"18091621295606566";"1780384972";"@wildan_luthfi2428 😂😂😂";"51176488";"ikhwanrdn"
"18077992244227229";"1780384992";"Muak banget liat ni orang🤮";"17444128243";"rahmialishaa"
"18454831069118125";"1780385004";"Pokoknya adaaaaaaa";"1615984700";"shrtina.m"
"18014770055887320";"1780385033";"Km gak dengar sampai selesai atau emang gak bisa paham dengan kalimat nya??? Atau otak mu udh penuh karna kebencian?? Kayaknya Prabowo berak aja nanti salah Dimata org2 kayak kau";"46989292354";"jelimeno_steve"
"18121440430675354";"1780385045";"@elysasputri cair cairrr🤣🤑";"48339647755";"zakiyah_kiiyah"
"18182884729385846";"1780385051";"Sakkarepmu mbakyuuuuu 😂😂😂😂😂";"1903860562";"desty.ade"
"18071547242655517";"1780385076";"@budi.halimmm mau balesin liat profile kok kosong, fix buzzer 🤣🤣";"143923169";"kobodohan"
"18099758033472349";"1780385101";"Mw donk ted 😂😂😂😂😂";"1341950296";"jaka.aditama.1"
"18123108493651992";"1780385102";"iya iya... atur aja deh 🫡 ini juga yg komplain apa gtw aturan ya kalau pemimpin kita ga pernah kliru, kalau kliru balik lagi di aturan pertama.";"2254916227";"merjani_putri"
"17995071170953463";"1780385109";"Atur mas sak capekmu dah";"39485984434";"holifatursy"
"18096288922940913";"1780383820";"emang yang dana pribafi yangbkeluar berapa ? dimana bisa di cek dan akses. trus kenapa kalau punya dana pribadi gak kurban pake dana pribadi aja ? bukan nya atas nama sendiri tuh. tapi malah pake APBN dan di tulis bantuan presiden 😭🫵🏻";"1563187875";"faisirwansah"
"18139556950472375";"1780383840";"@ghiffary_17 pura2 gatau aja kak🤸";"385120333";"nvandryni"
"17871533934528373";"1780383850";"Dana nya pokoknya ada 😉💅";"6063753725";"trystanti"
"17851764093693206";"1780383858";"Alasan kenapa tentara jangan disuruh mengurus negara :
Mereka kira mereka pintar, dan selain mereka bodoh.";"52325832230";"rdpp_007"
"18005264306866995";"1780383859";"tinggal tunggu hasil pemeriksaan BPK aja";"281104970";"imann.rizky"
"18113627800873353";"1780383860";"Tugas wowo selama jd presiden: keluar negri. pulang dari luar negri pidato ngebahas mbg, koperasi, sawit. Selalu membanggakan prestasi selama dia jd presiden pdhl hasil nya 0 😂";"1792066195";"syahrirmdhnn"
"18028375931642857";"1780383866";"😂";"474344750";"fanosuryo"
"18377938957164247";"1780383873";"@iamwk11 gua baca komentar dari atas serius banget pas bagian ini jadi ketawa 😂";"1969274734";"fenilintangutari"
"18106867582766323";"1780383888";"Masih percaya???";"71227118861";"putra_temancerita"
"18160342312458181";"1780383904";"Coba share dong rincian Perdinnya 🔥";"1010988015";"shivarosyadi_"
"18111706612746529";"1780383923";"dih boti satu ini ga terima banget pacarnya di kritik😂😂";"7048365913";"msmirraadrian"
"17942308239037314";"1780383932";"Iyaa iyaaa🤣";"4438498958";"fioran__"
"18125502232625770";"1780383938";"Angle terbaik dari kanan yaaa 🙌 samaa ma aku pak , pasti kanan biar tampak indah , kalo depan aku juga kliatan bulet , TOS duluu";"1734164619";"abysalam"
"18105124954887661";"1780383952";"Kau siapa!!! Turun kau! Kau kira negara ini punyamu bodatt! @teddy_hq @tedsky89";"54313843535";"rama.dani9992"
"18413264143195376";"1780383966";"Makin dijelaskan makin terlihat buruk.";"475751949";"fauzy2"
"18110483309492409";"1780383971";"Kurban aja pake apbn";"625998357";"boengofficial"
"18118547950749476";"1780383971";"Bunda sebel....";"669408143";"danankprasetyo"
"18122347489679188";"1780383971";"Bumaaaaaaa cihuuuyyyy";"643080750";"yogamahardika21"
"18055037114574373";"1780383977";"secara ga langsung berarti emng biaya nya over wkwk";"2462858189";"ariyef.muhammad"
"18100047671155626";"1780383991";"@jarenekae wis mbuh, atur atur aja negara ini buna";"710904834";"gi7ang"
"18014268311853489";"1780384001";"atur jeng";"1698705358";"flamingoo.pink"
"17898242454454839";"1780384015";"Banyak amat yg berangkat.";"310033104";"sugarglider2929"
"18325570069256094";"1780384032";"claim sepihak pakai dana pribadi, buka donk";"1212418726";"m_r3z4"
"18104767189977383";"1780384034";"Ternyata dari sini kita juga tau, kalo yg ngekritik pemerintah itu musti kudu “orang gede” kalo sekelas rakyat gini gak bakal di waro sama dia. Dianggep remahan rengginang.";"1319395445";"zeniamrtya"
"18100056143177486";"1780384076";"@iamwk11 😂😂😂";"2019826231";"elisabutar2"
"17892380073493338";"1780384082";"CERITA BERAK";"1323068491";"n.satria11"
"18104504872956156";"1780384083";"boti boti boti";"177279097";"adlyunusa"
"18072733367333716";"1780384090";"Bulan maaadu gk tuh😂";"3010667053";"nisa_supri"
"18109586434898559";"1780384106";"Tolong kasi berita yg lbh penting";"4219368430";"made.ag23"
"18117338884776991";"1780384110";"😱😂🤣";"53498420";"nugi_17"
"18187696918339029";"1780384128";"Idiih kenapa dy respon gt 😂😂 ngambek aja 😂😂😂";"51946313573";"maharanipuji"
"18091919309606751";"1780384169";"@maskuri jilat trs smpe yaman jd maju😂";"2293777039";"budi.halimmm"
"18086030132100175";"1780384186";"klarif mulu isinya cuma bacot mulu";"3456588939";"gothemadri"
"18082293065404174";"1780384192";"Mending diam nggak sih bunted?";"4442932670";"riyati93"
"18086445629624336";"1780384198";"@iamwk11 bang udah bang ya allah ah";"506324015";"iisumaryah.junan"
"18443238154188732";"1780384207";"Shap ses";"3424522614";"potatoobanana"
"18393486427088351";"1780384231";"Kurban aja APBN 🙂‍↔️ iyaa iyaa percaya sayyy";"4346695503";"muhamadirfannnn_"
"17940089775247572";"1780384264";"@estiyunho_ kurban aja pake APBN, yakalii perjalanan dinas ke LN pake uang pribadi. Kecuali emg tujuannya buat hanimun sama nda😍";"1695167629";"listysm_"
"18138628423536144";"1780384297";"@iamwk11 🤣🤣🤣🤣🤣";"1276504293";"maria.mentari.ginting"
"18113934514880578";"1780384310";"Dilarang ngga kl sulit percaya 🤭";"47384294516";"destiwahyukurniawati"
"18091026395251273";"1780384315";"Bulan madu 😂";"2141442463";"iputtalawiyah_"
"17946038877079515";"1780384316";"Tidak ada transparansi = percuma";"2229216617";"mapri28"
"17914768494388272";"1780384329";"@iamwk11 😭😭";"7047017218";"uburburyupi"
"18094674215239958";"1780384342";"@elysasputri cair 20rb perkomen";"1276504293";"maria.mentari.ginting"
"17865552537652694";"1780384345";"Sama ..pakai banget...😢😢😢";"1553085376";"mamakece33"
"17949397796999762";"1780384383";"🤣";"1276504293";"maria.mentari.ginting"
"18175849834405200";"1780384383";"PERNYATAAN AMIEN RAIS BELUM JUGA DI RESPON 😂 @teddy_hq";"2144233278";"gustikrisnaaditama"
"18450203779118822";"1780384393";"Uang pribadi Prabowo itu ada garis keturunan nya nggak sama Pesta Babi di Papua atau kebun di Sumatera atau mungkin Kalimantan itu?

Ya sama aja Gali lobang tutup lobang 🙏";"589437410";"umiarifah_y"
"18116764924831328";"1780383199";"the real puvlik enemy";"33537916843";"mrep_art"
"17901064317450078";"1780383228";"Pokoknya ada.. Cape banget Pura-pura maco😂";"3167553534";"harrysepti.an"
"18096866126177702";"1780383253";"Iya lah, bandingkn aja berapa yang dia keluarkan dengan berapa yang dia dapat dari mulus nya bisnis dia bersama oligarki nya, menghancurkn hutan papua😂";"7050070267";"agus_indrawannn"
"18064736792448385";"1780383266";"Grasak grusuk bgt sih😑";"63848679692";"red.cherr.y"
"18343331818169033";"1780383275";"😂";"3246381831";"pgst_07"
"18100673039517603";"1780383286";"@iamwk11 pokonya adaaa 💅🏻💅🏻💅🏻";"6095790259";"dr.febricitragung"
"18123543586711472";"1780383299";"bilang uang pribadi tu kemakan tau di warga tiktok ama pndukunh nya...pdhal itu ngelanggar aturan, dan ga bisa dibuktiin juga. Cuma ya udahlah yah, orang kita demen disakitin 😂";"1560452108";"abdirivaldi"
"18085478246573281";"1780383307";"Oalah buna keakehan cangkem";"35908000";"isnadl"
"18324994921284182";"1780383318";"Presiden yg tertukar. Pak Dipo maju trus!";"40065141";"karlinaveronika"
"18339703822217644";"1780383320";"spill skincare dongg ses";"61824748731";"kidd0s.co.id"
"17851738380692175";"1780383324";"Pejabat karbitan ngremehin diplomat berpengalaman.";"4706456378";"gaya_muda_on_shop"
"18123887854642705";"1780383356";"@ikhwanrdn pritttttttttt......";"4528684468";"wildan_luthfi2428"
"18222421342324692";"1780383386";"Ngantuk bun, yapping ae";"2265423281";"dimasijat"
"18002344370942072";"1780383388";"Ibunya klarifikasi";"2363895025";"subekhie22"
"17877329610605366";"1780383437";"Pgn gw kuncrit itu lambe, nyinyir amat, dih";"3412527437";"creamylatte_xoxo"
"17891012535487522";"1780383439";"@amelliaamiia gelooo";"374464271";"tika_widz"
"18097301819470048";"1780383468";"@capt_zach1 ya silahkan tny ke istana dong😂 istana ud jwb prabowo ad pake uang pribadi lu g percaya ya urusanmu , gw percaya lu mau apa😂";"2293777039";"budi.halimmm"
"18106057550062015";"1780383470";"Bu TIWI jangan marah2 bu";"230296124";"denimmar"
"18090605570524522";"1780383492";"@capt_zach1 yg penting dr pagu angaran g minus brti ud sesuai logika simple😂";"2293777039";"budi.halimmm"
"18092590196203506";"1780383494";"Urusan negara/proyek negara ngga blh lh pake uang pribadi🙌blunder nh bunted";"52731305896";"tria_minoruu"
"18109488884509082";"1780383533";"@ardianryz_ Zlebbbbb😂";"2725809054";"martha_tian12"
"18143932039455086";"1780383585";"@ini_angky @panglimatniindonesia tlg pak jgn ada gay di tentara kita";"27042688046";"teddy_goalss"
"18024250154827366";"1780383589";"@ghiffary_17 buzzer kasta terendah.";"4706456378";"gaya_muda_on_shop"
"18045534977787850";"1780383595";"@psychedeliaa buna angle kanan? Untung aku kiri takut bgt rebutan";"203675708";"anitaervina"
"17933676507086377";"1780383601";"@elysasputri Bilangin sama Buna kalo beli mas kawin d tmpt situ aj ses 🐒💩🤡";"2725809054";"martha_tian12"
"18125873473621210";"1780383625";"MASA?";"4266766638";"dhaniramadhan91"
"18112434694687445";"1780383628";"Pke uwang sndiri krn apbnnya uda tiris buat beli sepi 🐮 😌";"273803515";"aryanifanny"
"18007214153863953";"1780383634";"Gak percaya";"3153600313";"riapuspitafitri"
"18109765742500476";"1780383634";"Pernah walau hanya diberikan selama 3 bulan, kok kaya nyolek balik";"1522705754";"daniel.arnest"
"18039986726602639";"1780383646";"Bulan madu ga tuh😂";"2316998560";"jenna_sorra"
"18122534185638433";"1780383648";"@joeardians lha iyakk.. S3 jurusan TikTok ni bos, sendol gong!";"3268041552";"asildo_0"
"17884311057420798";"1780383661";"Yang bisa pastiin itu pake duit pribadi siapa?";"2525579218";"fajar.df"
"18092818652003312";"1780383662";"Bisa gt ya";"267224647";"rjehann"
"17919471045365201";"1780383668";"Sepanjang sejarah punya presiden. Baru kali ini, bener2 baru kali ini beda sendiri";"359060279";"me23ie"
"17966512298917867";"1780383691";"Bener kata @tempodotco, harus angle kanan 😂";"2227041991";"yadimafata"
"18004493450747315";"1780383705";"Emang ngaruh ya Klarifikasi kaya gini, kalo ke gw pribadi gak akan ngaruh sih yaa, coba Klarifikasinya pake data, pasti gw akan kaji ulang, takutnya ada data yang salah wkwkkwk";"1632219336";"farhanhamdii"
"18123769468638415";"1780383706";"";"3987044648";"baahriii_"
"18093899816189753";"1780383709";"@dhiandwirtns ya rugi lah 😂 gimana coba buktiin duit pribadi sama duit negara kalau kecampur2 gitu? trus kalau ada kelebihan diluar kewajiban berarti kan dia ga bisa ngatur kegiatan dan budgeting dia yg mana misalny bisa sehari eh malah dua hari...trs ngelanggar undang2 juga, yg mana harusny kan ada penyelidikan yg mana itu jd kluar kan uang logistik untuk penyidik... cuma karena rakyat ga protes jdi ga jalan deeh";"1560452108";"abdirivaldi"
"18104264594513739";"1780383713";"Gini ya ted, agenda prabowo ke LN tuh dinas atau holiday? Krn menurut logika gua nih ya, gak masuk akal kalo dinas pake duit pribadi mana itu rombongan pasti lebih dari 30org.";"2284450136";"__dkkb__"
"18106330963871077";"1780383729";"bacot lah";"1589884494";"asnkwan"
"18155658832414440";"1780383735";"Pokoknya ada !";"358643215";"ejassetiawan"
"18046820318786551";"1780383739";"@hutrisaysukau padahal beliau diplomat berpengalaman 30tahun. Pendiri diaspora Indonesia di luar negeri, dubes Indonesia untuk AS. Jubir Indonesia saat berunding dengan Ramos Horta.";"4706456378";"gaya_muda_on_shop"
"18601077094046508";"1780383742";"@jerryhaner masa dia mo lipa carita pa torang 🤣";"243500560";"blessrael"
"18010530305856784";"1780383749";"@__dkkb__ soalnya gini ya, kemarin kurban 1098 sapi aja make apbn kan? 🤷";"2284450136";"__dkkb__"
"18075730187655253";"1780383767";"ih sok cantik deh beb";"343575496";"adamsnasution"
"18045676346716725";"1780383771";"Coba liat rinciannya dong, kesayangannya pak pres.";"5989182857";"xomeh_c"
"17977844028035049";"1780383785";"Si buna lagi sensi jd asal jeplak lagi😂";"40362499523";"yan001206"
"18116366473790540";"1780383795";"WALAU HANYA pengganti POKOKNYA ADA 😂😂";"238213018";"viaarna"
"18079976171542683";"1780383818";"Mamam tuh gemoy";"5478243073";"bukan_lagie"
"18083702516420905";"1780382723";"@wiranata.ace betul kak, dan sptnya beliau lihat keresahan netizen, tapi beliau lebih pilih klarifikasi daripada membenahi☺️";"1764081950";"sifafitriia"
"17888757282546327";"1780382724";"@yennysoebandi , Baca ini Ses .. https://www.threads.com/@alfianzhy/post/DZEPhGIj6VG?xmt=AQG0dOB2Tlu1570ZLs0tK6anOs8bG9r28w8GQkdVC29MypJtYA14r3lmkKiQXu1AWm3l4HE&slof=1";"2208497010";"yennysoebandi"
"18077600873245712";"1780382729";"Baik lah dinda.. 🤦🤬";"4397545824";"eri.riyadi"
"17903705247434343";"1780382732";"@imamperdanaputra ad pagu angaran sesuai PMK agar tdk melebih budget jadi gini misalnya pagu angaran 10M tp ternyata mau terpakai 12M nah itu g boleh krna ud ad pagu angaran jd 2M itu diluar kewajiban negara ud paham?";"2293777039";"budi.halimmm"
"18167296609440105";"1780382743";"dr jaman dulu juga dana kemasyarakatan presiden dr apbn, kok baru koar2 skrg? baru beli paketan internet apa baru keluar dr goa? 😂";"1537736864";"deffnd_"
"18178368151405942";"1780382752";"Lagi Room Tour kantor Seskab ya?";"5320758842";"lutzfy.21"
"17970802622904409";"1780382757";"@raflyramdhan21 hahaha ikutan ketawain barisan sakit hati ahh 😂";"2077136993";"ericaolyvia.makeup"
"17975683778878793";"1780382762";"Krn yg jwb ini g ada ilmunya 😹 jd pejabat publik g bisa senaknya sendiri bahkan bicara saja hrs di atur dan dipikirkan dl sblm di sampaikan";"1314833322";"small_0n3"
"17890267761516325";"1780382763";"Sapi untukk korban aj ditanggung APBN apalgi presids5 mikir saja 😂";"9387094923";"wawancules12"
"17969707997907651";"1780382771";"Kalau sudah berpasangan memang banyak dramaaa @abmhdmly";"1273661610";"claudeadevada"
"18122853205657025";"1780382796";"@estiyunho_ negara sedang g baik2 malah jalan2";"1314833322";"small_0n3"
"18098418587130077";"1780382826";"ututtuuui so sweet nya ibu negara membela awkwkwkwkw 😍😍😍😍";"1233344672";"arfiaiman"
"18084413363399886";"1780382830";"@ericaolyvia.makeup ga nyambung konteks nya apa, malah barisan sakit hati tolol";"2208686364";"raflyramdhan21"
"18105341282304823";"1780382853";"";"2253892492";"mchutama"
"18099520310144927";"1780382870";"@ericaolyvia.makeup aneh, argumen gitu basi. Masih aja ngekotak-kotakin. Sakit lu";"322122687";"smrhff"
"18117648976771697";"1780382893";"@hihidayatyat kalau pagu angaran 10M ternyata dibutuhkan 12M maka 2M itu diluar kewajiban negara";"2293777039";"budi.halimmm"
"18084789071452740";"1780382899";"Qurban aja pake APBN. 🫵🏼😂";"66777647892";"theorandaru"
"18340306504219245";"1780382902";"@sifafitriia bener, alih2 meminta maaf atau mengkoreksi diri dy malah nyari alasan yg dy anggap logis, padahal semua orng tau itu akal2an aja, presiden makai uang pribadi utk perjalanan dinas?? Wkwkwkwkwkww";"2413424126";"wiranata.ace"
"17919370068161198";"1780382904";"Semakin dijelaskan semakin tidak jelas... suka-suka loe dah mince🤦🏼";"326963889";"mas_azis_saja"
"17960410014068671";"1780382904";"Awas ye reimburse";"33014615";"frznfl"
"18125991607626830";"1780382906";"Loh kan ini menjawab dari pertanyakan dan penyataan keliru, kok tidak menerima kritik, cetek kali logikamu";"4225586396";"fandi_alfiano31"
"18093095027211253";"1780382907";"Helehg krisis yg di s3ngaja";"535632436";"tiara_kusumaa"
"18140741854524614";"1780382908";"Tiap di kritik pasti nge counter";"498075298";"davisatriany_"
"18589521817021840";"1780382918";"@budi.halimmm Iya terus apa aja  biaya yang ditanggung dana pribadi prabowo budiii? Dari tadi ga nyambung mulu apa yg ditanya dijawab apa, malah lari ke anies wkwk, disana masih pilpres kah?";"43481487315";"capt_zach1"
"17891601714484500";"1780382920";"@asildo_0 dikira kita ga punya logika ya😂";"693610434";"joeardians"
"18219394189322268";"1780382920";"Dana pribadi?  kykny waktu debat sama salah satu Partai,ada yg belain mreka bilang pa Prabowo itu pake dana pribadi utk aktifitas apa gitu...CMIWW";"418271527";"rzotong"
"17875542906486707";"1780382944";"Enya percaya sist";"1545715387";"eka.hariyadi"
"18131819806603482";"1780382949";"Kalau oknum di atas bener, lu ga bakal dapat panggung.";"1312617667";"winayasa"
"18364795261231180";"1780382958";"@ardianryz_ 😭😭😭";"223328977";"ratnadzul"
"17867315646684871";"1780382962";"@rani_musodah mewakili suami....😂😂😂";"3218439716";"kabow_1205"
"18104355250975304";"1780382979";"Heleh dulu ditawari bantuan LN yo gamau heheeee";"1466408601";"dheafirdaus14"
"18089516771077612";"1780382980";"Iya iya buna 😒";"450512778";"meiinameii"
"18091612673459848";"1780382996";"Istriny pasang Badan 😂";"7325455891";"money26maker_"
"17913361980205842";"1780383017";"Bisa di audit gak nih laporan keuangan sama hasil kunjungannya bunaa 😍";"206684770";"tyascuppyy"
"18122581354629909";"1780383018";"";"1516973456";"adhonsiahaan"
"18154207672419456";"1780383058";"Prabowo nya happy dengan Teddy.";"5948017696";"johnny_pattipeilohy"
"18424329700130763";"1780383063";"Seskab otw Brigjen tahun 2029🔥👏";"1400470137";"ugie239"
"17856866976663385";"1780383084";"pemerintaha. amburadul";"55887481734";"theend30.90s"
"18190477210372228";"1780383098";"Mau jadi apa nih negara 😢😢";"1500929529";"hi_dedesapt"
"18078658352261010";"1780383104";"Nah";"1647941805";"deden_muhsin"
"18172257340416211";"1780383108";"Pokoknya adaaaaaaaa";"1985629254";"nadiaranaka"
"18117758269775948";"1780383125";"Kurban idul adha aja ditanggung APBN apalagi kunjungan LN..kocaknya minta ampun😂😂";"1400470137";"ugie239"
"18105353173987448";"1780383133";"Kok nggak "pokoknya ada" ?";"173713292";"hrtsbhtr"
"18123358699659215";"1780383140";"Bismillah Prabowo 2 period, the best of president💙";"215701602";"azieinst_"
"18107464333947808";"1780383158";"Bernegara pake uang pribadi mulu. Coba cek dong pendapatan bulanannya berapa si? Halal gk? 😂😂😂😂😂";"1398420983";"aldgnnjr"
"18056848340736350";"1780383164";"Lah , kalo biaya sendiri berarti bener dong jalan jalan dan liburan alias bolos kerja (?) Emang presiden hari kerjanya sebebas itu kah ?";"1573318927";"mitha.ymr"
"18042111434600702";"1780383178";"TERUS MENLU Lu ngapain aja";"15947134327";"kurnivorra"
"17922079062147514";"1780383181";"Sedari awal awake seneb nepuk jelemane ne";"1098721848";"yogabagaskaraa"
"18393013657090575";"1780383183";"😂😂😂";"1424843248";"rahadian_tommy"
"18092252930362759";"1780382291";"Hub diplomasi🤮buang²anggaran👍mungpung jadi plesiden👍klo dah menjabat ga bisa ky skr👍";"1796281149";"ryan_sketchart"
"18046984178780293";"1780382296";"@budi.halimmm yaudah emang biaya apa yg di luar kewajiban negara? Selama keluar negeri urusan dinas,  ya semuanya harus pake duit negara.";"29665082097";"hihidayatyat"
"18002786588930206";"1780382298";"Capek gasih??😖";"608447197";"andiniassaleh"
"18026954063648746";"1780382305";"Beda konteks kesan tidak menerima kritik dan saran dengan sebuah klarifikasi dan penjelasan dari seskab.

Mungkin penggunaan dana pribadi mengingat adanya kebutuhan yang diharuskan kunjungan ke LN sedangkan beliau melihat anggaran perjalanan dinas bisa di alokasikan u/yang lain.

Sekarang yang diharapkan sama ente penjabaran yang seperti apa?

#cmiw";"1812495020";"dika_opb"
"18082422581402109";"1780382315";"Mana bukti nya ??";"535877914";"hera_karinsa"
"17958445185132871";"1780382320";"Ada yg baru tau lh klau gini brarti emang anti kritik ini penguasa";"2021919362";"willean_saputra"
"18396601729082122";"1780382337";"Eh dia presiden sekarang? Oooo ya ya ya";"12247000";"rigikems"
"18148661107496171";"1780382338";"bapaak jgn main² ya sama bunda Tedy merangkap ibu negara.nanti di cubit tau rasa😂";"968913277";"pa_ijo"
"17884397577567416";"1780382354";"@teddy_hq 🙌🔥👏";"3437944595";"namanyaallen_"
"18030299765818212";"1780382354";"Ngaco";"3540727963";"alxandr10"
"18112782767496121";"1780382368";"@estiyunho_ @teddy_hq";"3437944595";"namanyaallen_"
"18052890053513641";"1780382374";"Ah plr ted";"2104426438";"d.bagas.ra"
"18118800589753245";"1780382381";"@iamwk11 kok aku yang melted bacanya 😂";"26907504892";"sharvari.luna"
"18204097810350946";"1780382393";"Udah di pangkas yg ikut aja masih over budget kok bisa?";"212177801";"sulistio.gomez"
"17873625351502370";"1780382402";"Alahhh alahhh";"1967492084";"tirzarangkuti"
"18100284188131191";"1780382402";"@desyariri aku gausa muk tag ws muakk ngrungokne ket isuk";"573965548";"trimeii"
"18081320285208758";"1780382412";"qurban aja pakai APBN ini gegayaan pakai uang pribadi";"2023744132";"kojirohyoga"
"17973455970107540";"1780382431";"Makin.. makiin.. gak percaya🙌";"11290684379";"liyamarselina"
"18018489893686556";"1780382442";"Jawab ted. Jangan sampe dijawab "pokoknya ada"";"35780096477";"estiyunho_"
"17891707500489840";"1780382447";"Aura nguaatoke kuat nget";"1194952716";"diahayu_mamadiandra"
"17919512844367453";"1780382471";"Duitnya prabs kan jg dari kita2 sbg rakyat";"262780312";"fafaifaa"
"18222593557319912";"1780382479";"cuih";"4142561436";"mfadililham"
"18116777536834037";"1780382481";"Udh muak muntahh";"1466207111";"meta_nalaranie"
"18473384767102962";"1780382488";"Emang masih ada yang percaya ucapannya 😂";"399933533";"ranggatara"
"18085359761530179";"1780382521";"@ikmallrmdhn semoga nanti calon istrimu tidak menyesal punya suami sepertimu yaa 🤗 ku doakan kamu lembut hatinya , sehat lahir batinnya kak 🤲";"1471090434";"kimdaffyoung23"
"17892157551477788";"1780382525";"disangka beli elektronik kali ya, split payment pake dana pribadi > kalo lebih dari budget APBN";"6235752397";"airbookfreeee"
"18088300046086673";"1780382548";"iyah iyah… capekk ah";"316806807";"fitrah_taher"
"17892528420533192";"1780382555";"Cangtip";"3141367087";"gorilabiskuit"
"18427425247124162";"1780382562";"@aryabopan kok giliran qurban pake duit rakyat?pikirkan secara logika🥱";"1618404982";"rickyadriansahh"
"17913450087199227";"1780382568";"@surasilver6 sapi item tulisan nama prabowo itu foto qurban bapak thn2024 sebelum jd presiden ... makanya jgn cuman nerima berita hoax nya doang , cari tau info kejelasan nya ..❤";"2077136993";"ericaolyvia.makeup"
"17851565394695499";"1780382586";"@budi.halimmm Mas Budi kalau memang yang dimaksud adalah biaya diluar kewajiban negara yg dibayar sendiri, artinya semua biaya yg seharusnya ditanggung negara tetap dibayar dengan uang negara. Ini malah mematahkan semua klarifikasi Pak Seskab. Karena dengan kunjungan yang sangat jauh dibandingkan Presiden2 sebelumnya, uang negara yang dipakai pastilah sangat tinggi. Kan yang menjadi soal dari Pak Dino demikian.";"866399108";"imamperdanaputra"
"18266750935295397";"1780382595";"@blessrael weyyyy😂😂😂😂😂";"250248835";"jerryhaner"
"17912225766405207";"1780382598";"@b._reski di bayar ? Maaf buka buzzer akun pribadi lahhh";"2077136993";"ericaolyvia.makeup"
"18063832841466025";"1780382600";"HAHAHA";"6266137999";"panggil.mintul"
"18103097759121536";"1780382603";"Perjalanan Uang Pribadi Tapi Qurban APBN ? fahamkam sampai disini 😂😂";"1065701241";"izoelas99"
"17971517007101325";"1780382627";"@irwsyahhh uuuuhhh iya lahh sy mah si paling tau 😂";"2077136993";"ericaolyvia.makeup"
"18082526714635166";"1780382629";"Stress , kurban pake APBN urusan kenegaraan pake biaya pribadi. Curiga gue , keknya urusan pribadi dia kemana mana. 😂";"44733431190";"selalu.josh"
"17884333083418850";"1780382631";"gak pernah semuak ini sama buna 🤢🤮";"205446666";"marvercas"
"18087131999377146";"1780382634";"Terus Report Evaluasi hasil kunjungannya mana..?? Pointnya apa saja??";"4375201629";"abang_bima26"
"18069540638379450";"1780382636";"@sifafitriia artinya orang ini gk paham ama tupoksi kerjaannya dy, dy itu seskab yg fungsinya menjadi penghubung kabinet kepada presiden dan sebaliknya, soal masalah klarifikasi itu harusnya JUBIR ISTANA yg boleh menginformasikan, akibat jabatan give away ya gtu";"2413424126";"wiranata.ace"
"17965464510086015";"1780382648";"Perjalanan negara..di tanggung pribadi???? Gimana konsepnya? Pertanggung jawabannya?? Agenda negaranya apa tentunya jelas sistematik masuk dlam anggaran ..ini negara lho masa suka2 gue.. sedangkan sekelas event kelurahan saja smua jelas terperinci maksd dan tujuan event  serta anggaran biayanya😢😢 dengan seskab bicara kayak ini.. rakyat jadi tau kalo emang sistem pemerintahan saat ini "agak laen"😢";"1557225857";"sandra_ingki"
"17935800294256401";"1780382655";"";"1273870224";"rubenwsd"
"18105258887475003";"1780382663";"BOT..";"3931313420";"anggaaryosetiabudi"
"18145363084507117";"1780382669";"Mamah Teddy";"2332940150";"husenfadliahmad"
"17972398872025187";"1780382683";"Kurban aja masih pakek APBN , masak liburan keparis pakek dana pribadi , aneh bgt";"1711813646";"did_dyah"
"18124538728725021";"1780382700";"Camkan boi @gi7ang uang PRIBADI.";"1445810980";"jarenekae"
"18184207516382858";"1780382710";"@ericaolyvia.makeup apanya daerah saya ada sapinya tulisannya Prabowo masuk berita lokal juga, kalo tolol jangan kebangetan.";"2208686364";"raflyramdhan21"
"18213416533329270";"1780382712";"nah jdi blunder gk si ini ?? lah kunjungn presiden dalam rangka apa ?? klo untuk negara pake uang probadi brrti ada yg bsa ajh tidakbtercatat dn tak resmi ?, presiden jaln jalan apa urusn bernegara ?? ini kok malah jdi pembelaan sih ?? bukannya hrus menerima kritik";"1274544779";"dianayu.nuranggraeni"
"18067712534697099";"1780382713";"Terimakasih banyak Pak Dino 🙏🏻 kualitas isi video Pak Dino lebih berbobot daripada video klarifikasi ini. Masa klarifikasi tingkat negara kok pakai mgomong “walau hanya 3 bulan menjabat”, itu semacam bentuk sindiran. Tapi paling fatal sih pakai uang pribadi, kan ini perjalanan dinas ya? Ada aturan nya kali.";"33936516";"paparons"
"18115720504828363";"1780382717";"Oke sis";"1559239221";"kythshoes"
"18125471917650331";"1780381909";"kelihatan dr muka nya tedy si gemulai ini muka2 yg sy tdk yakin bs bw Indonesia maju dr cara bicara dan kerja dia selama ini";"4344097772";"aisyah_alexandria"
"18371963623202284";"1780381915";"Coba kita tanya ke pak purbayaaa aja";"373782848";"sarasiaranury"
"17919079374165482";"1780381922";"sangking cintanya wkwkwk";"802702704";"ilmpgb"
"18082106708626065";"1780381927";"Pemerintahan ini kebanyakan klarifikasi😢";"2203096717";"ernierlianti_"
"18120503362734717";"1780381948";"Biar apa???? Biar biurrr lah";"2943219957";"tdkknw"
"18113434084677241";"1780381950";"Nyenyenyenyenyeeee";"1573546288";"____nndyrlnd"
"18421187521134268";"1780381957";"@capt_zach1 lah udh dijelasin data dr perjalanan dipotong dr 120 jd 60😂 kl bkn data jd apa 😂";"2293777039";"budi.halimmm"
"18439823779186979";"1780381958";"Pake uang pribadi salah pke uang negara salah kontol emang jadi rakyat";"2217443184";"sflanwarrr"
"18100960426863528";"1780381967";"@ardianryz_ cuapeeeekkk";"2015208025";"lindacrieztina"
"18015991316851967";"1780381969";"@widiashufi ses 😂";"500640715";"martharahap"
"17894621556341430";"1780381972";"Ya pokoknya ada ajalah 😂😂";"1237551508";"aidaadindaa"
"18111281458760088";"1780381974";"@elysasputri apa hubungannya sm anis😂😂";"443285832";"jihanfbtn"
"18155169610464810";"1780381980";"Biaya bikin video klarifikasi ini berapa ya, editannya niat banget soalnya";"1515397044";"anggaaryaph"
"18105951163962968";"1780381981";"@capt_zach1 jgn nangis ya buzzer , kl prabowo presiden lu bs ngebuzer dpt makan kl anies yg jd presiden prabowo g mau rekrut buzzer nnti lu gbs makan";"2293777039";"budi.halimmm"
"18558198007066805";"1780381992";"@iamwk11 😂😂😂";"1992009309";"tertialude"
"18096236773964993";"1780381996";"@widiashufi sess gak tuh 🤣";"2015208025";"lindacrieztina"
"17949148170176384";"1780382001";"Pretttt";"1670141518";"ceriasinta"
"18135079519571404";"1780382008";"Percaya????";"1642149534";"ziadalfarazi"
"18167206345429740";"1780382014";"Pokoknya ada";"347783977";"satuinspirasi"
"18600253492011587";"1780382014";"Vibesnya ses-ses banget deh😂";"1557295931";"firdafdlla"
"17907580176424307";"1780382016";"*bertanya dgn nada lemah lembut dan penuh sopan santun dengan ketidaktahuan yg benar² tidak tahu: "Hasil konkret yg sudah dicapai", Boleh disebutkan/breakdown, apa saja itu?";"574070447";"mta_yn"
"18350882161212963";"1780382027";"Masa sih sista?";"3415969654";"rafrafliano"
"18325561519265455";"1780382045";"Jangan hanya lisan.buktikan biar rakyat percaya";"1926569488";"bobonmaungsong"
"18121360021672913";"1780382051";"cucookkk";"1417243338";"erickjanuardhoo"
"18020486219839502";"1780382059";"Aduh bunn 😢";"273360832";"yayafaraa"
"18013620785907402";"1780382066";"Kunker pake dana pribadi. Qurban pake dana APBD pake nama pribadi pulak. Kan ajg bggt";"2205989949";"ajobobi8"
"18104196023056658";"1780382072";"Emang warga Ig kaya taii semua,pake dana pribadi salah pke dana negara salah maunya apa sih lu pada.";"2217443184";"sflanwarrr"
"18071375165679252";"1780382079";"@iamwk11 ini maksdnya syahrini kan bg 🤣 maju mundur syantik syantik";"1336849098";"putra.afriadi_"
"18117149230789126";"1780382115";"@iamwk11 😅";"581317178";"sta_aria"
"18082202609446236";"1780382127";"Wah .. yang kritik lulusan kuliahan, yang jawab kritik lulusan hutan 😮";"51035465973";"sufyanrs11"
"17916752382182142";"1780382130";"Bacot ted ngtod !";"5829014365";"_musafirlokal"
"18137938165553429";"1780382133";"@iamwk11 ga lupa, angle kanan supermacy";"213944549";"psychedeliaa"
"18111159043926315";"1780382135";"Masaaaaaa 😂😂😂";"4221607287";"fransiskamaharanii"
"18112795894677324";"1780382136";"@denis_icko cusss";"615343055";"nataliebebby"
"17927118681337480";"1780382138";"@ardianryz_ 😂😂😂";"5111232612";"rajaseblak_kradenan"
"18081193877170894";"1780382159";"Iyuhhhh";"6683163046";"16teyesilalahi"
"18184291993387638";"1780382184";"Halah kemenyekk";"1293506256";"idayoekomang"
"17885803260564320";"1780382218";"@rezalatas jan ganggu orang lagi seneng apa bang 🙂‍↔️";"255735083";"mosyaifan"
"18168408196434296";"1780382219";"Muak bgt ted! Gini amat biar keliatan kerja.";"641377061";"itscahayajourney"
"18114559210852001";"1780382221";"Seskab ngomongin hub diplomasi luar negeri😅";"5602982621";"dimitrisz19"
"18083107565436572";"1780382232";"Akhir akhir ini perekrutan media homeless sudah mulai menuai hasil 😍";"1821551198";"noeleael"
"18096199346143659";"1780382232";"Iyain aja deh";"48193900";"raflesiaditajs"
"18594094060057890";"1780382232";"@sifafitriia pokonya ADA 😂😂😂 BOTY EMANG JAGO NGOMONGNYA...LEMESSSSSSS";"1741096699";"ini_angky"
"18086927795099140";"1780382258";"@zelinsidik setuju bgttttt";"2227211534";"yanuaresta"
"18354763630212241";"1780382267";"Nyinyir ya Kayak Emak2";"4294358258";"ihsan_as92"
"17964285171093764";"1780382271";"Klo kita tanyak perjalanan apa pakai uang pribadi , ntr di jawab pkok nya adaaa 💅💅👨‍❤️‍👨";"61730890605";"nnurmaawt"
"18331288777265392";"1780381430";"Atur aja ses, jangan lupa reimburs biayanya kalo pake dana pribadi ya. Lawak mulu nih pemerintah, udahan ya, keliatan benget gobloknya, malu kita";"1832999542";"ridokusumaaa"
"18130776316606285";"1780381442";"Komen lu doank yang pinter gan🔥👏";"439525560";"thdvt"
"18123259918648780";"1780381463";"KALIAN PERCAYA??";"2315077480";"arif_wi7aya"
"17891953458492924";"1780381473";"@ardianryz_ cape bgt sayy.. 😂";"1574771951";"budi_drajat"
"17943698856199807";"1780381473";"Lah qurban ja kmrn pake APBN, beneran itu pake duit pribadi???😂😂😂";"48795524687";"hary_riy"
"18119944078776694";"1780381486";"Pengennya semua ahli yg paham duduk semeja jangan hanya pak dino saja ....";"46747671990";"wiekyul25"
"18021177524839677";"1780381488";"Presiden sekarang tuh ga punya jubir resmi ya ? Dia lagi aja yang nongol";"259837713";"chest.aditya"
"18065228768425640";"1780381504";"@iamwk11 kak 😂";"2084421618";"raatihp"
"18106978666755164";"1780381509";"Orangnya banyak amat yak, mau ngapain si? Arisan?";"439525560";"thdvt"
"18104775082796319";"1780381524";"uang pribadi tp qurban pake uang negara 🤣🤣";"206199628";"rindianiis_08"
"18408949324148638";"1780381531";"Sayang kali aku sama presidenku ini.😢😥";"1611934339";"afrida_saragih"
"18129274195523640";"1780381532";"Dia ga bilang perjalanan dinas tersebut sepenuhnya ditanggung pribadi kan? Cuma bilang kelebihan dari yang dianggarkan? Atau mungkin saya salah nangkap pernyataan beliau? 😂😂😂😂😂😂";"2803315682";"novapratamax"
"17871405900616643";"1780381535";"";"1019687158";"gustidimass"
"18082690184396634";"1780381542";"Kaya definisi istri membela suami 🙄🫣🫢 eehhh";"3189407548";"hannazadjie_"
"18107098189878987";"1780381546";"@rani_musodah dia itu Menstruasi (Menteri Segala Situasi dan Kondisi) 😂😂";"537640123";"nanasgrafi"
"18084011495563890";"1780381548";"@iamwk11 😂😂😂😂";"2952195065";"rinny_dansen"
"18072173135676777";"1780381558";"Makin dijelasin, makin kelihatan Blundernya 🔥🔥";"1528206132";"penanotvecna"
"18055689161721951";"1780381565";"Panik,";"541096375";"_______varmind0"
"18080964632539358";"1780381567";"Lu atur aja .......deh tedoyyyyy";"1048351632";"zahendrazarkasi"
"17899481061446665";"1780381569";"Jijik banget sama pemerintah sendiri";"1939658635";"titatitula"
"18073805207316566";"1780381574";"Bohong dosa masuk kerak neraka jahanam 🙌🔥";"3550291379";"aipdpo"
"18012571271885428";"1780381597";"Ketika menyebut “walau hanya 3 bulan” disitu tanda sakit hatinya terluapkan";"2949475251";"cepinur_maulana"
"18096631807936161";"1780381600";"Gass terus Queen.... 🙌";"1488386428";"bayunation"
"17892515499499544";"1780381603";"Sested : Smua diplomat hebat ... tau itu. .... Iyo taaaah ?? 😂";"2208497010";"yennysoebandi"
"18118406533754547";"1780381610";"iki a nyun??🤣🤣🤣";"7416223208";"sathiyadesta"
"18100862681117942";"1780381631";"@budi.halimmm halo bang Budi, kayaknya kekeuh banget belainnya. Saya mau berbagi pengalaman pribadi aja di sini, mudah-mudahan jadi pelajaran. Saya punya teman dekat, yang beberapa tahun lalu, ayahnya (mantan dinas pertanian) dihukum penjara karena pernah menolong para petani ketika terjadi bencana banjir, dengan uang pribadi. Masih terpajang di rumahnya, foto saat beliau diberi penghargaan oleh pak SBY. Namun semuanya seperti dunia terbalik saat beliau dikasuskan, perkara penggunaan dana pribadi demi tidak merugikan negara tadi, dalam situasi yang genting pula. Mampir bang ke kota Jambi, saya di Kota Baru, kita ngobrol-ngobrol, supaya saya tau bahwa penggunaan dana pribadi itu tidak salah, jadi saya bisa bantu jelaskan juga ke teman saya bahwa hukuman untuk ayahnya dulu ternyata memang salah.";"37365940098";"di.mosque"
"17921936766141827";"1780381645";"Ini siapa sih?";"2111258742";"ako50570"
"18171086248424155";"1780381657";"Bohong itu dosa";"1278925851";"harlynatio"
"18431811721192658";"1780381663";"Udah biasa jadi tukang cebok #eh";"2673863337";"arisyi.yusran"
"18055305938741488";"1780381672";"berisik ih seus TIWI, dasar emak2 komplek";"7574907969";"__kolase__"
"17966727186119612";"1780381709";"@iamwk11 diabolical comments 😭🤣🤣";"729863086";"ottermcnugget"
"18105486820987299";"1780381714";"Emang menjijikan kabinet skrg ini yaa isinya org2 tidak kompeten yg ditandem utk kelola negara, yaa jdnya bgini..👏👏";"1219088411";"novy_2103"
"17867936691623293";"1780381716";"";"11125896463";"almuhamar2017"
"18329043655264444";"1780381736";"@hariyadisa_ enggak 🤭";"272889923";"deeoktav"
"17890087269377994";"1780381744";"SEPAKAT🤝🏽";"3067251420";"briantobondo"
"18141777907533532";"1780381748";"Yang ditanggung sendiri yaitu kelebihan dari anggaran Dinas LN? kalau lebihnya cuma sejuta, Prabowo biayain sejuta itu? gitu maksudnya?";"1481880036";"reinbb__"
"17892622962520827";"1780381781";"😂😂😂";"2897433756";"andriedwi_"
"18100919741323520";"1780381790";"Please, untuk apa negara membayar gaji seorang juru bicara kepresidenan??";"47798323";"yefta_eh_sembiring"
"17916231615185684";"1780381791";"Definisi sempurna dari manusia sok iye";"572527528";"winsen_wijaya11"
"18068786348358929";"1780381814";"Kereeenn pak @teddy_hq . Malu tuh dia ya pak teddy lgsg sekakmat😂😂😂😂";"4675829844";"echamariso26"
"18094999963952371";"1780381819";"Kelebihan anggaran di tanggung prabs?  katanya efisiensi, udh tau over budget kenapa ttp maksain pergi luar negeri? Laporan penggunaan anggaran nya gimana itu?";"4243373535";"helentere"
"18189906220373079";"1780381820";"Okelah info positifnya makasih (kalau memang benar gitu yah), tolong dong di jawab masalah2 negatif di negara ini di bahas.. positif ada 7 point selama 1,5 tahun, negatif nya berapa yah 🙂 tolong di jawabkan dong pak";"714500594";"akbar_yunus"
"18121701193672374";"1780381823";"Bernegara diatur sesuka mereka mereka aja.wkwkw";"2027658659";"bagus.ardiansyah3"
"18102938147011067";"1780381846";"brp kali take video klarifikasi nya ya? 🤭";"50754501";"hafiztpradana"
"17936195364084414";"1780381871";"Udah begitu orang banyak yang ga setuju atau banyak yang ngeluh terhadap suami anda, apakah suami anda tidak merasa malu akan hal itu? Saya tau tugas seorang istri itu untuk membela dan mempertahankan nama suami nya, tapi apakah suami anda udah buat hati rakyat Indonesia senang? Apakah janji janji suami anda waktu kampanye telah terealisasikan? Udah lah jangan jadi suami istri yang banyak bacott";"48916687618";"leoact01"
"17891887329490749";"1780381897";"Lihatlah hasilnya dan manfaatnya untuk indonesia. Jangan tutup akalmu dg kebencian. Harus fair, kalau mmg ada hasilnya mrk layak diapresiasi.";"1797336656";"thecamprink"
"18107568775751488";"1780381903";"Blunder 🔥🔥🔥";"270721884";"talagokopi_info_sumatra_barat"
"18138865627529318";"1780381905";"Dih";"3615649769";"faizal_imma"
"18112529959903958";"1780381035";"untuk ratu yang ini, KAMI TIDAK SEPAKAT";"247468741";"deny.saputraaa"
"17886426363396227";"1780381037";"Kalau pake uang pribadi maka negara tidak tertib administrasi dan negara itu harus ada transparansi anggatan!";"4399910197";"fauzhanpratama"
"17901388584284548";"1780381054";"Fokusnya rakyat bukan pake uang pribadi tapi lebih kok tega bergaya hidup gelamor ketika kondisi rakyat sedang mode survive karena semua harga naik";"1724335737";"anang.bagus"
"17972263344048657";"1780381057";"?";"54577333621";"pat.iyaaa"
"17941185261234750";"1780381087";"emang kenapa kalau cuman 3 bulan... 😢";"234040554";"oktarymaulidia"
"18153835531424744";"1780381095";"Percaya??";"1747619727";"itstoorzky"
"18166484488378111";"1780381096";"ga sia2 kekayaan naek jadi 20M jd asisten pribadi nya wowok, selaen posesif service to the max dia juga ahli nyebokin wowok,, tapi dia kira orang indonesia adalah orang2 desa semua yg masih bisa d bodohin. YUK BISAA YUKK LENGSERKAN PRABOWO GIBRAN!!!!🔥🔥🔥";"278386969";"_nancyyosisca"
"17893301376354098";"1780381103";"";"1941694389";"ariefwijanarkoo"
"17927511201336963";"1780381104";"😂😂";"1244632706";"tiena_c88"
"18111314962849370";"1780381111";"Nda gitu konsepnya bund. Kluyuran prabowo ke luar negeri itu sudah 58x. Dia lebih banyak kluyuran gak jelas daripada mengurus negara. Itu presiden Indonesia apa presiden luar negeri njing.. terus apa fungsinya menteri luar negeri nyett.. Begitu lho, bund..";"1445063565";"sampul_d"
"18591819196038268";"1780381111";"@rani_musodah mewakili ibu negara 💅";"4122629980";"foodforlyfbb"
"18105485402059076";"1780381122";"@tommmy_dhr ada pokok nya 😂";"1515913290";"dimasarief_indi"
"17889658311378146";"1780381125";"Ibu negara klarifikasi";"1098496267";"mhafiz.fdlh"
"18177880606410123";"1780381182";"Terserah SESkab aja";"347340787";"ririssetiawan"
"18127788097614690";"1780381194";"Bacot , dolar Singapura 14 ribu";"3639723328";"ammypiagi"
"18070731491690762";"1780381200";"Kalau diakunnya @sekretariat.kabinet banyak yg muja², anti kritik. Diluar medianya kena ulti ttp mbudeg. Bilang dana pribadi mulu, MBG aja ambil dana pendidikan & kesehatan. Venivu";"67681137242";"jara_jera"
"18078271898239311";"1780381215";"Anak SD juga bisa kalo ngomong doank, pake data dong ses, mana transparansi keuangannya 😍";"4165838956";"nayyniyy"
"18104283413472713";"1780381215";"Buktiin jika mau publik percaya dan penjelasan pakai datanya jangan hanya omdo (omongan doank) 🔥🔥🔥 & Salut kepada Pak Dito atas sarannya kepada Presiden yang semestinya bisa fokus urusan dalam negeri dulu @dinopattidjalal";"1388988875";"sylvia.tamira"
"18044989037790129";"1780381221";"Tapi kurban pakai APBN? 🤔, urusan kenegaraan pakai dana pribadi??hemmm....";"38557911";"ukierirarang"
"17942376183230848";"1780381234";"Cacat administrasi itu namanya, tod!";"376066932";"adiadv"
"17931860811273878";"1780381235";"@feri_sulaiman siapa bro yg bulan madu ?";"1259709990";"kristianto86"
"18096022028179878";"1780381246";"Jok0w! Ini udah bobrok. Ini lebih bobrok";"544127657";"r_damara"
"18096477037937893";"1780381251";"@alvie.yudhistia 😂😂😂";"732598373";"mamichoen"
"18115679830694854";"1780381251";"Gede juga nih powernya boti";"1694321619";"itsputchand"
"17878453035600964";"1780381262";"Gak usah sok cantik kau teddy kau tu laki bukan?";"496597682";"bang.nato"
"18105915908483148";"1780381271";"Sapi kurban juga uangnya Prabowo";"1603639193";"azizkawagi"
"17970278987907759";"1780381280";"Respon apa respons?";"612149344";"danangtj"
"17890273782510479";"1780381281";"Gimana konsep nya ini ted..???";"5745104290";"rikson_jaya_bonature"
"18087826568628464";"1780381285";"Dia jadi apa ya kalau prabowo lengser";"3950019422";"yusgitacatering"
"18106558426964541";"1780381292";"Bulan madu😂";"486881610";"rania_apri"
"18095527865186405";"1780381306";"Wkwkwk tapi pajak dinaikkan 🫠😂";"3114052732";"ray.gintingg"
"18065678210404527";"1780381311";"Najisss";"1516099797";"tanprmtss"
"18122617753709916";"1780381314";"Ga pernah semuak ini sama pemerintahan 🥹";"267506950";"raraashilla"
"18117493291704077";"1780381315";"@trianaasari menyala yah bro😂😂😂";"33380562151";"olshop_zahra15"
"18006653423872353";"1780381316";"Sepakat";"1114928977";"farismputra"
"18095895140601053";"1780381332";"akhirnya ada yang bilang kaya gini, betul ga boleh itu pake biaya pribadi";"51041126";"erviyan"
"18073917302322147";"1780381338";"Tenan Tah ngunu iku...logikanya aku belum dapat😢";"40184561816";"gembul_roti_maryam"
"17891110248488510";"1780381349";"Hidihhh hidihhh..";"327590086";"heymeiiiii"
"17892417063472339";"1780381357";"affa iya";"3265741311";"_alyry"
"18412225579196863";"1780381369";"";"35853009389";"ilhamsyh_wp"
"17868163716545231";"1780381383";"Pakek pesawat kepresidenan?";"68032873944";"kata_ba_ik"
"18040961222594285";"1780381388";"Bullshit kalau pakai dana sendiri... Ngapain buang2 uang 1 THN bisa berapa puluh kali jalan + yg di bawa personil nya juga diatas 50an org kalau tidak pakai APBN.... Sekaya2nya org juga ogah setahun berapa puluh kali jalan2 atau dinas ke LN + bawa banyak rombongan";"11585965551";"kurnia.utamaa"
"17990903051987522";"1780381396";"Kelebihan ditanggung uang pribadi,, tapi kurban pribadi pake APBN 😂";"1493214327";"bril8lian"
"18318240298256846";"1780381399";"kok muka nya kayak ga santai begituu😢";"269708904";"dokmit_hdp"
"17938038627251823";"1780381405";"@iamwk11 😂😂😂";"1353904955";"naia.sarie"
"17967005001112058";"1780381408";"Auranya udah berantakan yaa.. Awut2an gitu 😂😂😂";"2234864677";"adeleny20"
"17885195901570546";"1780381410";"“Meski 3 bulan” 👏😂 nyindir diplomat senior yg udh pengalaman dan memiliki rekam jejak berpuluh puluh tahun good job queen teddy 😂";"651301555";"agesandiramdhani"
"17892942762493084";"1780381418";"atur lah kak, kakak kan panitia";"1461872059";"ayuasmarani_"
"18413086375196437";"1780380659";"@mrdmtx_ @teddy_hq @divisihumaspolri";"1400592097";"otnir_zarenka"
"18077090336269474";"1780380664";"Mentri nya aja geleng2 liat kelakuan yg satu ini apalagi rakyat nya... ampun la ampun.. 😢";"3692067794";"berlianatampu3"
"18113058988889946";"1780380664";"Kenapa gak lewat zoom atau gmeet aja pakted?";"3605686476";"ditaoktavv"
"18048060479686100";"1780380685";"@raflyramdhan21 🔥🔥🔥";"32985833";"trianaasari"
"18089772056578136";"1780380701";"Pleaseee  ya kalian, jangan 2 periode";"46632773530";"sa.nty2650"
"17903931720439301";"1780380705";"Ke ln mampu .. kurban pake apbn";"61039348036";"yunisa.almahyra"
"18590351071011533";"1780380711";"Jangan bohongi rakyat....di audit mau... Biar ketahuan.🔥😡";"16250970544";"syaifulll._"
"18126865636529091";"1780380713";"Gak caya gw bot";"232032840";"shaffmomm"
"18079202489344969";"1780380726";"😮";"230060504";"raditiyayo"
"17892796380353613";"1780380733";"@iamwk11 😂😂😂";"323108470";"agpohan"
"17929614882322871";"1780380737";"@syaifulanwar16 lah ngapain percuma. Transparansi dong ses";"3063267684";"gambar_acak"
"17891634486525544";"1780380751";"berangkat 60 orang... tapi pake pesawat khusus segede gambreng 😂";"3532245080";"adhitia.w.man"
"18103118018017317";"1780380754";"Jadi kurban pake apbn, kunjungan negara atas nama ROMBONGAN PRESIDEN pake dana pribadi ya????";"3122366174";"hfzryhn__"
"17973247875046464";"1780380772";"Sakittt";"1532197214";"nurulamdayat"
"18059830607490999";"1780380790";"Faktanya nilai rupiah ancur leburrrrr 😍";"510689273";"angelinagustifanie"
"17910929952223224";"1780380796";"Mood banget bacain komen netizen😂";"209561367";"gitalupita"
"18093578537261255";"1780380800";"@estiyunho_ nah untung orang sekarang cerdas";"365870736";"ferdysenjatiana"
"18126764728627030";"1780380812";"";"1581933177";"wandolesmana17"
"18091897733357480";"1780380815";"Qurban pake APBN.terus sekarang urusan kenegaraan mau ngeluarin dana pribadi? Hadeuh hadeuh 🔥";"1636182158";"herlina_21_"
"18043943774589569";"1780380820";"muncul untuk di hujat 😂";"609769034";"mingsennn__"
"18104353079282409";"1780380822";"Baca ku sekilas tadi Dajjal, ternyata Djalal😮";"6145218241";"djong_javanese"
"18084827888424667";"1780380823";"@estiyunho_ serba salah emanggg , pak presiden selalu salah dimata para pembenci";"6530813333";"erni_shoping"
"17874517038671206";"1780380826";"Biaya sendiri ??? Yaqinnn";"834149589";"djks.76"
"17989908755808395";"1780380829";"biar publik terharu ya pake dana pribadi";"2022459211";"asyifana71"
"18408266263148404";"1780380838";"@otharfatihah_ knp g senang?😂";"2293777039";"budi.halimmm"
"18137553301479114";"1780380867";"si boti nyinyir amat sampe perlu digarisbawahi pak dino cmn 3 bln jd mentri, pdahal rekam jejak pak dino ga ada seujung kukunya sm siboti problematik";"49037920350";"undeteua"
"18423784675134061";"1780380868";"@iamwk11 😂😂gemeiiss…";"298641504";"yayukanggraini"
"17940409881246520";"1780380880";"@ardianryz_ 😂😂😂 sepemikiran";"987122827";"edwin_baramanis"
"17890262985377234";"1780380882";"Luar biasa kuasa seskab ini, segala bidang dikuasai";"2307300838";"tonykusnadi"
"17992095125987090";"1780380882";"Boti denial";"25372683395";"a.bekti69"
"17884746297570003";"1780380889";"Terlihat tertekan menahan ke Slay an nyaa bund.. 😂";"1366030337";"uyaadharma"
"17993589074977729";"1780380895";"Dengan klarifikasi seperti ini, justru publik makin curiga dan makin tidak percaya pada rezim ini....";"8188248540";"husaini_ahsan"
"17977434153020337";"1780380901";"Anti kritik
Beli sapi aja pakai uang apbn buna,,,lo sapa dah? Banyak amat uang papine kalau semua pakai uang pribadi,👏👏👏🙈";"2107055121";"ata_manru"
"18203914192348644";"1780380911";"memuji untuk menjatuhkan, bangke bener lu Ted";"4981327687";"dwi_pryno"
"18117352660786307";"1780380925";"Gak perlu klarifikasi ted ted 😂 malah munculin masalah baru 😂 turun aja udah biar rakyat gak pusing";"563035790";"lusianbarn"
"17891231364484311";"1780380941";"Masih trust issue gara2 qurban atas nama pribadi ternyata pake APBN";"1500704336";"listyaputri7"
"18099294119469551";"1780380950";"Panitia study tour kah? Nombok terus uang pribadi";"212427212";"mhmdans_"
"17974038372023239";"1780380980";"ATUR SUDAH ATURRR";"30219951";"pradana_photoworks"
"18052268387587829";"1780380985";"Selain jadi jubir, gue curiga dia yg bikin pidato" si prabowo";"2327962218";"rotua.sitompul"
"17925606810127087";"1780380997";"@littlesheeepdiary PERCAYAA";"9928563367";"rizkyabdule"
"18174731680410249";"1780380999";"Pesta babi❌ pesta biji ✅";"2640851087";"farizdelocos"
"17914039569403295";"1780381003";"Aku tak percaya pakai dana pribadi, ibu negara selalu mau membela diri kayak amuba";"1810869606";"labanoz"
"18104692973081813";"1780381005";"@adindaauliya.kh jujur masih trust issue";"1500704336";"listyaputri7"
"18611369044006925";"1780381009";"";"1411446796";"hadiihsann"
"18041939558592089";"1780381012";"@ardianryz_ jaharaaa 🤭";"322395563";"andre_meyhin"
"18112292953808210";"1780381029";"pejabat publik anda itu ah!";"1583395124";"kurniadsgn"
"18106372921961802";"1780381031";"Ini lah alasan kenapa orang lebih percaya “maqoli maqoli dan shududu shududu” di banding klarifikasi pejabat….";"482890344";"hidayat_t12h"
"18595791070029169";"1780380173";"Kurban pakai apbn, perjalanan dinas pakai uang pribadi,, mungkin ini maksud spongebob hari kebalikan... 😮😮";"2660470641";"milda.budiono"
"18100909072863477";"1780380180";"@fadelharid enak jadi warga biasa aja gak sih, tiap hari plesiran juga orv bodo amat ya kan.";"690430030";"elinacahyanti"
"17990194862989029";"1780380195";"@widiashufi duh keinget film warkop dki jaman dulu 😂 ses anita ses lina sapa lagi";"1718784234";"redha_outfit"
"17940146115250121";"1780380206";"Diplomat dan kemenlu enak yah makan gajibuta. Lgsg diurusin sm papi 😂😂😂😂";"9848491";"freddy.a.k"
"18588835300009536";"1780380222";"Dari bentuk kalimatnya sangat tidak bijak 😂 kaya ibu2 julid, apa emang ibu2 yam";"1432790832";"elisabethokta"
"18317762290279984";"1780380235";"Intine siji, settingan";"328266480";"tamawaluya"
"18104501329797507";"1780380243";"Percayain";"1610938685";"ernayantiiiii"
"18105154795970080";"1780380251";"Jawaban aneh. Uang sendiri.. Dr hasil fee project ga? Wkwkwkkwkwkw";"214552990";"rafzanjani"
"18115338001860403";"1780380274";"Rusak";"335099673";"diananrman"
"18119387032743319";"1780380280";"@raflyramdhan21 lu baru keluar goa ye? Segala foto hoax taun kapan lu percaya sama media bodong abal², update lagi tuh hape smart, orgnya kaga";"520338335";"fitria__k"
"18004464836922838";"1780380284";"Istri bela suami";"611078970";"ayyashdamirel"
"18029947787637174";"1780380294";"@rismawardanii akkwkwkwkwkw princessss";"705354925";"ptrmrhn"
"18103138918840823";"1780380306";"halahhh sapi kurban aja pake apbn koq.. sok sokan ngaku ditanggung plesiden 😂😂😂";"1923567203";"tan_yi_chen"
"18015350624852364";"1780380311";"😂😂";"1284127686";"stevachristyardo"
"18563068687064720";"1780380313";"there is no free lunch 😂";"674953566";"mardd.asrye"
"18154942120465991";"1780380319";"Kalo atas biaya sendiri berarti memang lagi urusan pribadinya sendiri untuk berhaha...hihi...dengan bunda...te***😂😂";"40610696876";"emlahwi_ashofaa"
"18048323261787525";"1780380329";"@fadelharid bisa kak kalo buat honeymoon 😂😂😂";"181614974";"rizka_arifa"
"18202958509358137";"1780380346";"Harus dong pasang badan namanya juga istri 😂";"3966693052";"yaniwati61"
"17951188962159052";"1780380359";"😂";"1616291696";"shita.indah_a"
"18084603737114199";"1780380359";"Qurban aja pake apbn bund 😮";"211559524";"ratihaf"
"17882536353580540";"1780380373";"Atur aja buna ted😂";"8487400781";"setiawanbags"
"18006239156866874";"1780380380";"@elinacahyanti suudzon yang diperbolehkan";"3268041552";"asildo_0"
"17910312360409112";"1780380396";"QURBAN harusnya pakai Dana pribadi. Kunjungan LN pakai APBN.";"3927456869";"commufighter"
"17866406280626000";"1780380397";"sopankah begitu hey buna🫵🏻🙂‍↕️";"373602138";"gitanastaa"
"17932792425269961";"1780380400";"Kurban pake apbn, kunjungan kerja pake pribadi. Ini gimana konsepnya lek 😂";"193587977";"rezawkward"
"18322673422284057";"1780380412";"Mantap ibu negara ❤️❤️";"1112126873";"windiyuliansyah"
"17868033972554752";"1780380422";"Yang narik arisan sekarang siapa bun?";"2283951925";"andrie.simanjuntak"
"18141425740524252";"1780380430";"Ngomong apaci";"3560441258";"khrisnabayuuu"
"18142115389521066";"1780380430";"Iya ses iyaa";"207860250";"nisafriskana"
"18155489461421611";"1780380440";"Awas kang banyak ternak yang gak suka sama pernyataannya 🤣";"229514561";"muhammad.septiana"
"17975580195061952";"1780380445";"Bund.... iiiihh kok dilayani 😂😂😂😂";"1312820065";"wisnu_wardhana_faruby"
"18048259856777358";"1780380470";"Ancur";"7216377631";"hessete"
"18117588643769372";"1780380504";"@widiashufi buat yg masih belain segitunya banget 😙";"267447263";"widiashufi"
"18075560102430663";"1780380512";"Wow sungguh cerdas😍";"707439397";"apriawpsn"
"18119488063681961";"1780380515";"Abis berapa ronde Bun? Keknya lancar amat omongannya😂, udah loss bawah, atas juga ikut loss😂. Ancur isiannya negara kek gini kalau tertib administrasi hingga representasi sebuah negara dibawa nya "sesuai mood/asal bapak dan Buna bahagia"😂. Wes ingfokan lah kapan gulingkan?!";"1417576579";"f.faadhilahq29"
"17884660251573373";"1780380525";"@octmarhndr GASS BANG, ANTEMII RAME2 😂";"275968119";"alfathaulya"
"17953208661172908";"1780380531";"gak ada aura tentaranya";"1587733794";"kall_ag13"
"18015072701699629";"1780380535";"@yoel_ss yoel iriii yaaa 😂";"249607527";"mellapramesti"
"18106864165764249";"1780380551";"Tetep semangat mencari simpatik netizen ya 😂😂";"229514561";"muhammad.septiana"
"17914261419403516";"1780380559";"masih bagus ga semua ditanggung negara, tiap manusia punya standar masing-masing. Selama tidak mencuri uang negara, kenapa ga boleh. Hak beliau itu. Kl benci kdng emang sampe sebego itu ya, 🫵🫵";"198387862";"punya7nyawa"
"17916396159387708";"1780380576";"Udah jengggg..🔥🔥 ini contoh istri bela suami.. bagaimana pun suami adalah pakaian istri dan istri adalah pakaian suami.. istri emang suka nyelekit ngomongnya..";"1697435705";"hzikra__"
"18125036863722426";"1780380596";"@budi.halimmm kebiasaan bawa” anies padahal yang diajak debat belum tentu pendukungnya";"1722731964";"otharfatihah_"
"17883457872583083";"1780380597";"@rani_musodah ibu negara mah bebas";"359863277";"aulia_kartika01"
"17989893266796867";"1780380597";"Presiden indonesia pernah baca opini publik by medsos gini ga sih ? Atau cuma terima laporan-laporan manis by ayang ted?";"793340586";"farachsoka"
"17994193172978223";"1780380605";"Kelebihan anggaran biaya ditanggung pribadi??? YAQIN?? Qurban aja pakai uang negara. Masa jalan2 ke LN pakai uang pribadi? 😆";"1683468510";"janah.kjn"
"18106235222473012";"1780380639";"Atuurr saja Queeeen Teddy atuuurrrrr... Jangan lupa rincian biaya transparan aja😂";"1003242921";"ulfa.fidya"
"18084197333110251";"1780380648";"Bulan madu gk tuh😂";"46632773530";"sa.nty2650"
"18076158743272430";"1780380650";"Emang bener yaa kalau boty pintar bgt playing victim 👏";"656063520";"adhan.pram"
"18001112600761962";"1780379888";"Total investasi yg keluar brpa om Ted?";"1097477023";"rani.rombe"
"18165945703427755";"1780379898";"Di tanggung rakyat";"2967170225";"syarifpudin24"
"18105938440981855";"1780379910";"Atur aje Ses...kita rakyat mah bisanye percaya aja. Mo dikibulin juga gk apa2. Yg nanggung dosanye juga kalian sendiri....";"66075927593";"djakarta_1982"
"18103947245173360";"1780379914";"The comments section is the real voice of the people 😂";"34807853";"mas.wim"
"18101856833004366";"1780379921";"@iamwk11 🤣🤣🤣";"899489010";"dwapriyani"
"18125980618552667";"1780379937";"Bacot boti!!!";"3035958868";"youliemc07"
"18597782068010521";"1780379946";"kondisi mendesak seperti apa untuk bisa meminta bantuan? banjir bandang sumatera khususnya di aceh aja kemarin ogah-ogahan minta bantuan internasional, bahkan sekarang aceh belum pulih sepenuhnya!!! TELL ME!!!!";"1440873451";"aulmatul"
"17876422434608601";"1780379951";"First lady @rininuriawati";"2034216184";"mimiadangnuria"
"18138340996543588";"1780379956";"sepakat 🤝";"318777596";"maspank.exe"
"18021733859671200";"1780379976";"MASIH MOU WOY..MSH JAUH..ENTAH JADI ATAU TIDAK!";"47180986042";"arifadillah73"
"18106871590968494";"1780379992";"Qurban aja pake APBN, banyak bacot.";"460893100";"adiitchandra"
"18094130971966116";"1780379995";"Dia bilang segala kelebihan biaya ditanggung oleh pribadi, kalo ga ada kelebihan biaya ttp ditanggung oleh negara.. 😂😂";"2024437711";"arifoct"
"18069965762667520";"1780380013";"Ini mau klarifukasi apa jawab kritikan jadi sarkastik sih. Poinnya itu kan kas pengeluarannya. Ya tinggal di audit per kunjungan habis nya brapa trus yang dipake dari duit negara brapa. Kenapa jadi kritik balik masa nya pak Dino kunjungan anggota 120. Trus mana pake duit pribadi katanya kunjungan. Lah di kas negara gimana jadinya kalau gitu itungannya?? 😪 Ini ilmu fakta bukan asal comon. Harus ada perbendaharaannya. Heran seskab kok PR nya gak tertata gini 🥲";"21891471815";"soekasmanbella"
"17876422185607522";"1780380023";"Minta bantuan?? Kemarin aja banjir sumatera menolak bantuan tapi ga di bantu bantu";"64037720758";"fioisila"
"17932937934271985";"1780380024";"Summun, bukmun, umyun";"272186040";"anastassiabarito"
"18025758440652544";"1780380024";"Biaya operasional, dan depresiasi pesawat RI 1, pakai biaya pribadi juga?";"1228127084";"ilhamrsyn"
"18392706829088322";"1780380024";"@tokemelayu wkwkwkw buzzer kocak emang";"2208686364";"raflyramdhan21"
"18112205644929226";"1780380026";"@mimiadangnuria wkwkwk lain drpd yg lain, ngerii ngerii.... rek nurutan france cigana🤭😄";"1973169236";"rininuriawati"
"18186225406378875";"1780380033";"Ada menlu lo padahal, ngapa pula berangkat sendiri mana pake dana pribadi katanya. Kan ribet ya, ngurusin sini aja dalam negeri yg carut marut";"690430030";"elinacahyanti"
"17953587878979505";"1780380034";"Masih percaya gerombolan subianto?";"1546911761";"barep_photos"
"17955069732136260";"1780380051";"Yaudah tunjukin aja laporannya 😊";"289865899";"bintan.im"
"18096687032331650";"1780380056";"Lebih percaya MBG nyampe arab saudi🔥";"71071002308";"ikbal962024"
"18095195359955590";"1780380058";"Walau Hanya😢 | Keliahatan Arogan Sekali";"1154892817";"madjied_fath"
"18212196955334842";"1780380059";"Loh loh loh buktinya pake uang pribadi apa??siap kasi buktinya ga??ini perjalanan dinas RI1 loh bukan pegawai biasa, jelas wajib hrs nyontohin tertib administrasi dong 😮";"1446195377";"zakiah_insani"
"18224015845319732";"1780380067";"@rani_musodah ibu negara merangkap seskab";"32998283762";"caramell0_606"
"18130092778522896";"1780380076";"Qurban aja pake duit negara...";"1264096488";"aritirolicious"
"18108165632313965";"1780380080";"Pokoknya ada 😂😂";"45790851";"x_ambassador5"
"17958666930125100";"1780380082";"Enak jaman jokowi😂";"4690133441";"rally_alfonso"
"17867750214684389";"1780380087";"halambuh sak karepmu lah, wis bingung kudu piye ngadepi wong sing PMS ora rampung-rampung iki";"2321865387";"arul.elyas"
"18090394826610865";"1780380089";"@asildo_0 disuruh husnudzon mana bisa ya kan";"690430030";"elinacahyanti"
"18107635306746509";"1780380094";"Tetep ye harus angle kanan";"1505164954";"gilang.jatnika"
"18055255730736393";"1780380106";"Ditanggung pribadi jembot!! Beli qurban aja pake apbn 🤧";"1523602435";"hanz_gent"
"18067545566395440";"1780380116";"@iamwk11 wkwkkwkw @ptrmrhn";"1434234321";"rismawardanii"
"18101007940861070";"1780380119";"Gini mas/mba teddy di medsos banyak kok orang pemerintahan, dan banyak kok yang di keuangan ,  jadi sudahlah jangan bohongi rakyat, yang di pemerintahan udah tau kok itu, sudah lah hal yang kayak gini aja harus di klarifikasi harus di tutupi , semua masyarakat juga tau";"48615602473";"idfc_qw"
"17891468241484013";"1780380120";"Lehernya mana?";"210535964";"ami_gatomipi"
"18090371222168866";"1780380123";"Bohong. ❗️ “Tanda orang munafik ada tiga:  1. Jika berbicara ia berdusta 2. Jika berjanji ia ingkar 3. Jika dipercaya ia khianat” (HR. Bukhari dan Muslim)";"183237454";"dewopakde"
"18105316555971657";"1780380123";"Itu yg salaman sama erdogan nggk dimasukkin di video @nav1er_stokes";"194124529";"haffiss95"
"17945069472193217";"1780380126";"Maluu dwooonggg pake uang negara buat hobby lu";"47682305058";"fdladinnn94"
"18590046814040828";"1780380126";"Heh seskab gadungan, lu blm bisa jalan pak @dinopattidjalal udh berpolitik. Jaga bacot lu @catatanseskab lu org yg paling ga qualified di kabinet ini";"77888912668";"bredel47"
"18113284921852812";"1780380137";"ted” kata gw mending lu hanimun lagi dah";"414073874";"helmi_jerrfny"
"17925301371125680";"1780380143";"kalo pake duit pribadi, jadi pergi keluar negeri trus balik tapi ga ngasilin apapun ya gpp dong ? kan pake duit pribadi ? gitu ? apa gimana sih ? mohon pencerahannya suhu";"199926223";"setiawanwildan_"
"17911012185409616";"1780380149";"Semua kritik ttg pemborosan anggaran di tengah yg katanya “lagi efisiensi” pasti dijawabnya “biaya pakai uang pribadi presiden”";"2294710350";"wriyana28"
"18101441846032090";"1780380156";"@iamwk11 bang 😂😂😂";"911317392";"a.p._a.p"
"17891530635530398";"1780380158";"@ardianryz_ vangzadh @nataliebebby 😂😂";"52113165399";"denis_icko"
"18072723602667389";"1780380158";"@morningperson12 ish kamu politician ternyatahhh…";"15705176";"hennypandiangan"
"18093792050615132";"1780380163";"1.5 th mnjabat udah puluhan kunjungan ke LN. silit rentanya kuat juga ya wkwkk. Siapkan mental kita semua menuju 2030. semoga sehat2 selalu kita semua 💙";"32998283762";"caramell0_606"
"17926327344341990";"1780380167";"@teddy_hq @tedsky89";"1506935734";"anwar_alghifary"
"18100910797977824";"1780380169";"lo ngemeng naon sii tiwi? @teddy_hq";"2166872560";"shafiya_stuff"
"18100796344864875";"1780380171";"Berasa liat diri sendiri kalo lagi ngebelain temen yg salah deh 😐💃";"264823013";"mrs.firlinda"
"17929535811100913";"1780379519";"@rwiidyy laahh apa hubungan nya dengan pak anies? seharus nya yg memberikan statement yg membrikan data nya.. jangan ujuk" bilang biaya pribadi tanpa ada rincihan data nya.. lucu anda";"1690031153";"rwiidyy"
"18111637832493205";"1780379520";"Ada ya tugas negara pakai uang pribadi?? Gmn pelaporannya?";"49467309188";"dzak_kaito"
"17927900670337454";"1780379523";"Maki gendut aja ku tet";"749753943";"naufanharidistya"
"17904488037428409";"1780379534";"@budi.halimmm Kalau memang yg ditanggung itu diluar kewajiban negara, boleh minta rincian datanya? Apa saja yg ditanggung prabowo menggunakan dana pribadinya?  Biar sama-sama jelas";"43481487315";"capt_zach1"
"17863852758585875";"1780379537";"@ardianryz_ itu kalo d kagetin? bunyinya ayam ayam ayam gk?";"293099967";"c.destitus"
"18127721149612124";"1780379547";"Aneh";"1736028369";"yessiayay"
"17962967322108964";"1780379555";"Pake pesawat presiden tp";"765668322";"dyanovi"
"17854093263675934";"1780379580";"Wkwkwkwk,,lawak lawak,,sapi aja pake APBN kok prabowo mau²nya pake dana pribadi";"2095299624";"fajar_dadung"
"18117512026763460";"1780379620";"Sepakat";"580661989";"rzkyansh"
"18099678637891253";"1780379628";"ses ini harusnya lebih cermat dan cerdas, kasian kalo baca komen serasa anda tidak kompeten Ses,,KAB";"1833127597";"novi_wirawati"
"18039225410633256";"1780379629";"@capt_zach1 silahkan minta ke istana sana 😂 yg penting angaran sesuai g melebihi pmk kan? negara g rugi kan? g overbudget kan😂";"2293777039";"budi.halimmm"
"17930788323271287";"1780379635";"Pemerintahan anti kritik…kenapa si buna menekankan hanya diberikan kesempatan 3 bln? Seolah olah ingin membalas dengan menjatuhkan….sensi bgt nih buna…";"5334280699";"retmadhona_ichma"
"17964022817933907";"1780379657";"Kalimat "walaupun cuma diberi kesempatan 3 bulan, " lu nyinyir";"6791176495";"ranaasharia"
"18177502657363036";"1780379669";"Kurban aja pake apbn😂";"1998442238";"hanaaprl"
"18066451916400905";"1780379678";"Yakin gt bunt ??";"27944957";"meitadarussalam"
"18000644306931889";"1780379691";"Jadi keluar negeri kepentingan negara atau pribadi? BPK gamau audit? 😂";"323286124";"arintojati"
"17953181964150383";"1780379697";"Klarifikasi tudingan amien rais juga dong bang 😂";"1763506345";"andi_dianislamiati"
"18167347264427809";"1780379698";"Apresiasi utk Dino PJ";"5471576186";"anissa.gmail"
"18074793830304806";"1780379705";"Bulan madu😂";"3218852465";"andadiaa"
"17996269298957516";"1780379706";"Ga percaya klo ga pake bukti transaksinya di Blockchain--- kenapa blockchain-based? biar rakyat bisa validate ini duit beneran dari dompet prabowo ato negara-- simple 🙌";"432530";"indrajuanno"
"18117482422754718";"1780379718";"Kalaupun uang pribadi, masa iya Kerja ditinggal Cuti mulu? Kita kerja aja per Tahun cmn dapat 12 hari cuti kalau melanggar kena SP karena meninggalkan tanggung jawab.. lha Pak Pres ini Tugas Negara (otomatis biaya Negara) atau Kunjungan tanpa tugas kenegaraan (biaya pribadi)?!";"6068781243";"danuariady"
"17913369417202837";"1780379721";"Preeet";"221110058";"blissfulnde"
"18031105091684099";"1780379724";"@widiashufi .. pokoknya ada .. ##suara dia dg nada judessss";"27944957";"meitadarussalam"
"18091469909340188";"1780379731";"Pokok nyaa ada.. 💃💃";"1800560313";"fitrah_rakhman"
"18469241434099733";"1780379735";"contoh kelebihan tuh kek babymoon date kah?";"1440873451";"aulmatul"
"17925056868345075";"1780379741";"Kalo diluar kewajiban negara berarti kunjungannya gak penting2 amat bukan?";"1541067301";"robiatus_zakiyah"
"18250394278306003";"1780379756";"@ardianryz_ tuntutan pekerjaan 😂";"51176488";"ikhwanrdn"
"17940113724230107";"1780379763";"Mereka ini kenapa siih😢";"1511173952";"rizho_eve"
"17938068780057332";"1780379767";"buna anti kritik👏";"348156226";"febamorita"
"18592367095009920";"1780379785";"@rani_musodah .. nyonyaaaahhhhhnyaa";"27944957";"meitadarussalam"
"18218327686326154";"1780379790";"@ikmallrmdhn istri idaman 😂";"51176488";"ikhwanrdn"
"18116094961752721";"1780379794";"Iya ses";"276602135";"muhtar_safii"
"18176912281401988";"1780379798";"PUAS 58%?";"2034929854";"masbro_dimas"
"17884782774574746";"1780379811";"Dimanly manlykan bicaranya.. padahal natural aja kalo ngondek ya ngondek. Gak cape apa pura pura macho 🤭";"3157840202";"sulaemangalih"
"18081794402656815";"1780379812";"Apa yang dapat membuktikan klo itu uang pribadi nya, omongan dia aja gabisa dipegang, dari awal jadi presiden janji nya kepada guru gada trus yg gratis” yg dia bilang gada makin blangsak semua keadaan ekonomi skrg belom sampe 2 th.
Bencana Sumatra kaga kelar dah setengah tahun dia malah jalan jalan. Bahka ke pris ampe 3 kali belom sampe 2 th";"839346440";"effrindogbs"
"18098224133139517";"1780379838";"Ni barisan pemerintah bisa diem gak. Asbun mulu kerjaannya.";"309108266";"itsanisatj"
"18094065854593609";"1780379843";"Langsung klarifikasi.. Aturrr aja lah Queen.. 🌸";"23323507";"mahyndranaputri"
"18093014285190640";"1780379849";"Pala Lo bau kencur, segala ngomong  pake uang pribadi, qurban aja pake APBN";"1134173861";"mgkharisma"
"18127021042621079";"1780379856";"Cie  baper🔥🔥.....vhanass....klarifikasi...😂";"2006224987";"angeladeviputri"
"17882926680579143";"1780379859";"Si teddy ini sempet sempet nya...nyindir...pak Dino, yg bagus bagus nya gak disebutt  dasar ta";"2943663826";"gamiszhafira"
"18236473906308415";"1780379860";"Agenda dibalik statement “walau hanya sekitar 3 bulan” apa yh WKWKWKWK";"1511818850";"rifqialdrian_"
"18053090651772463";"1780379862";"bela negara ❎

bela suami ✅

buna ya kebiasaan 💅🏻";"51176488";"ikhwanrdn"
"18152556166477130";"1780379862";"Buka2 an data saja. Sekarang kalau hanya omongan saja, anak kecil yang di ajak jalan bapaknya juga tentu bisa ngomong. Sekarang no data hoax.";"734476747";"rzagirind"
"18083365778141868";"1780379868";"Sis, makan siang yuk 😂😂";"1130259505";"mediarini"
"18398731789153316";"1780379874";"bow tea";"2180318942";"jakakesuma28"
"17935230279289961";"1780379879";"Tbalik2 aj dri kmrn..sapi kurban shrs nya ditanggung pmberi yaitu presiden ehh mlh ditanggung apbn..kunker LN shrsnya ditgg apbn ktnya ditgg presiden😢 boong ato bohong sih yg bnr";"532456599";"monika_psikologist"
"18117319726692393";"1780379196";"Masak kunker ke LN Presiden pakai Dana Pribadi dan kita dipaksa percaya??????😂😂😂😂😂😂😂";"10242600903";"fayy0101"
"18126505135627984";"1780379196";"Kl pake uang pribadi sebagian kek numpang liburan pake fasilitas negara donk judul nya... Bs aja selang cucian mobil....";"4609579972";"agustus_moerhananto"
"18355052956214984";"1780379210";"Orang ini harus didesak terus sampe ngomongnya belepotan. Biar blunder dan kredibilitasnya makin turun.";"319566294";"nanadhiraa"
"18143870995512440";"1780379218";"Pak seskab maudong jd rombongan presiden juga. 
Eh tp btw aura anu nya ehh hmm ehh itu apa sihh @aya_fauziah";"293608469";"dr.renhaahk"
"17964022926086910";"1780379219";"Hmmmm... Serahlahhh";"13028754010";"elya_wr"
"18127153540615641";"1780379222";"dia kira kita semua pasti bodoh2 tau...dia bisa pede bilang begitu 🤭🤣";"1730468554";"sarahsakinah18"
"18107150356760839";"1780379228";"Terus ini maksudnya apa “pernah jadi wakil mentri walau hanya 3 bulan “ keliatan banget mau ngerendahin orang . Lu juga klo bukan karna prabowo bukan apa2 .";"1501256165";"kris.aro"
"17890893882368065";"1780379231";"";"1965384122";"leoogunawan"
"18061870028527911";"1780379231";"Udah bund yappingnya?";"606119868";"flawsomega"
"17953981122147938";"1780379234";"Emang tugas istri itu menyapu";"1221082297";"ivoryshaynaa"
"18137583295488315";"1780379236";"Contoh mencampuradukkan kekayaan privat dengan akuntabilitas publik. Dengan narasi 'dana pribadi' untuk menjustifikasi kunjungan luar negeri.. Rakyat butuh efisiensi nyata, bukan pamer isi dompet seolah-olah instrumen negara ini milik perorangan.";"214414";"babambramaditia"
"18082916723532583";"1780379241";"Atur aja udahhh bund, kita mah apa 😂
Pajak jg uda di naikin 22%, makin sering ya bund kunjungan nya 😂";"547772463";"jimmysaputra13"
"18012148865900395";"1780379250";"Pake duit pribadi, buktinya mana?";"68125910658";"indritiyani11"
"17953443204151225";"1780379261";"@mamichoen 🤢🤮🤮🤮🤮 aku bertaubat kpd Allah🥹";"1481034937";"alvie.yudhistia"
"18124333675653287";"1780379261";"pak dinno ngoreksi bulan madu mereka sih😂";"1155930976";"michoputra_"
"18001516265945700";"1780379277";"Masak Kunjungan Kerja ke LN Presiden dan itu sebagian pakai Dana Pribadi dan kita harus dipaksa Percayaaaa??????? #ahayyyyyyy";"10242600903";"fayy0101"
"18155905621473953";"1780379285";"@rwiidyy kl mau tau silahkan ke sana 😂 atau srh anies bantu tnayain jg bole kl g percaya😂 atau srh wartawan cek sana😂";"2293777039";"budi.halimmm"
"18093173411358656";"1780379292";"selain diucapkan, juga dicetak tebal / bold pada text.";"41258163552";"mega_fputri"
"17898653961309259";"1780379295";"Oo";"1817664074";"derisaputra05"
"17904711480265078";"1780379298";"Kok saya lebih sepakat pernyataan pak Dino ya😮";"4474248087";"ryzzan_peewee"
"17945202099200785";"1780379305";"Gak ada adab ini orang sama org yang paling berjasa untuk negara., anak kemarin sore tapi lagaknya dia yg paling puluhan tahun di kepemerintahan ya Allah dzolim";"1393161517";"trimurtaki"
"17921916099143976";"1780379309";"dari sekian banyak presiden yg menjabat, ini yang paling gong kelakuannya.  Tidak bisa berword - word lagi deh 😂";"704743772";"akukiranita"
"17886492603405279";"1780379311";"trust issue banget, orang kurban sapi aja pake apbn wkwkwk";"259338469";"fnugrahaa"
"18105997405989664";"1780379323";"";"37517591454";"dh.taste"
"18090556100369893";"1780379353";"";"7281200387";"baguse.nugroho"
"18090829496363885";"1780379359";"Suka suka buna aja deh🥰🐽";"5673545089";"lastrifaridaa"
"17969115915115370";"1780379362";"lagi pms kak makanya pake mood jaeabannya ya “ADA DEH” pkoknya 😢😢😢😢😢";"1833127597";"novi_wirawati"
"18105596515980056";"1780379364";"@danyprabowo";"1557319649";"dmulya15"
"17949382049996707";"1780379370";"Waw presiden kita kaya bgt smpe perjalanan dinas lebihannya ditanggung sendiri, pasti usahanya banyak. Keren👍";"1292552432";"karinamayza"
"18104026483816100";"1780379374";"Buset 60 org .. pulang kampung ato kunjungan sih ini. 😂😂";"323634482";"ferdinan_sirait"
"17884108014570236";"1780379378";"Lama2 muka dia mirip kakgem ya";"1501256165";"kris.aro"
"18036391358649542";"1780379378";"@iamwk11 hahaahahahaaseeemmm";"704743772";"akukiranita"
"18103471375922495";"1780379388";"@eza_hrsmann memang harus dijelaskan jangan by asumsi. Karna narasi yg beredar menggunakan uang negara udah benar itu pak seskab menjelaskan proses dan hasil kunjungan presiden itu berbuah hasil bukan nol bos";"1834738925";"ragajoss"
"18080621870192662";"1780379390";"Kwkwkwkw qurban aja pake APBN, ini ngaku pakai uang pribadi, tranparansi laporan keuangannya dong buat dan rilis jngn omdo😂😂";"64135865527";"irwsyahhh"
"18104261579102088";"1780379390";"“Walau hanya 3 bulan” , perlukah statement ini? 🤔";"10434752";"deeonlyone"
"18055372424563391";"1780379403";"@estiyunho_ pokoknya ada 😂😂😂";"323634482";"ferdinan_sirait"
"17910929538221916";"1780379409";"cuih";"4174291120";"kombo_edi"
"18114081151851392";"1780379427";"@ericaolyvia.makeup sotau nih, jelas jelas tulisan di sapinya PRABOWO😂";"64135865527";"irwsyahhh"
"18083184821415967";"1780379469";"Iya..iya buna";"442860954";"_fikriarief"
"18064567394440079";"1780379475";"coba cek rekening koran";"1313751460";"guspriyanto1986"
"18099994034155124";"1780379477";"Yg berimbang dong infipop, Klarifikasi Teddy  gercep diposting, tapi kritik pak Dino nya nyari2  kok ga nemu di akun ini, CMIIW,";"32578295";"tomssss"
"18025431401830470";"1780379483";"@vni.deliana hahahha si gendud ga mau ngantor jd mnding keluar negeri aja";"565708131";"finafaa"
"18535890178074487";"1780379492";"Aneh ya, ada pengurangan org yg berangkat sampai 50% tp budget yg di gunakan melebihi yg di tentukan sehingga harus di tanggung uang pribadi presiden. Artinya cost per org nya lebih dari 2x dari yg sblmnya. Coba di buka detail biaya perjalanan nya biar lbh paham kebenaran nya.";"51233498";"zenon_10v"
"17913656685399161";"1780379506";"Kurban saja Pakai Apbd ya sayabrasa sudah terjawab";"3421074457";"ebsueb9"
"18184831834382515";"1780379506";"Atur aja 🔥";"5639100356";"rioprasetya_graha"
"18471603139098592";"1780379512";"@ferdinan_sirait benci banget 😩😩";"35780096477";"estiyunho_"
"17941643991211645";"1780378923";"Kalau pakai dana pribadi terus Dalam rangka apa? Plesir waktu rupiah anjlok begini";"1183127386";"zahroandal"
"17913354744200189";"1780378928";"@hutrisaysukau kurang etis ye bahasanya 😂";"4556408380";"agus.muksin"
"18105004720999658";"1780378930";"Sama aja kurbannya pakek apbn
Cuma geser dikit” aja😂";"2047209149";"d.sudanta"
"18109236403822850";"1780378931";"Makin blunder aja dengan keluarkan statement ini.. 😢";"14916203";"nofiafitri"
"18588104557060965";"1780378935";"Hemmm";"1515585412";"jokomulyo69"
"17999869832768652";"1780378946";"Masa seh";"2269043300";"andrikurniaa_"
"18105076792953427";"1780378946";"Kesel ya liburan honey moon nya dikritik? 😮😂😂😂";"1820541559";"prakosob60"
"18001104500762761";"1780378947";"Jadi begini....";"5470417999";"duno.kezuma"
"18164806000435523";"1780378948";"Matamu @teddy_hq";"2109400246";"dhiter_1945"
"18101625655865690";"1780378960";"Percaya?";"42630196";"farenick"
"18094088336586872";"1780378963";"Nahhhhh";"1480016814";"ini.gar90"
"18124396462641992";"1780378964";"Nga butuh bacotan lu gw ted";"3210533957";"riski8899"
"18141880618521589";"1780378967";"@budi.halimmm skrng coba rincihkan yang ditanggu negara berpa dengan biaya rill dan rencana anggaran nya berpa ,terus biaya yang di tanggung sendiri berpa ,biaya ditanggung sendri dalam katagori apa?? kalau masih abu" tanpa ada rincihan itu berapa dana tertanggung negara dan pribadi itu yang akan menjadi masalah.";"1690031153";"rwiidyy"
"17919247713162315";"1780378972";"Tai asuuuu 😢";"3587411649";"jos_agunghb"
"18184090423388139";"1780378974";"🔥🔥🔥";"1957781821";"arsyilhamch"
"18002522156755868";"1780378976";"Kalo ngejilat tuh ga kira² ya ckckck";"2236876787";"d_refina"
"17926845606338854";"1780378983";"Mana buktinya ditanggung oleh prabowo ? Perlihatkan ke publik dong bang . @teddy_hq";"56321883413";"wanilah22"
"18094899527223915";"1780378992";"Pake uang negara salah padahal sah secara hukum walaupun banyak pejabat yang menyalahgunakan dana perjalanan, ini jika lebih dari Anggaran karena biaya LN kadang ga bisa di prediksikan dilapangan itu fleksibel jadi pake uang pribadi presiden masih juga salah, pake uang pribadi loh siapa tau kan pada pengen party apa nongkrong di angkringan di Paris ya biar aja si Wowo yang bandarin😂 bos bos di perusahaan juga sering begitu, artinya bos ga pelit.. lu Ganjar, Anis apa antek asing dah itu aja😂";"2378567834";"rendi_arisandi"
"18103991138064038";"1780378992";"Aih tempik";"48886596122";"boloku___"
"18222113035320707";"1780379001";"Seskab klarifikasinya udah setara melindungi marwah Suami";"211568247";"farsafaro_"
"17926124868342914";"1780379004";"Kok gak ada lehernya?";"302156154";"nirata20"
"18055086968723328";"1780379006";"@widiashufi jangan nanti dihujat , 2025 Presiden kurban pakai apbn gak di transparansi netizen diem, pas 2026 krn transparan malah dihujat, . Transparan kadang salah, kurban presiden pakai apbn itu udh ada sejak jaman sby, dan baru 2026 transparan, dan hasilnya hujatan";"1725503358";"hendrayuana99"
"18141393910464607";"1780379007";"Bisa gitu ya, tugas negara pake gasilitas negara tapi uangnya pribadi. Aturannya tuh gmana sih woyy";"1385759155";"am.mamsf"
"18094923701244720";"1780379008";"@mammayas_kitchn harus cucoookk eemmhh";"56321883413";"wanilah22"
"17989495457993164";"1780379015";"Tedi boti";"2122274405";"yenood_official"
"18373824931166654";"1780379019";"bener bener astaghfirullah 😢";"244773015";"shevantims"
"18120728578735906";"1780379028";"@iamwk11 heyyy 😂😂";"35780096477";"estiyunho_"
"18113573953849565";"1780379029";"Lucunya negaraku";"2453530385";"hardih1122"
"18101779868082512";"1780379031";"Harusnya yg balas kritik ini menteri luar negeri Sugiono, ini malah dibalas Tedy mainya nyerang personal pula itu. Ancoor boyy!";"1364347564";"adansajalah"
"17923747752358678";"1780379041";"Atur aja sisss";"27051604";"vira_lavigne"
"18034397066810151";"1780379042";"Kok kmrin sapi yg 100M ga ditanggung doi sndiri?";"408964461";"ningrat.ken"
"17886300366399102";"1780379055";"😂😂😂😂😂 boker ted boker";"3059296038";"danny_widyasmoro"
"17892765564473665";"1780379055";"Spill dong rincian anggarannya jeng ted, yg ultah2 itu juga😬";"1468578862";"putrikaanv_"
"18113815252894946";"1780379066";"Kalo pribadi ya bulan madu.😂";"2150909431";"vines_nw"
"18602518210045714";"1780379067";"Negara menyekolahkan anak2 Palestina di Universitas Indonesia sedang anak bangsa ada yg bundir krn gabisa beli alat2 tulis. Miris bro";"1397480041";"mamma_noe"
"18007862867732574";"1780379069";"Lu percaya??? KAGAK!!";"3078346112";"typoyakin"
"18087604643369183";"1780379072";"Sebenarnya kan mksud pak Dino ada menlu, ada dubes, jd g lagi2 presiden yg ke luar, presiden bisa lebih fokus yg d dlm negeri,  klo kaya gini fungsi menlu dan dubes apa?";"32423721509";"diahsunarso"
"18094209086464885";"1780379085";"@goenartotedy masoeeek pak eko😂";"1633209869";"bellinda.deee"
"18072288824677845";"1780379089";"Lebih percaya gufron kalau gini";"1724930818";"iryavica"
"18061079822710640";"1780379098";"Di thread ada yang mention “leherless” dan gw langsung paham lagi 😂";"174374971";"permatavaniaa"
"18008346551876564";"1780379101";"Dia pikir semua rakyat Indonesia b O d O h??!";"2965239078";"yennyandriany22"
"18138146152553703";"1780379104";"Jadieee";"1417470281";"retno.iwul"
"18098030624135090";"1780379116";"Rakyat mana lagi yang mau kalian tipu. rakyat Indonesia sudah pada cerdas kok.";"1519650001";"yanupratama27"
"18153886804470565";"1780379122";"Isinya bikin aku gelii😂";"10242600903";"fayy0101"
"18594117955055633";"1780379138";"Ehhh ada BunTed 💅💋💄💅💋💄";"551729408";"harry_alvent88"
"18087878471232870";"1780379153";"Qurban aja pk APBN. Percaya klo ke LN pk duit pribadi 😂?";"519077030";"melinda_suranadiharja"
"18110901736810275";"1780379167";"iyain aja napa sik kritik org tuh???";"445669128";"hanifafu"
"18072909701330445";"1780379180";"Beda kelas... t*d";"145678476";"jazuliaditya"
"18103845559819131";"1780379195";"Pembelaan Lagi😂😂";"4970267733";"abriantoloke"
"18102843836045297";"1780378571";"Muka2 kaya gini tapi banyak beud influence2 mengidolakannya...😂😂";"69009286982";"tutinayya"
"18066188129404623";"1780378572";"BOTI";"4384198737";"taufiksopiansyah"
"18339498352220656";"1780378572";"Kalo istri memang harus di tim suami 👏";"1984419139";"tiarachaerunisah"
"18081720872533199";"1780378575";"Lady of the nation";"1038046656";"bigdaddy.eden"
"18013211129895039";"1780378584";"Ses...ses😂😂😂";"7902088269";"rodiyanrizky"
"17863447419632998";"1780378587";"ADA ZOOM MEETING pak";"2248769387";"hmymayay_bby"
"17851762239694314";"1780378589";"Sibuk klarifikasi sampe mention soal jabatan 3 bulan, what for? Makin dijelasin malah makin jelas gak jelasnya cong";"3553241208";"syarifahadaw"
"18064138007453978";"1780378592";"@budi.halimmm "Semua pengeluaran negara, termasuk subsidi dan bantuan lainnya yang sesuai dengan program pemerintah pusat, dibiayai dengan APBN." Pasal 3 ayat 4 UU nomor 1 tahun 2004. Ketika aturan baku APBN dilewati dengan cara "membayar sendiri", sistem administrasi negara menjadi rancu. Ini akan melemahkan fungsi kontrol dan pengawasan yang seharusnya dilakukan oleh DPR dan BPK.  Memasukkan uang pribadi ke dalam komponen akomodasi dinas luar negeri akan merusak sistem pelaporan keuangan berbasis akrual yang dianut negara";"43481487315";"capt_zach1"
"18085896752106838";"1780378592";"AFA IYA?";"2236319971";"ellyzaprisa"
"18074880542439299";"1780378594";"Blunder lagi 😂";"1545471694";"pribadynyaandy"
"18595997605009959";"1780378595";"Yaasssss queeen!! 🙌";"144135606";"riyan_nafta"
"17880822405598046";"1780378609";"Kami orang desa ga butuh klarifikasi CANTIK";"1916351295";"nr_rici"
"18107151844943416";"1780378610";"Up";"1516998726";"wonderful_phoenix"
"18111313501925133";"1780378619";"Caiiiir";"45783145";"chrstiancrisna"
"18137448433556176";"1780378622";"Transparansi saja ga bisa apa engga ? Apa susahnya coba....";"690863184";"mabnerjudika"
"18072628106658985";"1780378628";"Iyain aja biar cepet...";"32456803249";"agungriantosaid"
"18101691584280626";"1780378629";"Mosoook";"53907932598";"sefio.kta"
"18066649319395646";"1780378649";"Jumlah orang dikurangi tapi biayanya masih gak cukup😂";"1982582884";"rosiitaiis_"
"17876335365670264";"1780378663";"Bulan madu itu, perjalanan dinas mana nya??";"1921391294";"andonesia8"
"18294619204303189";"1780378664";"Kayaknya sengaja ngga di jelasin anggaran kunjungan keluar negeri nya berapa 😅";"69661848954";"picturesques21"
"17910724437220835";"1780378667";"Tanggapannya bang? @irwandiferry";"278093359";"andradjs"
"18522085609076091";"1780378672";"";"865546599";"sipayungtommy"
"18183879484388717";"1780378676";"Pertanyaan lu keluar negri urgennya apa";"1818594964";"afpusa"
"18094472585211529";"1780378703";"Go publick dong data nyaa… omon omon doang bisanyaaa";"4670573543";"rizalvuadi"
"18112208008708762";"1780378710";"Gesturenya curiga banget sih";"1702235741";"ainoya_septya"
"18098170112143661";"1780378716";"@iamwk11 @catatanseskab boty aj";"2891948655";"agustiranda69"
"17890365132375234";"1780378718";"Klo pakai uang pribadi,apakah ada unsur kepentingan pribadi disitu??karena sejatinya kunjungan kenegaraan adalah kepentingan negara..liat muka dia nih,lama² mual..pantes lah amin rais ampe kritik sebegitu nya,dia ga punya adab begitu";"4539138553";"ceu_upid"
"18082521755442206";"1780378724";"@capt_zach1 yg ditangung itu diluar kewajiban negara bkn kewajiban negara yang dibiayai prabowo kita pahami dlu maksudnya";"2293777039";"budi.halimmm"
"18583445020038848";"1780378732";"Jwban yg tidak disangka2 ha8 dia lebih memilih mengikuti kata hati drpd ber empati dg kondisi ekonomi rakyat ind";"74947116628";"lunalulabye"
"17868068838623119";"1780378765";"@milanbacel eh monmaap bg jgn kemakan hoax itu emg agenda kemasyarakatan pakai apbn, yg ente liat ad nama prabowo disapi itu tahun 2024 emg punya pribadi";"4357277233";"abdizlkrm"
"18009723107869347";"1780378794";"@widiashufi 90an banget tuh dipanggil "ses" 😂😂";"283656861";"orenji.koji"
"18071930888692766";"1780378804";"Berdiri nya yang tegap jangan bongkok gitu, kaya udang lu!";"1420546683";"teguhasart31"
"17965348923080802";"1780378805";"Oke blunder lagi...kunjungan negara menggunakan dana pribadi bertentangan dengan UU No.17 Tahun 2003 dan UU No.01 Tahun 2004. Kalo ini beneran, timnya harus diganti sih, masa utk level sekelas kepala negara ga punya tim yang bisa ngasih advise.";"1193266082";"mu_hafid"
"18005789903879020";"1780378808";"Woiiii qurban aja bisa2 nya pake APBN kokkk.. knp ini pake uang pribadiii.";"669548546";"farahditanst"
"18452882371112722";"1780378808";"Aku kurang paham politik. Tpi menurutku, kalau yang mengklarifikasi itu mensesneg / juru bicara presiden. Sepertinya akan jauh lebih elok. Krna terkesan sebagai pemerintah. Terlebih kalau disertai data. Kunjungan ke negara A. Brpa org yg brgkat. Habis brpa (opsional). Dan hasil kunjungan apa. Jdi yang disampaikan dan klarif adalah efek positifnya. Tapi, kalau yg klarif itu teddy. Sedangkan teddy yang disorot. Akhirnya ini jdi kesan urusan pribadi. Bukan kenegaraan.";"48110153828";"microplasmaofc"
"18085358363108101";"1780378811";"1. jika sudah direncanakan setahun sebelumnya berarti harusnya clear  untuk perencanaan anggaran, tapi kenapa masih ada "kelebihan" sehingga ditanggung secara pribadi? 2. apakah wajar dana kegiatan kenegaraan dicampur dengan dana pribadi? 3. jika sudah direncanakan setahun sebelumnya kenapa bisa ditolak oleh beberapa negara? aneh rasanya jika perjanjian sudah dilakukan jauh hari lalu dibatalkan/ditolak oleh negara lain ketika mau berkunjung 4. patut diapresiasi untuk dana investasi yang sudah masuk, tapi pertanyaannya berikutnya berapa perbandingan investasi yang masuk dan keluar atau bahkan pabrik yang tutup (bahkan ada yang pindah ke negara lain)?";"1436559973";"apedbawanan"
"17859001239641248";"1780378816";"";"77793301917";"ezra.antoro"
"17918969301163930";"1780378830";"Gaya komunikasi nya kayak kakak senior jelasin ke junior biar keliatan kerennnn 😫😭😫";"5470417999";"duno.kezuma"
"18006154844870423";"1780378842";"narasi buzzer dateng dari pemimpinnya langsung ternyata, dan anehnya mereka percaya wkwkwk";"36808977670";"sulhammmmm"
"18113811919846698";"1780378843";"Maksudnya pak dino patti djalal kan padahal bener, lebih baik meeting dilakukan pake zoom bisa daripada ketemu ke negeranya langsung yg butuh banyak waktu dan dana walaupun pake dana pribadi juga presiden dan jajarannya di gaji sama pajak warga";"19231871";"inkankr"
"18104566277053045";"1780378845";"Harga avtur terjaga? Data dari mana itu. Ga lihat lagi naik?";"2005403534";"ilhamramadhannn"
"18377026075160097";"1780378851";"Niat bela suamik malah dikulitin netizen... Sukuriiiiinnn 😂😂😂";"4019239971";"aufer_24"
"18072696716676877";"1780378855";""Walau hanya sekitar 3 bulan" ini gak penting dan tendensius. "Segala kelebihan biaya ditanggung pribadi" jadi kalo jatah dari negara 30juta ternyata abisnya 50juta ya pak prabowo nanggung 20 jutanya. Jumlah rombongan juga jauh lebih ramping dari periode sebelumnya. Jadi menurut dia ya gak akan melebihi biaya wong rombongannya dikit";"1331847965";"octmarhndr"
"18008286992870058";"1780378867";"@capt_zach1 udah ga perlu dijelasin. Otak dia ga nyampe";"35780096477";"estiyunho_"
"18104052047328285";"1780378877";"Nyonya nya judez banget!";"4902313303";"oggie.eltoruan"
"18160780912453040";"1780378877";"Yakin dana pribadi. Sapi qurban aja pakai APBN 😂. Dan sejak kapan teddy ambil alih posisi KSP yg sibuk klarifikasi. Pecat aja itu KSP.";"2284521128";"delbiring40"
"18342123229170466";"1780378884";"@alvie.yudhistia idola muuu😂😂";"732598373";"mamichoen"
"18450810298115540";"1780378884";"Cieeee... Cieeee 😜";"71818655925";"haris_dj15"
"18375569116164572";"1780378900";"Kacau wkwkwk";"1437967943";"frorensjuliet"
"17940566559232859";"1780378281";"Susah kalo yg di pekerjakan nya karbitan dan baperan pula";"933018028";"kangjay_"
"18062845010485599";"1780378284";"Ted Ted cengar cengir bowtea";"1649346701";"jakapb97"
"17975302466882461";"1780378285";"Iya cantik, aturen awuren";"3532618359";"naufal_adiya"
"17856938373661500";"1780378291";"Masih aja nganggap rakyatnya pada bego🤦,coba dong TRANSPARANSINYA MANA ngomong gitu tu, uang sendiri uang sendiri tapi tiap kali denger berita menteri keuangan aja gak tau dananya di pakai, sapi kemaren pak pur nyangkanya duit pribadi ses, nyatanya???? Masa iya jawabnya mau "Pokoknya Ada" lagi #kentut";"2092575072";"reza_bardjo"
"18036922658803860";"1780378297";"dan aku tidak percaya";"1545171849";"mayenata"
"18072887942678912";"1780378297";"masa sih sis? qurban aja pake duit apbn atas nama your husband😭";"5469523833";"aidanjanna"
"17972084592105111";"1780378299";"Istri Sholehah";"66279180448";"nusa_muthia"
"18166835698428836";"1780378307";"Gini nih kalo punya pemerintah yg baperan, niat hati ngasih ulti, eh malah bongkar borok sendiri. Kunjungan negara itu ada dananya, kalo pake duit pribadi namanya piknik. Gak usah pake protokoler dan ketemu pimpinan negara. Cukup rayain ultah di hotel mewah aja";"660999736";"ntanizer"
"18003150035936529";"1780378310";"MasyAllah Bang Teddy gemulai juga ya 😂… kuah pribadi ya kali…sppd gimana.. nnti lal orang keungan kunjungan gimana";"1282674285";"nlth4bee388"
"17917093722380776";"1780378312";"Wkwk atur aja";"4111697422";"dan_raf.hil"
"18409403599197573";"1780378316";"Bunaa ngeless baee kerjaanya";"1456238640";"_dithaayuirsando_"
"18126934240722257";"1780378330";"Serah lu dah. quen syududuuu,,";"52087766025";"muhammadrickiagusti_"
"18132197035577708";"1780378335";"iya lebih dikit rombongannya, tapi kalo lebih sering mah lebih dong pengeluarannya 🙄";"3184208755";"annissa.paramitha"
"18100781417323268";"1780378340";"Emang boleh? Apa ga bikin rancu antara kepentingan negara dan kepentingan pribadi?";"3231473227";"agimaulana.xyz"
"18098205179141502";"1780378341";"lahhh qurban aja pake apbn 😂";"1712620876";"ghapuk_balcazar"
"18084180542416858";"1780378347";"@estiyunho_ PMK tersebut tidak memberikan izin untuk mengeluarkan biaya tanpa batas atau melampaui pagu anggaran yang telah disetujui. Pengeluaran tetap harus sesuai aturan penganggaran , misalnya angaran 10M presiden pake 12M g boleh , tp misalny angarsn 10M prabowo pake pribadi 2M itu boleh krna g ad UU yg melarang balik lagi ke pasal 1 ayat 1 asas legalitas ud ngerti blm?";"2293777039";"budi.halimmm"
"17973964869022712";"1780378354";"leher mana leherrr";"265695100";"asri_indra"
"17971588833108091";"1780378361";"“Walau hanya diberi kesempatan 3 bulan” 🙄🙄🙄";"205452605";"nonenona_"
"18105049876799368";"1780378375";"Dih lambe mu bner2 kek boti";"1209609243";"benadiriand"
"18100069178273493";"1780378376";"Ngambekan";"2310987233";"capibar_a"
"18116583997751584";"1780378376";"Kalian percaya.. Tentuu Tidaaakk!!";"1444486829";"anton_hariyanto"
"18123532438649338";"1780378383";"Bisa ga mukanya di blur aja...";"772938427";"dharmays11"
"18354244006215625";"1780378383";"Setelah mendengar statement ini, terjawablah sudah mengapa makin kesini makin hancur. 

Dikasih tau, malah bilangnya”… menjabat walau hanya 3 bulan…” 

Masih sempet-sempenya nyinyir😢

Sedih banget. 
Statement Pak Dino begitu santunnya. 😢

Bukannya";"212937172";"run_automo"
"18073493507480508";"1780378403";"Tulung urusono negoromu juga mas teddy..wira wiri nang luar negeri, negorone dwe kurang perhatian. Tulung pak prabowo diakehi le blusukan nang negorone dewe";"2074815450";"hai.anaa7"
"18097701398177751";"1780378432";"Menlunya kemana?";"224456499";"amaadytri"
"18103293689005058";"1780378442";"";"2979898810";"novaardhi_"
"18149240131491915";"1780378446";"3 bulan di pertegas😂 beliau sudah punya jabatan duta dan menlu jauh sebelum lo jadi seskab bun 🤣";"392296138";"rnvlaan"
"18406411663146281";"1780378453";"😢";"2011366838";"addy_addy13"
"17976263697034474";"1780378456";"SEPAKAT";"2781955591";"fahreza__mf"
"18586782748048209";"1780378456";"Oh Tuhan";"737610926";"holganas"
"18155610172461938";"1780378465";"boti silit mak pohhhhhhh kemruwek mbelo yange";"1724442907";"daffawell"
"17970928407101398";"1780378466";"Cara meresponnya lucu 😊 "walau hanya..." , "pokoknya ada..." , " zaman itu zaman ini " hehehe";"646643344";"dindjani"
"17964982440083065";"1780378468";"Lg serius2 gt trus ada yg nyolek.. Eh 🐓🐓🐓";"44239867833";"majumapan_eskrim"
"17871078519617717";"1780378470";"@elysasputri owalahhhh, km ikutin sejarahnya toh wkwkk😂";"1401395883";"rahmat_afrianto"
"17957742713961476";"1780378474";"Kalau uang pribadi kenapa ga cuti terus jalan-jalan secara pribadi aja? Bukannya dinas itu kepentingan negara dan dibiayai negara?";"248149143";"arifinnst"
"17879146776453759";"1780378483";"Guoblogggg";"14529614644";"pengguna_instaagrraam"
"17928000615320765";"1780378491";"GAK PERCAYA PAKAI DANA PRIBADI? 😂😂";"1904056789";"wildanrenaldi"
"18230612758314413";"1780378503";"😆😆😆 Ah... entah lah...";"2134512068";"tya_fy_april"
"17971612344104980";"1780378505";"Udah guysss inti nya presiden kita anti kritikan dan tidak akan didengar kecuali nih org yg ngomng,, yg lain hanya angin";"56784791101";"ratnarizky20"
"18146237740450177";"1780378510";"";"4190268860";"ahmd_fu"
"18044152247787499";"1780378523";"";"344799302";"anomarys"
"18047601878546684";"1780378524";"Kunjungan negara kenapa bawanya seskab ya? Bukan wapresnya? Bertanya dengan nada lembut, selembut pantat bayi";"1405969388";"araaf___"
"17989872428809556";"1780378536";"Uhggggh makin gamessss aja nih unnnn😍😍, ada nih ya ngaku pakai duit pribadi tp pakai faslitas negara,,";"1378567879";"japangggg"
"18083636513134435";"1780378537";"Sapi aja pake APBN masa perjalanan dinas pake pribadi 😂";"2695613";"riefano"
"18102020399041989";"1780378540";"Buat biaya kunjungan bisa . Buat Qurban pake APBN";"1951296125";"banibinr"
"18133489903566653";"1780378542";"@menga8771 ihh nanti kamu dibalas "ITU UNDANG-UNDANG JAMAN MEGAWATI, SEKARANG PRESIDENNYA PRABOWO"";"35780096477";"estiyunho_"
"18464687557108307";"1780378553";"Langsung BAPER ya Cin ..";"59938642100";"sasa_vira_tirtana"
"18355589422241801";"1780378566";"Perjalanan negara kok pake uang pribadi. Lucu banget bohongnya.";"1510688619";"dcandras"
"18111685727501378";"1780378568";"nahhh ini.";"3632099719";"tiffa.zulfah25"
"18211889941330673";"1780378063";"Bunda ❤️";"2160550309";"rest_area90"
"17871309471527659";"1780378064";"Hmmmmmmm";"601381577";"rustianaes"
"17915175924397088";"1780378067";"Klarifikasi salah gag klarifikasi tambah salah ... Trus enak e piye ya";"553545767";"akmadsyarif"
"18114826468868762";"1780378072";"Pak prabowo sendiri yang pakai uang pribadi. Lah rombongannya? Pakai uang siapa? Pribadi juga?";"1116784003";"rakahades"
"18371417908204907";"1780378075";"@estiyunho_ contoh sdm negara ini diajak balas argumen pake emosi 😂ditanya baik" jawabanya mcm g ad pendidikan😂 dikuliah kl diajari debat menyampaikaj pendapat kyk gitu ya? ad kuliah/sklh kan ad diajarin kan?😂";"2293777039";"budi.halimmm"
"18065638505451057";"1780378076";"Iya, mksdnya dikurang2in kunjungan LN nya. Biar anggarannya buat yg lbh brguna gitu ses.";"434167801";"frenda_florist"
"17914353570400443";"1780378086";"Saya suka isi komen kalo beliau covernya";"1797078167";"roy_pramudya"
"18596483689023647";"1780378094";"MUNGKEENNNNNN";"1565298181";"kevinpraditya_"
"18118856863690912";"1780378095";"1 rupiah pun gak ada. Kerja keras bos. Jgn taunya nyalahkan pemerintah aja😂";"1627531534";"elysasputri"
"18087076778430506";"1780378099";"Oh bayar sendiri sama ae boros2 juga";"813061868";"fajarahmad10"
"17961752802103353";"1780378107";"Lamo lamo sok lo nyo nak";"1378567879";"japangggg"
"18122707969657338";"1780378111";"Capeee bgt nge like komenan netijen 🔥";"23433559667";"mommy_keezee"
"17961522519452678";"1780378115";""pernah menjabat wamenlu walau cuma 3 bulan." ga bisa ga nyinyir kah ted, kinyis bener itu lambe 😂";"1555095856";"ibra_zr_"
"17895529476334606";"1780378121";"@prmiitha 🫰";"3268041552";"asildo_0"
"17940327975245203";"1780378122";"BACOT BOTY!!!";"414274145";"firmanya_w"
"17879702874605504";"1780378123";"Over budget dibayar sendiri, jelas saya meragukan, lha wong kurban pakai APBN.";"1442154349";"hardy88pras"
"17864308452631522";"1780378125";"Lucu deh sama pemerintah saat ini, pada anti banget sama kritik, udah berasa paling perfect 🤭";"1296253308";"originalzackyfauzan"
"17962821237094655";"1780378126";"BELI SAPI QURBAN AJA PAKE APBN, TERUS PAKE BIAYA PRIBADI GINI KAMI BAKALAN PERCAYA? 😂";"1930904851";"tokemelayu"
"17964894399085460";"1780378131";"@tedsky_89 pokoknya ada 😂";"251589652";"viera_cristaliap"
"17858511054647719";"1780378153";"@ardianryz_ 😂";"32210544";"beetbeth"
"18584478589011380";"1780378154";"@elysasputri Amiiinnnn";"2094224630";"masykuriwildan"
"18010113341860361";"1780378161";"Langsung klarifikasi loh😂😂😂😂😂";"269341968";"dolymontana"
"18122793016642381";"1780378162";"Halah";"3025017440";"ryangandawijaya"
"17962171439942970";"1780378167";"Nyenyenyenyeee *buang riak*";"182767982";"azzahauliya"
"17865078342573630";"1780378168";"Beli sapi kurban aja pake APBN, masa iya jalan2 pake duit pribadi?? Atau jgn2 APBN dianggap duit pribadi?? 👀🧐";"34633210362";"rico_febrisa"
"18123076447560345";"1780378169";"Masa?";"638257339";"cuonkbazzter"
"18083518538421261";"1780378171";"@initial_em hahaha fokus kerja yg baik kak. Jgn taunya nyalahkan pemerintah aja😂";"1627531534";"elysasputri"
"18097535137934631";"1780378172";"@siti_nuriyaningsih jadi jika presiden ke LN as presiden bukan sebagai prabowo subianto semuanya tercatat masuk ke APBN apalagi ini merupakan kunjungan untuk menguatkan diplomasi (meski aku ga tau kita punya hubungan diplomatik apa sama prancis dan negara2 yang nolak beliau itu)  segala overbudget tetap ditanggung APBN. Kalo dana pribadi ya malah membahayakan Prabowo Subianto as Presiden RI karena ada kemungkinan  berpontensi  maladministrasi dan melanggar peraturan hukum administrasi negara.";"35780096477";"estiyunho_"
"17991165419990617";"1780378174";"@iamwk11 😂";"1210406922";"unirahmaaa"
"17869808463682711";"1780378176";"Kl sekedar bicara tanpa ada laporan keuangan (realisasi) dan hasil kunjungan mah gampang";"1541493455";"andhieprayogha"
"17863379313587241";"1780378177";"Lah lu beli qurban pake apbn";"2144456449";"mdurotun01"
"18048317204784582";"1780378177";"@raflyramdhan21 sabar bang, banyak buzzer wkwkw";"1930904851";"tokemelayu"
"17935036962071793";"1780378178";"@iamwk11 😭😭😭";"7946605902";"lilylatiif"
"17928923163318114";"1780378196";"Lah qurban aja make uang rakyat wkwkw 😂";"5758990569";"rizfahrezaa"
"17852446167687261";"1780378217";"kalo di kampus dulu ada yg namanya Laporan Pertanggungjawabban ted";"1525071763";"reymondsl"
"18051960821759081";"1780378221";"aku bingung seperti tidak tersruktur untuk tupoksi jabatan harusnya yang mengurus ini adalah sekretaris negara";"1692616833";"aara_maraa"
"17968561095119675";"1780378225";"Ya ya ya";"3767657240";"retnoanjarsari08"
"18087848456098223";"1780378227";"Ga percaya gue pake duit pribadi. Share dong laporannya kan hak Rakyat utk mengetahui";"74806296774";"joko.firmansyahh"
"18138285853542883";"1780378229";"@nvandryni Itu tujuan kunjungan kenegaraan bukan, masa iya pakai uang pribadi(?)";"1189743491";"andre.irvanto"
"17963693331092028";"1780378235";"ciee angel kanan";"1086696585";"maylinarg"
"17964740564928913";"1780378235";"Iy jadi jalan2 ndompleng fasilitas negara lebih keren keliatanya....";"3662739072";"bintang.sm67"
"18469763761100359";"1780378237";"Pakai uang pribadi kaatane, tp qorban pakai uang apnb 😂🔥, Hadeh,";"8305116290";"rober_ristanto"
"17969229858061230";"1780378239";"Qurban kok gg ditanggung sendiri pak, mas, kak? Eh, Manggil dia gmn sih?";"1533920456";"fitrohachmad"
"18179011000392346";"1780378246";"Njir denials bangettt 🤣";"4257353996";"dkkriting"
"18093871412521771";"1780378260";"Wkwkw gblx nya rakyat ini 😂";"540975327";"myoga_pratama"
"18463710652129673";"1780378262";"Merendahkan kinerja orang lain dengan menyebut masa menjabat hanya 3 bulan itu termasuk anti kritik dan menyerang personal..😂😂..kocak ente";"3531948696";"rotasikehidupan"
"17917898451382486";"1780378267";"Tiwi";"1043754418";"ivanzaelnino"
"17913365259402300";"1780378272";"Sepakat";"1364759270";"azisrynn"
"18000542021764677";"1780378272";"@rahmat_afrianto soalnya dulu nama akunnya pendukung anis😂skrg berganti nama jadi tedsky😂";"1627531534";"elysasputri"
"17925360180127177";"1780377846";"@rani_musodah sekertaris ehem.. ehem.. 😂";"63331889228";"ampuuun_ndoro"
"18231393535312458";"1780377856";"@estiyunho_ ketika balas argumen dblg buzer ketika hujat presidej dblg kritis ini moral anak bangsa yg hrus diperbaiki😂😂 mcm g bermoral omongan kasar kl dipidanakan dblg g demokrasi plhn sndiri g demokrasi ngata"in orang dgn kasar 😂";"2293777039";"budi.halimmm"
"18064501088441857";"1780377861";"@tedsky_89 woi ted akun u fenomenal bgt kok, 0 postingan tp followersnya gile hahaah... Cuma modal story2. Dan anehnya gw ikut follow barusan wkwk...";"1401395883";"rahmat_afrianto"
"18136999969481993";"1780377864";"";"952952726";"wsnjngrh"
"18117750796704730";"1780377866";"Pokoknya ada deh ya👏";"39472972483";"kursuskepribadianppa"
"18590281855030937";"1780377874";"Ted lama2 gua gedik pala lu ya eneg bgt sumpah";"1683724528";"pee.khaboo"
"18049844063538793";"1780377877";"@widiashufi 😭😭😭";"1599348545";"fhirmanohihiya"
"18001267931928350";"1780377883";"@elysasputri info loker jadi buzzer kak";"2094224630";"masykuriwildan"
"17893308900498954";"1780377885";"Pokok'a ada.. 😂";"4284218264";"gustipwidodo"
"18326635300268136";"1780377885";"@estiyunho_ minimal kl kurang pintar utamakan adab";"2293777039";"budi.halimmm"
"18122046388671861";"1780377889";"Sperti mati lampu ya sayang";"65301886248";"gennntap"
"18115149055844266";"1780377894";"Sayang akuuhh😍😍😍";"1494848907";"nike_ananta"
"18369459742225800";"1780377895";"@widiashufi Seus Tiwi maksudnya?";"610408213";"napnsmile"
"17921359113367750";"1780377903";""pernah menjadi wakil menteri luar negeri, walau hanya diberi kesempatan 3 bulan" harus sedetail itu kah bund? ato emg pengen nyatir karna ga terima kritik?";"3256958400";"andyykkkk"
"18117417151769733";"1780377905";"banyak bacot lu ah @teddy_hq , terserah komplotan lu aja deh , pokoknya adaaaa.....";"6667605098";"justpapahmuda"
"18589185574012722";"1780377906";"@asildo_0 sepemikiran 🙌";"1013090795";"prmiitha"
"18103742402061860";"1780377907";"@budi.halimmm ke lo? Ngapain?";"35780096477";"estiyunho_"
"18213032740336622";"1780377912";"Padahal kalau biaya pribadi bercampur fasilitas negara itu bisa jadi bias";"14493432";"rifqifadhlilah"
"17892017727477789";"1780377917";"rela mewakili suami untuk klarifikasi";"52883277";"ahdagusti"
"17928986250316620";"1780377926";"@rickyadriansahh  PERCAYAAAAA";"342657509";"aryabopan"
"18011160173856563";"1780377934";"cape ga sih?";"13126174422";"croissantgaring"
"18117354181829735";"1780377938";"Diam.";"256528817";"shufidinaraaa"
"17886484554393210";"1780377940";"Emak emak kalo lagi mens sensi yaaa ...";"4474915404";"danifebby"
"18597123337019419";"1780377947";"Buna klarifikasi tapi gak paham hukum. Justru lebih masalah buna kalo pake uang pribadi.";"1945767217";"ishamashi"
"18097843547140779";"1780377959";"Trus kalian percaya???";"2081408035";"ren_drashta"
"18083195054390414";"1780377967";"Percaya lo pk uang pribadii???? 🤔";"2027974944";"f4ny_sofi"
"18093600626195567";"1780377971";"Tanam benang gih ses, muke lu dah turun noh 😢";"201441137";"bayu221b"
"18593838463034035";"1780377975";"😂😂😂😂😂😂😂😂😂😂😂 modelan begitu kl disenggol personalnya langsung berisik😂";"9822292";"siabay"
"18112611098307921";"1780377979";"Pokoknya ada deh sis…😄";"51563603";"fikry_ahmeed"
"18124032538629656";"1780377984";"Diam.";"256528817";"shufidinaraaa"
"17985310505830311";"1780377990";"Atur ajalah, kau panitia";"249416653";"papafallkila"
"18117696280685998";"1780377991";"Pentingnya peran istri yang membersamai suami. Entah itu di rumah tangga ataupun rumah negara.. wallahualam bissowaab..";"4350340858";"azkiya_fatiha"
"18087382505217727";"1780377995";"@estiyunho_ ktny pintar gw tny gbs jwb😂 antara gmau jelasi atau mmg g ngerti apa maksud diluar kewajiban negara itu apa 😂";"2293777039";"budi.halimmm"
"18161281465451106";"1780377995";"Ini benaran seskab? Harusnya pointing jawabnya dengan outcome, skalability yang didapat apa, investasi perjalanan dinas ini kan uang rakyat, outcome yang visible jarak pendek dan jauh apa? Kok malah kesannya defensive...";"246512261";"mozes_buce"
"17883563163587943";"1780377999";"Mana percaya";"1788120584";"ade_st_marajo"
"18267176101291832";"1780378002";"Pokoknya ada";"5505570189";"nivaa_kyn"
"17856793446660990";"1780378012";"Jadi Gak Respect malahan";"1917455674";"jonathan_riskhi26"
"17968070073079522";"1780378012";"Namanya juga belain ayang";"382377297";"zackeekcaz"
"18170201182424060";"1780378014";"@siti_nuriyaningsih sesuai PMK No. 66/PMK.05/2022 semua pengeluaran yg terkait perjalanan dinas presiden pasti ditanggung APBN, termasuk overbudget misalkan utk pengamanan ekstra etc. yg ditanggung pribadi itu kalo kegiatannya bersifat personal/unofficial. jd bisa nyimpulin sendiri kn?";"35780096477";"estiyunho_"
"18080307998194760";"1780378032";"Bau 💩";"3226205943";"dwifa.winksalot"
"18106681786949343";"1780378036";"@witty.moonstone gapapa kak, setidaknya yg baca komen sy gak kepancing orang bodoh kayak dia";"3473462926";"arfwid_"
"18125737408616515";"1780378036";"Oooo tibake ngene bun @aviva_maulitha";"375494651";"tasyamoedya"
"17863488042632363";"1780378038";"Siap bunaa";"2014110162";"budiawansastrowardoyo"
"18061629740713307";"1780378042";"Ngomong manis itu tugasmu. Kerjaanmu. Dan Bot* paling jago itu.";"283345911";"yusuftz.muhammad"
"18011030858719752";"1780378044";"Ini seskap pribadi ato mewakili opini seskap duh kok jdi gmw dkasih masukan yah ini😌😌😌😌";"4026090817";"handoko_goblin"
"17932696515291436";"1780378046";"@ardianryz_ ngakak 😂😂";"2749955070";"ekazacharias27"
"17851809450695986";"1780378053";"Pake uang pribadi tp hartanya makin naik 🙃";"4641935455";"mjpcoco"
"17974365558051852";"1780377635";"@iamwk11 kaaa. Jgn sampe km digodaaa 😂😂";"1155109460";"dutakejora"
"18171418957414825";"1780377651";"Kewajiban istri menjawa marwah suami";"216635023";"singgihrahadi"
"17892526275497439";"1780377656";""walau...hanya..." hmm...kesannya...";"318001134";"hwangxixi"
"18094717100257774";"1780377659";"Baru kali ini ☺️";"437472339";"ayutamara90"
"18093395045264205";"1780377660";"Itulah kalau suatu jabatan dipegang oleh bukan yg ahlinya, ngawur semua, mulai dari Seskab, Mentri ham, kepala bgn dll, serahkan aja ke ahlinya untuk menjelaskannya jangan sok2 an  jadi juru bicara pemerintah";"1528682473";"trisnomaulana"
"18009961571864653";"1780377668";"Ya berarti lu jln2 dong";"12523997795";"jdhhshai"
"18079154501237934";"1780377670";"@estiyunho_ bukan biaya sendiri tapi kelebihan biaya harusnya negara cuman budget 2M tapi ini melebihi ya masa negara yg nambahin ya engga lah itu udah jadi ranah pribadi berarti kegiatan atau pengeluaran disana banyak yg ga sesuai atau masuknya pemborosan";"1716772779";"ipadsg"
"18055008767737675";"1780377687";"@dhiandwirtns astagah..Bukan perkara untung rugi! Bernegara itu ada aturannya dan berlandaskan undang²,klo mau seenaknya aja ya jgn jd pejabat,masa gitu aja mesti dijelasin panjang lebar? Fanatik boleh,bl00n jangan! 🤡";"697546799";"ahmmed_syafrudin"
"18169865506425014";"1780377687";"Ekspresinya kaya ada julit2nya ceuu";"1155109460";"dutakejora"
"18123779047730897";"1780377699";"mungkiiieeeennnn";"2237077004";"littlesheeepdiary"
"18366112945228631";"1780377699";"Pakai uang pribadi, tapi nanti kalo misal korupsi uang negara apakah termasuk uang pribadi?";"243117886";"amridojaya"
"17952301941167926";"1780377704";"Lucu bgt komunikasi kaya gini di tingkatan tertinggi suatu negara.";"7960261912";"sy_hrulrmdhn"
"18591812236008793";"1780377706";"tidak perlu pakai kalimat “walau 3 bulan” lah pak. ndak etis, pak.";"2015933918";"banana_lalilulelo"
"18076240292284320";"1780377707";"Dikritik bukanya berbenah malah klarifikasi nih Buteedd";"69501769762";"dxcoyx"
"18080158871542015";"1780377710";"@hardiant28 nah ini lohh si budi budi itu mana paham. Ngebuzzer aja kerjaannya. Ya gapapa sih dia butuh makan. Tapi ya minimal jangan bodoh aja si budi itu";"35780096477";"estiyunho_"
"18155699440413105";"1780377710";"@ardianryz_ dia sudh berusaha feminim tapi belum maximal aja itu 😂";"1655289880";"yennytheresia97"
"18082463912407218";"1780377714";"@iamwk11 😂😂😂😂😂";"568377148";"nyna_makmur"
"18108845194937926";"1780377714";"Terseraaaahhh";"2224200288";"sayyid_adriansyatha"
"18098595326164414";"1780377717";"Mending mundur aja ngga sih pak,.. kalo ngga trima kritikan.. jadi pemimpin jgn seenak udel gitu.. bapak mundur malah kami segan";"2024148023";"yayaatiara"
"17966241660097245";"1780377721";"Ya udh bisa tampilin kali ya transparasi anggarannya bun 😌 @teddy_hq";"64173649715";"vlvvxa_"
"18377862889167089";"1780377721";"@ikmallrmdhn mending langsung tag yg  bersangkutan langsung";"3254310131";"marisakamelia"
"18392233264093976";"1780377723";"Pak Dino ketawa neh denger gaya komunikasinya Pemerintah sekarang 😂😂🤣🤣 Kosong melompong semua gitu.. Isinya sanggahan tanpa Data.. udah gitu ngenyek 😏";"207440018";"ayhoanita"
"17890261371375130";"1780377725";"Apa dh bowty kntl";"33968283";"ovan_strife"
"18380080297164672";"1780377727";"uang pribadi muluuu, abis lho ntar uang nyaa @achietttarini_";"896868016";"advaitacidut"
"18016222547848740";"1780377734";"@budi.halimmm ya emang bloon sih";"35780096477";"estiyunho_"
"18012049571894009";"1780377740";"" walau hanya diberi kesempatan 3 bulan".. what!!!!";"242282181";"hutrisaysukau"
"18118021306799932";"1780377741";"Siang2 lg emosi liat buna jd makin emosi 🔥🗿";"3090703334";"syaichul_huda"
"18080239052643318";"1780377742";"Ga ada yg percaya bu";"2033482434";"ahmadfaisal1619"
"18095326637228922";"1780377753";"Berani di audit gak?";"8562579163";"glosshygrozz"
"18376485499162146";"1780377765";"Kayanya baru periode ini aja yaa seorang sekretaris setampil ini. Apa semestinya atau gimana si ini? Mohon bimbingannya para suhu 🙏🏼";"1341957622";"wira23"
"17883356328592323";"1780377771";"Jangan bawa map mulu kmana mana lu ted,salurin lah hasil pendidikan di lapangan terjun langsung komando langsung di papua";"1719854726";"rhezaldioctavian"
"18060356849708757";"1780377779";"@ipadsg sesuai PMK No. 66/PMK.05/2022 semua pengeluaran yg terkait perjalanan dinas presiden pasti ditanggung APBN, termasuk overbudget misalkan utk pengamanan ekstra etc. yg ditanggung pribadi itu kalo kegiatannya bersifat personal/unofficial. jd bisa nyimpulin sendiri kn?";"35780096477";"estiyunho_"
"18076278776300606";"1780377780";"Prinsesss 😍 💅";"67554400591";"billy.anthony74"
"18073763009453476";"1780377785";"Seskab taek";"2245719995";"syahrvlf"
"17904777606431269";"1780377794";"@estiyunho_ ya kan kalo pake duit pribadi artinya paham dong ini bukan kuker 😂 Wong pulang² isinya cuma, semua sekolah diwajibkan ada kurikulum Bahasa Prancis 🫠🙌";"207440018";"ayhoanita"
"18089593349052681";"1780377798";"@estiyunho_ wkwkwk emosi ya , msh g ngerti ya apa maksudnya diluar kewajiban negara? kykny lu pintar coba jelasi ke gw apa maksud diluar kewajiban negara yg diucapkan tedi? yuk jelasin dong esti pintar";"2293777039";"budi.halimmm"
"18097485239230936";"1780377800";"Qurban yang sejatinya urusan personal aja bisa2nya pake apbn, jalan-jalan gini yang katanya urusan kenegaraan mau dia ngeluarin dana pribadi? Masyarakat di kangkangin mulu 😂";"3268041552";"asildo_0"
"18102243404029633";"1780377800";"Sumpah kgak percya sma alat sepong lu";"51502830022";"metha4000"
"18019973402837721";"1780377801";"Ya kelebihan ditanggung tapi tetep aja ada anggarannya nggak sih? Buang2 duit nglobby partnership luar negeri tapi masalah dalam negerinya sendiri di ignore 😢";"216324425";"novy.lk"
"18086280908123495";"1780377802";"Bulan madu sama ses hhaa";"2045951176";"feri_sulaiman"
"18105688960994973";"1780377804";"Angkanya ada? bukannya akan lebih baik jika ada angka dan bukti konkret agar akuntabel dan transparan?";"75036760620";"putraarfahmad"
"17858357442647891";"1780377805";"Merespon";"36880239";"kohyansen"
"17907890103242365";"1780377821";"Aw, mana dong hasil kunjungannya? Terus laporan keuangannya mana kalo emang pake dana pribadi? Tetep harus dilaporkan doong. Btw aura botinya kuat banget ya";"362905115";"mmugnisalamm"
"18116859202832561";"1780377823";"❤️❤️❤️❤️❤️";"1807930883";"mariyamharumhasanah"
"17912436120405811";"1780377827";"";"1943845706";"_dedy_irawan"
"17858506188648777";"1780377830";"Berisik woy";"4942391911";"itsmeindahh29"
"18105862628081789";"1780377830";"ngerapek";"1655093220";"hazmiyudaa"
"18592922965006329";"1780377835";"@sunny300696 nyawit nih orang";"2094224630";"masykuriwildan"
"18158846059458748";"1780377842";"Buktinya saya masih jual kukusan , di beli dong dagangan saya pak😢😢😢";"1601124579";"zulendrafadillah"
"17879214771599270";"1780377361";"Menutup kritik .negara Diatur sendiri , rakyat kelimpungan gak peduli, yang penting pajak jalan .rakyat Buka usaha mati matian supaya tidak tutup ehh dipalakin mati matian juga sama tukang pajak ... Negeri yang diacak acak sama pemerintahnya sendiri 🗿🗿🗿";"1741022958";"farouqhaq"
"17955473766150158";"1780377361";"org” bilang dia ganteng tu ganteng dari mana sih";"3016764162";"sisiliawdynti"
"18084704936389057";"1780377365";"QURBAN saja pake APBN... Wesss AmbiyyaaRrrr.... Pertanggung Jawabannya DUNIA AKHERAT....";"3038917384";"desmotelalazhar"
"18107434504942552";"1780377373";"@symmtrys seseorang tidak dapat dihukum atau dikenakan sanksi atas suatu perbuatan, kecuali jika perbuatan tersebut telah diatur dan dinyatakan sebagai tindak pidana oleh peraturan perundang-undangan yang sah sebelum perbuatan itu dilakukan pasal 1 ayat 1 KUHP kl lu blh g bole tunjukan pasalnya simple";"2293777039";"budi.halimmm"
"17972508969107204";"1780377375";"Percaya?";"1680088485";"desyaandaresta"
"18093374378339962";"1780377383";"@nindiwindiani 😂😂😂";"1988354304";"d_alfizah"
"18111035750490824";"1780377396";"Siap queen kami gaakan percaya 😂";"5322146422";"graldh"
"17916443652391795";"1780377398";"A government can claim efficiency, conduct dozens of foreign visits, launch major initiatives, and dominate headlines. Yet in a crisis, the real measure of leadership is simpler: whether public trust, public money, and political attention are being converted into outcomes that reduce uncertainty and improve the lives of ordinary Indonesians. Everything else is activity, NOT EFFECTIVENESS.";"5757508";"tinushariadi"
"18108811312928898";"1780377404";"@widiashufi ses 💅";"798566906";"adendepe_"
"17953411760981515";"1780377410";"Wamenlu 3 bulan juga lebih berkualitas dibanding diplomasi Prabowo selama menjabat, Ted. Jangan lupa juga beliau pernah jadi Dubes Indonesia untuk AMERIKA. Yang sampe sekarang posisinya masih kosong dan gak diurusin sama Menlu. Jumawa banget lu Ted. Jabatan lu gak selamanya";"1419205161";"initial_em"
"18455313820115015";"1780377415";"Merka selalu bernarasi kalo prabwo pakai duit pribadi, kalo jokwi tidak pernah ambil gaji";"74053333533";"finalis.orccp"
"18214931455327278";"1780377416";"Sama ajalah";"926773084";"hendri_p_syahputra"
"18183846112383890";"1780377420";"@estiyunho_ TAU GA DILUAR KEWAJIBAN NEGARA  BARU DIBIAYAIN PRABOWO? msh g ngerti apa itu kewajiban negara dan diluar kewajiban negara?😂 msh g ngerti ya maksudnya? kacau IQ brp sih mcm ajarin anak sd 😂";"2293777039";"budi.halimmm"
"18109823815726336";"1780377423";"kami piginy gak byk nya, makan pun kami bayar masing masing. Tapi piginya sering sebulan 3 kali la..... (Obrolan emak emak arisan) 😂😂😂😂😂";"3280673907";"chan.jony"
"18374090104163824";"1780377431";"Ini kok kebalik yaa.. kurban yg harusya pakai dana pribadi malah pake APBN.. Perdin yg harusnya dibudgetkan pemerintah malah pakai dana pribadi.. piyeee iki...";"1530156712";"yuniarlaelasari"
"18105945137316002";"1780377433";"Jangan terlalu di anu anuin lah buna";"586902712";"fahmirasyid9"
"17898241359451835";"1780377457";"@ardianryz_ padahal yg gw tggu ada yg jln blkgnya trus nyolek dikittt, pasti kluarr tuh idiiihhhh nya";"407529546";"dayattauhid"
"18102886013065285";"1780377461";"@estiyunho_ gw minta pasal gbs ksh jg jd apa yg lu ngerti 😂 gw ud pake pasal 1 ayat 1 asas legalitas smua omongan gw pake pasal omongan lu g ad dasar hukum 😂";"2293777039";"budi.halimmm"
"17911430136408667";"1780377463";"Bukti nya mana ses 💅";"359402955";"nanaagtm"
"18113137264862928";"1780377466";"@elysasputri asik cairrrr";"1419205161";"initial_em"
"18079186478208121";"1780377468";"Baca komen 😂";"3261816338";"amelliaamiia"
"18557416627066601";"1780377470";"heeeyyyy, antek antek aseeeng";"1003859665";"faishal_ismail"
"18106543594945762";"1780377472";"Aq bacanya dajal 😂
Efek blom makan siang ni kek nya 🤣";"355163613";"3ch_jalanjajankulineran"
"17942198979037268";"1780377475";"Gimana mau pake uang pribadi sih mas , kurban aja yang wajib pake harta pribadi malah pake APBN 💆🏻‍♀️";"3926187960";"ayusulistya27"
"18111711865718778";"1780377487";"@budi.halimmm bud lo tuh bloon apa gimana sih?";"35780096477";"estiyunho_"
"18560637556068103";"1780377500";"@ikmallrmdhn no no no ya ikmal 😭";"9898225154";"mnuarita23"
"17930621958294373";"1780377516";"@elysasputri asik cairrrr";"1419205161";"initial_em"
"18082614419159476";"1780377532";"Menlu yg menjabat ga sesuai dengan keahliannya ya gini, Kepala negara hrs kerjain kerjaan menlu wkwk";"39086769";"mmrsnmbla"
"18113589136828647";"1780377532";"Ciee dibayarin ayang";"3243574810";"agusigho"
"18087637979578249";"1780377536";"Capek banget kerja jadi Mentri dan jajarannya @prabowo tiap hari nyebokin & Ngejilatin Prabowo Mulu...padahal yg bayar mereka rakyat";"1481836837";"alifvan97"
"17880455460444478";"1780377538";"Mereka juga butuh quality time demi keharmonisan rumtang";"3261816338";"amelliaamiia"
"17853963981680471";"1780377542";"@estiyunho_ dan beresiko terjadi Fraud, ini yang harus di hindari";"1079349213";"hardiant28"
"18059377106709803";"1780377542";"Ahh bisa aja gak tinggi,
.
.
Queen ted";"2275637718";"lutfi.bgenk"
"17898349599452775";"1780377544";"🤨";"2040469114";"sleeplullaby"
"18106670725758367";"1780377552";"Bisa dilihat dimana laporan keuangannya ?";"45617409099";"panda.ronda"
"18081036566190229";"1780377558";"Jeung Tiwi ternyata Atikah wkwk @atikaharsyad";"3998809760";"novitasari.dew"
"18407499829199702";"1780377559";"@iamwk11 WKWKWKW😂";"4038365132";"jiminewtron_"
"18002380616937087";"1780377570";"Kunjungan kerja pakai dana pribadi, giliran beli sapi kurban pakai duit APBN 😂 dari sini aja udah kebolak balik secara sistem keuangannya.";"4210911531";"pengabdistefan"
"17913308346403562";"1780377582";"Ses jangan lupa makan siang yaa...";"2119882661";"ra_karmono"
"18109169782937226";"1780377584";"Beli sapi qurban aja pakai apbn dg atas nama prabowo wkwkk 😂";"2089120175";"muhammadr_fajarw"
"18107121577748734";"1780377590";"Macaciii, Qurban aja APBN 🥹";"1627627805";"novierns"
"17930393220097143";"1780377598";"MASA SIH BUNN ❤️❤️😂";"216635023";"singgihrahadi"
"18117222439832196";"1780377606";"Jadi maladministrasi dong, terus kalau ada audit gitu gitu gimana ntar ga ke deteksi? Kan semua kunjungan kepresidenan diambil dari apbn sesuai undang undang, giliran kurban aja pake apbn";"3183811291";"yaf.ie"
"17884211397414932";"1780377620";"@nvandryni banyak buzzer sih tapi kayaknya yg buzzer gapaham birokrasi. Gatau sistem lpj, audit sama pemakaian uang pribadi itu gimana pelaporannya wkwk";"2988617833";"ghiffary_17"
"18425706316130145";"1780377623";"Ngga percaya,..";"2024148023";"yayaatiara"
"18083543474402016";"1780377628";"asyik di bold";"1130175503";"riankharahap"
"17892602352499106";"1780377163";"@budi.halimmm oalah ternyata... Ga ada hubungannya tapi tetap dibawa2 padahal ga ada ditopik. Memang bloon ternyata";"35780096477";"estiyunho_"
"18088842398615196";"1780377163";"boleh minta bukti disetiap perjalanan pakai uang pribadi? bisa cek dimana ya?";"3553539421";"haynaa2_"
"18107878123986924";"1780377184";"Lulusan SMA berani nyenggol diplomat senior gila";"1559220577";"prayogasalimm_"
"17890055154539804";"1780377187";"Boti";"4703378117";"saipul.hadi1"
"18097972478177375";"1780377191";"@hihidayatyat coba gw tny dibilang biaya kunjungan diluar kewajiban negara tau g maksudnya apa? coba lu jelasi maksudnya apa dlu br ngomong😂";"2293777039";"budi.halimmm"
"17871754176523216";"1780377196";"@ilhamrestv Bantu cariin, gue kalau ada lowongan gitu pun mau ikut, terus kalau hujat dan benci gk jelas juga ikut dimana, tutor puh";"2137014483";"zularizalfaima"
"18398325262158632";"1780377198";"Woiiii manusia anjiiiing bangsat lo ted";"72053612748";"hendraaa658"
"17988628803005008";"1780377205";"Bapak presiden yang terhormat.hanya saran dari saya masyarakat biasa ini. Mungkin di tengah gonjang ganjing dunia ini alangkah baiknya fokus ke domestik terlebih dahulu. Bagaimana pengangguran dikurangi, ekonomi membaik, support bisnis ekspor dalam negri,yang saya yakin butuh koordinasi dari bapak juga meskipun sudah ada mentrinya. Menlu juga sudah ada pak, mungkin banyak hasil yang bapak bawa juga dari kunjungan luar negri tersebut. Tapi bapak itu presidennya indonesia, bukan sekjen PBB, jadi ketika rakyat masih kesulitan saat ini, bagaimana efek hasil kunjungan luar negri itu bisa kami rasakan?😢";"234688718";"mandazuleyka"
"18094656922976705";"1780377205";"Bravo🔥";"1448217124";"f.annicha"
"18095031788238237";"1780377207";"Oke.... Kalopun mau bales, yg lebih kompeten dan layak buat bales adalah Bakom ataupun Menlu.... Ngapa jadi ini orang ?";"1570793462";"yahdialagideh"
"18068358404378293";"1780377208";"@budi.halimmm bukan malu. Tapi menghindari ngobrol sama otak bego kayak otak lo ini.";"35780096477";"estiyunho_"
"18105349549790227";"1780377211";"Suaranya orang2 yg kerja di birokrasi gmana menurut kalian ? 😂";"529175675";"billywonka13"
"18066129638394796";"1780377214";"Ah yang bener ceu tedi??";"4699955715";"aannurmayanti"
"18101037746033885";"1780377214";"Ahh boti";"21030494160";"cakratama"
"18083015420403274";"1780377215";"Four season lagi nih. 👏";"55972226";"febriyantieby"
"18105692188778090";"1780377215";"Enak bgt asik nyamperin luar negeri aja sementara dlm negerinya rakyat jelatanya ga diperhatikan";"49006576976";"refagoodss"
"18195391123367803";"1780377215";"Iihh buntet sa ae";"548633495";"fitrianamega28"
"18097924946113089";"1780377216";"jangan tanggepin lg pak Dino lekaki sejati tidak main sindir2an";"298641504";"yayukanggraini"
"18398920408152926";"1780377217";"@ardianryz_ pritttttt";"555994950";"_priskila_"
"18091300532348132";"1780377220";"kok masih bisa sarkas “dikasih kesempatan hanya 3 bulan”";"33264398";"rv.sz"
"18003914906747932";"1780377221";"Halah qurban aja yang pakek APBN di atasnamakan presiden bukan rakyat";"3303033693";"iqbal_valent"
"18144329626507170";"1780377229";"Peak bgt ni org 100an buat 4 negara lu 1 nrgara aja sgtu banyak nya peak asw";"1619207526";"afendy_s"
"18087031670093100";"1780377234";"@rizkiifitrianti g ad hasil? itu ud dihelasi tedi hasilnya😂 g nngk video ful ya? pembenci ttp jd pembenci percuma dek😂 anies lu g bakal menang minoritas ogah milih anies yg pendukungnya pake rasisme di pilkada jkt wkwkwke";"2293777039";"budi.halimmm"
"17925339675127021";"1780377262";"@estiyunho_ Udah bs bedain nga yuk belajar yuk memahami isi teks biar pinter lu😂 apa mau diajari cara membaca satu persatu kalimat?😂";"2293777039";"budi.halimmm"
"17991249227989960";"1780377265";"@budi.halimmm Budi jgn bodoh, tolong ya, posisi dia itu kepala negara, urusan pribadi udah gk relevan kalau porsinya berlebihan, ini batas antara kunjungan kenegaraan dan pribadi udah hilang. Jadi presiden berasa kayak jabatan main main, kepentingan negara dinomorduakan";"48857796507";"symmtrys"
"18035959829619726";"1780377269";"Yakinnnn tu? Kite mah g peecayeee,duit qurban aje pke dana apbn apalagi ini🤣😅logika";"780821839";"dewiandrianipane"
"18203012020358819";"1780377272";"Dan bisa bisa dia bilang @dinopattidjalal Menjabat menlu 3 bulan, sebenarnya ada maknanya 3 bulan itu di ucapakan";"590577940";"dodihalomoan"
"18132307069501852";"1780377297";"@hihidayatyat seseorang tidak dapat dihukum atau dikenakan sanksi atas suatu perbuatan, kecuali jika perbuatan tersebut telah diatur dan dinyatakan sebagai tindak pidana oleh peraturan perundang-undangan yang sah sebelum perbuatan itu dilakukan pasal 1 ayat 1 KUHP";"2293777039";"budi.halimmm"
"17955915579133723";"1780377303";"“POKOKNYA ADA”💅🏻";"4181980782";"hestiayuagustin"
"17883813276568334";"1780377304";"kok giliran qurban gabisa pake uang pribadi?😙";"14709179";"kikooow"
"18069707165680783";"1780377309";"Logikanya kalo suatu RENCANA udah over budget ya cancel, cari alternatif lain, bukan maksain. Toh masih rencana ini😂";"1333608753";"sollamifidya"
"17858852898641958";"1780377312";"Udah puas honey moon dia";"2274524643";"rendy_bap"
"17941027227236944";"1780377314";"Terimakasih bapak prabowo 🙏🏼.. Fix harus 25 periode ❤️‍🔥❤️‍🔥";"666069016";"john_kosenk"
"18106021402953334";"1780377314";"Kok males ya dengerny";"183668792";"llemonsquash"
"18084564182562393";"1780377316";"Seskab dan pemerintahnya skrng pada nggak baca Undang-Undang,, pada sibuk seremonial gak jelas..";"292101917";"didzch"
"18110504593912714";"1780377319";"@mandazuleyka mending bapak banyakin meeting koordinasi dengan para mentri daripada keluar negri jadinya.. apalah kita ngurusin perang kamboja-thailand kalau begal di jakarta makin banyak, kriminalitas meningkat pak";"234688718";"mandazuleyka"
"18066788729400457";"1780377320";"@estiyunho_ seseorang tidak dapat dihukum atau dikenakan sanksi atas suatu perbuatan, kecuali jika perbuatan tersebut telah diatur dan dinyatakan sebagai tindak pidana oleh peraturan perundang-undangan yang sah sebelum perbuatan itu dilakukan pasal 1 ayat 1 KUHP (ASAS LEGALITAS) kl lu blg g bole tunjukan pasalnya simple 😂";"2293777039";"budi.halimmm"
"17862899961633147";"1780377322";"Ke Luar negeri ditanggung sendiri, Qurban ditanggung negara, Queen teddy Kocak..";"530445019";"hputrajawi"
"17914146618400183";"1780377325";"Teddy bear yg ini rese";"2041098214";"tirza_intan"
"17994478709959878";"1780377325";"😂";"12566580474";"evarachmnia"
"18114160522851103";"1780377331";"Pasangan yang sensitif";"1302961362";"saya.rifky"
"17868449010623768";"1780377332";"omon2 lu gada kompetensi apa2 bisa gak turun aja??";"3603283929";"astronoyy"
"18178660744392143";"1780377332";"si mungkin, ditanggung sendiri 😅";"1982487144";"bybro_id"
"17935683348270725";"1780377338";"Kerjaan sekretaris itu sebenarnya ngapain yaa? Apa skretaris sekarang itu sering muncul di depan kamera?? Bertanya dengan nada cempreng 🫣 dan dia ini sebagai sekkab? Jubir? Penasehat? Atau aspri? Atau di borong semua?";"504417450";"iqie.pee"
"17901194727284824";"1780377340";"Bagaimana cara membedakan aset pribadi dan aset negara?";"1914535497";"n.bagus8"
"17952826089143894";"1780377349";"😂";"3055027608";"dliyaulm"
"18425849863120095";"1780377350";"Tugas negara pakai anggaran pribadi, qurban pakai APBN😂 #izinnnnnnnn🙇🏻‍♀️🙏🏻";"1732158596";"azizimaharani_"
"17859070941640955";"1780377359";"@sifafitriia bela ayang dia biar gag di bully 😂";"504417450";"iqie.pee"
"18470551465097856";"1780376920";"Temen gw kalo salah jelasinnya panjang lebar, biasanya gitu";"2065426166";"aldillatrip"
"17879311053599387";"1780376922";"@estiyunho_ gush sok g ngerti ud bs bedain ga mana biaya kunjungan diluar kewajiban negara? ud tau maksudnya nga?😂 coba belajar memahami teks , atau coba test IQ dlu deh😂";"2293777039";"budi.halimmm"
"17922344886142678";"1780376925";"buktinya mane????";"1001806264";"supersilasss"
"18590840815038285";"1780376926";"Ekonomi global dunia itu lagi ga baik2 aja jd wajar presiden pergi kenegara2 yg bisa membantu perbaikan ekonomi kita";"3955322864";"tita_mochtar"
"17954081481139944";"1780376930";"Haha.. kebohongan demi kebohongan. Lemes bener";"327792045";"chanwjya__"
"18138378736550362";"1780376932";"@widiashufi pokoknya ada drh";"1395275207";"reza_indriyani18"
"18354395599213749";"1780376932";"Biar masuk rombongan gimana yak ? Mauuu dooongsss ajak2 ke LN  awokwokwkwkw";"53937720640";"elitaaals"
"18127286764719836";"1780376949";"@iamwk11 😭😭";"1642246902";"nuraetarestina"
"17883020970427218";"1780376951";"Termasuk perayaan ulang tahun pak Tedy di Paris itu ditanggung Pak Prabowo kan ya? So sweet sekali. 😍";"868122722";"erwindeje"
"18123935203640250";"1780376956";"Iya bunaaaa iya 🥰";"445408891";"gilangmttqn"
"18105686165057863";"1780376957";"Sa ae";"248050030";"azmilhan"
"18064146473474427";"1780376963";"@budi.halimmm emang ga ngerti soalnya lo bloon banget";"35780096477";"estiyunho_"
"17946388542016779";"1780376964";"";"1469371445";"mmafrizall"
"17976506742047134";"1780376965";"Ngomong apasiiiih nye nye nye nye nyeeeeee MUAKKK 🤮";"671014842";"kadeena_"
"17901913278281902";"1780376970";"Keluar negri pakai uang pribadi, kenapa qurban pakai apbn ?";"217778083";"anissanissa02"
"17851590015696900";"1780376973";"@widiashufi ses nya itu yang ses ini apa yang ses itu kak ???";"595715392";"vandtastic"
"18127101034617918";"1780376974";"*walau hanya 3 bulan* wow kenapa ada narasi sebegitunya si?";"286709794";"reghidinaptr"
"18085861898430260";"1780376979";"omon omon";"179717262";"irfanandii"
"18089708414355911";"1780376986";"@iamwk11 kwkakaka gas bang";"46498396544";"prianto_khiar"
"18082251134439500";"1780376988";"baca teks banget ???";"1422287410";"chrissdayanti"
"18104530001319359";"1780376988";"@nores_snors nah giniloh maksdnya,";"1079349213";"hardiant28"
"18078392021229573";"1780377011";"@riskannd blg aja mau keliling dunia😍";"658473284";"riskannd"
"18111316885924216";"1780377013";"@estiyunho_ wkwkwkw malu ya maluu lah sana test IQ memahami isi teks aja gbs gmn mau jd negara maju";"2293777039";"budi.halimmm"
"18529335883075240";"1780377024";"😂😂😂";"182010906";"aswinh"
"18392891863088273";"1780377035";"Lagian gimana ceritanya pake uang pribadi? Lha wong pake pesawat kepresidenan...wajar dong kalo sekelas Pak Dino mengkritik.";"35810614601";"simu_adventure_lovers"
"18105726194512788";"1780377045";"buktikan...!!!! kami minta bukti, transfer, nota pembelian dll nya... ayo Ranger..!!! buktikan... @prabowo @gibran_rakabuming @teddy_hq";"35823324510";"inilhodan"
"18092892380218223";"1780377062";"Buna selalu melindungi 🥰🥰";"6957192008";"dedenabdulloh"
"18100638629127467";"1780377071";"";"1941487137";"mahfud.alisyahbana"
"18589924198054489";"1780377071";"";"1501580286";"fikri.cimol"
"18078863546239710";"1780377072";"Botiguard penghabis duit negara, foya" acara ulang tahun dsb";"1810243706";"rendy_patriawan"
"18319179166262236";"1780377076";"Pake dana pribadi pun jadi masalah sama manusia manusia gk tau diriii😂serba salah 😂";"1627531534";"elysasputri"
"18098518739323760";"1780377082";"@dhiandwirtns bukan soal negara rugi atau gak mba, semua ada aturannya bukan karna dia punya uang tapi ngurus negara bisa pake uang pribadi.";"2205728309";"alfinsyahnh"
"17872932609614775";"1780377085";"Baru kali ini ada sekelas pejabat kalau ngomong gak ada tertib administrasinya,transparansi yg dibangun sekian lama cuma dijawab modelan begini😅";"65499152391";"samsukasambat"
"17913371898204523";"1780377090";"skrg klarifikasi lebih penting dripada evaluasi 👏";"1582498369";"rickymorang"
"17888649612549387";"1780377093";"Korban sapi aja pakai APBN 😂👏";"49948934783";"setyonobudi807"
"18086530088572870";"1780377093";"@widiashufi nanti di tunjukin juga km tetep ga percaya,jadi ya percuma";"3042331530";"syaifulanwar16"
"18085914152108716";"1780377107";"Kok pundungggg?";"224686801";"aeluera"
"18105272564068008";"1780377108";"Coba Bunteddddd Respon juga Konten Pak Amien Rais kok cuma pak Dino ajaa yg lgsg di gas dan disindir. Gimana?? Ga bisa counter pak AR ya? 😌";"1031648529";"nesa_wil"
"17966651511076089";"1780377115";"Kecintaan bgt kayanya";"3501086310";"ysf.afd"
"17967662514074257";"1780377116";"Mang ea tedd bunted";"1726102964";"isnachoirl"
"18419204383133131";"1780377118";"Expend sendiri juga butuh mesin duit boy… Kuat sampai kapan?
Mesin butuh suplai orderan, bahan baku & maintenance, supaya ttp menghasilkan.
Jawabanmu jd kontra produktif buat bossmu.";"1546440999";"hrs_mulyanto"
"18008081327872169";"1780377124";"Boong aj lu buna";"2176740874";"weepinc"
"18067223993700431";"1780377126";"atur aja, biar gua dan anak2 yg kerja susah2";"2256446950";"rpratamac"
"17900760846445904";"1780377137";"Lu atur dah tod eh ted 🤮";"1527247501";"tienkusuma"
"18602186485060136";"1780377140";"@wisnuafirmanda dipasang di mana baut²nya, bang?😂";"1951908857";"via_traju"
"18105528886778924";"1780377141";"Kecewalah, pengucapan event nya masih pengucapan even 😂";"11279589";"rezalatas"
"18091991906604771";"1780377156";"@iamwk11 bang 😭😭🤣🤣";"2953822929";"callmerara_3"
"17942240118035795";"1780377157";"@budi.halimmm dari awal dia keluar negeri aja negara udah rugi. Gak ada hasil malah jadi kacung antek Aseng. Dicatat atau gak juga gak ada auditnya, jadi sebenarnya kamu mau ngebuzzer kan";"1353522254";"rizkiifitrianti"
"17950230525179280";"1780376649";"";"50688340";"e_gorjes"
"18103201286045423";"1780376655";"Bacot😂";"1022699788";"hey.fiiins"
"18217620190324885";"1780376655";"Oke, Jeng Tiwi... atur deh 🙂";"462414754";"deta_elly"
"18009481451906601";"1780376658";"Esensi kritik yg d sampaikan oleh 'cuma jadi Wamenlu 3 bulan' tak dikupas, malah melebar kmn2... klarifikasi baru lagi😀, bs dijelaskan oleh badan terkait tak Seskab!";"30357000262";"afrizaltanjung877"
"18010709138714693";"1780376659";"Validasi lagi. Bukan gini loh cara jawabnya. Gregetan sm team komunikasinya.";"181697934";"mohamadazka"
"18466683049098532";"1780376667";"@innoisnick asli dah , dikira smua netizen percaya gtu 😂😂";"5569224120";"levyyn01"
"17978243663861266";"1780376671";"Percaya uang pribadi?";"1538635860";"ge_andri"
"18451464289117009";"1780376673";"BRAVO PAK DINO PATTI DJALAL";"57681031257";"brave_mom2"
"18084070067112671";"1780376684";"Coba liat bukti anggaran nyaaaaa";"368468880";"sorayamondong"
"17975365407023030";"1780376691";"Lama" anti kritik nih negara,sibuk klarifikasi trus";"1682066350";"trias_wm"
"18019716368844995";"1780376696";"Nanti bisa jadi contoh buat bahan argumen masyarakat pas protes ga ada pembangunan terus pemda alasan ga ada anggaran. Nanti gantian rakyat nyuruh pake duit pribadi soalnya udah dikasih contoh.";"1751620532";"hendryhernanda"
"17883776511591871";"1780376697";"Komennya real akun semua 😐";"1982453031";"hijriprakarsa"
"17971080159063717";"1780376702";"Kalian percaya ?";"1320846661";"my_usuff"
"18470343595103336";"1780376713";"@iamwk11 bang woeeee😂😂";"329280424";"zahrinach"
"18079806788642798";"1780376714";"When ya 😍";"1551424827";"roise.soeparnoyatemi"
"18090248246627486";"1780376727";""Beliau pernah jadi wakil Mentri Luar Negri, walau.... Hanya diberi kesempatan sekitar 3 bulan" Anjaayyyy... Sisipan julid nya.. 😂";"31984205";"imrancumi"
"18048860651774171";"1780376729";"";"3214344822";"fahrulhan14"
"18134864374561019";"1780376730";"@ikmallrmdhn HAHAHAHA @brush_by_yasmin";"4306484629";"mc_hl10"
"17951820888170344";"1780376731";"Lol😂";"5917495";"arya_adhitya"
"18107052250951246";"1780376739";"@ardianryz_ HAHAHAHA @brush_by_yasmin";"4306484629";"mc_hl10"
"18101726120516419";"1780376748";"Ttp dukung @dinopattidjalal";"368468880";"sorayamondong"
"18021873953835895";"1780376751";"terus ngapain ke luar negeri tanpa kewajiban negara? 🧐";"1153104474";"aanmuhammad_"
"18207948022350187";"1780376751";"Kalo hanimun emang pake duit pribadi biasanya 💅";"181031888";"annisaalhakim"
"18162135445450144";"1780376761";"ego nya kesenggol hahaha";"1564668751";"bukanmamet"
"18101196584011125";"1780376763";"@elysasputri kok dikit2 Anis sih? (Bertanya dengan nada biasa aja loh akuuu)";"329280424";"zahrinach"
"17892789069353620";"1780376772";"Data lisan sudah nih bun, ditunggu data fisikmya dong bun. Rakyat mau liat sesuai gak atau omon2 aja bun.";"1754738768";"andipranajaya28"
"18093773960594880";"1780376775";"Sumbangan hewaban aja dari APBN kok apalagi kalo ke LN.";"75247323038";"lky11_98"
"18222295879318228";"1780376780";"LAH TERUS KUNJUNGAN KEMARIN NAGAPAIN, BULAN MADU KH? ATAU SEKEDAR LIBURAN DISAAT KONDISI INDONESIA LAGI MALU²NYA?";"69708360821";"kim_youngggggg"
"18341459470217099";"1780376804";"OMONG KOSHONG!";"5341321459";"aisyftrii_"
"18138456457545837";"1780376813";"Ada ajaas";"244699056";"antoni_anss"
"18426255205133316";"1780376821";"@nvandryni pak probowo hutangnya 0.
Kekayaan nya 2T. Perusahaan terbukanya ada 10 kerajaan bisnis. Kalo cuman ke luar negeri kek jalan ke puncak doang mah😂jangan samakan sama kamu .";"1627531534";"elysasputri"
"18090127457618404";"1780376825";"Tinggal bilang "Masukan Pak Dino akan kami tampung dan perhatikan" lalu apresiasi. Gitu aja susah amat yaAllaaaah";"585168952";"yusyazhari"
"18102285691863217";"1780376826";"Klarifikasi ke Pak Amien kok gak segercep ini buna?";"1964135402";"fajrirusani"
"18104892119084619";"1780376828";"Bulan madu gak tch👏😂";"368312873";"intanvanilla"
"18124770838628911";"1780376830";"Sergio ramos lo?? Defensif banget";"322333485";"aguzfaizun"
"18087608483073771";"1780376834";"Mas ted";"53658133";"storyofbapakbumi"
"18268124758293549";"1780376836";"Disini ada yang percaya?";"1400479149";"c.kurniawan"
"18143626861518724";"1780376844";"Terserah Lu Boti,Eneg Gw liat Lu 🤮";"1424386583";"daengnasrul"
"18184549972379988";"1780376848";"Hati2 malah blunder bunaaaaaaa";"1526807690";"sierraphinarose"
"18109700795301766";"1780376858";"yeuuu tiwi";"658473284";"riskannd"
"18099309271887177";"1780376869";"Iyain aja.";"3193132174";"aldisuhan"
"18126626293575994";"1780376871";"jadi mitra ama bakom min? kalo iya tk unfol";"225401859";"hamada_bahri"
"18092967464246018";"1780376887";"Percaya? Kurban sapi aja dr APBN anjay wkwkwkwk";"1326199448";"fuadns12"
"18153314380469113";"1780376890";"@estiyunho_ g ad hubungan dek 😂 yg penting gw ngomong fakta 😂";"2293777039";"budi.halimmm"
"17970928644063524";"1780376896";"Iya ga masuk catetan negara, tp tetep pake uang negara 😂";"5630863094";"leohdude"
"18429036853127487";"1780376902";"PUNYA UNDANG-UNDANG PUNYA PEDOMAN KOK KAYA GK ADA ATURAN";"69708360821";"kim_youngggggg"
"18212171497334210";"1780376903";"Ada Bakom. Ada Komdigi. Ngape komuk dan bacot dia sich nyang nongol? Laman Setkab: Sekretariat Kabinet mempunyai tugas memberikan dukungan pengelolaan manajemen kabinet kepada Presiden dan Wakil Presiden dalam penyelenggaraan pemerintahan.";"286133773";"vintnmr"
"18116414491865218";"1780376911";"3 bulannya dibold bgt ? ketara bgt pengen jatuhinnya";"27546078";"vni.deliana"
"18089558576624649";"1780376913";"Atur aja sama sesss tedy 💅🏻";"217778083";"anissanissa02"
"18377346169167723";"1780376913";"😂";"340917010";"anandaulfiany"
"18153622435486533";"1780376409";"Atur aja bundaaaa🐻 jgn kebanyakan bullshit aja bun..";"187211188";"sally.phie"
"18054389813577800";"1780376414";"Ya mengkritik ngana itu orang yg sudah duluan terjun didunia pemerintah dan urusan luar negri khusus nya, tp gaya klarifikasi ngana seolah olah menyepelekan beliau dengan gaya "menjabat wakil menteri walau hanya 3 bulan", ngana masih bocah beliau udh makan asam garam ilmu di pemerintahan";"2337583165";"agd.sptian"
"18103987519803835";"1780376416";"konstitusi aja dilanggar apalagi cuma aturan "receh" begini wkwkwk";"39692534688";"ilhamrestv"
"17940261783242192";"1780376422";"Ga jelas lu Teddy bear";"2013629705";"izzulaa.g"
"18014176790854421";"1780376426";"Ketika Dark Queen berbicara";"496598101";"noph13"
"18046360961560282";"1780376429";"Istri klarifikasi";"368269673";"aurellius"
"17878753389665382";"1780376452";"Ses teddy 🤣";"435527216";"ramailmar"
"18114460558669615";"1780376462";"Jadi dia tuh seskab atau jubir?";"527564887";"haidiati"
"18095190389230518";"1780376463";"Iyaaa, kayak ngeremehin org. Pdhal org yg kritik pengalamnnya ud luar biasa";"1667978337";"senia_yulistio"
"18100491701103958";"1780376477";"Anak anak pedalaman atau papua di urus ga ?";"260851461";"calvinnchann"
"18130131574610910";"1780376477";"Sapi kurban 100M pake apbn apakabar? 😂";"1735604553";"bramursass"
"18173733994410721";"1780376481";"@budi.halimmm pelan2 bang ngetiknya ,banyak typo tuh lu. Saking emosi ye wkwkkw cba ke toilet dlu tkutnya trlalu grogi";"5569224120";"levyyn01"
"17953451336981221";"1780376482";"Dagelan apa pemerintah sekarang??";"345058136";"tyotoue"
"18096455660164988";"1780376494";"Mosok";"62182122887";"markusefran"
"18342655348217587";"1780376498";"kamu percayaa kamuu percayaa??";"338943006";"juanatadireja"
"18251633404306316";"1780376501";"Pokoknya ada!!!";"43504421";"geraldonk"
"18361020184230192";"1780376506";"menjalin hubungan baik supaya kalau kita butuh kita bisa minta bantuan? lah kata pak prabowo gak ada yg peduli sama negara ini, makanya kita harus mandiri 🥲";"1911927739";"santaveronica20"
"18105078650100446";"1780376514";"bunda lagi sensi g terima kesayangan dituduh macem2..sangat posesif sekali.";"684626242";"enielvirawati"
"18376236850206657";"1780376514";"@sunny300696 cair berapa ratus ribu komen begini?";"39692534688";"ilhamrestv"
"18329323285254509";"1780376519";"MANA MUNGKIN!!";"365515191";"mratandra"
"18094099832222567";"1780376521";"Sist makasih penjelasannya , tp koq aneh ya pake dana sendiri , iki bukan acara outing kantor apa acara liburan org kampung yg ada mau suport pake biaya semdiri 😂😂";"5472866";"titi.aristiani"
"18154173076481812";"1780376528";"Sorry, itu semua bukannya tugas Menlu duluan y? Kalau gt bubarin Menlu aja ga sih, biar semua urusan diplomasi diurus presiden aja, mayan kan ngurangin beban APBN kalau ada 1 kementerian hilang";"419360044";"geo_evan"
"17933059581268623";"1780376535";"dia itungannya perdana menteri ya?";"1436137514";"gilarogo"
"18100809173106943";"1780376536";"BOTI BOTI";"1420345889";"mutyaly"
"18049546034780223";"1780376545";"Ko bisa gt?? Berarti klo uang pribadi dia boleh kemana aja ngurusin urusan pribadinya pake nama negara gt?";"1955284896";"haul.bynayanika"
"18105909674512365";"1780376563";"@senia_yulistio ted ted… br juga orbit kemarin.. br jg nongol… sdh sok2n kyk yg paling kuasai semua urusan… 😮‍💨";"1793349212";"rudy_langelo"
"18102096665470362";"1780376567";"Percuma pajak untuk mereka";"1571765263";"reynaldisavalas"
"18100745738030816";"1780376570";"Kenapa bisa over budget? Dan berapa biaya dari over budget itu? Untuk biaya kunjungan ke LN menurut saya di buat laporan terbuka tidak apa2";"50971811682";"naufal_zulhilmi03"
"18069779360678859";"1780376584";"hahahahahahahahahahahahahahahahahahahahahahahah";"1146456987";"frendliang"
"18147307843503446";"1780376587";"Oh gitu ya buna. Yg d aceh gmn bun ?";"348965402";"nanana_ratna_"
"17922197550147131";"1780376592";"@iamwk11 bgst ngakak🤣";"195426810";"panjiwicaksono"
"18106711027750180";"1780376593";"Setuju";"57681031257";"brave_mom2"
"18590359078000579";"1780376593";"";"25947892837";"sir.fahrulfauzan"
"18106080727793120";"1780376598";"Dosa dia pun yg nanggung prawowo 🙄";"1277951700";"imstoria_"
"18110846885311611";"1780376600";"Hiyaaaaa.... Perjalanan honey moon ternyata....";"1459185225";"enkie_arahato"
"18451972696116710";"1780376602";"harus sampe pake uang sendiri, sedih ya";"1413819302";"gusdiuma"
"17910930315219869";"1780376603";"Bela terus kesayangan 😂";"3468604118";"jefry_agmns"
"17866187730562349";"1780376611";"Ahh masa iyaaa??";"1089017246";"nindapsari"
"18065527577406664";"1780376615";"Gk bisa berkata-kata gw";"4331956241";"basstiandp"
"17944155840208069";"1780376622";"BUNA P U K I  bukan K O N T O L";"4027522587";"iwandrwn_20"
"18077495750556494";"1780376622";"Istri tuh emang garda terdepan suami gak sih?? 😍";"1521699193";"syelyselai"
"17940867921215834";"1780376624";"Bacottttt";"2205825393";"edomanurung12"
"18131329201515945";"1780376627";"@budi.halimmm ngetik apa sih kayak kepencet tikus";"35780096477";"estiyunho_"
"18103960666935922";"1780376629";"@ericaolyvia.makeup ya tinggal transparansi aja ke rakyat soal pendanaan nya, yakin dah kaga bakal berani juga mreka😂 jgan polos amat dah percaya kalo pake duit pribadi😂";"5569224120";"levyyn01"
"18127844014545000";"1780376630";"Langsung klatifikasi dan merendahkan pak @dinopattidjalal menyebut cuma menjabat 3 bulan.. Periode jabatan hanya angka.. Ingat ya buna...pak BJ Habibi dengan waktu singkat 17 bulan bisa menurunkan dolar dari 16.800 ke 6550 / dolar.. Prabowo 19 bulan menjabat bisa menaikan dolar 15.400 ke 17.972... pemerintah ini anti kritik";"1227759584";"rue_freyarto"
"17865759375568089";"1780376634";"@dhonikaaaa Naaaaah...catet itu";"57681031257";"brave_mom2"
"18357985993209770";"1780376643";"Terserah kamu lah Bu";"1937058526";"anang_dd"
"17919112626161633";"1780376645";"Tim gak percaya ☝️";"314636875";"desimandasari09"
"17937885963253736";"1780376646";"@sifafitriia kepanasan doi 😂";"57681031257";"brave_mom2"
"18117127147770552";"1780376197";"Lah gaji Prabowo dari rakyat, kocak nih cantik";"1491135511";"raka_tokan14"
"18104365831966354";"1780376208";"Dia tidak aja bilang susah kok kalau gak berkuasa, harta berkurang banyak, masa iyaa pas udah berkuasa juga mau pake uang pribadi. 😂";"2032170762";"goenartotedy"
"18105599348474323";"1780376212";"Wkwkwk liburan dalih tugas negara, sbgian besar d tanggung rakyat, sbagian kecil di tanggung dana pribadi ntar juga d reimbust ga sih 😌";"40763277";"edo_699"
"17938826259235715";"1780376219";"Kasian pak purbaya ini ngatur keuangan 😂";"2088364820";"gwn12_"
"18104107933964576";"1780376223";"Dikasih data&fakta masih ada nyinyir";"3907523094";"kevinags__"
"18103980481822470";"1780376232";"Bacoooootttttt";"4080439681";"madedwiww"
"18100736237166226";"1780376259";"Banyak sekali uang presiden..ngak kami memohon bantuan bola utk anak ssb";"615401846";"virgology17"
"18117820393796134";"1780376259";"Pokoknya adaa 💅🏽";"210244159";"farizsbrt"
"18109265488911686";"1780376261";"@egga.nnw biar ngapa gitu?🤣";"4609931415";"ikmallrmdhn"
"18074158535444741";"1780376268";"@sifafitriia kepanasan itu ses..";"1095504426";"elisatcika"
"18135438136560103";"1780376270";"Diawal sudah lsg mendiskreditkan yg mengkritik "pernah jadi wamenlu walau hanya dikasi kesempatan 3 bulan".😮";"1132093756";"adiartawibawa"
"18103871146989872";"1780376279";"Setiap klarifikasi pasti tambah bermasalah 😂😂😂";"2170728871";"arifalshiraazy"
"18097026598937028";"1780376282";"Semakin bersuara, semakin menjadi😂";"145706177";"aarizkaa"
"18069045941689794";"1780376284";"Buna Teddy mode membela 😍🙌";"4212482208";"irfanseptian71"
"18095041400269598";"1780376292";"Ses estetik banget ya pengambilan gambarnya😏";"462074054";"joshuaperdana_"
"18354381127212136";"1780376293";"MEMANG HEBAT SEKALI INDONESIA. LUAR BIASA. PLECIDENNYA HEBAT, SEKRETARISNYA HEBAT.. KE LUAR NEGERI BAYAR SENDIRI, BISA BEBASIN SANDERA, GOKIL SIH. DI SEJARAH DUNIA NGGA PERNAH ADA PLECIDEN DAN SEKRETARIS YANG SEHEBAT INI. LUAR BIASA. STANDAR BARU KEPEMIMPINAN DUNIA. ASTAGA KEREN. AMPUN. DAHSYAT. NGGA NYANGKA.";"43534902211";"matawira_"
"17890335510541591";"1780376294";"MENGATUR NEGARA SEENAKNYA AJA 😂";"2170728871";"arifalshiraazy"
"18135933508484338";"1780376298";"Sapinya aja ga keliatan yaks😂😂😂";"2020804452";"ayu.trihandayani"
"18378475081205625";"1780376311";"Pak prabowo ini kaya nya masih menganut paham lama, klo kunjungan itu lebih baik tatap muka, lebih ngehormatin yang di kunjungin. Klo beberapa pemimpin negara lainnya kan ada yang via zoom or apalah itu... mungkin ada baiknya hasil dari kunjungan itu di share public entah di web resmi pemerintah or apalah... jadi rakyat tau transparasi. Tiap tindakan ada segi negatif n positif... klo di liat pak prabowo kunjungan secara langsung dia jaga keharmonisan n kepercayaan pemimpin negara yg dikunjungin... mungkin beliau takut media jadi penghalang, sinyal kresek", suara ilang....";"186282854";"vero_sekar"
"18050111015759743";"1780376316";"Sebagaimana pejabat gak pernah peduli gimana cara warga bisa bayar pajak, warga juga gak peduli penjelasan tedi, yg kita mau tau mana dampaknya buat kita manaaaaa";"1740283950";"awaliamflhti"
"17877850653606042";"1780376318";"Ga sehat bgt punya negara. kunker kok dr dompet sendiri. 🤭🤭🤭🤭
Maladministrasi dong 🤭🤭🤭🤭🤭🤭";"313506055";"vanyseyo_"
"18051680528773327";"1780376319";"Posesif";"50346615922";"romeo_nocturnal666"
"18211675768328725";"1780376327";"BAPAK LUHUT : ....";"1113680541";"defidir"
"17958788874129129";"1780376330";"@widiashufi sis mereun😂";"196805294";"abilityabbyy"
"18091193231016456";"1780376332";"Plr";"278594137";"rossantda"
"18123181795571995";"1780376333";"Kayak kata anak gue yg kecil kalo dilarang jajan.."ini kan uang aku ma..mama tinggal tambahin gocap aja" yeaaaaay";"3461614162";"piscesfeb_27"
"18075309821307505";"1780376336";"@estiyunho_ esti yuk pintar yuk , yg blg kegiayan negara dibiayai prabowo siapa? coba dngr BIAYA KUNJUNGAN DILUAR KEWAJIBAN NEGARA , Tau g artinya apa? yuk budayakan membaca tingkatkan IQ memahami teks simple aja gbs? IQ brp dek? dan 1 lagi g ad UU yg melarang logika mahfud gw pake ya misalnya elo mau ketoilet org tny mana pasalnya ke toilet , g ad pasal g bole ditoilet ? nah justru krna g ad di UU brti bole / tdk dilarang , nah skrg di UU g ad 1 pun yg melarang pengunaan uang pribadi utk kunjungan luar negeri kl ad silahkan tunjukan dan bacakan isinya coba diskusi dl sm tmnlu yg pande hukum yuk pintar dikit biar iq lu nambah";"2293777039";"budi.halimmm"
"18366209107229604";"1780376338";"Ngeri banget ending nya kaya revolusi prancis....";"201896758";"jeandinaar"
"18134336188496939";"1780376342";"Yakin ditngggu g sendiri? Coba di audit.";"1165077273";"hanykurniasari"
"18445484875141027";"1780376344";"Iya beb, lain kali gak usah nyinggung juga ya.. segala ngomong "...walau hanya diberi kesempatan sekitar 3 bulan" pake segala di-bold pula tulisannya😂😂";"8961716716";"mashirokans"
"17927052699337821";"1780376346";"";"296057433";"kleponmaniss"
"18183373342388737";"1780376346";"Uang rakyat bkn uang pribadi ya";"52579621307";"sanaol_mayjowa_"
"18130169836608073";"1780376348";"@dhiandwirtns dibanding ketikan gue ini, lebih banyak dosa para pejabat yg udah di catet duluan🤣";"4609931415";"ikmallrmdhn"
"18211955848332323";"1780376354";"kunjungan ke LN pake duit pribadi kirban pake apbn ? janggal";"230818420";"ibuknyakei"
"17949472506000381";"1780376368";"Dracin kali ini judulnya";"143780704";"_hhhim__"
"18321014773277243";"1780376370";"Pokoknya ada?";"1622146817";"anang_wijoyono"
"17990248301808227";"1780376378";"Lo ngomong kayak ngeremehin bgt. Emg ngerasa paling pintar ney org 😮‍💨😑";"1667978337";"senia_yulistio"
"18105708929073313";"1780376379";"@jt_aldo7 Dark Queen this parlementer";"496598101";"noph13"
"17905412085425771";"1780376380";"Ibu negara 😮";"609702993";"hafni_mar"
"18158661661406967";"1780376381";"Beli sapi aja pake APBN , mana mungkin urusan jalan2 jg di tombok uang pribadi😂";"4877130512";"m_jumadil_akbar"
"18128056855718874";"1780376389";"Cerewet bgt kaya ibu2";"8291568674";"vinkavr"
"17898648696454125";"1780376394";"Dudududu";"333091812";"hannyhand"
"18127292143619965";"1780376395";"@wahyudib8 coba di cek mas dari zaman presiden sby sampai sekarang memang sudah di anggarkan make APBN untuk kurban";"5529074667";"kevin_septino25"
"18064147433713721";"1780376397";"@nvandryni pakai uang lu? Eh prabowo g orang miskin kayak lu";"4872330654";"sunny300696"
"18093890402254114";"1780376399";"Atur aja Wak, paksu mu panitia";"1686993782";"rafly_achmady"
"18138199660545422";"1780376400";"Pemerintah tuh jagonya difensif doang cereee";"436826034";"buntorooo"
"17958241443133774";"1780376404";"Attitude nya ga banget. Arogan sekali. Terlihat dari pemilihan kata2 serta line arrangements nya, so emotional. A.K.A BAPER! Boleh jadi protokoler negara is under this kid's supervision 😂 LELAKI bisa DIPERCAYA dari TINDAKAN nya, BUKAN UCAPANNYA 😉 let me clarify, is Teddy a man or a boy!? You tell me 😂";"38411335343";"lapartrooss"
"18095786261221175";"1780376023";"Baper";"3443214771";"fencysamuel20"
"18183053683387645";"1780376023";"Kenapa jadi doi yg "berbicara"😂😂😂😂";"3521830787";"ericprabowo88"
"17919423639161940";"1780376024";"Harus pake nyinyir dulu ya dengan kalimat “walau hanya sekitar 3 bulan” 😂";"39692534688";"ilhamrestv"
"18162349234444257";"1780376034";"ah masa siiii....";"75852835100";"nadyadamadea"
"17927826762301111";"1780376035";"Jawaban dan penjelasan yg terstruktur dan sistematis, butuh dana lebih utk membuat video ini, pake dana pribadi ya kan ??";"1439125619";"ikhlasyanuar"
"18075602354301194";"1780376038";"Jelaskan rinciannya karena itu uang pajak rakyat...rakyat berhak tau...negara lain ga gitu2 amat kunjungan ke luar negri";"540731314";"deliasmara12"
"18101229218100524";"1780376042";"affah iyah";"3314043226";"kahikaaa"
"18437520166184818";"1780376047";"Getollll bgt nemui pimpinan2 di LN. Kenapa yg di LN gak getol bgt kunjungan ke Indonesia??? Pdhl kan mereka butuh Indonesia utk pasokkan bhn2 produksi/ pangan mereka?? Harusnya secara logika.. mereka yg harusnya dtg ke Indonesia. Utk apa di ungkapkan bpk @dinopattidjalal itu adalah benar👍👍 ini bukan mslh "biaya" saja. Tp .. , kalo sdh ada applikasi komunikasi yg modern̈ seperti saat ini kan harusnya bisa dimanfaatkan. Bukannya dikit2 ke LN terooss, tp dlm negeri ngga ke urus.";"4211755517";"rr_van_de_ven"
"18186133204380461";"1780376049";"Innovatif no defensif yess";"342133716";"lukizakaria"
"18066601274391773";"1780376051";"@iamwk11 hahahhaha😂";"9767978083";"ardhani15_"
"17942232810235812";"1780376058";"@milanbacel yg blg pembwrian. presiden prabowo/media? dr jaman sby jokowi ditulis bantuan presiden , presidenya siapa prabowo kan? anies jd presiden 2029 nnti kurban pake apbn jg apa nga? pake duit pribadi? mn ad duit sumbang palestina aja kaga beda sm prabowo 5M sumbang ke palestina😂";"2293777039";"budi.halimmm"
"18588540781028652";"1780376060";"Ya kalau responnya seperti ini, semakin memperjelas kalau dia pejabat karbitan";"195619133";"bayubayoebayou"
"17955014610129829";"1780376064";"Di slide kedua, perbandingannya yg pertama Tertulis untuk 4 negara. Setelahnya cuma 1x kunjungan ke Sydney. Jd sepertinya ga ada perubahan jg. 😂";"1807503258";"im.firds"
"18120288256672609";"1780376065";"@budi.halimmm Tidak boleh juga kegiatan negara dibiayai anggaran pribadi. Sesuai UU perbendaharaan Negara semua pengeluaran (dan penerimaan) negara harus dilakukan melalui RKUN.
Masalah fatalnya, pemakaian uang pribadi itu berpotensi GRATIFIKASI. Rombongan Presiden itu pejabat negara, berlaku ketentuan yang diatur di UU Tipikor tidak boleh menerima gratifikasi. Lha kalau Presiden Prabowo pakai uang pribadi untuk perjalanan tsb, maka sudah terjadi gratifikasi yg masuk dalam Korupsi.";"35780096477";"estiyunho_"
"18106243837772504";"1780376066";"Tepis terus bun";"605792444";"bundaarban"
"18061326107720173";"1780376068";"@arfwid_ gak usah ditanggepin guys, akun bodong udh pasti buzzer itu 😅";"700526254";"witty.moonstone"
"18592517266065154";"1780376072";"Teddy Indrawijaya, 37 Years, Indonesia!";"222147024";"chrisjuniormax"
"18095890466332298";"1780376076";"Jumlah rombongan x jumlah kunjungan??";"3006576736";"zaarudin"
"18131821504601209";"1780376079";"@budi.halimmm yuk pinter yuk bud";"35780096477";"estiyunho_"
"17994354881985467";"1780376080";"Kekayaan om wowo 2T masa urusan 5M aja ga ada duit";"269970664";"felixlie80"
"17944444827214064";"1780376082";"percaya?";"289518347";"hariyadisa_"
"18049498559538785";"1780376089";"Teddy sudah mulai keluar dari job desk";"1528922836";"diks.kusnadi27"
"18152946430469575";"1780376090";"Kalo kegiatan 17an biasanya setelah acara ada LPJ, kalo ini ada LPJ nya kah?";"868881739";"ihs_here"
"17943157362213231";"1780376093";"Mukanya teddy ni lama2 kok pengen kukraus2 sii 😩";"1392985226";"md_larasati"
"18102303452319347";"1780376093";"Kalo ga urusan negara terus kenapa mesti pergiiio we";"248048769";"chiciliags"
"18202460662346715";"1780376094";"Yakin??? Qurban aja pake APBN ngaco @teddy_hq";"2224325599";"ekywcksn"
"18467926570098118";"1780376105";"Blundernya blunder banget 🔥";"512747461";"aniin_mayaa"
"18087825674376202";"1780376107";"Bagi hasilnya dong bestieeees";"239381744";"notydelani"
"18101526002515671";"1780376108";"@ardianryz_ sat 😂";"2143604514";"mfdstyb"
"17878497237460462";"1780376113";"Pernyataan dia gamasuk tv swasta??";"53054213504";"firdausjodi2526"
"17901938394441992";"1780376113";"yuk share ke publik berapa yang didanai berapa yang tidak didanai( pakai uang pribadi) selama 1,5thn kunjungan. apa hasilnya juga di share yang jelas bukan disuruh belajar bahasa perancis";"13564072475";"dapoermumtaz2020"
"17989776269809338";"1780376114";"Jadi ya percuma juga di kritik sampe berak berak, ujung ujung nya pembelaan 😂";"2313257862";"raynaldybagaskara"
"18117151957828366";"1780376114";"kurban akhirnya pakai uang pribadi juga tidak Pak ?";"1388660515";"irfnfdln"
"18590483632030047";"1780376126";"@dhiandwirtns hinaan sm kritik aja lu gabsa bedain";"61850017456";"wirdaaa_l"
"18121866508639763";"1780376130";"kimpoi";"473614297";"ifanojaran"
"18094954826234392";"1780376148";"@iamwk11 86 bang";"6161220400";"j.tela"
"18113275639857802";"1780376149";"Puaaahhhhhh.....";"2068081390";"arpratama09"
"17957054790135275";"1780376151";"Kenapa harus disertakan 3 bulan jabatnya 😂 lihatlah apa isi pesannya bukan orangnya, masyarakat cuma butuh  komitment kalo efisiensi ya ayo dari presiden sampe rakyatnya semuanya berlaku jangan ugal ugalan";"496932274";"wisnukomil"
"18093890360594870";"1780376156";"Walau hanya diberikan kesempatan 3 bulan, sombong banget cara menjatuhkan nya";"3981719331";"firstsnow_238"
"17989518761992945";"1780376168";"Sepakat";"1814120236";"evanwest12"
"18073124450322755";"1780376168";"Setidaknya ada berita positif dari negeri ini 🔥👏😍 bravo 👏🏻";"246443110";"monomomon._"
"18451519468119454";"1780376169";"Ya jadi rombongannya didikitin, supaya kunjungannya bisa diperbanyak. Seru juga ngakalin rakyat😂";"1393099614";"imamprayooga"
"17893918407471634";"1780376172";"@widiashufi iya betul, harusnya jg di transparasi utk biaya2nya. Biar WN tau jelas mana yg ditanggung negara dan mana yg ditanggung sendiri, seperti kata si Ses Ted";"4211755517";"rr_van_de_ven"
"18076826972650457";"1780376179";"emgnya boleh pake dana pribadi untuk kegiatan negara?";"4094825296";"azkibhqi_"
"18412192942177493";"1780376183";"hoax";"2106256197";"umziss"
"18147593983498671";"1780376184";"kalo ngga trasparan, ge ngga percaya";"1437084426";"gpramodana"
"18006540737738927";"1780376190";"@ericaolyvia.makeup oh jd bukan sapi qurban pribadi yah tpi ko pak nama pribadi si d sapi nya bukan atas nama Indonesia";"6707542641";"akbrr.m"
"18088964705616261";"1780376194";"Iya kaliiii... Wong qurban aja pake APBN";"1095504426";"elisatcika"
"18171398008412836";"1780375862";"istri emang pakaian suami";"3668855124";"rzkrzka"
"18109850081310939";"1780375868";"Sok pinter ibu negara.";"59197495395";"saifularife54"
"17931917469275696";"1780375870";"@dhiandwirtns kritik dan hinaan itu beda";"1735232284";"wilibald.dewangga"
"17974503882019528";"1780375871";"Investasi masuk tapi dollar naik";"2213090268";"jaytoys"
"18087462062615949";"1780375871";"Utk biaya di luar kewajiban negara, ya emang harus ditanggung pribadi. Btw kunjungan (yg banyak) tsb termasuk kewajiban bukan y?😮";"2086490088";"zaki_f20"
"18113397106860415";"1780375877";"Percaya ? Kurban aja pake APBN kocak😂";"1824556722";"fuadianto"
"17953652747982776";"1780375888";"Semua biaya ditanggung oleh rakyat";"70300791377";"usagiyaongie"
"18078967115647161";"1780375890";"";"2116664579";"vrschydnt"
"17888416686387414";"1780375896";"@innoisnick 👏";"1124778421";"ridhobimanyu"
"18100797992030528";"1780375900";"😂😂😂";"3869160664";"adearqam"
"17871638955675701";"1780375902";"Tidak tertib administrasi";"4224171356";"wahyuprs"
"17965904853113170";"1780375902";"@widiashufi ses seskab kan? Apa ses yg lain 😂";"1512848128";"hanifwildanwindriyo"
"18123074950645348";"1780375902";"";"1479755285";"fey2244"
"18176005141364954";"1780375903";"Kalo iya ditanggung ada laporan nya ngk? Bole liat? 😂😂😂😂😂 ah mas tedi bisa aja 😂 nanti jawabnya yg penting ada 😜";"1819717232";"creammy.mushroom"
"17897249451463021";"1780375905";"JIJIK BANGET SAMA PEMERINTAH SEKARANG";"702281757";"mascipan"
"18083973656452472";"1780375906";"😂";"5702854586";"irgyyy.y_"
"18352212667209290";"1780375909";"Langsung klarifikasi, artinya apa guys😂";"1764081950";"sifafitriia"
"17892648912530225";"1780375913";"Males BNR dgr n liat muka orgnya😢capek";"1489473246";"billie__piston25garage"
"17965749123110991";"1780375913";"@dhiandwirtns catatan malaikat dah penuh oleh pejabat kita";"2218979407";"ramadon_hm23"
"18132595342571907";"1780375919";"😢😢";"3673979455";"zaa_saputra"
"18120139087601689";"1780375920";"YESSS QUEEN 🔥";"1438479237";"din.ard21"
"18343510171169438";"1780375920";"Emg kamu pikir saya percaya? Ya engga lah...";"3680682053";"_melrys01"
"17860549392650112";"1780375927";"kaya anak SMP rangkum hasil study tour @teddy_hq";"3072351680";"moehammad_irsyad"
"18008852414876480";"1780375928";"Seperti ibu² membela suaminya";"4109721628";"s0ns0n___"
"18107743810742272";"1780375932";"";"1397100227";"noviady_nugraha"
"18068104973389744";"1780375941";"SIBUK KLARIFIKASI MEMPERBAIKI MARWAH DARIPADA KERJA BENERAN ITU LHO ASTAGAJ";"401905347";"arfdnreiz"
"17972389416058431";"1780375945";"Bct";"1269121198";"_siregariska"
"18149462980493397";"1780375951";"@ardianryz_ hahaha jelasin sambil nahan kentut";"4332732529";"rizkybulu76"
"18123117172633133";"1780375954";"Kesannya kalo apa2 dan kita kenapa2 krena punya hub diplomasi yg bagus nanti kita dibantu gtu kan ya. Tpi kmren aceh mau dibantu asing ga dikasik, agak kontradiktif dengan realitas pak seskab☺️ pak presiden di pidatonya hari pancasila pas kita kenapa2 ga ada negara lain yg bisa bantu kita..ga nyambung semua yg dibeberkan..coba di sikronkan lagi komunikasinya sama presiden pak..jadi bingung ini sayaaa";"1545509128";"lisapakiding_"
"17950755150173156";"1780375957";"@trimeii  buna e masyarakat a iki😂";"2160186236";"desyariri"
"18102560359840349";"1780375959";"@milanbacel lah coba lu dngr dlu apa yg dblg , biaya diluar kewajiban negara , tau g maksudnya apa ? coba jelaskan maksudnya apa";"2293777039";"budi.halimmm"
"18194515171368230";"1780375963";"dia ini ngeselin loh, MBG suruh talangin sekalian";"1271245874";"dhevy_chun"
"17869921248681845";"1780375970";"Kenapa harus disebut, "walau hanya 3 bulan" Kesannya kyk menjatuhkan pak Dino, sangat tdk bijak";"1985814247";"maftuhahfita"
"18092798162192088";"1780375978";"@widiashufi keinget film warkop dki";"2027314192";"miyut_yut"
"18093384497350448";"1780375979";"Staycation mulu";"4166789120";"mr_n00bodyy"
"17863510896585115";"1780375985";"@ramadon_hm23 termasuk ketikkan manusia dzolim";"1515826414";"dhiandwirtns"
"17918418231379528";"1780375989";"@menga8771 ud gw baca , g ad blg g boleh , coba mana yg tulis TIDAK BOLEH , misalny lu mau ke kamar mandi ditnu mana pasalnya lah g ad ditulis dipasal brti g dilarang logika simple sprti dblg mahfud md";"2293777039";"budi.halimmm"
"18087665648621960";"1780375989";"@dhiandwirtns Ternaknya muncul.. demmmm!! Dibayar brp neng? Klo komen ke esensinya aja bisa gak? Balikin duit pajak dari gw buat bayar Buzzerp Asbun begini-begini nih 👊";"7665260216";"elleaaaa_ck"
"18090094745368313";"1780375990";"Atur aja sis, kitarakyat cuma bisa iya iya iya aja";"2055578118";"viktorrianp"
"17881548663440081";"1780375996";"tapi tuh gak sekedar bayar sendiri..... dia sibuk keluar negeri kesana kemari, tapi gak pernah ngurus dalam negerinya .. 😂😂.. what the fhaaaaaa";"49894848";"rez.set"
"17884257066581868";"1780375998";"inces ngamuk";"76104917258";"hs06.90"
"17980996254009076";"1780375998";"saya dari kelompok 4 ingin merespon jawaban kelompok 3 yang diwakili oleh Bunna :";"56352941669";"abah_reza91"
"17938749780247536";"1780376000";"";"2273375484";"tantrawptr"
"17988498353996529";"1780376002";"@raindanuadyeska seskab kan sekertaris kabinet berarti kan kurang lebih jadi sekertaris kepresidenan piye to ya";"354257745";"mamisya_arsya"
"18268189198294458";"1780376002";"Buna 🤗🤢";"1699189404";"renimaryama"
"17879138283455909";"1780376006";"@dhiandwirtns ini negara bukan mainan mereka berdua ya bu. Negara ini sistematis dan terstrukstur. Semua pengeluaran belanja, pulang pergi itu ada catatannya. Yang mencatat ya bagian keuangan negara. Bukan rugi ga rugi. Dari awal saja kan ga jelas presiden kunjungan presiden ke luar negeri itu ngapain. Sudah di konfrimasi KBRI loh kalo presiden itu ujuk-ujuk terbang tanpa agenda yang jelas. Dan beliau pakai pesawat dinas RI bukan pesawat domestik.";"35780096477";"estiyunho_"
"18132278692509651";"1780376011";"Ditanggung prabowo pakek uang apbn ?";"1434707134";"kemalhananny"
"18223286872317001";"1780376021";"@begood96 sruh atur aja sama si cantik 😂🙌";"1434714301";"rzkfs_03"
"18137105095556723";"1780375657";"Kalo presiden pakai uang pribadi berarti lagi cuti kah?";"3669548919";"indrachristop"
"17954479794141682";"1780375661";"Pemerintahan ko baper pake ada klarifikasi😂";"5015945";"rifienih"
"17977002089871865";"1780375664";"Ah masa sih, kurban aja pake apbn, masa jalan2 pake dana pribadi?";"2901110094";"fifinn_98"
"18090806462575327";"1780375682";"Apipi first lady ku membela pak presiden 😍, btw makin sedikit biar makin intimate kan 😋😋";"865799687";"gregoriusaldo"
"18104234800956757";"1780375682";"INI BUKAN NEGARA PRIBADI LU YA TED GAK BISA SEENAKNYA LU NGOTAR NGATUR BIKIN ACARA SENDIRI!!!!";"1928059411";"kunta_adhi"
"18087045029568299";"1780375689";"pokoknya ada.";"1697655819";"shafwanashidqi"
"18101744299844993";"1780375691";"@estiyunho_ emang negara rugi yaa kalau pakai uang pribadi ?";"1515826414";"dhiandwirtns"
"18119041138665532";"1780375693";"Ultah lu ditanggung siapa ses?💅";"64471162592";"tedsky_89"
"18169162399424134";"1780375700";"On point 😢";"1326239056";"ngawaludin"
"18061610105528171";"1780375704";"@dianiayuputri iya emang bener, tapi ngurusinnya urusan internal kabinet.";"1695877135";"raindanuadyeska"
"18372224704206313";"1780375705";"@innoisnick bener.  Dia tidak tahu ada undang undang ttg tidak boleh urusan negara menggunakan dana pribadi. 1 rupiahpun tidak boleh.";"2536593829";"elida_suryani_siregar"
"18376755949165970";"1780375710";"Buna😍";"942974348";"finamunadhirah"
"17976929490023609";"1780375713";"@rani_musodah dia ani2";"9465845047";"berakkk.celana4"
"17964792245932269";"1780375721";"Tahayull, masa iya kunjungan LN pake uang pribadi, trus tujuan dia kesana ngapain 😂";"64633984573";"anugrah.yudii"
"18102594239471119";"1780375727";"Talangan kunker pake dana pribadi, waktu qurban pake apbn. Piye toh? Bikin pucing aja..";"1198941873";"zelinsidik"
"18105084131072895";"1780375728";"heleeeeh";"419211973";"inaasfu"
"18589691683060276";"1780375728";"Keluar Negeri pakai dana pribadi, qurban pakai APBN ? 🤔🤔🤔";"5827613354";"zaid_zahra_"
"18089681684051200";"1780375730";"Cie cie yg diultahin di paris 😍";"319126365";"yoel_ss"
"18108584036295108";"1780375731";"💅🏼💅🏼💅🏼💅🏼💅🏼";"1455491351";"meeilia"
"17901656739284883";"1780375737";"hmm?";"1102811052";"anisenise"
"18069156485343072";"1780375739";"Buka buka data aja om, atau seus kalau nggak nyaman dipanggil om, kalau pake uang pribadi terus anggaran apbn nya kemana ? Agenda pribadi sama tugas kenegaraan kok campur campur 👏";"1016191898";"bachtiarrisyad"
"17993459513976205";"1780375742";"Hmmm.. trust issue sih... Kurban aja pake APBN dan pakai label nama presiden... Masa iyaa kunjungan dengan nama negara pakai uang pribadi presiden.. bertolak belakang sekali 🗿";"3004884537";"fadlimaulana_r"
"18079052240275936";"1780375744";"Iya iya bunaaa";"2218979407";"ramadon_hm23"
"17953302995982267";"1780375747";"Sapi aja apbn";"1192585173";"pratama1177"
"18047027285716601";"1780375751";"Percuma ngomong sm Bowtie mulutnya melebar kemana2 bikin mumet aja😪😪";"416620847";"natashatann"
"18317230528262605";"1780375771";"";"329546847";"v1zzv1zz"
"17951286288031913";"1780375774";"Atur ajaaa bun, atuur asal buna hepiii 🤭🤏🏻";"2217539670";"ec.cccecesa"
"17882891778427344";"1780375776";"Yailah pake banding2in";"42455867";"dj_vjt"
"17872105527617968";"1780375788";"@ikmallrmdhn @gerindra";"477028787";"egga.nnw"
"17966981750919402";"1780375788";"iyomo mbuku tundu";"583949619";"deasyechysilvanha"
"18185842111376931";"1780375792";"Perjalanan dinas pake uang pribadi, giliran kurban pake APBN 😂";"1194036084";"yourvit.d"
"18098880032332595";"1780375794";"halah taekkk ngapusi meneh";"608718266";"apisdintafulian03"
"17896259124324647";"1780375797";"Bearti prabowo maksudnya kunjungan itu sebagian bayar sendiri,, enak dong didiskon negara dengan kata lain, saya juga mau";"41410165";"suryamixmortar"
"18083948834414030";"1780375804";"Duileh over protective banget buna, takut karirnya kenapa-kenapa 🤭 bun bun, yg kamu bacotin itu sekelas Pak Dino lho bun. Kata gue teh napak tanah dikit jan defensive mulu";"2110800429";"end_ndh"
"18095380987976699";"1780375805";"Lebih dominan ketimbang wakil presidennya";"1742631150";"rizkidfff"
"18104407067055848";"1780375805";"Bisa jadi ga kelebihan nya pake uang pribadi dulu nanti pulang baru di rembus?kayak di kantor saya bgitu";"8317789003";"mirza_chairul"
"18102931885834227";"1780375807";"Oke cantik";"501818658";"rahhman21"
"17978627181003060";"1780375811";"muaaak 🤮🤮🤮🤮🤮🤮🤮🤮🤮🤮🤮🤮🤮🤮🤮🤮🤮🤮🤮🤮🤮🤮🤮🤮🤮🤮🤮🤮🤮🤮🤮🤮🤮";"1452850644";"adi_biru"
"18098439722160418";"1780375819";"Iyee,, atur mki ses";"467675898";"thuttitalangko"
"17863852479632896";"1780375824";"Kok hanya?";"404819560";"lessxf"
"18117994561692035";"1780375829";"Jadi absen kantor ya?";"56481995618";"helianaa21"
"18084653093138797";"1780375830";"The first lady";"511142256";"awa4l"
"18114111551509963";"1780375836";"Gimana pake dana pribadi? Beli qurban aja pake apbn😢";"42455867";"dj_vjt"
"18584940376023923";"1780375841";"Kalau kata orang sunda “eweuh satai kukueun acan” istilah yang dipakai untuk membandingkan 2 hal yang herbeda jauh, dalam bahasa indonesia sama kaya “antara bumi dan langit” 😂😂😂😂😂😂";"925711312";"erisca.aisyah"
"18088767554618826";"1780375853";"Ibu negara kita ya ini eeww🤮";"1171228112";"fithriwida"
"18006962186734110";"1780375855";"Kenapa harus dipertegas walau hanya 3 bulan. Iya sih cuma 50 orang/perjalanan, tapi biayanya setara 200 orang 😂😂";"520499316";"bebi.bosh"
"18467752888104132";"1780375857";"@ardianryz_ 😂😂";"1273706260";"novidiivaa"
"17967378081114738";"1780375858";"Beliau Presiden dan dalam kunjungannya ketemu pimpinan Negara lain dan ada kerjasama pula disana. Maaf tapi baiknya urusan bernegara dipisahkan dengan pribadi. Apalagi jika tidak ada kejelasan transparansi. 🙌";"1326239056";"ngawaludin"
"18092133428347176";"1780375859";"Anti Kritik banget 😂😂😂😂";"1427598130";"adhidjayapratama"
"18097128125232045";"1780375859";"POV ORANG YANG GA KOMPETEN MERESPON PERNYATAAN PAK DINO PATTI DJALAL";"2219142491";"rayyanjustiansyahh"
"17941381845208970";"1780375501";"🤢🤢🤮";"1481034937";"alvie.yudhistia"
"18007670417872645";"1780375505";"Ayoo mana laporannya bukti jangan ngomonh aja bunaa";"374269152";"rizkifran"
"18104745926297079";"1780375507";"Mukannya buna kok kyk capek ya habis diapain aja 😢";"5367375873";"growthloney"
"18156141964462622";"1780375512";"TOLLLLLLL, KEGIATAN KENEGARAAN GABOLEH PAKE BIAYA PRIBADI, ITU CONFLICT OF INTEREST!!! GAUSAH JABAT KALO MAU PAKE DANA PRIBADI!";"2204312250";"wrinearai"
"18078277430649931";"1780375514";"Kelebihan pembiayaan memakai dana pribadi? Kelengkapan SPJ nya gimana pak? Tapi ya sudahlah 😮";"1465163850";"krd_qq"
"18107987144304073";"1780375516";"Cieee ngamukk";"1414622939";"semy_septhian"
"18123326281573968";"1780375518";"Gek we percyoooo 😂";"1453232514";"haeqalraka"
"17916569262181277";"1780375529";"Aceh saat kemarin bahkan sampai saat ini masih dalam kondisi mendesak, tapi katanya ga butuh bantuan "asing"🙂‍↕️";"1496896211";"fitriyani319_"
"17883510462583985";"1780375530";"Kalo kurban pake anggaran gimana tuh?";"1978116905";"santosafirmansyah"
"18320921896262305";"1780375538";"@widiashufi seus banget mba… Jeng Tiwi.";"2005073142";"nnilasariii"
"18430398736127994";"1780375538";"Iya deh..
📝";"3615626568";"izul_zulkifly"
"17873210394613727";"1780375545";"Dulu sebelum PRABOWO JADI PRESIDEN..KITA GAK KENAL TEDDY..BIASANYA YG CEPET VIRAL CEPET REDUP.wait n see🙌";"1741096699";"ini_angky"
"18007864664728682";"1780375549";"Tapi berqurban 1098 sapi menggunakan APBN ya 😁";"190018668";"mayadhita"
"18045448697789046";"1780375560";"Ah 💩🐷";"1433171058";"d.demonk"
"17962362273105257";"1780375564";"PMS mulu ni orang. Heran.";"1602163955";"hilda.permatasari.ismail"
"17907735249244124";"1780375566";"Pajak PT sama CV wooiii";"48922162867";"_muthiaalawiyah_"
"18170358091422283";"1780375569";"Alah dasar boti";"369326239";"jokosuhardiman"
"17934987402253007";"1780375570";"Membuat rakyat semakin tidak percaya..... 😂😂😂";"12510452145";"r2304st"
"18055004225742432";"1780375571";"Berarti mentions netizen itu terbaca ya sebenernya, cuma ga di follow up aja. Nunggu tokoh tertentu buat mention ☺";"820949448";"arindaweddinia"
"18119289301744530";"1780375574";"Coba sampein dulu infonya dan respon sendiri sama Presiden, jangan berhenti di lo mulu";"1332099539";"amyzahr_"
"18022395503664727";"1780375577";"Baru intro udah langsung nyerang personal dgn mention lamanya jabatan pak dino sebagai Wamenlu sampe di bold bagian "3 bulan". Padahal walaupun pak dino cuma menjabat selama 3 bulan, diluar itu karir diplomat beliau sudah panjang, bahkan sebelum Seskab lahir mungkin. Soal biaya pribadi, bukannya malah ga etis ya jika digunakan untuk kunjungan negara. Jatuhnya menyalahin aturan. Kenapa setiap dikritik soal kunjungan negara selalu ada jawaban "penggunaan uang pribadi".";"28137331098";"mooonlightjim_"
"18118383805685443";"1780375580";"Boros bgt";"390539468";"bayanitaaaaa"
"17927581698342644";"1780375581";"Bohong itu dosa loh sess... kelihatan dr muka nya";"1979383103";"zumrotussh"
"18096001115225221";"1780375584";"@nvandryni iya emang mau pakai uang siapa lagi";"1515826414";"dhiandwirtns"
"18094953086593379";"1780375585";"Cuihh😂😂😂😂";"2921290214";"deni22sugeha"
"17889455193552745";"1780375586";"Wadukkkk bjirrrr 😂";"298410802";"ekasaputra34"
"18088418351530260";"1780375592";"Jelek banget speakingnya";"3777573429";"rifaikho"
"17953378887148580";"1780375596";"ada deh pokoknya";"208816268";"ramadhaneko"
"18090427328598968";"1780375596";"Bagusan cara komunikasi kakakitwil";"1522091064";"mariisabb"
"18126099394626033";"1780375605";"Honeymoon Mulu lu @teddy_hq";"60300634681";"babyyybeb"
"17881793478434914";"1780375608";"Sdh ga ada trust pak kita wni. Percuma membual palsu smuaaa karangan 😢😂";"8065799044";"rizkyamel45"
"18105807784790244";"1780375610";"@ikmallrmdhn malaikat catat ketikkan ini";"1515826414";"dhiandwirtns"
"18184233076389878";"1780375612";"";"192242794";"ducafutura"
"18124644757653005";"1780375614";"";"606480978";"ilhamfauzan_"
"17968506762063588";"1780375615";"lah kalo ditanggung pribadi mah namanya liburan, trs ngapain pake pesawat + rombongan kepresidenan";"2259295235";"flying__gunman"
"18093264062593905";"1780375616";"Sabar ya pak @dinopattidjalal 🫡";"217784405";"dzrcky12"
"18102455390045728";"1780375633";"Jangan baper bunted";"1176707943";"tarsisius.hagi"
"18592961704062192";"1780375637";"Bikin website nya kalo ngk mau jadi pertanyaan biar rakyat bisa akses apa aja yang dah dipakai uang selamaa ini untuk kebutuhan negara 😎🫡";"3898466879";"wendy.edhit"
"18094140977225097";"1780375638";"mami marahh😂😂";"3692352226";"ghalidh_"
"18599009368058329";"1780375639";"Bapennas aja selama 1,5th ini aja ga tahu program 1th kedepan ini negara...ga dilaporin ga diajak rembugan😂😂😂 program hanya ada dikepala si gemoy";"1361585484";"ticha4yudhewe"
"17875086006671376";"1780375640";"Bantuak ang lai ted";"1633537009";"vjdwyo"
"17878661853665169";"1780375641";"Ga bermutu banget 😂 penting banget ya nyebut "walah hanya 3 bulan"";"71924577733";"ajengswastiwii"
"18078600347258632";"1780375641";"Ada yg percaya sama pemerintah sekarang?😂";"6735441433";"begood96"
"18118138852762847";"1780375646";"Di Sanggah nya jgn deket2 idul adha bang,,baru beli sapi pake APBN soalnya nunggu idul fitri baru dijawab😂😂";"1664325527";"abang_timo"
"17917520772369424";"1780375652";"Waduh, pasangan nya angkat bicara";"232792363";"roni_syarifuddin"
"18073346084671783";"1780375653";"Amin Rais: Jir koq gua kagak direspon";"12100250";"vammoo19"
"17966637933118682";"1780375656";"@ericaolyvia.makeup lhaa tulisan sapinya nama pribadi😂 dibayar berapa seh?!😂";"289897857";"b._reski"
"17927359761340515";"1780375309";"Sorry gapercaya";"2316532990";"patrizanova"
"17863716975651681";"1780375313";"Coba mana laporan nya";"1259456463";"dimaspw13"
"18088364792525924";"1780375316";"Mana mgkn, kurban aja pake APBN";"286739717";"antonius.wijayaa"
"17884172091415786";"1780375319";"Dkiritik baper😌";"543541420";"diba_bahar"
"18072027218669211";"1780375322";"Kelebihan biaya? Berarti perjalanan ke LN nya over budget dari yg ditetapkan APBN?? Mana transparansinya? Biaya apa yg over budget di luar tanggungan APBN? Makin blunder aja";"374464271";"tika_widz"
"17998839410771453";"1780375325";"Namanya jg pasangan harus saling support 👏";"1366485123";"sabtubroo"
"18101398373278500";"1780375325";"Intinya omongan presiden dan bawahannya sekarang susah untuk bisa di percaya 😂";"514312355";"nophastono"
"18198323440316734";"1780375329";"@ardianryz_ syalan hahahaha";"1653216183";"hany.lf"
"17891585196475052";"1780375332";"LU SOK SOK AN MIKIRIN GLOBAL RAKYAT SENGSARA GA DI FOKUSIN";"810594489";"hellowizey"
"18062546864482763";"1780375337";"@budi.halimmm yakin ?tunjukan by data dong itu emang pakai biaya pribadi,takutnya kaya sapi kurban bilangnya pemberian presiden ,eh dananya apbn";"45479012654";"milanbacel"
"18153129958469436";"1780375339";"@budi.halimmm bernegara itu harus sesuai aturan, apalagi dia pejabat publik. Kalau gak mau ikut aturan gak usah jadi pejabat.";"55731680836";"kmrd_nfl"
"18111536446922342";"1780375340";"Sibuk nyapu terus";"174392027";"rezaaps"
"17921874276359376";"1780375350";"Queen, pokoknya ada";"529897778";"budisatriop"
"18237619405308596";"1780375354";"@ericaolyvia.makeup tapi di badan sapi pake nama pribadi uuuuuu";"504766202";"friskarusada"
"17932971534268195";"1780375359";"Total inves msh minus dridp budget MBG";"1829602787";"m.agussaputra"
"18092836565462299";"1780375359";"Gedabrus di depan publik tanpa data laporan keuangan di share ke publik adalah bullshit😂";"2091157934";"wenn_ayu_hang"
"18364975546227399";"1780375360";"ya kaleeeee";"32179427";"innarahma"
"18105198217789400";"1780375361";"Iya cantik, atur";"579509466";"iamwk11"
"18072426416322218";"1780375368";"Buna, kau ni sebenarnya apa si?";"20244329976";"windaawiidya"
"18589680595059490";"1780375371";"ngaco asli
kalo perdin pake pribadi cara pelaporannya gimana? 
anggep rombongan gak ngelapor, berarti dia mangkir kerja dong! harusnya di kantor ini malah plesiran? 

gimana teddy? coba detailkan";"2206563169";"walterwlnd_lin"
"17949552242998316";"1780375378";"Apalane uang pribadi 🙂🙏🏻";"1922914345";"ratnanurs"
"18085522949145070";"1780375380";"kacawww balau administrasi negara ini";"3934064775";"mas.gyan"
"18200669131358365";"1780375382";"";"501798827";"zeazogank"
"18395634313082887";"1780375383";"Yaaaa... Pake tangan mana lagi. Buat bersih2.. 😂";"8188919";"dana.ajaaaa"
"18102871472078560";"1780375393";"Honey moon terus nih";"461075473";"eddodes"
"18462977611104654";"1780375402";"Saya lebih peduli sama keadaan perekonomian Indonesia yg sedang tidak baik-baik saja...";"48061961385";"yourtravelfella"
"18000075860948633";"1780375403";"@ardianryz_ wkwkwkwkw😂😂😂😂";"952673875";"tika.tikaa09"
"17956841382125410";"1780375405";"Jubir ???";"1308224080";"chyntiaputri_14"
"17964494781093489";"1780375405";"Duit pribadi mulu padahal kekayaan wowo katanya cuma 2 T aja masa talangin mulu boncos dong";"14685035171";"charlessukarsa"
"17876679279670047";"1780375408";"Bukannya perjalanan kenegaraan ditanggung Negara ya?kok semakin semaunya si.";"315674683";"iamheryudibentorro"
"18101172641122851";"1780375408";"@raflyramdhan21 ke makan hoax la dongo tanpa telusuri kebenaran beritanya.";"1707580521";"aswar_hamzah"
"17970418302112135";"1780375410";"@nores_snors jd pejabat publik gak bisa seenaknya sendiri 😂";"1537495148";"eza_hrsmann"
"18131916430580934";"1780375410";"";"2250068328";"m_fadhilalfatih"
"17902636533439170";"1780375412";"Pengambilan lbh banyak dari samping, kira-kira karena apa?";"1334228111";"imadfdhlrrhmn"
"18238763701308065";"1780375418";"Sensi banget sih kamu";"2229192721";"anugrahprdn"
"18082618229401458";"1780375421";"Ah masak";"70207567236";"raharatrengginas"
"18139687390475344";"1780375421";"SAPI AJA PAKE APBN LU SHIBAL SEKKI";"840319688";"dinnysaurus"
"18171811888419509";"1780375437";"Qurban pake APBN, perjadin negara pake uang pribadi. Berantakan dapur lu";"556495952";"prmdyalfd"
"17909267007421988";"1780375443";"Sekaya apa wowo?uang avtur, gaji pengawal,  akomodasi";"5856042276";"danielhz_"
"18341428525173123";"1780375450";"Percaya??? 😂😂😂😂";"529812801";"febrysuharfan"
"17986842816005242";"1780375452";"@rani_musodah jadi buna. Suaminya dibully dia yg maju 😂";"374464271";"tika_widz"
"17876493258479378";"1780375457";"Iuran pajak untuk biayain bothi";"3042845257";"doglest_"
"18090282407357738";"1780375464";"@budi.halimmm mas budi mas budi,, minimal sebelum komen itu cari tau dulu,, jelas ada uu nya, UU Nomor 17 Tahun 2003";"76725863250";"menga8771"
"18097327100599331";"1780375469";"Ditanggung Prabowo pake duit rakyat";"1690984566";"masaul27"
"18068208701701624";"1780375483";"Alah alah dalihnya duit pribadi sendiri, bahkan data2 yg mereka baca pun saya ga percaya";"33492689547";"myway.anw"
"18112433515849557";"1780375483";"Fungsi menlu?";"25117609706";"kinarasid"
"17975580747023705";"1780375487";"😂😂😂";"145397077";"yuudhoo"
"17910781731226261";"1780375491";"Reimburse ya ted?";"314209680";"strivevin"
"18119121871739824";"1780375491";"tenan pora ted";"1905720854";"mchmdns"
"18101266523042151";"1780375498";"@mammayas_kitchn bot dulu kak";"1764180245";"dnmeilisa"
"18588140605033430";"1780375104";"@ardianryz_ cocoteeeeee 🤣🤣🤣";"678207283";"lhmgnwn"
"18019907741836198";"1780375108";"Kepada para Pemimpin Bangsa : tolonglah lebih mencintai Negeri Ini. Ingat karma tidak meleset";"6014099";"yurikesafa"
"18179615422402041";"1780375111";"Ide siapa tulisan "3 bulan" dibold";"1588543698";"saiful_hss"
"18327763789270488";"1780375116";"Budgetnya dikurangi oi bukan klo diluar budget sisanya ditalangi presiden.. ya intinya kan masi pake uang negara";"1707115390";"kikiamalli"
"17970898545059904";"1780375121";"";"1630765864";"haseolmi"
"18076169672278346";"1780375127";"Lebih percaya penguin bisa terbang sih 😂";"1773579212";"cacandra.cw"
"18330305500267285";"1780375127";"Prett";"207186060";"geckikaa"
"18067206047372470";"1780375129";"Dia ini normal atau boti ya 🗿 gayanya seperti istri presiden yg berbicara. Serius nanya saya 👀";"255826493";"gembul56_"
"18136769632549311";"1780375129";"Percaya??";"2122468725";"im_adam0"
"18006286385917994";"1780375137";"Over budget aja udah aneh, malah ditanggung pribadi lebih aneh lagi, affa iyahh? 😂";"8047503507";"luqmanukik1430"
"17871628194617708";"1780375143";"Sapi aja pake uang negara.. agak agak gak percaya sih ya";"227664710";"frtznur"
"17883196284590380";"1780375146";"Ada yg tau seskab sebelum teddy ini?";"2152662076";"viyandevan"
"17976584667044947";"1780375150";"@rani_musodah bukannya seskab singkatan dari sekretaris kabinet";"1287493237";"dianiayuputri"
"17999617652768466";"1780375153";"Pak dino g tau apa2 kan cuman 3 bulan jd wamen... 🤭";"50262350";"mirza_anggriani"
"18120050224671025";"1780375153";"bini nya marah, honeymoon keluar negeri di protes rakyat😂";"1712251832";"lhzayesya"
"18090451733588527";"1780375155";"Masa seh";"2148389565";"sintha_veraswati"
"17974176999047849";"1780375168";"Bisa bikin rupiah perkasa gak intinya gitu aja";"639780827";"bay.henda"
"18218173678324824";"1780375173";"";"639623200";"ncy.hart"
"18136542439557865";"1780375176";"Mana laporan keuangannya ? Datanya mana ??? 🔥🔥🔥 kurban aja pakai apbn apalagi ini kunjungan negara wkwkwkw";"1429753914";"karimrizal"
"18343508137172122";"1780375178";"Duh, bocah seskab lagi ngoceh 🤏🤏";"1685846442";"mrs.tampubolonn"
"18024508670661361";"1780375193";"Di sebelah ada yg komen kayak tetangganya kalo suaminya di senggol langsung belain 😂";"415382576";"kadafimoch"
"18107830906974375";"1780375204";"radarnya kuat bgt";"1984324933";"novia.kamila"
"18104687863963208";"1780375215";"";"35890092";"fahalfiann"
"18083849294423076";"1780375228";"Nanya dengan rendah hati, ini video klarifikasi ada biayanya juga ga?";"1645153456";"tamtam_rosid"
"18208848817338318";"1780375236";"Sekelas pejabat ngasih penjelasan ke rakyat kyk gini, harusnya pake data pak,";"831288597";"arinikoes"
"18055200977723538";"1780375239";"Di tanggung pribadi.. tapi ya kekayaan pak prabowo alias dari sawit.. itu juga kekayaan negeri ini yang di Akui sisi sendiri woy..";"8765699275";"mitsuhatarey_kim"
"18329163289264221";"1780375239";"Udah gaada yg percaya lagi sama kalian😂";"1636933428";"fidiandarmawan"
"18089777771042414";"1780375243";"Punten aku kok bacanya dajal 🙏🏻😭😭😭";"341149815";"tyasns"
"18055608410723682";"1780375249";"YaAllah maaf tapi liat mukanya aja saya kzl😢😭";"1316057771";"wiinnstnti_"
"18114160906890587";"1780375250";"@raflyramdhan21 iya, kalau pake APBN atas namakan pemerintah, indonesia, atau utk rakyat gitu. Ini malah tulis nama Pribadi.";"2251975121";"surasilver6"
"18093000182606567";"1780375251";"Perundingan perdagangan itu emg lama, tercapai di tahun ini krn juga hasil kerja di tahun2 sblmnya ga bisa diklaim sendirian CMIIW";"11456014";"adisuna"
"18090652679623569";"1780375254";"";"409801636";"onisuganda"
"18026440847823684";"1780375258";"Nahh.. akhirnya ketemu jg yg paham aturannya. Di UU sdh jelas, tdk boleh pake embel2 uang pribadi. Transparansi, akuntabilitas, mekanisme pencairan dan pelaporannnya gmn klo asbun pake dana pribadi? Apa maksud si @teddy_hq @tedsky89 duit pribadinya buat book hotel bareng, beli cemilan, oleh2 dan jalan2 di luar jadwal resmi? Misal selfie2 ke eiffel berdua? 😂";"1245138555";"nores_snors"
"18114500368665378";"1780375268";"very unprofessional, unethical and unwise of you to say "walau hanya diberi kesempatan sekitar 3 bulan". also what a joke statements. watch your mouth like a good seskab will do!";"29536681699";"_m.akbaarr"
"17901585042441913";"1780375274";"@estiyunho_ intinya pake uang negarabatau pribadi ujung2 nya salah 😂 uda paling bener mending ga usah kunjungan luar";"2296413920";"novitasari.rahma"
"18556276246069976";"1780375277";"di audit aj, sesuai omongan gak tuh, nyinyir bgt ngomongnyaa, tahu kan kmrm kurban pakai uang siapa ?";"1639438067";"kata.pakai"
"18589225000036145";"1780375280";"Laporan biaya nya mana? Klo itu memang uang pribadi? " Pokoknya ada"";"2134743527";"rickykurniaadipratama"
"17961996915102398";"1780375281";"Helleh😂pakai duit pribadi,opo iyo wkkwwkwk😂😂😂di iyain aja biar seneng";"1398152497";"ar.rina93"
"18098986337132290";"1780375281";"Padahal permasalahan anggaran itu gak main-main karena ada perhitungannya. Namanya kegiatan resmi pasti pakai anggaran resmi juga, lah ini kok bisa berkilah pribadi. Dimana transparansinya?";"55731680836";"kmrd_nfl"
"18069194039693096";"1780375288";"@estiyunho_ kurban aje pke apbn..org dia pikir duit negara tu duit die";"469953106";"imeldadjojo"
"18365852623228396";"1780375291";"Ini mewakili sbg apa? 😂";"3936086021";"babyzilvia"
"17940100281246611";"1780375299";"";"3503617167";"agushernanda_"
"18023223107667355";"1780375300";"@budi.halimmm Aturan tata kelola ini tertuang dalam Undang-Undang Nomor 17 Tahun 2003 tentang Keuangan Negara, di mana pengelolaan keuangan negara harus diatur secara sistematis berdasarkan ketentuan hukum yang berlaku demi mencegah penyalahgunaan wewenang.";"3473462926";"arfwid_"
"18593207929024585";"1780375301";"katanya ditolak ya pas kunjungan ke italy?";"2279431096";"xsnasf"
"17887940922559734";"1780375303";"Kenapa dah ibu negara sibuk bgt ini 🤣🤣🥲🥲🤗🤗. Sapi qurban aja pake dana apbn yakali kunjungan pake dana pribadi. Buted oh buted tak masuk logikaaaaa 🥹😂. Ngelawak";"656624422";"akmaliahardini"
"17929310031300793";"1780375303";"@budi.halimmm buzzerp uuuuuuuu";"504766202";"friskarusada"
"18082880462152595";"1780374936";"Anti kritik abisss";"358076708";"triyasubiyanto"
"18094078283236172";"1780374939";"Mau bulan madu kemana lagi ses";"7025195880";"irfanotsuky"
"17996593961958755";"1780374956";"Hasil konkret yg sudah dicapai? Apa emang hasilnya?";"515324992";"ekaklhz"
"18050380529782564";"1780374960";"Jilat terussss Ted 😂";"4537294156";"fachri_maulana85"
"18113176354880166";"1780374964";"Mamine ❤️🫶";"1019969221";"hawavatara"
"18081559679551445";"1780374969";"TIWI...TIWI..";"551174148";"handmurr"
"18129668503606205";"1780374972";"Iyalah beliau cuma "diberi kesempatan 3 bulan", yg biasa nyaman kerja ga bener trus ada orang yg beneran bisa kerja masuk...gerah lah semua...Ted...guuurrrllll sama2 tau lah sis 😂";"258772261";"anastasiavanee"
"17889624495378846";"1780374974";"KOE kie spo ted ! Bocah wingi sore sok sok an menjelaskan";"2228865580";"adhi_el_rumi"
"18203131720349616";"1780374975";"King MU pernah juara UCL "walau terakhir tahun 2008"";"2316719425";"aby_deva"
"17972518605026275";"1780374976";"Lebih baik jabatan diisi oleh orang yg berkopeten selama 3 bulan dari pada  jabatan bagi2 kue yg tidak kompeten. Lalu apa kapabilitas anda melakukan klarifikasi sang suami. Kalau mau klarifikasikan ada mensesneg, Menlu, Jubir Presiden.";"65826352824";"sea.lof"
"18204114445349644";"1780374981";"Ayok LPJ nya mana";"342982514";"stefanusdians"
"18124461568582108";"1780374982";"Gak respect lagi";"2081516330";"sukasepi"
"17923021401358132";"1780374986";"Nyebelin bgt kalo njawab";"1536352780";"juana_alkatsur"
"18469660486106262";"1780374989";"🤮";"588174257";"dewi_rfardian"
"17924658801346837";"1780374992";"Ngomong gak penting";"3292719630";"afian.rizq"
"18141831343462553";"1780374996";"Sis teddy";"1172581543";"melatiira"
"17946387672195272";"1780374997";"@raflyramdhan21 ya kan emang buat bantuan rakyat makanya pke apbn .. bkn sapi qurban pribadi loohh itu ..";"2077136993";"ericaolyvia.makeup"
"17858920632641822";"1780374999";"Audit independence semua expenses. Yuk..rakyat hire auditor rame2..kita audit semua pengeluaran 😬🤨";"1908803658";"raihan_beunot"
"17972976675104900";"1780374999";"Sulit dipercaya";"47805847432";"rizal_mustaim"
"18131973985580067";"1780374999";"Hwaaahh ngantuk";"1819470068";"qudo_rispandi"
"18444667735190423";"1780375004";"TUNJUKKIN AJA kalo emg bner om…. ngp cuma sepik2";"15416025";"yohanadrian"
"17883905949583535";"1780375006";"Kepercayaan rakyat sepertinya semakin menipis atas statement² yg dikeluarkan pemerintah.. krn apapun statementnya selalu ditanggapi negatif oleh netizen. Tapi kita tdk dpt menutup mata jika mmg kebijakan2 yg diambil mulai dari kebijakan politik,ekonomi dan sosial banyak yg tidak terlalu tepat sasaran dan terkesan dipaksakan..";"256556186";"swank_11"
"18092550155356136";"1780375011";"Di kritik dikit, langsung serang balik😂";"447246475";"andrianssi"
"18093977950998804";"1780375013";"Qurban sapi aja pakai apbn, masih mau percaya..";"54272316923";"annisa.mkh"
"18116813149749507";"1780375016";"Y";"339303768";"abahzeze"
"18093065237608044";"1780375023";"Gamau nonton ah takut asam lambunh";"360244140";"___anin"
"18104065223013513";"1780375024";"Mau percaya kok susah 🤔 hewan kurban aja pka apbn 😢";"964307243";"agozerachman"
"18104870869806275";"1780375025";"Kunjungan keluar negeri pake duit pribadi tapi kurban pake duit APBN, logika macam apa ini?";"1820545190";"aditput_h"
"17964406844987217";"1780375034";"Kmrn presiden bilang gada yg akan bantu kita, gimana dong ya....";"304057957";"igustiayu.astinirmala"
"18090202031033362";"1780375038";"🤣 gk masuk di akal";"1520197912";"mokh.najibb"
"18319560499272843";"1780375041";"HAHAHA jadi tau siapa yg buat pidato presiden siapa wkwkwk";"455713977";"bismibf"
"18597391444006296";"1780375043";"klo misalny pake duit pribadi kenapa pesawatnya bukan komersial? 🫣";"351416646";"leonardooang"
"18084965624295247";"1780375045";"@wisnuafirmanda ngakak 😂😂😂😂😂😂😂😂😂😂";"2018404648";"re.boot_2.0"
"17883782286588742";"1780375057";"Bacot bun";"57185720588";"jeffriechristian667"
"18075347084287589";"1780375061";"Dan pada percaya?";"2305348178";"didiwidyan"
"18076695638254233";"1780375072";"Aihhh pantang banget laki nya di koreksi, auto pasang badan ibu negara ini 😂";"8022935401";"arif.ramadan07"
"18175818991406657";"1780375076";"punya presiden KAYA aja masih ngocehh warga smart";"3065510536";"lxesnhye"
"18352574893242834";"1780375077";"@ericaolyvia.makeup bantuan tapi atas nama pribadi kocak";"2208686364";"raflyramdhan21"
"18133736302577019";"1780375085";"MENGGUNAKAN DANA PRIBADI ITU TIDAK BOLEH. SDH ADA DI UNDANG2";"1305738827";"dhiblenk"
"18093666875187916";"1780375088";"Ibu Negara… ga akan pernah masukannya Pak Dino sampai ke telinga Prabowo";"337345734";"anonwgama"
"17929486464337920";"1780375094";"Okeeh biaya kelebihan kunjungan ditanggung uang pribadi prsbowo, lalu kenapa berkurban sapi mesti harus pake APBN... kayaknya gak sinkron...";"212038248";"wahyudib8"
"17866641192562535";"1780375096";"Emosi ya pak ? Wkwk 😂";"4660997705";"ind_prtma"
"17950272177180546";"1780375100";"";"328810852";"davin_sam"
"18072158819693891";"1780375100";"bro pikir bro keren";"1553843209";"rurizabrina"
"18099443501111178";"1780375102";"Mana bukti nya ?";"1278933516";"morningperson12"
"17889889707379109";"1780374787";"Buna lagi nyebokin";"73936922017";"sigit080425"
"18326056336250894";"1780374792";"";"1075086289";"wndy__p"
"17862634488593703";"1780374797";"Malah ngelak.";"269378818";"krisna_aguskrisna"
"18088615763622154";"1780374797";"jalan jalan";"254350669";"racheldiyana"
"18112550440686944";"1780374798";"Hayoloh blunder kau buna";"775852422";"kemalpradipta"
"18100488809149170";"1780374799";"Ngomong apa sih, nggak nyambung sama rekomendasi pak Dino";"1455283882";"mahananiaji"
"17854054341677963";"1780374800";"Pada ribut ngapa dah, dulu" DPR pada ngabisin anggaran untuk kunjungan luar negeri pada diem, sekarang pada sok padahal presiden pake uang pribadi, presiden kalian tuh duitnya kebanyakan makanya pake duit pribadi. Abis ini pasti ada yg bahas masalah qurban 😂";"1566036325";"krisnatapitidakbiru"
"18553874407068762";"1780374801";"Oh beliaw ini Sekretaris Kabinet?";"9989164811";"jojooe.__"
"18131800189573242";"1780374802";"Oooooooooooooooooooo";"7767488";"radita_sr"
"18432584572125527";"1780374807";"";"2312157147";"haikalahsn"
"18095783008917400";"1780374808";"MUNGKHEEEENNN";"1447852268";"fvrizmazh"
"17876231595608595";"1780374811";"Sangat asyik punya presiden dementia 🥰";"1075086289";"wndy__p"
"17925008385345720";"1780374812";"Konyol sekali";"1691278601";"ekahendrajaya_"
"17941829448240681";"1780374817";"@ardianryz_ tenang… akan ada saatnya baut2 yg kendor akan jebol sendiri….";"3309675459";"wisnuafirmanda"
"17916673143181641";"1780374820";"Botiiiiii bacot";"1135710342";"noyuseeme11"
"17975282627884404";"1780374822";"Kalian aja guys saya sudah MUAK";"1477960736";"fadillahrahmat_"
"17996115830954674";"1780374823";"Lebih percaya di madura ada ufo";"866609668";"aldifaisal112"
"17929479066334975";"1780374829";"Krn klean ganggu honeymoon kami,  pajak PT kami naikkan 😂";"1962463430";"dane_kp"
"17966654421115508";"1780374834";"Ibuk2";"1900533234";"saat_magriban"
"18103255043095176";"1780374836";"BERAKKKK";"58631169087";"llam.antic"
"17989360308003872";"1780374837";"yaudah klo gitu mbg pake duit pak prabowo aja, dana mbg yang pake apbn alihkan ke anggaran pendidikan aja 😁😁";"1520212602";"intan_resky"
"18143988328509033";"1780374837";"Teedd tedd";"1705461966";"dedyprasst"
"18122285815657535";"1780374839";"kenapa gak Qodari atau Prasetyo Hadi yang bicara ?";"2360142005";"rizalhim"
"17917961115381522";"1780374840";"Di kata kita rakyat bodoh kali ya 😂";"683658542";"otha20victory"
"18120112993706146";"1780374846";"Pake uang pribadi pun gak boleh sebenarnya";"174884836";"yudiars"
"18203356267353207";"1780374846";"komen ig orng” plenger semua 🐒";"1943483177";"mahesadiw"
"18078843932651607";"1780374862";"bulan madu";"816330048";"isaafbilqis"
"17890840146518066";"1780374867";"50 orang masih rame. Seharusnya berdua aja. Naik garuda atau SQ. Business class.";"61985466354";"pengangguranimut"
"18183803128383349";"1780374870";"Tawanan israel dibebaskan dan dipulangkan bukannya karena upaya turki ya? Makanya deportasi awalnya ke turki? Baru dr turki ke indonesia. CMIIW";"2305950867";"dhepradani"
"18109970554928880";"1780374883";"Lanang og kemayu";"1447353326";"y_fishfarm"
"18119363809681876";"1780374883";"sarang monyet udah gak lagi d tiktok tpi d ig wkw";"1943483177";"mahesadiw"
"18103713479046306";"1780374884";"cebokin terusss";"3234161708";"franadhani_fer"
"18104252054064775";"1780374884";"semua komen Masyarakat bukan Buzzer, dan semuanya Negative, jadiiiii kesimpulannya? 🙃";"203522496";"bang_muis"
"18323982850254488";"1780374889";"wakilnya kalah sibuk sm buna😂";"57761006929";"anggyrestiava"
"18103286909472837";"1780374891";"Untuk qurbab aja pake apbn, apalagi bgnian, masa iya mau pke duit sendiri? Ngaco😂";"52362753";"steaphani_ntep"
"18125894422616168";"1780374900";"Lebih percaya wowok bijinya satu";"266451412";"dananwibowo"
"18162846961449464";"1780374901";"Gunanya menteri apaan dong??? 😅";"39383947988";"a_bielbiel"
"17910485814420439";"1780374907";"Hasil masih 0 besar wahai ibu negara";"4462862966";"capybara_oo"
"18423901990126740";"1780374907";"Kacau emang. Tiap hari emosi ini dipermainkan melihat berita2 macam begini. 🤦🏻‍♂️💆🏻‍♂️";"1084197679";"h_lim.h"
"18085107287116720";"1780374914";"Apa iya? Masa sih?";"196696170";"adekchromosome"
"18014911685887432";"1780374918";"Asal bowo senang";"73936922017";"sigit080425"
"18321018793256321";"1780374919";"Yassalam 😂";"1614642698";"partuaknapaet"
"18079636655367562";"1780374920";"jajan es krim, cilok di LN, pecel lele, ole2 keluarga. ya iya la pakai duit pribadi 😂😂😂";"329788415";"willy_chenz"
"18472192474100632";"1780374929";"melanggar UU dong kalau pakai uang pribadi";"4230475646";"yanuaraldyy"
"17874214515612355";"1780374932";"POKOKNYA ADA 💅💅";"222076513";"tommmy_dhr"
"18046623137565382";"1780374935";"Nyebokin";"343409817";"yogi.ogel"
"18117315922827077";"1780374658";"Laporan anggaran nya aja gak di tunjukan...ntar pak purbaya yg pusing 😂";"1196528747";"andris_p1000"
"18101566121001315";"1780374659";"Qurban aja pake abpn, masa iya kunjungan begitu pake dapri?! Hmmmm affhhh iyhhh???";"193514682";"satrianingtyas"
"18593378728051760";"1780374661";"Waduk";"2071428494";"muharamyah"
"18023260097834660";"1780374662";"Seskab lagi PMS";"1534814827";"zakialakhyarr"
"18058484345680806";"1780374662";"lha makin salah kalo pake uang pribadi";"646742948";"riokrisnajati"
"18104978683807970";"1780374666";"Omon omon buted😹😹😹";"5505962760";"kentzalukito"
"18328787806266215";"1780374667";"Qurban aj pake apbn cok";"1566672580";"___dins_____"
"17870819727618189";"1780374676";"Y";"225947356";"hanestiawan"
"18117573529747196";"1780374677";"Beli sapi qurban pake APBN";"5388922480";"dityayog"
"18271064422294506";"1780374683";"Blunder? 😢😢";"2103107519";"sanjayastories"
"18077949380554549";"1780374691";"";"942136338";"zulsofyan_"
"18012567833899287";"1780374697";"";"942136338";"zulsofyan_"
"18109919947907370";"1780374697";"Mungkin karena kinerjanya bagus dan gak bisa di otak atik tuh pak dino, jadinya cuman dikasih kesempatan 3 bulan, kalo mau lama yaa jadi penjilat kaya buna teddy wkwk";"5680629810";"rvldimbrzh"
"17901348624283772";"1780374700";"Cape gak sih pura pura macho terus 😂";"2201107504";"ardianryz_"
"18142078600518667";"1780374706";"Nyinyir bgt bunted 😂😂";"204397995";"shinchan6690"
"18104775653070120";"1780374708";"Yah qurban pake uang negara kunjungan pakai uang pribadi gimana toh ini?";"1509258177";"jdahupin"
"17889285690521015";"1780374709";"gak mungkin ditanggung wowo, kurban sapi aja dibayar apbn 😏";"403667060";"mariowaha"
"18138568072539692";"1780374710";"ga mungkin, 4x nyalonin udah byk anggaran dikeluarin masa iya ga mau balik modal, teddy lagi teddy lagi yg bicara";"1189297661";"marita_sari_17"
"17870724423617737";"1780374712";"Halah.... Halahaaaa";"71227118861";"putra_temancerita"
"17889816588545753";"1780374712";"";"942136338";"zulsofyan_"
"18082747571158158";"1780374716";"Makin ngacooo";"3321395758";"gedhaaang"
"18107498830938659";"1780374717";"Dan kalian percaya??? 😮";"1355813663";"andypray_real"
"17980753544851711";"1780374719";"";"942136338";"zulsofyan_"
"18127646422615434";"1780374724";"Bullshit semua wkwk";"223031512";"adinkssss"
"18115458002502708";"1780374726";"";"942136338";"zulsofyan_"
"18460396891108081";"1780374727";"Reimburse?";"243500560";"blessrael"
"18121427062598130";"1780374728";"Laporan keuangan dan hasil kunjungannya dong ses 😇";"267447263";"widiashufi"
"17942597478036902";"1780374734";"";"942136338";"zulsofyan_"
"17963664171094340";"1780374737";"kaya orang pundung deh :))";"1325794201";"ratunabilah_"
"18081309449331558";"1780374738";"@vitria_setya hahaa karna dia ikut jalan2 jga";"71227118861";"putra_temancerita"
"18077140463277253";"1780374742";"Gmana caranya biar bisa jadi rombongan presiden, 🥹🥴";"10873922864";"mammayas_kitchn"
"17957024177966046";"1780374743";"Weird, pakai dana pribadi aja udah aneh. It means u guys cannot manage that APBN";"9371854";"innoisnick"
"17874768177610582";"1780374746";"";"942136338";"zulsofyan_"
"17856837441658899";"1780374754";"sibuk bgt bunda";"1249867568";"rrrrvdy"
"18117423976760044";"1780374754";"Di preetin aj...";"1650712687";"setiawan_2211"
"17975988843018751";"1780374760";"Kurban aja pake apbd tapi atas nama pribadi 🤣🤣🤣";"4509352513";"szy.88"
"18104850751811254";"1780374760";"Our Queen Tedy";"1366944354";"jt_aldo7"
"18324050482286668";"1780374761";"";"2264143760";"fahmis11"
"17957034548964749";"1780374762";"Tewdyyyyyy";"2078845262";"nayrtaran"
"18194801050365211";"1780374762";"Qurban aja pake apbn, ya kali honeymoon eh birthday party ehhh tugas negara pk duit pribadi…";"36552154";"des_aryani"
"17872198215674007";"1780374763";"kau pikir TOl0l rakyat ini.. mikir kau sis";"3195741088";"monica_sihombing72"
"18102222986003045";"1780374766";"";"942136338";"zulsofyan_"
"17966546489917683";"1780374768";"Nyenyenye laki bini sama aja";"348200268";"prasetyodani"
"17928469662334777";"1780374773";"basic logic ny si kalo emng over budget ya ga usah maksa pergi 🫢";"395617306";"ombah123_"
"18064196261474401";"1780374777";""Walau hanya diberi kesempatan 3 bulan". Loh kok nyinyir bun 💅";"2220238167";"g.adnanfiras"
"18325414516284702";"1780374777";"Ya tapi anda2 sekalian perginya dengan embel2 "Republik Indonesia"-nya, yaelah begitu aja masa gak nangkep..";"1978660943";"ocaappucinno"
"18090537473373638";"1780374783";"Kalo biaya sendiri, bukannya malah salah ya? Artinya tidak tertin administrasi. Kagiatan negara kok biaya pakai uang pribadi? Bagaimana pertanggungjawaban!nya? Bagaimana pelaporannya? Artinya ada pendapatan negara yang tidak resmi tercatat?";"35780096477";"estiyunho_"
"18108222146490012";"1780374784";"@ardianryz_ hahaha bwengsek";"1198300318";"khaerulfikri1"
"18082996544548550";"1780374389";"";"2151754940";"dinns_21"
"18203968903346007";"1780374471";"Gak mungkin, coba buka2an berani ga";"50665677713";"silveronsilv"
"17929953894313491";"1780374472";"Klo pernyataan Seskab begitu.. Ini Dampaknya tidak menerima kritik & saran. Dgn alasan merasa itu uang pribadi.
Bisa-bisanya bilang bayar pake uang pribadi, itu perjalanan dinas atau bulan madu?? di aturan UU pasal 3 ayat 4 no 1 thn 2004 tentang perbendaharaan negara, mengatur gak boleh!
Azas akuntabilitas & transparansi nya di kemanain? Ini kok bernegara seenaknya Mood begini 🤦‍♂️💆‍♂️";"1537495148";"eza_hrsmann"
"18052131113586834";"1780374473";"TIWI (teddy indra Wijaya)";"800210530";"ardana.suparingga"
"18096544603908478";"1780374473";"masih bisa nyindir ya? wkwkwk";"2089877705";"ezayosep"
"17881780680603232";"1780374479";"";"43402279";"yussapatusama"
"18140179255538246";"1780374485";"Ibu negara pasang badan Buktikan cb mana??";"1709285738";"vitria_setya"
"18078814091559356";"1780374493";"dikala istri membela suami nya dari bully'an netizen😍❤️";"4609931415";"ikmallrmdhn"
"17947762965190478";"1780374521";"Kok walapun 60 Orang yg ikut duitnya masih lebih mahal dari dlu yg 120 orang? Sampai presiden yg nombok?";"72881575695";"burhanarsena"
"18413825611179794";"1780374521";"Hasilnya apa gesss?";"270225123";"shinvan_onlyvan"
"18413135047183532";"1780374522";"aura gak mau kalah saing nya keliatan bgt buntedd";"224943873";"alvianitaulia"
"17971312046897649";"1780374548";"Harusnya transparan bukan arogan";"199550046";"randibaratguchi"
"18119350300707479";"1780374556";"- Walau hanya
- pokoknya ada.";"1696806332";"awiragoena"
"18097998632147429";"1780374559";"Lebih percaya dino dibanding doi";"240087730";"opicz"
"18023680748824000";"1780374562";"Sapi aja pake apbn, keluar negri pake dana pribadi masa iya🫢🫢";"2208686364";"raflyramdhan21"
"18118106656755709";"1780374563";"Ini pak Seskab mewakili sekretaris negara apa gmna";"2013036905";"rani_musodah"
"18112801867857334";"1780374578";"Setiap klarifikasi pasti "pakai uang pribadi"";"385120333";"nvandryni"
"18091324418341650";"1780374583";"Idih";"3116569679";"usus_buntuuuuu"
"18119735197681069";"1780374583";"ngomong doang mana transparansinya bun";"1668449525";"mfthrzqq"
"18092203262005965";"1780374591";"gara gara verrel ganteng, jadi PMS";"562174621";"thedousmac"
"17856913491661586";"1780374595";"Kalian percaya? Beli sapi kemarin aja pake APBN #punten";"2137479252";"adindaauliya.kh"
"17931544920276404";"1780374595";"Mau romantis ya nggak perlu banyak orang";"50525474923";"ell_yadi"
"18087752411368749";"1780374597";"🤮";"2229144046";"rke_adlyhrmwn"
"18151243054433898";"1780374597";"Sapi ae pakek apbn";"4044819640";"bagusdwr"
"17900826075446245";"1780374602";"Pemerintahan yang childish";"1709053699";"michaelsrgh44"
"18043175846789246";"1780374604";"Arogan";"22133158";"dearatna"
"18105827584788000";"1780374604";"Halahh. Kopet.... 🔥";"2577326699";"yoshiakibayu"
"18106297219970364";"1780374608";"Masa sih? TRANSPARANSI dong ke Rakyat";"234702401";"dimple___875"
"18106532752984779";"1780374617";"yasudah suruh menlu sugiono aja urusan bilateral ke LN";"224943873";"alvianitaulia"
"17976368850023618";"1780374619";"";"2002130291";"__heissenberg"
"18348743578243665";"1780374628";"";"1614813423";"chindywidy19"
"17911120527405858";"1780374630";"“Meskipun hanya 3 bulan”, heh! Lo kerja 30 thn jg belom bisa secapable pak Dino! Sungguh tidak fhantass!";"253476102";"adinduu"
"18092516494993068";"1780374632";"Bunted bunted";"284623055";"hatsuvegetarian"
"17993222405972367";"1780374633";"Hidup pak dino..";"1944233575";"75akmal19"
"18100228550034842";"1780374633";"😂 ancur2 pemerintahan";"39880892768";"ibnoe_s.r"
"18065792288389717";"1780374637";"istri biasanya marah klo suami (apalagi yg di mata dia sangat perkasa), dikritik orang 😂😂";"324008861";"bsrhrmdn"
"18014316950906404";"1780374639";"@rani_musodah mewakili jadi istri lah.";"4609931415";"ikmallrmdhn"
"18051805355755436";"1780374642";"Calon jenderal muda siap jadi tameng";"1657776253";"r.dch1688"
"18004927346873590";"1780374643";"Mana ada presien kunjungan ke luar negeri pake duit sendiri 😂";"2286761338";"fadelharid"
"18217922464325352";"1780374647";"se enggak percaya itukah sama Menlu untuk ngurus hubungan bilateral dan multilateral Indonesia?";"11120061147";"dhonikaaaa"
"18113363299893868";"1780374650";"Walau hanya tapi kan ayah beliauu berjasa utk kemenlu pak 😢😢 kok gt sih 😭";"5404695867";"adamjuliantjiu"
"17989267751805968";"1780374651";"Nyenyenyeee";"1759849211";"bang_pindo"
"18106665019945078";"1780374653";"Namanya juga boti😂😂😂😂😂";"51439749567";"mrdmtx_"
"18104945101796942";"1780374658";"Ah";"47177027";"caessa"